#ifndef Luomi
#define Luomi
#include <pgmspace.h>

// 'luomi_2B_mouth_closed_400x400_1bit_corrected', 400x400px
const unsigned char luomiMain [] PROGMEM = {
	0x00, 0x00, 0x00, 0x00, 0x00, 0x00, 0x00, 0x00, 0x00, 0x00, 0x00, 0x00, 0x00, 0x00, 0x00, 0x00, 
	0x00, 0x00, 0x00, 0x00, 0x00, 0x00, 0x00, 0x00, 0x00, 0x00, 0x00, 0x00, 0x00, 0x00, 0x00, 0x00, 
	0x00, 0x00, 0x00, 0x00, 0x00, 0x00, 0x00, 0x00, 0x00, 0x00, 0x00, 0x00, 0x00, 0x00, 0x00, 0x00, 
	0x00, 0x00, 0x00, 0x00, 0x00, 0x00, 0x00, 0x00, 0x00, 0x00, 0x00, 0x00, 0x00, 0x00, 0x00, 0x00, 
	0x00, 0x00, 0x00, 0x00, 0x00, 0x00, 0x00, 0x00, 0x00, 0x00, 0x00, 0x00, 0x00, 0x00, 0x00, 0x00, 
	0x00, 0x00, 0x00, 0x00, 0x00, 0x00, 0x00, 0x00, 0x00, 0x00, 0x00, 0x00, 0x00, 0x00, 0x00, 0x00, 
	0x00, 0x00, 0x00, 0x00, 0x00, 0x00, 0x00, 0x00, 0x00, 0x00, 0x00, 0x00, 0x00, 0x00, 0x00, 0x00, 
	0x00, 0x00, 0x00, 0x00, 0x00, 0x00, 0x00, 0x00, 0x00, 0x00, 0x00, 0x00, 0x00, 0x00, 0x00, 0x00, 
	0x00, 0x00, 0x00, 0x00, 0x00, 0x00, 0x00, 0x00, 0x00, 0x00, 0x00, 0x00, 0x00, 0x00, 0x00, 0x00, 
	0x00, 0x00, 0x00, 0x00, 0x00, 0x00, 0x00, 0x00, 0x00, 0x00, 0x00, 0x00, 0x00, 0x00, 0x00, 0x00, 
	0x00, 0x00, 0x00, 0x00, 0x00, 0x00, 0x00, 0x00, 0x00, 0x00, 0x00, 0x00, 0x00, 0x00, 0x00, 0x00, 
	0x00, 0x00, 0x00, 0x00, 0x00, 0x00, 0x00, 0x00, 0x00, 0x00, 0x00, 0x00, 0x00, 0x00, 0x00, 0x00, 
	0x00, 0x00, 0x00, 0x00, 0x00, 0x00, 0x00, 0x00, 0x00, 0x00, 0x00, 0x00, 0x00, 0x00, 0x00, 0x00, 
	0x00, 0x00, 0x00, 0x00, 0x00, 0x00, 0x00, 0x00, 0x00, 0x00, 0x00, 0x00, 0x00, 0x00, 0x00, 0x00, 
	0x00, 0x00, 0x00, 0x00, 0x00, 0x00, 0x00, 0x00, 0x00, 0x00, 0x00, 0x00, 0x00, 0x00, 0x00, 0x00, 
	0x00, 0x00, 0x00, 0x00, 0x00, 0x00, 0x00, 0x00, 0x00, 0x00, 0x00, 0x00, 0x00, 0x00, 0x00, 0x00, 
	0x00, 0x00, 0x00, 0x00, 0x00, 0x00, 0x00, 0x00, 0x00, 0x00, 0x00, 0x00, 0x00, 0x00, 0x00, 0x00, 
	0x00, 0x00, 0x00, 0x00, 0x00, 0x00, 0x03, 0xc0, 0x00, 0x00, 0x00, 0x00, 0x00, 0x00, 0x00, 0x00, 
	0x00, 0x00, 0x00, 0x00, 0x00, 0x00, 0x00, 0x00, 0x00, 0x00, 0x00, 0x00, 0x00, 0x00, 0x00, 0x00, 
	0x00, 0x00, 0x00, 0x00, 0x00, 0x00, 0x00, 0x00, 0x00, 0x00, 0x00, 0x00, 0x00, 0x00, 0x00, 0x00, 
	0x00, 0x00, 0x00, 0x00, 0x00, 0x00, 0x00, 0x00, 0x07, 0xe0, 0x00, 0x00, 0x00, 0x00, 0x00, 0x00, 
	0x00, 0x00, 0x00, 0x00, 0x00, 0x00, 0x00, 0x00, 0x00, 0x00, 0x00, 0x00, 0x00, 0x00, 0x00, 0x00, 
	0x00, 0x00, 0x00, 0x00, 0x00, 0x00, 0x00, 0x00, 0x00, 0x00, 0x00, 0x00, 0x00, 0x00, 0x00, 0x00, 
	0x00, 0x00, 0x00, 0x00, 0x00, 0x00, 0x00, 0x00, 0x00, 0x00, 0x1f, 0xf0, 0x00, 0x00, 0x00, 0x00, 
	0x00, 0x00, 0x00, 0x00, 0x00, 0x00, 0x00, 0x00, 0x00, 0x00, 0x00, 0x00, 0x00, 0x00, 0x00, 0x00, 
	0x00, 0x00, 0x00, 0x00, 0x00, 0x00, 0x00, 0x00, 0x00, 0x00, 0x00, 0x00, 0x00, 0x00, 0x00, 0x00, 
	0x00, 0x00, 0x00, 0x00, 0x00, 0x00, 0x00, 0x00, 0x00, 0x00, 0x00, 0x00, 0x3f, 0xf0, 0x00, 0x00, 
	0x00, 0x00, 0x00, 0x00, 0x00, 0x00, 0x00, 0x00, 0x00, 0x00, 0x00, 0x00, 0x00, 0x00, 0x00, 0x00, 
	0x00, 0x00, 0x00, 0x00, 0x00, 0x00, 0x00, 0x00, 0x00, 0x00, 0x00, 0x00, 0x00, 0x00, 0x00, 0x00, 
	0x00, 0x00, 0x00, 0x00, 0x00, 0x00, 0x00, 0x00, 0x00, 0x00, 0x00, 0x00, 0x00, 0x00, 0xff, 0xf0, 
	0x00, 0x00, 0x00, 0x00, 0x00, 0x00, 0x00, 0x00, 0x00, 0x00, 0x00, 0x00, 0x00, 0x00, 0x00, 0x00, 
	0x00, 0x00, 0x00, 0x00, 0x00, 0x00, 0x00, 0x00, 0x00, 0x00, 0x00, 0x00, 0x00, 0x00, 0x00, 0x00, 
	0x00, 0x00, 0x00, 0x00, 0x00, 0x00, 0x00, 0x00, 0x00, 0x00, 0x00, 0x00, 0x00, 0x00, 0x00, 0x01, 
	0xff, 0xf8, 0x00, 0x00, 0x00, 0x00, 0x00, 0x00, 0x00, 0x00, 0x00, 0x00, 0x00, 0x00, 0x00, 0x00, 
	0x00, 0x00, 0x00, 0x00, 0x00, 0x00, 0x00, 0x00, 0x00, 0x00, 0x00, 0x00, 0x00, 0x00, 0x00, 0x00, 
	0x00, 0x00, 0x00, 0x00, 0x00, 0x00, 0x00, 0x00, 0x00, 0x00, 0x00, 0x00, 0x00, 0x00, 0x00, 0x00, 
	0x00, 0x07, 0xff, 0xf8, 0x00, 0x00, 0x00, 0x00, 0x00, 0x00, 0x00, 0x00, 0x00, 0x00, 0x00, 0x00, 
	0x00, 0x00, 0x00, 0x00, 0x00, 0x00, 0x00, 0x00, 0x00, 0x00, 0x00, 0x00, 0x00, 0x00, 0x00, 0x00, 
	0x00, 0x00, 0x00, 0x00, 0x00, 0x00, 0x00, 0x00, 0x00, 0x00, 0x00, 0x00, 0x00, 0x00, 0x00, 0x00, 
	0x00, 0x00, 0x00, 0x0f, 0xff, 0xf8, 0x00, 0x00, 0x00, 0x00, 0x00, 0x00, 0x00, 0x00, 0x00, 0x00, 
	0x00, 0x00, 0x00, 0x00, 0x00, 0x00, 0x00, 0x00, 0x00, 0x00, 0x00, 0x00, 0x00, 0x00, 0x00, 0x00, 
	0x00, 0x00, 0x00, 0x00, 0x00, 0x00, 0x00, 0x00, 0x00, 0x00, 0x00, 0x00, 0x00, 0x00, 0x00, 0x00, 
	0x00, 0x00, 0x00, 0x00, 0x00, 0x1f, 0xff, 0xf8, 0x00, 0x00, 0x00, 0x00, 0x00, 0x00, 0x00, 0x00, 
	0x00, 0x00, 0x00, 0x00, 0x00, 0x00, 0x00, 0x00, 0x00, 0x00, 0x00, 0x00, 0x00, 0x00, 0x00, 0x00, 
	0x00, 0x00, 0x00, 0x00, 0x00, 0x00, 0x00, 0x00, 0x00, 0x00, 0x00, 0x00, 0x00, 0x00, 0x00, 0x00, 
	0x00, 0x00, 0x00, 0x00, 0x00, 0x00, 0x00, 0x7f, 0xff, 0xfc, 0x00, 0x00, 0x00, 0x00, 0x00, 0x00, 
	0x00, 0x00, 0x00, 0x00, 0x00, 0x00, 0x00, 0x00, 0x00, 0x00, 0x00, 0x00, 0x00, 0x00, 0x00, 0x00, 
	0x00, 0x00, 0x00, 0x00, 0x00, 0x00, 0x00, 0x00, 0x00, 0x00, 0x00, 0x00, 0x00, 0x00, 0x00, 0x00, 
	0x00, 0x00, 0x00, 0x00, 0x00, 0x00, 0x00, 0x00, 0x00, 0xff, 0xff, 0xfc, 0x00, 0x00, 0x00, 0x00, 
	0x00, 0x00, 0x00, 0x00, 0x00, 0x00, 0x00, 0x00, 0x00, 0x00, 0x00, 0x00, 0x00, 0x00, 0x00, 0x00, 
	0x00, 0x00, 0x00, 0x00, 0x00, 0x00, 0x00, 0x00, 0x00, 0x00, 0x00, 0x00, 0x00, 0x00, 0x00, 0x00, 
	0x00, 0x00, 0x00, 0x00, 0x00, 0x00, 0x00, 0x00, 0x00, 0x00, 0x03, 0xff, 0xff, 0xec, 0x00, 0x00, 
	0x00, 0x00, 0x00, 0x00, 0x00, 0x00, 0x00, 0x00, 0x00, 0x00, 0x00, 0x00, 0x00, 0x00, 0x00, 0x00, 
	0x00, 0x00, 0x00, 0x00, 0x00, 0x00, 0x00, 0x00, 0x00, 0x00, 0x00, 0x00, 0x00, 0x00, 0x00, 0x00, 
	0x00, 0x00, 0x00, 0x00, 0x00, 0x00, 0x00, 0x00, 0x00, 0x00, 0x00, 0x00, 0x07, 0xff, 0xff, 0xfe, 
	0x00, 0x00, 0x00, 0x00, 0x00, 0x00, 0x00, 0x00, 0x00, 0x00, 0x00, 0x00, 0x00, 0x00, 0x00, 0x00, 
	0x00, 0x00, 0x00, 0x00, 0x00, 0x00, 0x00, 0x00, 0x00, 0x00, 0x00, 0x00, 0x00, 0x00, 0x00, 0x00, 
	0x00, 0x00, 0x00, 0x00, 0x00, 0x00, 0x00, 0x00, 0x00, 0x00, 0x00, 0x00, 0x00, 0x00, 0x1f, 0xff, 
	0xff, 0xfe, 0x00, 0x00, 0x00, 0x00, 0x00, 0x00, 0x00, 0x00, 0x00, 0x00, 0x00, 0x00, 0x00, 0x00, 
	0x00, 0x00, 0x00, 0x00, 0x00, 0x00, 0x00, 0x00, 0x00, 0x00, 0x00, 0x00, 0x00, 0x00, 0x00, 0x00, 
	0x00, 0x00, 0x00, 0x00, 0x00, 0x00, 0x00, 0x00, 0x00, 0x00, 0x00, 0x00, 0x00, 0x00, 0x00, 0x00, 
	0x3f, 0xff, 0xff, 0xfe, 0x00, 0x00, 0x00, 0x00, 0x00, 0x00, 0x00, 0x00, 0x00, 0x00, 0x00, 0x00, 
	0x00, 0x00, 0x00, 0x00, 0x00, 0x00, 0x00, 0x00, 0x00, 0x00, 0x00, 0x00, 0x00, 0x00, 0x00, 0x00, 
	0x00, 0x00, 0x00, 0x00, 0x00, 0x00, 0x00, 0x00, 0x00, 0x00, 0x00, 0x00, 0x00, 0x00, 0x00, 0x00, 
	0x00, 0x00, 0xff, 0xff, 0xff, 0xee, 0x00, 0x00, 0x00, 0x00, 0x00, 0x00, 0x00, 0x00, 0x00, 0x00, 
	0x00, 0x00, 0x00, 0x00, 0x00, 0x00, 0x00, 0x00, 0x00, 0x00, 0x00, 0x00, 0x00, 0x00, 0x00, 0x00, 
	0x00, 0x00, 0x00, 0x00, 0x00, 0x00, 0x00, 0x00, 0x00, 0x00, 0x00, 0x00, 0x00, 0x00, 0x00, 0x00, 
	0x00, 0x00, 0x00, 0x03, 0xff, 0xff, 0xff, 0xff, 0x00, 0x00, 0x00, 0x00, 0x00, 0x00, 0x00, 0x00, 
	0x00, 0x00, 0x00, 0x00, 0x00, 0x00, 0x00, 0x00, 0x00, 0x00, 0x00, 0x00, 0x00, 0x00, 0x00, 0x00, 
	0x00, 0x00, 0x00, 0x00, 0x00, 0x00, 0x00, 0x00, 0x00, 0x00, 0x00, 0x00, 0x00, 0x00, 0x00, 0x00, 
	0x00, 0x00, 0x00, 0x00, 0x00, 0x07, 0xff, 0xff, 0xff, 0xff, 0x00, 0x00, 0x00, 0x00, 0x00, 0x00, 
	0x00, 0x00, 0x00, 0x00, 0x00, 0x00, 0x00, 0x00, 0x00, 0x00, 0x00, 0x00, 0x00, 0x00, 0x00, 0x00, 
	0x00, 0x00, 0x00, 0x00, 0x00, 0x00, 0x00, 0x00, 0x00, 0x00, 0x00, 0x00, 0x00, 0x00, 0x00, 0x00, 
	0x00, 0x00, 0x00, 0x00, 0x00, 0x00, 0x00, 0x1f, 0xff, 0xff, 0xff, 0xf7, 0x00, 0x00, 0x00, 0x00, 
	0x00, 0x00, 0x00, 0x00, 0x00, 0x00, 0x00, 0x00, 0x00, 0x00, 0x00, 0x00, 0x00, 0x00, 0x00, 0x00, 
	0x00, 0x00, 0x00, 0x00, 0x00, 0x00, 0x00, 0x00, 0x00, 0x00, 0x00, 0x00, 0x00, 0x00, 0x00, 0x00, 
	0x00, 0x00, 0x00, 0x00, 0x00, 0x00, 0x00, 0x00, 0x00, 0x7f, 0xff, 0xff, 0xff, 0xff, 0x80, 0x00, 
	0x00, 0x00, 0x00, 0x00, 0x00, 0x00, 0x00, 0x00, 0x00, 0x00, 0x00, 0x00, 0x00, 0x00, 0x00, 0x00, 
	0x00, 0x00, 0x00, 0x00, 0x00, 0x00, 0x00, 0x00, 0x00, 0x00, 0x00, 0x00, 0x00, 0x00, 0x00, 0x00, 
	0x00, 0x00, 0x00, 0x00, 0x00, 0x00, 0x00, 0x00, 0x00, 0x00, 0x01, 0xff, 0xff, 0xff, 0xff, 0xff, 
	0x00, 0x00, 0x00, 0x00, 0x00, 0x00, 0x00, 0x00, 0x00, 0x00, 0x00, 0x00, 0x00, 0x00, 0x00, 0x00, 
	0x00, 0x00, 0x00, 0x00, 0x00, 0x00, 0x00, 0x00, 0x00, 0x00, 0x00, 0x00, 0x00, 0x00, 0x00, 0x00, 
	0x00, 0x00, 0x00, 0x00, 0x00, 0x00, 0x00, 0x00, 0x03, 0xff, 0xff, 0x40, 0x03, 0xff, 0xdd, 0xff, 
	0xff, 0xed, 0x80, 0x00, 0x00, 0x00, 0x00, 0x00, 0x00, 0x00, 0x00, 0x00, 0x00, 0x00, 0x00, 0x00, 
	0x00, 0x00, 0x00, 0x00, 0x00, 0x00, 0x00, 0x00, 0x00, 0x00, 0x00, 0x00, 0x00, 0x00, 0x00, 0x00, 
	0x00, 0x00, 0x00, 0x00, 0x00, 0x00, 0x00, 0x00, 0x00, 0x00, 0x7f, 0xff, 0xff, 0xfe, 0x0f, 0xff, 
	0xff, 0xff, 0xff, 0xff, 0xc0, 0x00, 0x00, 0x00, 0x00, 0x00, 0x00, 0x00, 0x00, 0x00, 0x00, 0x00, 
	0x00, 0x00, 0x00, 0x00, 0x00, 0x00, 0x00, 0x00, 0x00, 0x00, 0x00, 0x00, 0x00, 0x00, 0x00, 0x00, 
	0x00, 0x00, 0x00, 0x00, 0x00, 0x00, 0x00, 0x00, 0x00, 0x00, 0x00, 0x01, 0xff, 0xff, 0xfa, 0x5b, 
	0xff, 0xff, 0x7f, 0xff, 0xff, 0xff, 0x80, 0x00, 0x00, 0x00, 0x00, 0x00, 0x00, 0x00, 0x00, 0x00, 
	0x00, 0x00, 0x00, 0x00, 0x00, 0x00, 0x00, 0x00, 0x00, 0x00, 0x00, 0x00, 0x00, 0x00, 0x00, 0x00, 
	0x00, 0x00, 0x00, 0x00, 0x00, 0x00, 0x00, 0x00, 0x00, 0x00, 0x00, 0x00, 0x0a, 0x8f, 0xff, 0xff, 
	0xff, 0xa5, 0x7f, 0xff, 0xff, 0xff, 0xff, 0xff, 0xc0, 0x00, 0x00, 0x00, 0x00, 0x00, 0x00, 0x00, 
	0x00, 0x00, 0x00, 0x00, 0x00, 0x00, 0x00, 0x00, 0x00, 0x00, 0x00, 0x00, 0x00, 0x00, 0x00, 0x00, 
	0x00, 0x00, 0x00, 0x00, 0x00, 0x00, 0x00, 0x00, 0x00, 0x00, 0x00, 0x00, 0x00, 0x00, 0xff, 0xff, 
	0xff, 0xff, 0xff, 0xff, 0xef, 0xfd, 0xff, 0xff, 0xff, 0xf6, 0xc0, 0x00, 0x00, 0x00, 0x00, 0x00, 
	0x00, 0x00, 0x00, 0x00, 0x00, 0x00, 0x00, 0x00, 0x00, 0x00, 0x00, 0x00, 0x00, 0x00, 0x00, 0x00, 
	0x00, 0x00, 0x00, 0x00, 0x00, 0x00, 0x00, 0x00, 0x00, 0x00, 0x00, 0x00, 0x00, 0x00, 0x00, 0x07, 
	0xff, 0xff, 0xff, 0xff, 0xff, 0xff, 0xbf, 0xff, 0xff, 0xef, 0xff, 0xff, 0xc0, 0x00, 0x00, 0x00, 
	0x00, 0x00, 0x00, 0x00, 0x00, 0x00, 0x00, 0x00, 0x00, 0x00, 0x00, 0x00, 0x00, 0x00, 0x00, 0x00, 
	0x00, 0x00, 0x00, 0x00, 0x00, 0x00, 0x00, 0x00, 0x00, 0x00, 0x00, 0x00, 0x00, 0x00, 0x00, 0x00, 
	0x00, 0x3f, 0xff, 0xff, 0xff, 0xff, 0xff, 0xfe, 0xff, 0xf7, 0xdf, 0xbf, 0xff, 0xff, 0xe0, 0x00, 
	0x00, 0x00, 0x00, 0x00, 0x00, 0x00, 0x00, 0x00, 0x00, 0x00, 0x00, 0x00, 0x00, 0x00, 0x00, 0x00, 
	0x00, 0x00, 0x00, 0x00, 0x00, 0x00, 0x00, 0x00, 0x00, 0x00, 0x00, 0x00, 0x00, 0x00, 0x00, 0x00, 
	0x00, 0x00, 0x01, 0xff, 0xff, 0xff, 0xff, 0xff, 0xff, 0xfd, 0xff, 0xff, 0xff, 0xff, 0xff, 0xfb, 
	0xe0, 0x00, 0x00, 0x00, 0x00, 0x00, 0x00, 0x00, 0x00, 0x00, 0x00, 0x00, 0x00, 0x00, 0x00, 0x00, 
	0x00, 0x00, 0x00, 0x00, 0x00, 0x00, 0x00, 0x00, 0x00, 0x00, 0x00, 0x00, 0x00, 0x00, 0x00, 0x00, 
	0x00, 0x00, 0x00, 0x00, 0x07, 0xff, 0xff, 0xff, 0xff, 0xb7, 0xff, 0xf7, 0xff, 0xff, 0x7f, 0xbf, 
	0xff, 0xff, 0xe0, 0x00, 0x00, 0x00, 0x00, 0x00, 0x00, 0x00, 0x00, 0x00, 0x00, 0x00, 0x00, 0x00, 
	0x00, 0x00, 0x00, 0x00, 0x00, 0x00, 0x00, 0x00, 0x00, 0x00, 0x00, 0x00, 0x00, 0x00, 0x00, 0x00, 
	0x00, 0x00, 0x00, 0x00, 0x00, 0x00, 0x1f, 0xff, 0xff, 0xff, 0xfd, 0xff, 0xff, 0xff, 0xff, 0xfd, 
	0xfe, 0xff, 0xff, 0xff, 0x60, 0x00, 0x00, 0x00, 0x00, 0x00, 0x00, 0x00, 0x00, 0x00, 0x00, 0x00, 
	0x00, 0x00, 0x00, 0x00, 0x00, 0x00, 0x00, 0x00, 0x00, 0x00, 0x00, 0x00, 0x00, 0x00, 0x00, 0x00, 
	0x00, 0x00, 0x00, 0x00, 0x00, 0x00, 0x00, 0x00, 0x7f, 0xff, 0xff, 0xff, 0xff, 0xef, 0xff, 0xff, 
	0xff, 0xf7, 0xff, 0xbf, 0xff, 0xf7, 0xf0, 0x00, 0x00, 0x00, 0x00, 0x00, 0x00, 0x00, 0x00, 0x00, 
	0x00, 0x00, 0x00, 0x00, 0x00, 0x00, 0x00, 0x00, 0x00, 0x00, 0x00, 0x00, 0x00, 0x00, 0x00, 0x00, 
	0x00, 0x00, 0x00, 0x00, 0x00, 0x00, 0x00, 0x00, 0x00, 0x01, 0xff, 0xff, 0xff, 0xff, 0xff, 0xbf, 
	0xff, 0xff, 0xff, 0xff, 0xfe, 0xff, 0xff, 0xff, 0xe0, 0x00, 0x00, 0x00, 0x00, 0x00, 0x00, 0x00, 
	0x00, 0x00, 0x00, 0x00, 0x00, 0x00, 0x00, 0x00, 0x00, 0x00, 0x00, 0x00, 0x00, 0x00, 0x00, 0x00, 
	0x00, 0x00, 0x00, 0x00, 0x00, 0x00, 0x00, 0x00, 0x00, 0x00, 0x00, 0x07, 0xff, 0xff, 0xbf, 0xff, 
	0xfe, 0xbf, 0xff, 0xff, 0xff, 0xff, 0xff, 0x6d, 0xff, 0xfe, 0xf0, 0x00, 0x00, 0x00, 0x00, 0x00, 
	0x00, 0x00, 0x00, 0x00, 0x00, 0x00, 0x00, 0x00, 0x00, 0x00, 0x00, 0x00, 0x00, 0x00, 0x00, 0x00, 
	0x00, 0x00, 0x00, 0x00, 0x00, 0x00, 0x00, 0x00, 0x00, 0x00, 0x00, 0x00, 0x00, 0x1e, 0xff, 0xff, 
	0x7f, 0xff, 0xea, 0xef, 0xff, 0xff, 0xff, 0xff, 0xfa, 0xf7, 0xff, 0xff, 0xf0, 0x00, 0x00, 0x00, 
	0x00, 0x00, 0x00, 0x00, 0x00, 0x00, 0x00, 0x00, 0x00, 0x00, 0x00, 0x00, 0x00, 0x00, 0x00, 0x00, 
	0x00, 0x00, 0x00, 0x00, 0x00, 0x00, 0x00, 0x00, 0x00, 0x00, 0x00, 0x00, 0x00, 0x00, 0x00, 0x3b, 
	0xff, 0xea, 0xff, 0xff, 0xfa, 0xbf, 0xff, 0xff, 0xff, 0xff, 0xfd, 0x9f, 0xff, 0xfb, 0xf0, 0x00, 
	0x00, 0x00, 0x00, 0x00, 0x00, 0x00, 0x00, 0x00, 0x00, 0x00, 0x00, 0x00, 0x00, 0x00, 0x00, 0x00, 
	0x00, 0x00, 0x00, 0x00, 0x00, 0x00, 0x00, 0x00, 0x00, 0x00, 0x00, 0x00, 0x00, 0x00, 0x00, 0x00, 
	0x00, 0xef, 0xff, 0xff, 0xff, 0xff, 0xff, 0xfe, 0xff, 0xff, 0xff, 0xff, 0xf6, 0xf7, 0xff, 0xff, 
	0xb0, 0x00, 0x00, 0x00, 0x00, 0x00, 0x00, 0x00, 0x00, 0x00, 0x00, 0x00, 0x00, 0x00, 0x00, 0x00, 
	0x00, 0x00, 0x00, 0x00, 0x00, 0x00, 0x00, 0x00, 0x00, 0x00, 0x00, 0x00, 0x00, 0x00, 0x00, 0x00, 
	0x00, 0x00, 0x01, 0xdf, 0xff, 0xff, 0xff, 0xff, 0xff, 0xff, 0xff, 0xff, 0xff, 0xff, 0xfb, 0x5e, 
	0xff, 0xff, 0xf8, 0x00, 0x00, 0x00, 0x00, 0x00, 0x00, 0x00, 0x00, 0x00, 0x00, 0x00, 0x00, 0x00, 
	0x00, 0x00, 0x00, 0x00, 0x00, 0x00, 0x00, 0x00, 0x00, 0x00, 0x00, 0x00, 0x00, 0x00, 0x00, 0x00, 
	0x00, 0x00, 0x00, 0x00, 0x07, 0xbf, 0xff, 0xeb, 0xff, 0xff, 0xdb, 0xb7, 0xff, 0xff, 0xff, 0xff, 
	0xf5, 0xb7, 0xff, 0xfe, 0xf2, 0x00, 0x00, 0x00, 0x00, 0x00, 0x00, 0x00, 0x00, 0x00, 0x00, 0x00, 
	0x00, 0x00, 0x00, 0x00, 0x00, 0x00, 0x00, 0x00, 0x00, 0x00, 0x00, 0x00, 0x00, 0x00, 0x00, 0x00, 
	0x00, 0x00, 0x00, 0x00, 0x00, 0x00, 0x0e, 0xff, 0xff, 0xb7, 0xff, 0xfe, 0xfd, 0xff, 0xbf, 0xff, 
	0xff, 0xff, 0xbe, 0xdd, 0xb7, 0xff, 0xfc, 0x00, 0x00, 0x00, 0x00, 0x00, 0x00, 0x00, 0x00, 0x00, 
	0x00, 0x00, 0x00, 0x00, 0x00, 0x00, 0x00, 0x00, 0x00, 0x00, 0x00, 0x00, 0x00, 0x00, 0x00, 0x00, 
	0x00, 0x00, 0x00, 0x00, 0x00, 0x00, 0x00, 0x00, 0x3d, 0xff, 0xfe, 0xdf, 0xff, 0xfb, 0xfe, 0x3f, 
	0xf5, 0xff, 0xff, 0xff, 0xf3, 0x6b, 0xff, 0xff, 0xfc, 0x00, 0x00, 0x00, 0x00, 0x00, 0x00, 0x00, 
	0x00, 0x00, 0x00, 0x00, 0x00, 0x00, 0x00, 0x00, 0x00, 0x00, 0x00, 0x00, 0x00, 0x00, 0x00, 0x00, 
	0x00, 0x00, 0x00, 0x00, 0x00, 0x00, 0x00, 0x00, 0x00, 0x00, 0x77, 0xff, 0xff, 0xff, 0xfb, 0xdf, 
	0xf5, 0xed, 0xff, 0xbf, 0xff, 0xff, 0xdd, 0x5e, 0xff, 0xff, 0xde, 0x00, 0x00, 0x00, 0x00, 0x00, 
	0x00, 0x00, 0x00, 0x00, 0x00, 0x00, 0x00, 0x00, 0x00, 0x00, 0x00, 0x00, 0x00, 0x00, 0x00, 0x00, 
	0x00, 0x00, 0x00, 0x00, 0x00, 0x00, 0x00, 0x00, 0x00, 0x00, 0x00, 0x00, 0xef, 0xff, 0xff, 0xff, 
	0xff, 0xff, 0xfd, 0x7f, 0xff, 0xeb, 0xff, 0xff, 0xf5, 0xab, 0xff, 0xff, 0x7c, 0x00, 0x00, 0x00, 
	0x00, 0x00, 0x00, 0x00, 0x00, 0x00, 0x00, 0x00, 0x00, 0x00, 0x00, 0x00, 0x00, 0x00, 0x00, 0x00, 
	0x00, 0x00, 0x00, 0x00, 0x00, 0x00, 0x00, 0x00, 0x00, 0x00, 0x00, 0x00, 0x00, 0x01, 0xdf, 0xff, 
	0xff, 0xff, 0xff, 0xff, 0xea, 0xff, 0xff, 0xfe, 0xff, 0xff, 0xdd, 0x7d, 0xff, 0xff, 0xfc, 0x00, 
	0x00, 0x00, 0x00, 0x00, 0x00, 0x00, 0x00, 0x00, 0x00, 0x00, 0x00, 0x00, 0x00, 0x00, 0x00, 0x00, 
	0x00, 0x00, 0x00, 0x00, 0x00, 0x00, 0x00, 0x00, 0x00, 0x00, 0x00, 0x00, 0x00, 0x00, 0x00, 0x03, 
	0xbf, 0xff, 0xff, 0xdf, 0xff, 0xff, 0x77, 0xdf, 0xff, 0xff, 0xbf, 0xff, 0xf6, 0xde, 0xbf, 0xff, 
	0xfe, 0x00, 0x00, 0x00, 0x00, 0x00, 0x00, 0x00, 0x00, 0x00, 0x00, 0x00, 0x00, 0x00, 0x00, 0x00, 
	0x00, 0x00, 0x00, 0x00, 0x00, 0x00, 0x00, 0x00, 0x00, 0x00, 0x00, 0x00, 0x00, 0x00, 0x00, 0x00, 
	0x00, 0x0f, 0x7f, 0xff, 0xf6, 0xfd, 0xf7, 0xff, 0xfd, 0xff, 0xff, 0xff, 0xef, 0xff, 0xeb, 0x6b, 
	0xdf, 0xff, 0xff, 0x00, 0x00, 0x00, 0x00, 0x00, 0x00, 0x00, 0x00, 0x00, 0x00, 0x00, 0x00, 0x00, 
	0x00, 0x00, 0x00, 0x00, 0x00, 0x00, 0x00, 0x00, 0x00, 0x00, 0x00, 0x00, 0x00, 0x00, 0x00, 0x00, 
	0x00, 0x00, 0x00, 0x0e, 0xbf, 0xff, 0xfd, 0x7f, 0xff, 0xff, 0xff, 0xff, 0xff, 0xff, 0xfb, 0xff, 
	0xfd, 0xb7, 0x77, 0xff, 0xbb, 0xc0, 0x00, 0x00, 0x00, 0x00, 0x00, 0x00, 0x00, 0x00, 0x00, 0x00, 
	0x00, 0x00, 0x00, 0x00, 0x00, 0x00, 0x00, 0x00, 0x00, 0x00, 0x00, 0x00, 0x00, 0x04, 0x00, 0x00, 
	0x00, 0x00, 0x00, 0x00, 0x00, 0x3c, 0xff, 0xff, 0xde, 0xff, 0xff, 0xff, 0xff, 0xff, 0xff, 0xff, 
	0xfd, 0x7f, 0xea, 0xae, 0xff, 0xff, 0xfc, 0xc0, 0x00, 0x00, 0x00, 0x00, 0x00, 0x00, 0x00, 0x00, 
	0x00, 0x00, 0x00, 0x00, 0x00, 0x00, 0x00, 0x00, 0x00, 0x00, 0x00, 0x00, 0x00, 0x00, 0x00, 0x3f, 
	0xd0, 0x00, 0x00, 0x00, 0x00, 0x01, 0xfb, 0xbb, 0xff, 0xff, 0xfd, 0xbf, 0xff, 0xff, 0xff, 0xff, 
	0xff, 0xff, 0x77, 0x7f, 0xff, 0x77, 0xff, 0xff, 0xff, 0x70, 0x00, 0x00, 0x00, 0x00, 0x00, 0x00, 
	0x00, 0x00, 0x00, 0x00, 0x00, 0x00, 0x00, 0x00, 0x00, 0x00, 0x00, 0x00, 0x00, 0x00, 0x00, 0x00, 
	0x00, 0x3f, 0xff, 0xea, 0x00, 0x00, 0x01, 0x5f, 0xff, 0xf5, 0xfe, 0xff, 0xfe, 0xff, 0xef, 0xff, 
	0xff, 0xff, 0xff, 0xf7, 0xff, 0xaf, 0xfa, 0xdb, 0xff, 0xff, 0xff, 0xb0, 0x00, 0x00, 0x00, 0x00, 
	0x00, 0x00, 0x00, 0x00, 0x00, 0x00, 0x00, 0x00, 0x00, 0x00, 0x00, 0x00, 0x00, 0x00, 0x00, 0x00, 
	0x00, 0x00, 0x00, 0x3f, 0xff, 0xff, 0xff, 0xff, 0xff, 0xff, 0xff, 0xe7, 0xfb, 0xff, 0xf7, 0xff, 
	0xff, 0xff, 0xff, 0xff, 0xff, 0x7f, 0xfd, 0x6f, 0xff, 0xb5, 0x7f, 0xff, 0xdf, 0xdc, 0x00, 0x00, 
	0x00, 0x00, 0x00, 0x00, 0x00, 0x00, 0x00, 0x00, 0x00, 0x00, 0x00, 0x00, 0x00, 0x00, 0x00, 0x00, 
	0x00, 0x00, 0x00, 0x00, 0x00, 0x3f, 0xff, 0xff, 0xff, 0xff, 0xff, 0xff, 0xff, 0xdf, 0xf7, 0xff, 
	0xbf, 0xff, 0xff, 0xff, 0xff, 0xff, 0xfd, 0xfe, 0xff, 0xb3, 0xff, 0xff, 0xff, 0xff, 0xff, 0xec, 
	0x00, 0x00, 0x00, 0x00, 0x00, 0x00, 0x00, 0x00, 0x00, 0x00, 0x00, 0x00, 0x00, 0x00, 0x00, 0x00, 
	0x00, 0x00, 0x00, 0x00, 0x00, 0x00, 0x00, 0x1f, 0xff, 0xff, 0xff, 0xfd, 0xff, 0xff, 0xff, 0xb7, 
	0xdf, 0xfe, 0xff, 0xff, 0xff, 0xd5, 0x7f, 0xff, 0xff, 0xf7, 0xdd, 0x5c, 0xff, 0xde, 0xbf, 0xff, 
	0xff, 0xe7, 0x00, 0x00, 0x00, 0x00, 0x00, 0x00, 0x00, 0x00, 0x00, 0x00, 0x00, 0x00, 0x00, 0x00, 
	0x00, 0x00, 0x00, 0x00, 0x00, 0x00, 0x00, 0x00, 0x00, 0x1f, 0xff, 0xff, 0xff, 0xef, 0xff, 0xff, 
	0xff, 0xff, 0xbf, 0xff, 0xff, 0xff, 0x7f, 0xfd, 0xff, 0xff, 0xff, 0xff, 0xff, 0xab, 0x7f, 0xff, 
	0xff, 0xff, 0xff, 0xfb, 0x00, 0x00, 0x00, 0x00, 0x00, 0x00, 0x00, 0x00, 0x00, 0x00, 0x00, 0x00, 
	0x00, 0x00, 0x00, 0x00, 0x00, 0x00, 0x00, 0x00, 0x00, 0x00, 0x00, 0x0f, 0xff, 0xff, 0xff, 0xff, 
	0xef, 0xff, 0xff, 0xbe, 0xff, 0xff, 0xff, 0xff, 0xfe, 0xef, 0xff, 0xff, 0xff, 0xdf, 0xf6, 0xd7, 
	0x3f, 0xff, 0xef, 0xff, 0xff, 0xfb, 0x80, 0x00, 0x00, 0x00, 0x00, 0x00, 0x00, 0x00, 0x00, 0x00, 
	0x00, 0x00, 0x00, 0x00, 0x00, 0x00, 0x00, 0x00, 0x00, 0x00, 0x00, 0x00, 0x00, 0x0f, 0xff, 0xff, 
	0xff, 0xbf, 0xbf, 0xff, 0xff, 0xfd, 0xff, 0xff, 0x7f, 0xfb, 0xdb, 0xfb, 0xff, 0xff, 0xff, 0xff, 
	0xdb, 0x59, 0xcf, 0xff, 0xff, 0xff, 0xf7, 0xf4, 0xc0, 0x00, 0x00, 0x00, 0x00, 0x00, 0x00, 0x00, 
	0x00, 0x00, 0x00, 0x00, 0x00, 0x00, 0x00, 0x00, 0x00, 0x00, 0x00, 0x00, 0x00, 0x00, 0x00, 0x07, 
	0xff, 0xff, 0xff, 0xfd, 0xff, 0xff, 0xff, 0xfb, 0xff, 0xfb, 0xff, 0xff, 0xfe, 0xbf, 0xff, 0xff, 
	0xff, 0xf6, 0xfd, 0x6e, 0xf7, 0xff, 0xff, 0xff, 0xff, 0xfa, 0xe0, 0x00, 0x00, 0x00, 0x00, 0x00, 
	0x00, 0x00, 0x00, 0x00, 0x00, 0x00, 0x00, 0x00, 0x00, 0x00, 0x00, 0x00, 0x00, 0x00, 0x00, 0x00, 
	0x00, 0x07, 0xff, 0xff, 0xff, 0xff, 0xff, 0xff, 0xff, 0xf7, 0xff, 0xff, 0xff, 0xbd, 0xab, 0xff, 
	0xff, 0xff, 0xff, 0xff, 0xff, 0x55, 0xfb, 0xff, 0xff, 0xff, 0xff, 0xfd, 0x70, 0x00, 0x00, 0x00, 
	0x00, 0x00, 0x00, 0x00, 0x00, 0x00, 0x00, 0x00, 0x00, 0x00, 0x00, 0x00, 0x00, 0x00, 0x00, 0x00, 
	0x00, 0x00, 0x00, 0x03, 0xff, 0xff, 0xfe, 0xf7, 0xff, 0xff, 0xff, 0xdf, 0xff, 0xf7, 0xff, 0xf7, 
	0xfe, 0xdf, 0xff, 0xff, 0xff, 0xfd, 0xd7, 0x5e, 0xbd, 0xff, 0xff, 0xff, 0xff, 0xfe, 0x38, 0x00, 
	0x00, 0x00, 0x00, 0x00, 0x00, 0x00, 0x00, 0x00, 0x00, 0x00, 0x00, 0x00, 0x00, 0x00, 0x00, 0x00, 
	0x00, 0x00, 0x00, 0x00, 0x00, 0x01, 0xff, 0xff, 0xff, 0xff, 0xef, 0xff, 0xff, 0xbe, 0xff, 0xbf, 
	0xff, 0x7f, 0x57, 0xff, 0xff, 0xff, 0xff, 0xff, 0x6b, 0xab, 0xfe, 0xff, 0xff, 0xff, 0xff, 0xff, 
	0x5c, 0x00, 0x00, 0x00, 0x00, 0x00, 0x00, 0x00, 0x00, 0x00, 0x00, 0x00, 0x00, 0x00, 0x00, 0x00, 
	0x00, 0x00, 0x00, 0x00, 0x00, 0x00, 0x00, 0x01, 0xff, 0xff, 0xff, 0xff, 0x7f, 0xff, 0xff, 0x7b, 
	0xfb, 0xff, 0xff, 0xef, 0xff, 0xff, 0xff, 0xff, 0xff, 0xff, 0xaa, 0xb7, 0xbf, 0xbf, 0xff, 0xff, 
	0xff, 0xdd, 0x5c, 0x00, 0x00, 0x00, 0x00, 0x00, 0x00, 0x00, 0x00, 0x00, 0x00, 0x00, 0x00, 0x00, 
	0x00, 0x00, 0x00, 0x00, 0x00, 0x00, 0x00, 0x00, 0x00, 0x00, 0xdf, 0xff, 0xff, 0xfd, 0xff, 0xff, 
	0xfe, 0xfb, 0xff, 0xdf, 0xff, 0xff, 0xff, 0xff, 0xff, 0xff, 0xff, 0xff, 0xed, 0x5b, 0xef, 0xdf, 
	0xff, 0xff, 0xff, 0xee, 0xa6, 0x00, 0x00, 0x00, 0x00, 0x00, 0x00, 0x00, 0x00, 0x00, 0x00, 0x00, 
	0x00, 0x00, 0x00, 0x00, 0x00, 0x00, 0x00, 0x00, 0x00, 0x00, 0x00, 0x00, 0x7f, 0xff, 0xff, 0xff, 
	0xff, 0xff, 0xfd, 0xf7, 0xef, 0x7f, 0xff, 0xff, 0xff, 0xff, 0xbf, 0xff, 0xdb, 0xff, 0xf5, 0xb5, 
	0xff, 0xef, 0xff, 0xff, 0xff, 0xf2, 0x57, 0x00, 0x00, 0x00, 0x00, 0x00, 0x00, 0x00, 0x00, 0x00, 
	0x00, 0x00, 0x00, 0x00, 0x00, 0x00, 0x00, 0x00, 0x00, 0x00, 0x00, 0x00, 0x00, 0x00, 0x7f, 0xff, 
	0xff, 0xff, 0xff, 0xff, 0xfb, 0xed, 0xff, 0xff, 0xff, 0xff, 0xff, 0xff, 0xff, 0xff, 0xff, 0xff, 
	0xfa, 0xdb, 0xff, 0xf7, 0xdf, 0xff, 0xff, 0xfd, 0x5b, 0x80, 0x00, 0x00, 0x00, 0x00, 0x00, 0x00, 
	0x00, 0x00, 0x00, 0x00, 0x00, 0x00, 0x00, 0x00, 0x00, 0x00, 0x00, 0x00, 0x00, 0x00, 0x00, 0x00, 
	0x3f, 0xff, 0xfa, 0xdf, 0xff, 0xff, 0xf7, 0xeb, 0xbe, 0xff, 0xff, 0xff, 0xff, 0xff, 0xff, 0xfe, 
	0xff, 0x77, 0xfd, 0x5d, 0xff, 0xff, 0xff, 0xff, 0xff, 0xfa, 0xab, 0xc0, 0x00, 0x00, 0x00, 0x00, 
	0x00, 0x00, 0x00, 0x00, 0x00, 0x00, 0x00, 0x00, 0x00, 0x00, 0x00, 0x00, 0x00, 0x00, 0x00, 0x00, 
	0x00, 0x00, 0x3f, 0xff, 0xff, 0x77, 0xff, 0xff, 0xff, 0xcb, 0xfe, 0xff, 0xff, 0xff, 0xff, 0xff, 
	0xff, 0xf7, 0xff, 0xff, 0xfe, 0xd6, 0xfe, 0xfb, 0xfd, 0xff, 0xff, 0xfd, 0x5d, 0xc0, 0x00, 0x00, 
	0x00, 0x00, 0x00, 0x00, 0x00, 0x00, 0x00, 0x00, 0x00, 0x00, 0x00, 0x00, 0x00, 0x00, 0x00, 0x00, 
	0x00, 0x00, 0x00, 0x00, 0x1f, 0xff, 0xfb, 0xdf, 0xff, 0xff, 0xdf, 0xad, 0xfb, 0xff, 0xff, 0xff, 
	0xff, 0xff, 0xff, 0x7f, 0xfb, 0xfb, 0xff, 0x6b, 0xbf, 0xfe, 0xff, 0xff, 0xff, 0xad, 0xbe, 0xe0, 
	0x00, 0x00, 0x00, 0x00, 0x00, 0x00, 0x00, 0x00, 0x00, 0x00, 0x00, 0x00, 0x00, 0x00, 0x00, 0x00, 
	0x00, 0x00, 0x00, 0x00, 0x00, 0x00, 0x0f, 0xff, 0xfe, 0xfb, 0xff, 0xff, 0xdf, 0x27, 0xed, 0xff, 
	0xff, 0xff, 0xff, 0xff, 0xff, 0xff, 0xbf, 0xde, 0xff, 0x37, 0x7f, 0xff, 0xff, 0x6f, 0xbf, 0xf5, 
	0xf6, 0x70, 0x00, 0x00, 0x00, 0x00, 0x00, 0x00, 0x00, 0x00, 0x00, 0x00, 0x00, 0x00, 0x00, 0x00, 
	0x00, 0x00, 0x00, 0x00, 0x00, 0x00, 0x00, 0x00, 0x0e, 0xff, 0xff, 0x5f, 0xff, 0xff, 0x7f, 0x55, 
	0xbb, 0xff, 0xff, 0xff, 0xff, 0xff, 0xff, 0xfd, 0xff, 0x7b, 0x7f, 0xdb, 0xff, 0xff, 0x7d, 0xff, 
	0xdf, 0xda, 0xbf, 0xb0, 0x00, 0x00, 0x00, 0x00, 0x00, 0x00, 0x00, 0x00, 0x00, 0x00, 0x00, 0x00, 
	0x00, 0x00, 0x00, 0x00, 0x00, 0x00, 0x00, 0x00, 0x00, 0x00, 0x07, 0xff, 0xfb, 0xf5, 0x6f, 0xff, 
	0x7e, 0xab, 0xf7, 0xff, 0xff, 0xff, 0xff, 0xff, 0xff, 0xef, 0xf7, 0xfd, 0xdf, 0xdb, 0xff, 0xff, 
	0xff, 0xbf, 0xeb, 0xed, 0x7f, 0xb8, 0x00, 0x00, 0x00, 0x00, 0x00, 0x00, 0x00, 0x00, 0x00, 0x00, 
	0x00, 0x00, 0x00, 0x00, 0x00, 0x00, 0x00, 0x00, 0x00, 0x00, 0x00, 0x00, 0x03, 0xff, 0xff, 0xbf, 
	0xff, 0xfe, 0xfd, 0x56, 0xaf, 0xff, 0xff, 0xff, 0xff, 0xff, 0xf7, 0xff, 0xfe, 0xf5, 0x7f, 0xed, 
	0xff, 0xff, 0xdf, 0xf7, 0xfb, 0x6d, 0x6f, 0xdc, 0x00, 0x00, 0x00, 0x00, 0x00, 0x00, 0x00, 0x00, 
	0x00, 0x00, 0x00, 0x00, 0x00, 0x00, 0x00, 0x00, 0x00, 0x00, 0x00, 0x00, 0x00, 0x00, 0x01, 0xff, 
	0xff, 0xea, 0xbf, 0xfd, 0xfd, 0x52, 0xbf, 0xff, 0xff, 0xff, 0xff, 0xff, 0xdf, 0xff, 0x7f, 0xda, 
	0xb7, 0xf7, 0xff, 0xff, 0xff, 0xff, 0xf5, 0xb6, 0xbf, 0xee, 0x00, 0x00, 0x00, 0x00, 0x00, 0x00, 
	0x00, 0x00, 0x00, 0x00, 0x00, 0x00, 0x00, 0x00, 0x00, 0x00, 0x00, 0x00, 0x00, 0x00, 0x00, 0x00, 
	0x01, 0xbf, 0xff, 0x7f, 0xff, 0xfb, 0xfd, 0x55, 0x5f, 0xff, 0xff, 0xff, 0xff, 0xfe, 0xff, 0xfb, 
	0xf7, 0xb6, 0xdf, 0xfa, 0xff, 0xff, 0xff, 0xf6, 0xfe, 0x57, 0xff, 0xee, 0x00, 0x00, 0x00, 0x00, 
	0x00, 0x00, 0x00, 0x00, 0x00, 0x00, 0x00, 0x00, 0x00, 0x00, 0x00, 0x00, 0x00, 0x00, 0x00, 0x00, 
	0x00, 0x00, 0x00, 0xff, 0xff, 0xaa, 0xbf, 0xfb, 0xfa, 0xaa, 0xdf, 0xfe, 0xff, 0xff, 0xff, 0xff, 
	0xfe, 0xff, 0xfe, 0xea, 0xef, 0xff, 0xff, 0xff, 0xf7, 0xfd, 0xff, 0x57, 0xbf, 0xf7, 0x00, 0x00, 
	0x00, 0x00, 0x00, 0x00, 0x00, 0x00, 0x00, 0x00, 0x00, 0x00, 0x00, 0x00, 0x00, 0x00, 0x00, 0x00, 
	0x00, 0x00, 0x00, 0x00, 0x00, 0x77, 0xfe, 0xff, 0xff, 0xf7, 0xf6, 0xaa, 0xbf, 0xfb, 0xff, 0xff, 
	0xff, 0xfb, 0xfb, 0xff, 0xdf, 0xf5, 0x7f, 0xfd, 0xff, 0xff, 0xff, 0xff, 0xfd, 0xab, 0xff, 0xf7, 
	0x80, 0x00, 0x00, 0x00, 0x00, 0x00, 0x00, 0x00, 0x00, 0x00, 0x00, 0x00, 0x00, 0x00, 0x00, 0x00, 
	0x00, 0x00, 0x00, 0x00, 0x00, 0x00, 0x00, 0x7f, 0xff, 0xd5, 0x76, 0xef, 0xfe, 0xa5, 0x7f, 0xff, 
	0xff, 0xff, 0xff, 0xff, 0xef, 0xbf, 0x7d, 0x7b, 0x6f, 0xfe, 0xff, 0xff, 0xff, 0xfe, 0xff, 0xb7, 
	0xef, 0xfb, 0x80, 0x00, 0x00, 0x00, 0x00, 0x00, 0x00, 0x00, 0x00, 0x00, 0x00, 0x00, 0x00, 0x00, 
	0x00, 0x00, 0x00, 0x00, 0x00, 0x00, 0x00, 0x00, 0x00, 0x3f, 0xff, 0xff, 0xdf, 0xef, 0xed, 0x55, 
	0x7f, 0x6f, 0xf7, 0xff, 0xff, 0xff, 0xbf, 0xff, 0xf5, 0x7d, 0x7f, 0xff, 0x7f, 0xff, 0xff, 0xef, 
	0xef, 0xda, 0xff, 0xfd, 0xc0, 0x00, 0x00, 0x00, 0x00, 0x00, 0x00, 0x00, 0x00, 0x00, 0x00, 0x00, 
	0x00, 0x00, 0x00, 0x00, 0x00, 0x00, 0x00, 0x00, 0x00, 0x00, 0x00, 0x1f, 0xff, 0x75, 0x7f, 0xdf, 
	0xfd, 0xaa, 0xff, 0xff, 0xbf, 0xdf, 0xff, 0x77, 0xff, 0x5f, 0xdb, 0x5d, 0xbe, 0xff, 0xff, 0xff, 
	0xff, 0xff, 0xff, 0xef, 0xff, 0xfd, 0xe0, 0x00, 0x00, 0x00, 0x00, 0x00, 0x00, 0x00, 0x00, 0x00, 
	0x00, 0x00, 0x00, 0x00, 0x00, 0x00, 0x00, 0x00, 0x00, 0x00, 0x00, 0x00, 0x00, 0x0d, 0xff, 0xff, 
	0xdf, 0xff, 0xdb, 0x2a, 0xfe, 0xdd, 0xff, 0xff, 0xfb, 0xff, 0xff, 0xff, 0xed, 0xae, 0xdf, 0xff, 
	0xbf, 0xff, 0xff, 0xfe, 0xff, 0xfd, 0x77, 0xff, 0xa0, 0x00, 0x00, 0x00, 0x00, 0x00, 0x00, 0x00, 
	0x00, 0x00, 0x00, 0x00, 0x00, 0x00, 0x00, 0x00, 0x00, 0x00, 0x00, 0x00, 0x00, 0x00, 0x00, 0x07, 
	0xff, 0xf6, 0xff, 0xbf, 0xfe, 0xaa, 0xff, 0xdf, 0xff, 0xfd, 0xdf, 0xfe, 0xfb, 0x5f, 0xfa, 0xdf, 
	0x7f, 0xff, 0xdf, 0xff, 0xff, 0xff, 0xff, 0xef, 0xff, 0xfe, 0xf0, 0x00, 0x00, 0x00, 0x00, 0x00, 
	0x00, 0x00, 0x00, 0x00, 0x00, 0x00, 0x00, 0x00, 0x00, 0x00, 0x00, 0x00, 0x00, 0x00, 0x00, 0x00, 
	0x00, 0x07, 0x7f, 0xff, 0x5f, 0x7f, 0xfa, 0xa9, 0xfd, 0xbf, 0xdf, 0xbf, 0xff, 0xf7, 0xdd, 0xaf, 
	0xfd, 0x6b, 0xaf, 0xff, 0xff, 0xff, 0xff, 0x7f, 0xef, 0xff, 0xff, 0xff, 0x50, 0x00, 0x00, 0x00, 
	0x00, 0x00, 0x00, 0x00, 0x00, 0x00, 0x00, 0x00, 0x00, 0x00, 0x00, 0x00, 0x00, 0x00, 0x00, 0x00, 
	0x00, 0x00, 0x00, 0x03, 0xff, 0xfb, 0xff, 0x7f, 0xf6, 0xab, 0xff, 0xbe, 0xf6, 0xff, 0xff, 0x7f, 
	0xfe, 0xbf, 0xff, 0x5d, 0xdf, 0xff, 0xef, 0xf7, 0xff, 0xff, 0xbf, 0xf7, 0xff, 0xff, 0xe8, 0x00, 
	0x00, 0x00, 0x00, 0x00, 0x00, 0x00, 0x00, 0x00, 0x00, 0x00, 0x00, 0x00, 0x00, 0x00, 0x00, 0x00, 
	0x00, 0x00, 0x00, 0x00, 0x00, 0x01, 0xff, 0xff, 0x6e, 0xff, 0xfe, 0xa7, 0xfb, 0x77, 0xef, 0xf7, 
	0x77, 0xfe, 0xf5, 0x77, 0xfd, 0xaf, 0xfb, 0xff, 0xff, 0xbf, 0xff, 0xff, 0xff, 0xff, 0xbf, 0xff, 
	0xac, 0x00, 0x00, 0x00, 0x00, 0x00, 0x00, 0x00, 0x00, 0x00, 0x00, 0x00, 0x00, 0x00, 0x00, 0x00, 
	0x00, 0x00, 0x00, 0x00, 0x00, 0x00, 0x00, 0x00, 0xdf, 0xff, 0xfe, 0xff, 0xed, 0x53, 0xff, 0x5f, 
	0xbf, 0xff, 0xff, 0xfb, 0xed, 0xb4, 0xaf, 0xd7, 0x7f, 0xdf, 0xf7, 0xff, 0xff, 0xff, 0xff, 0xff, 
	0xfb, 0xff, 0xf4, 0x00, 0x00, 0x00, 0x00, 0x00, 0x00, 0x00, 0x00, 0x00, 0x00, 0x00, 0x00, 0x00, 
	0x00, 0x00, 0x00, 0x00, 0x00, 0x00, 0x00, 0x00, 0x00, 0x00, 0x7f, 0xff, 0xfd, 0xff, 0xfe, 0x9f, 
	0xfb, 0x57, 0x7d, 0xff, 0xfe, 0xfe, 0xdd, 0x5e, 0x3f, 0x7d, 0xf7, 0x7f, 0xff, 0xff, 0xfb, 0xfe, 
	0xff, 0xff, 0xff, 0xff, 0xd6, 0x00, 0x00, 0x00, 0x00, 0x00, 0x00, 0x00, 0x00, 0x00, 0x00, 0x00, 
	0x00, 0x00, 0x00, 0x00, 0x00, 0x00, 0x00, 0x00, 0x00, 0x00, 0x00, 0x00, 0x7b, 0xff, 0xfd, 0xff, 
	0xda, 0xd7, 0xf6, 0xaa, 0xdf, 0xdd, 0xb7, 0xbb, 0x55, 0x76, 0x03, 0xf7, 0xff, 0xff, 0xff, 0xff, 
	0xff, 0xff, 0xff, 0xff, 0xdf, 0xff, 0xfa, 0x00, 0x00, 0x00, 0x00, 0x00, 0x00, 0x00, 0x00, 0x00, 
	0x00, 0x00, 0x00, 0x00, 0x00, 0x00, 0x00, 0x00, 0x00, 0x00, 0x00, 0x00, 0x00, 0x03, 0xff, 0xff, 
	0xbb, 0xff, 0xfe, 0xb7, 0xfe, 0xaa, 0x7b, 0x7f, 0xff, 0xfa, 0xad, 0x9f, 0x01, 0xff, 0xff, 0xff, 
	0xff, 0xed, 0xff, 0xff, 0xff, 0xff, 0x7f, 0xff, 0xfb, 0x00, 0x00, 0x00, 0x00, 0x00, 0x00, 0x00, 
	0x00, 0x00, 0x00, 0x00, 0x00, 0x00, 0x00, 0x00, 0x00, 0x00, 0x00, 0x00, 0x00, 0x00, 0x00, 0x00, 
	0x7f, 0xff, 0xf7, 0xff, 0xba, 0xaf, 0xf6, 0xab, 0x5d, 0xff, 0xff, 0x5f, 0x6a, 0xdb, 0x04, 0xfe, 
	0xfb, 0xff, 0xfe, 0xff, 0xff, 0xf7, 0xff, 0xff, 0xfe, 0xff, 0xed, 0x00, 0x00, 0x00, 0x00, 0x00, 
	0x00, 0x00, 0x00, 0x00, 0x00, 0x00, 0x00, 0x00, 0x00, 0x00, 0x00, 0x00, 0x00, 0x00, 0x00, 0x00, 
	0x00, 0x00, 0x0e, 0xff, 0xf7, 0xff, 0xff, 0xf7, 0xf6, 0xa9, 0x7b, 0x5d, 0xdd, 0xba, 0xae, 0xbf, 
	0x00, 0x7f, 0xef, 0xb7, 0xff, 0xff, 0xee, 0xff, 0xff, 0xff, 0xff, 0xff, 0xfe, 0x80, 0x00, 0x00, 
	0x00, 0x00, 0x00, 0x00, 0x00, 0x00, 0x00, 0x00, 0x00, 0x00, 0x00, 0x00, 0x00, 0x00, 0x00, 0x00, 
	0x00, 0x00, 0x00, 0x00, 0x0f, 0xff, 0xf7, 0xff, 0xbe, 0xaf, 0xfd, 0x56, 0xdf, 0x7f, 0xfe, 0xdd, 
	0xb3, 0x5d, 0x00, 0xbf, 0xff, 0xff, 0xff, 0xff, 0x7f, 0xff, 0xff, 0xff, 0xfb, 0xff, 0xfe, 0xc0, 
	0x00, 0x00, 0x00, 0x00, 0x00, 0x00, 0x00, 0x00, 0x00, 0x00, 0x00, 0x00, 0x00, 0x00, 0x00, 0x00, 
	0x00, 0x00, 0x00, 0x00, 0x00, 0x00, 0x75, 0xff, 0xef, 0xff, 0xfd, 0xff, 0xed, 0x55, 0x7b, 0x57, 
	0xf5, 0x7d, 0x5b, 0xdf, 0x00, 0x3e, 0xff, 0xff, 0x7f, 0xed, 0xff, 0xff, 0xf7, 0xff, 0xff, 0xff, 
	0xfb, 0x40, 0x00, 0x00, 0x00, 0x00, 0x00, 0x00, 0x00, 0x00, 0x00, 0x00, 0x00, 0x00, 0x00, 0x00, 
	0x00, 0x00, 0x00, 0x00, 0x00, 0x00, 0x00, 0x00, 0x5f, 0xbf, 0xef, 0xff, 0x7f, 0xdf, 0xed, 0x55, 
	0x5a, 0xaa, 0xad, 0x5b, 0xab, 0x6d, 0x80, 0x0f, 0xfd, 0xdf, 0xff, 0x7f, 0xff, 0xbf, 0xff, 0xff, 
	0xff, 0xfb, 0xfe, 0xe0, 0x00, 0x00, 0x00, 0x00, 0x00, 0x00, 0x00, 0x00, 0x00, 0x00, 0x00, 0x00, 
	0x00, 0x00, 0x00, 0x00, 0x00, 0x00, 0x00, 0x00, 0x00, 0x00, 0x0b, 0xff, 0xdf, 0xff, 0xfd, 0xff, 
	0xfd, 0x55, 0xfb, 0x55, 0x55, 0x5d, 0x6b, 0xbf, 0x00, 0x07, 0xef, 0xfd, 0xff, 0xff, 0xfd, 0xff, 
	0xff, 0xff, 0xef, 0xbf, 0xff, 0x60, 0x00, 0x00, 0x00, 0x00, 0x00, 0x00, 0x00, 0x00, 0x00, 0x00, 
	0x00, 0x00, 0x00, 0x00, 0x00, 0x00, 0x00, 0x00, 0x00, 0x00, 0x00, 0x00, 0x06, 0xf7, 0xdf, 0xfe, 
	0xff, 0xdf, 0xeb, 0x54, 0xba, 0xab, 0x6a, 0xbd, 0xad, 0xef, 0x80, 0x07, 0xff, 0xff, 0xff, 0xff, 
	0xdf, 0xfd, 0xff, 0xff, 0xfe, 0xff, 0xff, 0x50, 0x00, 0x00, 0x00, 0x00, 0x00, 0x00, 0x00, 0x00, 
	0x00, 0x00, 0x00, 0x00, 0x00, 0x00, 0x00, 0x00, 0x00, 0x00, 0x00, 0x00, 0x00, 0x00, 0x04, 0xff, 
	0xbf, 0xff, 0xff, 0xff, 0xfd, 0x56, 0xf7, 0x55, 0x55, 0x5b, 0x57, 0xef, 0x80, 0x01, 0xff, 0x77, 
	0xff, 0xfb, 0x7f, 0xef, 0xff, 0xff, 0xff, 0xff, 0xfd, 0x30, 0x00, 0x00, 0x00, 0x00, 0x00, 0x00, 
	0x00, 0x00, 0x00, 0x00, 0x00, 0x00, 0x00, 0x00, 0x00, 0x00, 0x00, 0x00, 0x00, 0x00, 0x00, 0x00, 
	0x0c, 0xff, 0xbf, 0xfe, 0xff, 0xbf, 0xdb, 0x52, 0xb9, 0x55, 0x55, 0xad, 0xb7, 0xbf, 0x80, 0x00, 
	0xff, 0xff, 0xff, 0xef, 0xfe, 0xff, 0xff, 0xff, 0xff, 0xff, 0xff, 0xb8, 0x00, 0x00, 0x00, 0x00, 
	0x00, 0x00, 0x00, 0x00, 0x00, 0x00, 0x00, 0x00, 0x00, 0x00, 0x00, 0x00, 0x00, 0x00, 0x00, 0x00, 
	0x00, 0x00, 0x19, 0xbf, 0xbf, 0xfd, 0xff, 0xff, 0xff, 0x56, 0xfb, 0x55, 0x56, 0xbd, 0xbe, 0xff, 
	0x80, 0x00, 0x7d, 0xff, 0xff, 0xff, 0xfb, 0xff, 0xff, 0xff, 0xff, 0xff, 0xff, 0x98, 0x00, 0x00, 
	0x00, 0x00, 0x00, 0x00, 0x00, 0x00, 0x00, 0x00, 0x00, 0x00, 0x00, 0x00, 0x00, 0x00, 0x00, 0x00, 
	0x00, 0x00, 0x00, 0x00, 0x01, 0x3f, 0x7f, 0xff, 0xff, 0xbf, 0xfe, 0xad, 0xb5, 0xaa, 0xaa, 0xad, 
	0xf7, 0xfe, 0xc0, 0x00, 0x3f, 0xfd, 0xbf, 0xff, 0xef, 0xff, 0xff, 0xff, 0xfd, 0xee, 0xff, 0xcc, 
	0x00, 0x00, 0x00, 0x00, 0x00, 0x00, 0x00, 0x00, 0x00, 0x00, 0x00, 0x00, 0x00, 0x00, 0x00, 0x00, 
	0x00, 0x00, 0x00, 0x00, 0x00, 0x00, 0x00, 0x3f, 0x7f, 0xfd, 0xff, 0xff, 0xdf, 0x56, 0xfb, 0x56, 
	0xd5, 0xbd, 0xff, 0xf7, 0xc0, 0x00, 0x1f, 0xef, 0xff, 0xfe, 0xff, 0xdf, 0x7f, 0xff, 0xff, 0xff, 
	0xff, 0xce, 0x00, 0x00, 0x00, 0x00, 0x00, 0x00, 0x00, 0x00, 0x00, 0x00, 0x00, 0x00, 0x00, 0x00, 
	0x00, 0x00, 0x00, 0x00, 0x00, 0x00, 0x00, 0x00, 0x00, 0x7e, 0xff, 0xff, 0xff, 0xbf, 0xfe, 0xff, 
	0xbb, 0xda, 0xad, 0xbb, 0xbf, 0xff, 0xc0, 0x00, 0x0d, 0xff, 0xff, 0xef, 0xff, 0xfb, 0xff, 0xff, 
	0xff, 0xff, 0xef, 0xc6, 0x00, 0x00, 0x00, 0x00, 0x00, 0x00, 0x00, 0x00, 0x00, 0x00, 0x00, 0x00, 
	0x00, 0x00, 0x00, 0x00, 0x00, 0x00, 0x00, 0x00, 0x00, 0x00, 0x00, 0xde, 0xff, 0xfb, 0xff, 0xff, 
	0xfb, 0x56, 0xb5, 0xaa, 0xaa, 0xdd, 0xfb, 0xdf, 0xc0, 0x00, 0x06, 0xff, 0xff, 0xff, 0xde, 0xff, 
	0xff, 0xff, 0xff, 0xbf, 0xff, 0xe2, 0x00, 0x00, 0x00, 0x00, 0x00, 0x00, 0x00, 0x00, 0x00, 0x00, 
	0x00, 0x00, 0x00, 0x00, 0x00, 0x00, 0x00, 0x00, 0x00, 0x00, 0x00, 0x00, 0x00, 0xfe, 0xff, 0xff, 
	0xff, 0x7f, 0xff, 0xbf, 0xfb, 0xd5, 0x57, 0xfd, 0xff, 0xff, 0xc0, 0x00, 0x02, 0x7f, 0x7f, 0xfe, 
	0xff, 0xff, 0xff, 0xff, 0xff, 0xff, 0xff, 0xe3, 0x00, 0x00, 0x00, 0x00, 0x00, 0x00, 0x00, 0x00, 
	0x00, 0x00, 0x00, 0x00, 0x00, 0x00, 0x00, 0x00, 0x00, 0x00, 0x00, 0x00, 0x00, 0x00, 0x01, 0xbd, 
	0xff, 0xfb, 0xff, 0xff, 0xff, 0xff, 0xbd, 0xd7, 0xab, 0xb7, 0xff, 0x7f, 0xc0, 0x00, 0x01, 0x1f, 
	0xf7, 0xf7, 0xfb, 0xdf, 0xff, 0xff, 0xfd, 0xfb, 0xbf, 0xe1, 0x80, 0x00, 0x00, 0x00, 0x00, 0x00, 
	0x00, 0x00, 0x00, 0x00, 0x00, 0x00, 0x00, 0x00, 0x00, 0x00, 0x00, 0x00, 0x00, 0x00, 0x00, 0x00, 
	0x01, 0x7d, 0xff, 0xff, 0xff, 0xff, 0xfe, 0xdb, 0xbb, 0xef, 0xff, 0xfd, 0xdd, 0xfd, 0xc0, 0x00, 
	0x00, 0x9f, 0xff, 0xff, 0xff, 0xfd, 0xdf, 0xfc, 0x0f, 0xff, 0xff, 0xf0, 0x80, 0x00, 0x00, 0x00, 
	0x00, 0x00, 0x00, 0x00, 0x00, 0x00, 0x00, 0x00, 0x00, 0x00, 0x00, 0x00, 0x00, 0x00, 0x00, 0x00, 
	0x00, 0x00, 0x01, 0xfd, 0xff, 0xf7, 0xff, 0x7f, 0xff, 0xff, 0xff, 0xdd, 0xf7, 0xbf, 0xff, 0xff, 
	0xc0, 0x00, 0x00, 0x47, 0xff, 0xff, 0xbf, 0xff, 0xff, 0xf8, 0x07, 0xdf, 0xff, 0xf0, 0xc0, 0x00, 
	0x00, 0x00, 0x00, 0x00, 0x00, 0x00, 0x00, 0x00, 0x00, 0x00, 0x00, 0x00, 0x00, 0x00, 0x00, 0x00, 
	0x00, 0x00, 0x00, 0x00, 0x03, 0xfb, 0xff, 0xff, 0xff, 0xff, 0xff, 0xff, 0xbb, 0x77, 0xde, 0xfd, 
	0xff, 0xff, 0xe0, 0x00, 0x00, 0x21, 0xdf, 0xfb, 0xfb, 0x77, 0xff, 0xf0, 0x03, 0xff, 0xff, 0xf8, 
	0x40, 0x00, 0x00, 0x00, 0x00, 0x00, 0x00, 0x00, 0x00, 0x00, 0x00, 0x00, 0x00, 0x00, 0x00, 0x00, 
	0x00, 0x00, 0x00, 0x00, 0x00, 0x00, 0x02, 0xeb, 0xff, 0xf7, 0xff, 0xff, 0xff, 0xbf, 0xbf, 0xff, 
	0xff, 0xff, 0xf7, 0xf7, 0xc0, 0x00, 0x00, 0x11, 0xff, 0xff, 0xef, 0xff, 0xff, 0xe0, 0xf3, 0xff, 
	0xf7, 0xf8, 0x60, 0x00, 0x00, 0x00, 0x00, 0x00, 0x00, 0x00, 0x00, 0x00, 0x00, 0x00, 0x00, 0x00, 
	0x00, 0x00, 0x00, 0x00, 0x00, 0x00, 0x00, 0x00, 0x07, 0xdb, 0xff, 0xff, 0xff, 0xff, 0xff, 0xfe, 
	0xff, 0xff, 0xff, 0xfb, 0xff, 0xbf, 0xe0, 0x00, 0x00, 0x08, 0x7f, 0xfd, 0xbf, 0xff, 0x6f, 0x40, 
	0xfc, 0x3d, 0xff, 0xf8, 0x60, 0x00, 0x00, 0x00, 0x00, 0x00, 0x00, 0x00, 0x00, 0x04, 0x00, 0x00, 
	0x00, 0x00, 0x00, 0x00, 0x00, 0x00, 0x00, 0x00, 0x00, 0x00, 0x07, 0xb7, 0xff, 0xff, 0xff, 0xff, 
	0xff, 0xff, 0xff, 0xde, 0xf7, 0x7f, 0xdf, 0xff, 0xe0, 0x00, 0x00, 0x04, 0x7f, 0xff, 0xff, 0xdf, 
	0xff, 0x81, 0x39, 0x7f, 0xfe, 0xfc, 0x30, 0x00, 0x00, 0x00, 0x00, 0x00, 0x00, 0x00, 0x00, 0x00, 
	0x00, 0x00, 0x00, 0x00, 0x00, 0x00, 0x00, 0x00, 0x00, 0x00, 0x00, 0x00, 0x07, 0xb6, 0xff, 0xef, 
	0xff, 0xff, 0xff, 0xff, 0xdd, 0xff, 0xdf, 0xff, 0xfe, 0xff, 0xe0, 0x00, 0x00, 0x03, 0x3f, 0xfe, 
	0xff, 0x7d, 0xff, 0xc3, 0x1a, 0xbf, 0xff, 0xfc, 0x30, 0x00, 0x00, 0x00, 0x00, 0x00, 0x00, 0x00, 
	0x00, 0x00, 0x00, 0x00, 0x00, 0x00, 0x00, 0x00, 0x00, 0x00, 0x00, 0x00, 0x00, 0x00, 0x0f, 0x37, 
	0xff, 0xff, 0xff, 0xff, 0xff, 0xff, 0xff, 0xfb, 0xff, 0xff, 0x7f, 0xfd, 0xe0, 0x00, 0x00, 0x01, 
	0xcf, 0xff, 0xfd, 0xff, 0xff, 0x86, 0x47, 0x7f, 0xf7, 0xfc, 0x18, 0x00, 0x00, 0x00, 0x00, 0x00, 
	0x00, 0x00, 0x00, 0x00, 0x00, 0x00, 0x00, 0x00, 0x00, 0x00, 0x00, 0x00, 0x00, 0x00, 0x00, 0x00, 
	0x0f, 0x3d, 0xff, 0xff, 0xff, 0xff, 0xff, 0xff, 0x7f, 0xff, 0xfe, 0xdd, 0xff, 0xf7, 0xe0, 0x00, 
	0x00, 0x07, 0x85, 0xfe, 0xef, 0xff, 0xf7, 0x86, 0x13, 0x7b, 0x7f, 0xee, 0x1c, 0x00, 0x00, 0x00, 
	0x00, 0x00, 0x04, 0x00, 0x08, 0x00, 0x00, 0x08, 0x00, 0x00, 0x00, 0x00, 0x00, 0x00, 0x00, 0x00, 
	0x00, 0x00, 0x1e, 0x6f, 0xff, 0xff, 0xff, 0xff, 0xff, 0xff, 0xff, 0xbf, 0x7b, 0xff, 0xfb, 0xff, 
	0xe0, 0x00, 0x00, 0x1c, 0x63, 0x7f, 0xff, 0xfb, 0xbf, 0x8c, 0xa3, 0x3f, 0xff, 0xbe, 0x14, 0x00, 
	0x00, 0x00, 0x00, 0x00, 0x00, 0x01, 0x00, 0x00, 0x00, 0x00, 0x00, 0x00, 0x00, 0x00, 0x00, 0x00, 
	0x00, 0x00, 0x00, 0x00, 0x16, 0x6d, 0xff, 0xff, 0xff, 0xff, 0xff, 0xff, 0xff, 0xff, 0xff, 0xff, 
	0xff, 0xbf, 0xa0, 0x00, 0x00, 0x70, 0x21, 0xbf, 0x7f, 0xef, 0xff, 0x1c, 0x01, 0xdf, 0xfe, 0xff, 
	0x0e, 0x00, 0x00, 0x00, 0x00, 0x00, 0x00, 0x00, 0x00, 0x00, 0x00, 0x00, 0x00, 0x00, 0x00, 0x00, 
	0x00, 0x00, 0x00, 0x00, 0x00, 0x00, 0x1c, 0x7f, 0xff, 0xef, 0xff, 0xff, 0xff, 0xff, 0xfb, 0xf7, 
	0xef, 0xff, 0xdf, 0xff, 0xe0, 0x00, 0x00, 0xe0, 0x10, 0xdf, 0xfd, 0xff, 0xff, 0x9e, 0x80, 0x8d, 
	0xff, 0xff, 0x0a, 0x00, 0x00, 0x00, 0x00, 0x00, 0x00, 0x00, 0x00, 0x00, 0x00, 0x00, 0x00, 0x00, 
	0x00, 0x00, 0x00, 0x00, 0x00, 0x00, 0x00, 0x00, 0x3c, 0xdb, 0xff, 0xff, 0xff, 0xff, 0xff, 0xff, 
	0xef, 0xff, 0xbf, 0xfb, 0xff, 0xff, 0x60, 0x00, 0x03, 0x80, 0x0c, 0x3f, 0x6f, 0xff, 0xfb, 0x9e, 
	0x00, 0x8f, 0xff, 0xfb, 0x05, 0x00, 0x00, 0x00, 0x00, 0x10, 0x00, 0x00, 0x00, 0x00, 0x00, 0x00, 
	0x00, 0x80, 0x00, 0x00, 0x00, 0x00, 0x00, 0x00, 0x00, 0x00, 0x38, 0x5f, 0xff, 0xff, 0xff, 0xff, 
	0xff, 0xff, 0xff, 0xff, 0xff, 0x7f, 0xfd, 0xfb, 0xa0, 0x00, 0x0f, 0x00, 0x04, 0x3f, 0xff, 0xbe, 
	0xff, 0xb4, 0x00, 0x6f, 0xdf, 0xff, 0x85, 0x00, 0x00, 0x00, 0x00, 0x00, 0x00, 0x00, 0x00, 0x00, 
	0x00, 0x00, 0x00, 0x00, 0x00, 0x00, 0x00, 0x00, 0x00, 0x00, 0x00, 0x00, 0x38, 0xdb, 0xff, 0xff, 
	0xff, 0xff, 0xff, 0xff, 0x7f, 0xde, 0xff, 0xff, 0xbf, 0xff, 0xa0, 0x00, 0x3c, 0x00, 0x03, 0x0f, 
	0x7f, 0xfb, 0xdf, 0xb0, 0x00, 0x5f, 0xfe, 0xfb, 0x84, 0x80, 0x00, 0x00, 0x00, 0x00, 0x00, 0x00, 
	0x00, 0x00, 0x00, 0x00, 0x00, 0x00, 0x00, 0x00, 0x00, 0x00, 0x00, 0x00, 0x00, 0x00, 0x70, 0xff, 
	0xff, 0xff, 0xff, 0xff, 0xff, 0xff, 0xff, 0xff, 0xff, 0xfe, 0xff, 0xbf, 0xa0, 0x00, 0x70, 0x00, 
	0x00, 0xc7, 0xfd, 0xff, 0xfe, 0xb4, 0x00, 0x5f, 0x7f, 0xef, 0x82, 0xc0, 0x00, 0x00, 0x00, 0x00, 
	0x00, 0x00, 0x00, 0x00, 0x00, 0x00, 0x00, 0x00, 0x00, 0x00, 0x00, 0x00, 0x00, 0x00, 0x00, 0x01, 
	0x31, 0xb7, 0xff, 0xff, 0xff, 0xff, 0xff, 0xff, 0xff, 0xff, 0xfb, 0xef, 0xfe, 0xff, 0xb0, 0x01, 
	0xe0, 0x00, 0x00, 0x43, 0xf7, 0xff, 0xff, 0xff, 0x01, 0x1f, 0xff, 0xfd, 0xc2, 0x40, 0x00, 0x00, 
	0x04, 0x00, 0x00, 0x00, 0x00, 0x00, 0x00, 0x00, 0x00, 0x00, 0x00, 0x00, 0x00, 0x00, 0x00, 0x00, 
	0x00, 0x00, 0x60, 0xbf, 0xff, 0xff, 0xff, 0xff, 0xff, 0xff, 0xff, 0xfb, 0xff, 0xbf, 0xf7, 0xff, 
	0xa0, 0x07, 0xc0, 0x00, 0x00, 0x39, 0xdf, 0xdf, 0xfb, 0xff, 0x80, 0x1f, 0xff, 0xfe, 0xc3, 0x20, 
	0x00, 0x00, 0x00, 0x00, 0x00, 0x00, 0x00, 0x00, 0x00, 0x00, 0x00, 0x00, 0x00, 0x00, 0x00, 0x00, 
	0x00, 0x00, 0x00, 0x00, 0x61, 0xb7, 0xff, 0xff, 0xff, 0xff, 0xff, 0xff, 0xff, 0xff, 0xef, 0xff, 
	0xff, 0xfb, 0x20, 0x1f, 0x00, 0x00, 0x29, 0xff, 0xff, 0xfd, 0xdf, 0xfc, 0xc0, 0x1f, 0xee, 0xff, 
	0xe1, 0x20, 0x00, 0x00, 0x00, 0x00, 0x00, 0x00, 0x00, 0x00, 0x00, 0x00, 0x00, 0x00, 0x00, 0x00, 
	0x00, 0x00, 0x00, 0x00, 0x00, 0x00, 0xe1, 0x7f, 0xff, 0xff, 0xff, 0xff, 0xff, 0xfe, 0xff, 0xff, 
	0xff, 0xff, 0xbf, 0xff, 0xa0, 0x7e, 0x08, 0x02, 0x87, 0xff, 0xff, 0xff, 0xff, 0xfa, 0x40, 0x9f, 
	0xbf, 0xee, 0xe1, 0x30, 0x00, 0x00, 0x00, 0x00, 0x00, 0x00, 0x00, 0x00, 0x00, 0x00, 0x00, 0x00, 
	0x00, 0x00, 0x00, 0x00, 0x00, 0x00, 0x00, 0x00, 0xc3, 0x7f, 0xff, 0xff, 0xff, 0xff, 0xff, 0xff, 
	0xff, 0x7f, 0xff, 0xfe, 0xff, 0xff, 0x21, 0x78, 0x40, 0x18, 0x7f, 0xff, 0xff, 0x77, 0xff, 0xfd, 
	0x20, 0x3f, 0xff, 0xff, 0x61, 0x10, 0x00, 0x01, 0x00, 0x00, 0x00, 0x00, 0x00, 0x00, 0x00, 0x00, 
	0x00, 0x00, 0x00, 0x00, 0x00, 0x00, 0x00, 0x00, 0x00, 0x00, 0xc2, 0xef, 0xff, 0xff, 0xff, 0xdf, 
	0xff, 0xff, 0xff, 0xff, 0xff, 0x7b, 0xfe, 0xff, 0xa5, 0xf2, 0x00, 0xc3, 0xff, 0xff, 0xff, 0xff, 
	0xbf, 0x58, 0x20, 0x1f, 0xff, 0xff, 0xb1, 0x88, 0x00, 0x00, 0x00, 0x00, 0x00, 0x00, 0x00, 0x00, 
	0x00, 0x00, 0x00, 0x00, 0x00, 0x00, 0x00, 0x00, 0x00, 0x00, 0x00, 0x00, 0xc2, 0xff, 0xff, 0xff, 
	0xff, 0xff, 0xff, 0xff, 0xff, 0xff, 0xff, 0xff, 0xfb, 0xf7, 0x37, 0xc8, 0x82, 0x8f, 0xff, 0xcf, 
	0xfb, 0xff, 0xfd, 0xcd, 0x21, 0x3f, 0x7f, 0xff, 0xb0, 0x88, 0x00, 0x00, 0x00, 0x00, 0x00, 0x00, 
	0x00, 0x00, 0x00, 0x00, 0x00, 0x00, 0x00, 0x00, 0x00, 0x00, 0x00, 0x00, 0x00, 0x01, 0x82, 0xef, 
	0xff, 0xff, 0xff, 0xff, 0xff, 0xfb, 0xff, 0xff, 0xfd, 0xff, 0xff, 0xff, 0x7f, 0x90, 0x0c, 0x3f, 
	0xff, 0x8f, 0xdf, 0xfd, 0xff, 0xe4, 0x80, 0x3f, 0xfb, 0xdf, 0xd8, 0x84, 0x00, 0x00, 0x00, 0x00, 
	0x00, 0x00, 0x00, 0x00, 0x00, 0x00, 0x00, 0x00, 0x00, 0x00, 0x00, 0x00, 0x00, 0x00, 0x00, 0x01, 
	0x86, 0xff, 0xff, 0xff, 0xff, 0xff, 0xff, 0xff, 0xbf, 0xff, 0xf7, 0xff, 0xff, 0xff, 0xfe, 0x02, 
	0x31, 0xff, 0xff, 0x87, 0x7f, 0xb7, 0xf7, 0xe4, 0x20, 0x7f, 0xff, 0xfd, 0xe8, 0xc4, 0x00, 0x00, 
	0x00, 0x00, 0x00, 0x00, 0x00, 0x00, 0x00, 0x00, 0x00, 0x00, 0x00, 0x00, 0x00, 0x00, 0x00, 0x00, 
	0x00, 0x01, 0x85, 0xdf, 0xff, 0xff, 0xff, 0xff, 0xff, 0xff, 0xff, 0xff, 0xff, 0xf7, 0xdf, 0xff, 
	0xf0, 0x48, 0xc7, 0xff, 0xe7, 0x8e, 0x7f, 0xff, 0xff, 0xc6, 0xa2, 0x7f, 0xef, 0xff, 0xec, 0x42, 
	0x00, 0x00, 0x00, 0x00, 0x00, 0x00, 0x00, 0x00, 0x00, 0x00, 0x00, 0x00, 0x00, 0x00, 0x00, 0x00, 
	0x00, 0x00, 0x00, 0x01, 0x0d, 0xff, 0xff, 0xff, 0xff, 0xff, 0xff, 0xff, 0xfd, 0xff, 0xdf, 0xff, 
	0xff, 0x7b, 0xe0, 0x03, 0x9f, 0xff, 0xfb, 0x8f, 0x7f, 0xff, 0xdf, 0xe4, 0x40, 0xff, 0xbf, 0xff, 
	0xf4, 0xc2, 0x00, 0x00, 0x00, 0x00, 0x00, 0x00, 0x00, 0x00, 0x00, 0x00, 0x00, 0x00, 0x00, 0x00, 
	0x00, 0x00, 0x00, 0x00, 0x00, 0x0b, 0x09, 0xff, 0xff, 0xff, 0xbf, 0xff, 0xff, 0xf7, 0xff, 0xff, 
	0xff, 0xff, 0x7d, 0xff, 0x60, 0x26, 0x7f, 0xfb, 0xca, 0x8c, 0x7d, 0xff, 0x7f, 0xed, 0x40, 0xff, 
	0xff, 0xff, 0xf6, 0x41, 0x00, 0x00, 0x00, 0x00, 0x00, 0x00, 0x00, 0x00, 0x00, 0x00, 0x00, 0x00, 
	0x00, 0x00, 0x00, 0x00, 0x00, 0x00, 0x00, 0x01, 0x0b, 0xdf, 0xff, 0xff, 0xff, 0xff, 0xff, 0x7f, 
	0x7f, 0xff, 0xff, 0xbf, 0xff, 0xff, 0x60, 0x0c, 0xff, 0xff, 0xe3, 0x88, 0x7f, 0xdd, 0xff, 0xec, 
	0x89, 0xff, 0xff, 0xdf, 0xfb, 0x41, 0x00, 0x00, 0x00, 0x00, 0x00, 0x00, 0x00, 0x00, 0x00, 0x00, 
	0x00, 0x00, 0x00, 0x00, 0x00, 0x00, 0x00, 0x00, 0x00, 0x03, 0x1b, 0x7f, 0xff, 0xfb, 0xff, 0xef, 
	0xff, 0xff, 0xff, 0xf7, 0xff, 0xff, 0xff, 0xfe, 0x40, 0x51, 0xff, 0xd5, 0x11, 0x00, 0x7f, 0xff, 
	0xff, 0x7f, 0x01, 0xff, 0xfd, 0xff, 0xbb, 0x61, 0x80, 0x00, 0x00, 0x00, 0x00, 0x00, 0x00, 0x00, 
	0x00, 0x00, 0x00, 0x00, 0x00, 0x00, 0x00, 0x00, 0x00, 0x00, 0x00, 0x02, 0x13, 0x7f, 0xff, 0xff, 
	0xff, 0xff, 0xff, 0xff, 0xff, 0xff, 0xbd, 0xfd, 0xff, 0xfe, 0xe0, 0x07, 0xf9, 0xe2, 0x42, 0x60, 
	0x3f, 0xff, 0xff, 0xfe, 0x23, 0xff, 0xff, 0xff, 0xfd, 0x40, 0x80, 0x00, 0x00, 0x00, 0x00, 0x00, 
	0x00, 0x00, 0x00, 0x00, 0x00, 0x00, 0x00, 0x00, 0x00, 0x00, 0x00, 0x00, 0x00, 0x02, 0x17, 0x7f, 
	0xff, 0xff, 0xff, 0xff, 0xff, 0xff, 0xff, 0xff, 0xff, 0xff, 0xef, 0xfa, 0xc0, 0x25, 0xe0, 0xc0, 
	0x02, 0xc1, 0x7e, 0xf7, 0xf7, 0xf8, 0x03, 0xff, 0xef, 0xfb, 0xfd, 0xe0, 0x40, 0x00, 0x00, 0x00, 
	0x00, 0x00, 0x00, 0x00, 0x00, 0x00, 0x00, 0x00, 0x00, 0x00, 0x00, 0x00, 0x00, 0x00, 0x00, 0x06, 
	0x36, 0xdf, 0xff, 0x7f, 0xfb, 0xff, 0xff, 0xff, 0xfd, 0xff, 0xff, 0xef, 0xff, 0xfe, 0xc0, 0x09, 
	0xc0, 0x70, 0x07, 0x00, 0x37, 0xff, 0xbf, 0xf1, 0x87, 0xff, 0xff, 0xff, 0xfe, 0xe0, 0x40, 0x00, 
	0x00, 0x00, 0x00, 0x00, 0x00, 0x00, 0x00, 0x00, 0x00, 0x00, 0x00, 0x00, 0x00, 0x00, 0x00, 0x00, 
	0x00, 0x02, 0x2e, 0x7f, 0xff, 0xff, 0xff, 0xff, 0xff, 0xfd, 0xff, 0xff, 0xf7, 0xff, 0xfe, 0xfe, 
	0xc0, 0x13, 0x00, 0x1d, 0x3c, 0x00, 0x3f, 0xff, 0xff, 0xf3, 0x0f, 0xff, 0xff, 0xff, 0xff, 0x60, 
	0x60, 0x00, 0x00, 0x00, 0x00, 0x00, 0x00, 0x00, 0x00, 0x00, 0x00, 0x00, 0x00, 0x00, 0x00, 0x00, 
	0x00, 0x00, 0x00, 0x06, 0x3c, 0xff, 0xff, 0xff, 0xff, 0xf7, 0xff, 0xff, 0xbf, 0xfe, 0xff, 0xbf, 
	0xbf, 0xfd, 0x80, 0x02, 0x00, 0x07, 0xc0, 0x00, 0x3f, 0xdd, 0xff, 0xb0, 0x8f, 0xff, 0xfd, 0xef, 
	0xff, 0x60, 0x20, 0x00, 0x00, 0x00, 0x00, 0x00, 0x00, 0x00, 0x00, 0x00, 0x00, 0x00, 0x00, 0x00, 
	0x00, 0x00, 0x00, 0x00, 0x00, 0x04, 0x2c, 0xff, 0xff, 0xff, 0xff, 0xdf, 0xff, 0xef, 0xff, 0xfb, 
	0xff, 0xff, 0xff, 0xf5, 0x80, 0x04, 0x00, 0x18, 0x00, 0x00, 0x7f, 0xff, 0xff, 0xf2, 0xbf, 0xff, 
	0xf7, 0xff, 0xff, 0xb0, 0x20, 0x00, 0x00, 0x00, 0x00, 0x00, 0x00, 0x00, 0x00, 0x00, 0x20, 0x00, 
	0x00, 0x00, 0x00, 0x00, 0x00, 0x00, 0x00, 0x06, 0x7c, 0xff, 0xff, 0xff, 0xee, 0xff, 0xff, 0xff, 
	0xff, 0xff, 0xff, 0xff, 0xff, 0xfd, 0x80, 0x08, 0x00, 0x40, 0x00, 0x00, 0x3f, 0xff, 0xdb, 0xf1, 
	0x5f, 0xff, 0xff, 0xfe, 0xff, 0xd0, 0x30, 0x00, 0x00, 0x00, 0x00, 0x00, 0x00, 0x00, 0x00, 0x00, 
	0x00, 0x00, 0x00, 0x00, 0x00, 0x00, 0x00, 0x00, 0x00, 0x04, 0x78, 0xff, 0xff, 0xff, 0xff, 0xff, 
	0xff, 0xff, 0xfe, 0xff, 0xfd, 0xff, 0xfe, 0xff, 0x80, 0x00, 0x00, 0x00, 0x00, 0x00, 0x3f, 0xbf, 
	0x7f, 0xf5, 0x7f, 0xff, 0xff, 0xff, 0xff, 0xf8, 0x10, 0x00, 0x00, 0x00, 0x00, 0x00, 0x00, 0x00, 
	0x00, 0x00, 0x00, 0x00, 0x00, 0x00, 0x00, 0x00, 0x00, 0x00, 0x00, 0x06, 0x78, 0xff, 0xff, 0xbf, 
	0xff, 0xff, 0xff, 0xff, 0xff, 0xff, 0xff, 0xff, 0xff, 0xdb, 0x00, 0x00, 0x00, 0x00, 0x00, 0x00, 
	0x3f, 0xfb, 0xff, 0xf6, 0xff, 0xff, 0xff, 0xbb, 0xff, 0xec, 0x10, 0x00, 0x00, 0x00, 0x00, 0x00, 
	0x00, 0x00, 0x00, 0x00, 0x00, 0x00, 0x00, 0x00, 0x00, 0x00, 0x00, 0x00, 0x00, 0x04, 0xf0, 0xff, 
	0xff, 0xff, 0xff, 0xff, 0xff, 0xfe, 0xf7, 0xff, 0xef, 0xff, 0x7e, 0xfe, 0x80, 0x00, 0x00, 0x00, 
	0x00, 0x00, 0x7f, 0xff, 0xff, 0xdb, 0x3f, 0xff, 0xfe, 0xff, 0xff, 0xfc, 0x18, 0x00, 0x00, 0x00, 
	0x00, 0x00, 0x00, 0x00, 0x00, 0x00, 0x00, 0x00, 0x00, 0x00, 0x00, 0x00, 0x00, 0x00, 0x00, 0x06, 
	0xf0, 0xff, 0xff, 0xff, 0xf7, 0xfb, 0xff, 0xef, 0xff, 0xfb, 0xbf, 0xff, 0xfe, 0xfe, 0x00, 0x00, 
	0x00, 0x00, 0x00, 0x00, 0x3f, 0xff, 0xff, 0xfd, 0x7f, 0xff, 0xfb, 0xff, 0xff, 0x76, 0x08, 0x00, 
	0x00, 0x00, 0x00, 0x00, 0x00, 0x00, 0x00, 0x00, 0x00, 0x00, 0x00, 0x00, 0x00, 0x00, 0x00, 0x00, 
	0x00, 0x04, 0xf0, 0xff, 0xff, 0xff, 0xff, 0x7f, 0xff, 0xff, 0xff, 0xff, 0xff, 0xef, 0xfd, 0xfd, 
	0x00, 0x00, 0x00, 0x00, 0x00, 0x00, 0x7f, 0x7f, 0xdb, 0xfd, 0x5f, 0xff, 0xff, 0xff, 0xbf, 0xff, 
	0x08, 0x00, 0x00, 0x00, 0x00, 0x00, 0x00, 0x00, 0x00, 0x00, 0x00, 0x00, 0x00, 0x00, 0x00, 0x00, 
	0x00, 0x00, 0x00, 0x06, 0xe0, 0xff, 0xf7, 0xff, 0xff, 0xff, 0xff, 0xff, 0xff, 0xff, 0xff, 0xff, 
	0xfd, 0xf4, 0x00, 0x00, 0x00, 0x00, 0x00, 0x00, 0x3f, 0xf6, 0xff, 0xff, 0x5f, 0xf7, 0xbf, 0xff, 
	0xff, 0xff, 0x0c, 0x00, 0x00, 0x00, 0x00, 0x00, 0x00, 0x00, 0x00, 0x00, 0x00, 0x00, 0x00, 0x00, 
	0x00, 0x00, 0x00, 0x00, 0x00, 0x03, 0xe0, 0xff, 0xff, 0xdf, 0xff, 0xfe, 0xff, 0xff, 0xff, 0xff, 
	0xff, 0xff, 0xf9, 0xfd, 0x00, 0x00, 0x00, 0x00, 0x00, 0x00, 0x7f, 0xff, 0xff, 0xdf, 0xbf, 0xff, 
	0xff, 0xff, 0xff, 0xfd, 0x8c, 0x00, 0x00, 0x00, 0x00, 0x00, 0x00, 0x00, 0x00, 0x00, 0x00, 0x00, 
	0x00, 0x00, 0x00, 0x00, 0x00, 0x00, 0x00, 0x07, 0xc0, 0xff, 0xff, 0xff, 0xfd, 0xef, 0xff, 0xff, 
	0xff, 0xff, 0x7f, 0xff, 0xfb, 0xf8, 0x00, 0x00, 0x00, 0x00, 0x00, 0x00, 0x7f, 0xff, 0xff, 0xff, 
	0xff, 0xff, 0xff, 0xde, 0xf7, 0xff, 0xc4, 0x00, 0x00, 0x00, 0x00, 0x00, 0x00, 0x00, 0x00, 0x00, 
	0x00, 0x00, 0x00, 0x00, 0x00, 0x00, 0x00, 0x00, 0x00, 0x03, 0xc0, 0xff, 0xff, 0xff, 0xff, 0xff, 
	0xff, 0xff, 0xff, 0xff, 0xff, 0xff, 0xf9, 0xf2, 0x00, 0x00, 0x00, 0x00, 0x00, 0x00, 0x7b, 0xff, 
	0xee, 0xff, 0xff, 0xff, 0xff, 0x7f, 0xff, 0xdf, 0xe4, 0x00, 0x00, 0x00, 0x00, 0x00, 0x00, 0x00, 
	0x00, 0x00, 0x00, 0x00, 0x00, 0x00, 0x00, 0x00, 0x00, 0x00, 0x00, 0x03, 0x80, 0xff, 0x7f, 0xff, 
	0xff, 0xff, 0xff, 0xff, 0xff, 0xff, 0xff, 0xff, 0xf3, 0xe4, 0x00, 0x00, 0x00, 0x00, 0x00, 0x00, 
	0x7b, 0xb7, 0xbf, 0xff, 0xff, 0xff, 0xff, 0xff, 0xff, 0xdf, 0xa6, 0x00, 0x00, 0x00, 0x00, 0x00, 
	0x00, 0x00, 0x00, 0x00, 0x00, 0x00, 0x00, 0x00, 0x00, 0x00, 0x00, 0x00, 0x00, 0x03, 0x80, 0xff, 
	0x77, 0xff, 0xff, 0xff, 0x7f, 0xff, 0xff, 0xff, 0xff, 0xdf, 0xb3, 0xe0, 0x00, 0x00, 0x00, 0x00, 
	0x00, 0x00, 0xf3, 0xff, 0xff, 0xff, 0xff, 0xf7, 0xff, 0xff, 0xdf, 0xef, 0xf6, 0x00, 0x00, 0x00, 
	0x00, 0x00, 0x00, 0x00, 0x00, 0x00, 0x00, 0x00, 0x00, 0x00, 0x00, 0x00, 0x00, 0x00, 0x00, 0x03, 
	0x80, 0xff, 0x7f, 0xff, 0xff, 0xdf, 0xff, 0xff, 0xff, 0xff, 0xff, 0xff, 0xe7, 0xc8, 0x00, 0x00, 
	0x00, 0x00, 0x00, 0x00, 0x79, 0xff, 0xff, 0xff, 0xff, 0xff, 0xff, 0xf7, 0xfd, 0xe7, 0xfe, 0x00, 
	0x00, 0x00, 0x00, 0x00, 0x00, 0x00, 0x00, 0x00, 0x00, 0x00, 0x00, 0x00, 0x00, 0x00, 0x00, 0x00, 
	0x00, 0x07, 0x80, 0xff, 0x7f, 0xff, 0xff, 0xfd, 0xef, 0xff, 0xff, 0xff, 0xff, 0x7f, 0xe7, 0x80, 
	0x00, 0x00, 0x00, 0x00, 0x00, 0x00, 0xe1, 0xfd, 0xfb, 0xff, 0xfd, 0xff, 0xff, 0xdf, 0xff, 0xf3, 
	0xfe, 0x00, 0x00, 0x00, 0x00, 0x00, 0x00, 0x00, 0x00, 0x00, 0x00, 0x00, 0x00, 0x00, 0x00, 0x00, 
	0x00, 0x00, 0x00, 0x07, 0x00, 0xff, 0x3f, 0xfd, 0xff, 0xff, 0xff, 0xff, 0xfe, 0xff, 0xff, 0xff, 
	0xef, 0x20, 0x00, 0x00, 0x00, 0x00, 0x00, 0x00, 0xd1, 0xff, 0xef, 0xdf, 0xff, 0xfb, 0xbf, 0xff, 
	0xff, 0xf3, 0xfe, 0x00, 0x00, 0x00, 0x00, 0x00, 0x00, 0x40, 0x00, 0x00, 0x00, 0x00, 0x00, 0x00, 
	0x00, 0x00, 0x00, 0x00, 0x00, 0x07, 0x00, 0xff, 0x7f, 0xff, 0xff, 0xff, 0xff, 0xff, 0xdf, 0xeb, 
	0xfb, 0xfe, 0xff, 0x00, 0x00, 0x00, 0x00, 0x00, 0x00, 0x01, 0xe1, 0xf7, 0xff, 0xff, 0xff, 0xff, 
	0xff, 0xff, 0xf7, 0xf9, 0xef, 0x00, 0x00, 0x00, 0x00, 0x00, 0x00, 0x00, 0x00, 0x01, 0x00, 0x00, 
	0x00, 0x00, 0x00, 0x00, 0x00, 0x00, 0x00, 0x07, 0x00, 0xff, 0x3f, 0xff, 0xff, 0xff, 0xff, 0xff, 
	0xff, 0xff, 0xff, 0xff, 0xde, 0x00, 0x00, 0x00, 0x00, 0x00, 0x00, 0x01, 0xa1, 0xff, 0xff, 0xff, 
	0xff, 0xff, 0xff, 0xfd, 0xff, 0x78, 0xfe, 0x00, 0x00, 0x00, 0x00, 0x00, 0x00, 0x00, 0x00, 0x00, 
	0x00, 0x00, 0x00, 0x00, 0x00, 0x00, 0x00, 0x00, 0x00, 0x0f, 0x80, 0xfe, 0xbf, 0xff, 0xff, 0xff, 
	0xff, 0xff, 0xff, 0xff, 0xff, 0xff, 0xbf, 0x40, 0x00, 0x00, 0x00, 0x00, 0x00, 0x01, 0x81, 0xff, 
	0xfe, 0xff, 0xff, 0xf7, 0xff, 0xb7, 0xff, 0xfc, 0xff, 0x80, 0x00, 0x00, 0x00, 0x00, 0x00, 0x00, 
	0x00, 0x00, 0x00, 0x00, 0x00, 0x00, 0x00, 0x00, 0x00, 0x00, 0x00, 0x0e, 0x80, 0x7e, 0x9f, 0xff, 
	0xff, 0xff, 0xfb, 0xff, 0xdf, 0xff, 0xff, 0xfb, 0x38, 0x00, 0x00, 0x00, 0x00, 0x00, 0x00, 0x03, 
	0x81, 0xff, 0xdb, 0xff, 0xff, 0xff, 0xff, 0xff, 0xfd, 0xfc, 0x9f, 0x80, 0x00, 0x00, 0x00, 0x00, 
	0x00, 0x00, 0x00, 0x00, 0x00, 0x00, 0x00, 0x00, 0x00, 0x00, 0x00, 0x00, 0x00, 0x0e, 0x80, 0xfe, 
	0xbf, 0xff, 0xff, 0xff, 0xff, 0xff, 0xfe, 0xdf, 0xdf, 0xfe, 0x30, 0x00, 0x00, 0x00, 0x00, 0x00, 
	0x00, 0x03, 0x01, 0xdd, 0xff, 0xff, 0xfd, 0xff, 0xbf, 0xff, 0xef, 0xfe, 0x5f, 0xc0, 0x00, 0x00, 
	0x00, 0x00, 0x00, 0x00, 0x00, 0x00, 0x00, 0x00, 0x00, 0x00, 0x00, 0x00, 0x00, 0x00, 0x00, 0x0c, 
	0x40, 0x7c, 0x9f, 0xff, 0xff, 0xff, 0xff, 0xf7, 0xfb, 0xff, 0xff, 0xfc, 0x70, 0x00, 0x00, 0x00, 
	0x00, 0x00, 0x00, 0x06, 0x01, 0xff, 0xff, 0xef, 0xff, 0xfb, 0xff, 0xff, 0xff, 0xde, 0x4d, 0xe0, 
	0x00, 0x00, 0x00, 0x00, 0x00, 0x00, 0x00, 0x00, 0x00, 0x00, 0x00, 0x00, 0x00, 0x00, 0x00, 0x00, 
	0x00, 0x1c, 0x40, 0xfe, 0xdf, 0xff, 0xff, 0xbf, 0xff, 0x7f, 0xff, 0xff, 0xff, 0xf8, 0xe0, 0x00, 
	0x00, 0x00, 0x00, 0x00, 0x00, 0x0d, 0x01, 0xff, 0xff, 0xff, 0xff, 0xef, 0xff, 0xfd, 0xbf, 0xff, 
	0x27, 0xf0, 0x00, 0x00, 0x00, 0x00, 0x00, 0x00, 0x00, 0x40, 0x00, 0x00, 0x00, 0x00, 0x00, 0x00, 
	0x00, 0x00, 0x00, 0x0c, 0x60, 0x7c, 0x5d, 0xff, 0xfe, 0xfe, 0x7f, 0xff, 0xff, 0xff, 0xdf, 0xe3, 
	0x42, 0x00, 0x00, 0x00, 0x00, 0x00, 0x00, 0x10, 0x01, 0xff, 0xf7, 0x7f, 0xff, 0xff, 0xff, 0xf7, 
	0xff, 0x7b, 0x27, 0xd0, 0x00, 0x00, 0x00, 0x00, 0x00, 0x00, 0x00, 0x00, 0x00, 0x00, 0x00, 0x00, 
	0x00, 0x00, 0x00, 0x00, 0x00, 0x1c, 0x20, 0x7e, 0x5f, 0xff, 0xff, 0xfb, 0xbf, 0xff, 0xeb, 0xff, 
	0x3f, 0xe4, 0x80, 0x00, 0x00, 0x00, 0x00, 0x00, 0x00, 0x12, 0x01, 0xb7, 0xff, 0xff, 0xff, 0xff, 
	0xff, 0xff, 0xff, 0xff, 0xb3, 0xf8, 0x00, 0x00, 0x00, 0x00, 0x00, 0x00, 0x00, 0x00, 0x00, 0x00, 
	0x00, 0x00, 0x00, 0x00, 0x00, 0x00, 0x00, 0x1c, 0x10, 0x7c, 0x3f, 0xff, 0xff, 0xfd, 0xfb, 0xff, 
	0xfd, 0xff, 0x7f, 0x81, 0x01, 0x00, 0x00, 0x00, 0x00, 0x00, 0x00, 0x40, 0x03, 0x7f, 0xff, 0xff, 
	0xff, 0xfb, 0xff, 0xff, 0xff, 0xff, 0x96, 0xfc, 0x00, 0x00, 0x00, 0x00, 0x00, 0x00, 0x00, 0x00, 
	0x00, 0x00, 0x00, 0x00, 0x00, 0x00, 0x00, 0x00, 0x00, 0x0c, 0x10, 0x7e, 0x3f, 0xff, 0xff, 0xeb, 
	0xff, 0xff, 0xf7, 0xf8, 0xfe, 0x84, 0x00, 0x00, 0x00, 0x00, 0x00, 0x00, 0x00, 0x00, 0x03, 0x7f, 
	0xef, 0xef, 0xff, 0xef, 0xbf, 0xff, 0xbd, 0xee, 0xcf, 0x7e, 0x00, 0x00, 0x00, 0x00, 0x08, 0x00, 
	0x00, 0x00, 0x00, 0x00, 0x00, 0x00, 0x00, 0x00, 0x00, 0x00, 0x00, 0x1c, 0x08, 0x3c, 0x1e, 0xff, 
	0xf7, 0xbf, 0xff, 0xbf, 0xf7, 0xfc, 0xfe, 0xe8, 0x00, 0x80, 0x00, 0x00, 0x00, 0x00, 0x00, 0x00, 
	0x03, 0x7f, 0xfe, 0xff, 0xff, 0x7f, 0xff, 0xfe, 0xff, 0xff, 0xee, 0x1f, 0x00, 0x00, 0x00, 0x00, 
	0x00, 0x00, 0x00, 0x00, 0x00, 0x00, 0x00, 0x00, 0x00, 0x00, 0x00, 0x00, 0x00, 0x1c, 0x0c, 0x7c, 
	0x3f, 0xff, 0xff, 0xf5, 0xff, 0xff, 0xff, 0xff, 0xfd, 0xa0, 0x02, 0x00, 0x00, 0x00, 0x00, 0x00, 
	0x00, 0x00, 0x03, 0x3f, 0xff, 0xff, 0xff, 0xfd, 0xff, 0xff, 0xff, 0xff, 0x67, 0x1f, 0x80, 0x00, 
	0x00, 0x00, 0x00, 0x00, 0x00, 0x00, 0x00, 0x00, 0x00, 0x00, 0x00, 0x00, 0x00, 0x00, 0x00, 0x18, 
	0x06, 0x3e, 0x3f, 0xff, 0xff, 0x7f, 0xfd, 0xff, 0xff, 0xcf, 0xda, 0x00, 0x00, 0x00, 0x00, 0x00, 
	0x00, 0x00, 0x00, 0x00, 0x06, 0x7f, 0xf7, 0xff, 0xff, 0xf7, 0xff, 0xff, 0xf7, 0xf7, 0xb6, 0x07, 
	0xc0, 0x00, 0x00, 0x00, 0x00, 0x00, 0x00, 0x00, 0x00, 0x00, 0x00, 0x00, 0x00, 0x00, 0x00, 0x00, 
	0x00, 0x0c, 0x02, 0x3c, 0x7f, 0xff, 0xef, 0xd5, 0xff, 0xff, 0xfe, 0x77, 0xb0, 0x00, 0x00, 0xa0, 
	0x00, 0x00, 0x00, 0x00, 0x00, 0x00, 0x04, 0xbf, 0xdf, 0xbf, 0xff, 0xff, 0xff, 0xff, 0xdf, 0xbf, 
	0xff, 0x07, 0xe0, 0x08, 0x00, 0x00, 0x00, 0x00, 0x00, 0x00, 0x00, 0x00, 0x00, 0x00, 0x00, 0x00, 
	0x00, 0x00, 0x00, 0x1c, 0x01, 0xbe, 0x7f, 0xff, 0xff, 0x7f, 0xff, 0xff, 0xbf, 0x05, 0xe0, 0x00, 
	0x02, 0x20, 0x00, 0x00, 0x00, 0x00, 0x00, 0x00, 0x04, 0xff, 0xff, 0xff, 0xff, 0xfb, 0xff, 0xfd, 
	0xff, 0xff, 0x5e, 0x01, 0xf0, 0x00, 0x00, 0x00, 0x00, 0x00, 0x00, 0x00, 0x00, 0x00, 0x00, 0x00, 
	0x00, 0x00, 0x00, 0x00, 0x00, 0x0c, 0x00, 0xfe, 0x7f, 0xfe, 0xff, 0xef, 0xff, 0xef, 0xff, 0xc0, 
	0xd8, 0x40, 0x00, 0x30, 0x00, 0x00, 0x00, 0x00, 0x00, 0x00, 0x0c, 0xff, 0xfe, 0xff, 0xff, 0xef, 
	0xff, 0xff, 0xff, 0xff, 0xef, 0x00, 0xfe, 0xb0, 0x00, 0x00, 0x00, 0x00, 0x00, 0x00, 0x00, 0x00, 
	0x00, 0x00, 0x00, 0x00, 0x00, 0x00, 0x00, 0x0c, 0x00, 0x3e, 0x7f, 0xff, 0xef, 0xbb, 0xff, 0xff, 
	0xff, 0xf2, 0x85, 0x00, 0x00, 0x88, 0x00, 0x00, 0x00, 0x00, 0x00, 0x00, 0x09, 0xff, 0xff, 0xef, 
	0xff, 0xff, 0xff, 0xff, 0xfd, 0xff, 0xff, 0x80, 0x79, 0x00, 0x00, 0x00, 0x00, 0x00, 0x00, 0x00, 
	0x00, 0x00, 0x00, 0x00, 0x00, 0x00, 0x00, 0x00, 0x00, 0x0c, 0x00, 0x1e, 0xff, 0xff, 0xfe, 0xef, 
	0xff, 0xff, 0xff, 0xfe, 0x00, 0x00, 0x00, 0x08, 0x00, 0x00, 0x00, 0x00, 0x00, 0x00, 0x11, 0xff, 
	0xf7, 0xff, 0xff, 0xfd, 0xff, 0xff, 0xef, 0xfe, 0xf7, 0xc0, 0x3c, 0x00, 0x00, 0x10, 0x00, 0x00, 
	0x00, 0x00, 0x00, 0x00, 0x00, 0x00, 0x00, 0x00, 0x00, 0x00, 0x00, 0x0e, 0x00, 0x1f, 0xff, 0xff, 
	0xfb, 0xfa, 0xff, 0xfd, 0xff, 0x9c, 0x00, 0x00, 0x00, 0x00, 0x00, 0x00, 0x00, 0x00, 0x00, 0x00, 
	0x23, 0xdf, 0xff, 0xff, 0xff, 0xf7, 0xff, 0xff, 0xff, 0xff, 0xff, 0x60, 0x1f, 0x00, 0x00, 0x00, 
	0x00, 0x00, 0x00, 0x00, 0x00, 0x00, 0x00, 0x00, 0x00, 0x00, 0x00, 0x00, 0x00, 0x06, 0x00, 0x1f, 
	0xff, 0xff, 0xff, 0xaf, 0xff, 0xff, 0xff, 0xe3, 0x00, 0x00, 0x00, 0x00, 0x00, 0x00, 0x00, 0x00, 
	0x00, 0x00, 0x47, 0x9f, 0xde, 0xff, 0xff, 0xff, 0xff, 0xff, 0xbf, 0xff, 0xeb, 0x20, 0x0f, 0x80, 
	0x00, 0x00, 0x00, 0x00, 0x00, 0x00, 0x00, 0x00, 0x00, 0x00, 0x00, 0x00, 0x00, 0x00, 0x00, 0x06, 
	0x00, 0x0f, 0xff, 0xff, 0xf7, 0xff, 0xff, 0xff, 0xff, 0xf5, 0xc0, 0x00, 0x00, 0x00, 0x00, 0x00, 
	0x00, 0x00, 0x00, 0x00, 0x07, 0xdf, 0xff, 0xef, 0xff, 0xfd, 0xff, 0xff, 0xfd, 0xff, 0xff, 0x98, 
	0x07, 0xc0, 0x00, 0x00, 0x00, 0x00, 0x00, 0x00, 0x00, 0x00, 0x00, 0x00, 0x00, 0x00, 0x00, 0x00, 
	0x00, 0x06, 0x00, 0x0f, 0xff, 0xff, 0xff, 0x6b, 0xff, 0xff, 0xff, 0xfa, 0x28, 0x00, 0x00, 0x00, 
	0x00, 0x00, 0x00, 0x00, 0x00, 0x00, 0x0e, 0x5f, 0xff, 0xff, 0xff, 0xef, 0xff, 0xff, 0xff, 0xbf, 
	0xfb, 0xc8, 0x07, 0xe0, 0x00, 0x00, 0x00, 0x00, 0x00, 0x00, 0x00, 0x00, 0x00, 0x00, 0x00, 0x00, 
	0x00, 0x00, 0x00, 0x03, 0x00, 0x0f, 0xff, 0xff, 0xdb, 0xfe, 0xff, 0xfe, 0xff, 0xfc, 0x00, 0x00, 
	0x00, 0x00, 0x00, 0x00, 0x00, 0x00, 0x00, 0x00, 0x1e, 0x9f, 0xf7, 0x7f, 0xff, 0xff, 0xff, 0xff, 
	0xff, 0xff, 0xfe, 0xec, 0x03, 0xf8, 0x00, 0x00, 0x00, 0x00, 0x00, 0x00, 0x00, 0x00, 0x00, 0x00, 
	0x00, 0x00, 0x00, 0x00, 0x00, 0x03, 0x00, 0x0f, 0xfb, 0xff, 0xff, 0xaf, 0xff, 0xff, 0xff, 0xfe, 
	0x00, 0x00, 0x00, 0x00, 0x00, 0x00, 0x00, 0x00, 0x00, 0x00, 0x3c, 0xcf, 0xff, 0xff, 0xff, 0xfe, 
	0xff, 0xff, 0xfd, 0xff, 0xff, 0xe6, 0x01, 0xfc, 0x00, 0x00, 0x00, 0x00, 0x00, 0x00, 0x00, 0x00, 
	0x00, 0x00, 0x00, 0x00, 0x00, 0x00, 0x00, 0x01, 0x80, 0x07, 0x7f, 0xff, 0xff, 0xfb, 0xbd, 0xff, 
	0xff, 0xff, 0xa8, 0x00, 0x00, 0x00, 0x00, 0x00, 0x00, 0x00, 0x00, 0x00, 0x7a, 0x9f, 0xff, 0xff, 
	0xff, 0xfb, 0xff, 0xff, 0xf7, 0xff, 0xdd, 0x73, 0x00, 0xfe, 0x00, 0x00, 0x00, 0x00, 0x00, 0x00, 
	0x00, 0x00, 0x00, 0x00, 0x00, 0x00, 0x00, 0x00, 0x00, 0x01, 0x80, 0x0f, 0xff, 0xff, 0xf7, 0x6f, 
	0xf7, 0xb7, 0xff, 0xfe, 0x00, 0x00, 0x00, 0x00, 0x00, 0x00, 0x00, 0x00, 0x00, 0x00, 0xf8, 0x9f, 
	0xdd, 0xbf, 0xff, 0xff, 0xff, 0xff, 0xff, 0xdf, 0xff, 0xf9, 0x80, 0xff, 0x80, 0x00, 0x00, 0x00, 
	0x00, 0x00, 0x00, 0x00, 0x00, 0x00, 0x00, 0x00, 0x00, 0x00, 0x00, 0x01, 0xc0, 0x1f, 0xff, 0xff, 
	0xff, 0xf7, 0xff, 0xff, 0xbb, 0xff, 0x80, 0x00, 0x00, 0x00, 0x00, 0x01, 0x56, 0x00, 0x00, 0x01, 
	0xf2, 0x9f, 0xff, 0xff, 0xff, 0xff, 0xff, 0xff, 0xff, 0xff, 0xff, 0xbc, 0x80, 0x7f, 0xc0, 0x00, 
	0x00, 0x00, 0x00, 0x00, 0x00, 0x00, 0x00, 0x00, 0x00, 0x00, 0x00, 0x00, 0x00, 0x00, 0xc0, 0x1f, 
	0xff, 0xff, 0xfb, 0x5e, 0xbd, 0xda, 0xef, 0x7f, 0xe0, 0x00, 0x00, 0x00, 0x00, 0x2e, 0xaa, 0x00, 
	0x00, 0x03, 0xe8, 0x9f, 0xff, 0xff, 0xff, 0xf7, 0xff, 0xff, 0xff, 0xff, 0xff, 0xf6, 0x60, 0x3f, 
	0xf0, 0x00, 0x00, 0x00, 0x00, 0x00, 0x00, 0x00, 0x00, 0x00, 0x00, 0x00, 0x00, 0x00, 0x00, 0x00, 
	0x60, 0x1f, 0xff, 0xff, 0xff, 0xff, 0xef, 0x7f, 0xff, 0xdb, 0xfc, 0x00, 0x00, 0x00, 0x15, 0x40, 
	0x00, 0x00, 0x00, 0x07, 0xe2, 0x9f, 0xee, 0xff, 0xff, 0xff, 0xff, 0xff, 0xff, 0xdb, 0xff, 0xda, 
	0x20, 0x3b, 0xb8, 0x00, 0x00, 0x00, 0x00, 0x00, 0x00, 0x00, 0x00, 0x00, 0x00, 0x00, 0x00, 0x00, 
	0x00, 0x00, 0x30, 0x3b, 0xff, 0xff, 0xf7, 0x6d, 0xbb, 0xef, 0x76, 0xff, 0x7f, 0x80, 0x00, 0x00, 
	0x74, 0x00, 0x00, 0x00, 0x00, 0x0f, 0xc8, 0xbe, 0xff, 0xef, 0xff, 0xff, 0xbf, 0xff, 0xff, 0xff, 
	0xff, 0xfd, 0x98, 0x1f, 0xce, 0x00, 0x00, 0x00, 0x00, 0x00, 0x00, 0x00, 0x00, 0x00, 0x00, 0x00, 
	0x00, 0x00, 0x00, 0x00, 0x38, 0x3f, 0xff, 0xff, 0xff, 0xff, 0xff, 0x7b, 0xdf, 0xdb, 0xff, 0xc0, 
	0x00, 0x00, 0x40, 0x00, 0x00, 0x00, 0x00, 0x1f, 0x80, 0x9f, 0xff, 0xbb, 0xff, 0xfd, 0xff, 0xff, 
	0xff, 0xff, 0xff, 0xfd, 0x88, 0x19, 0xe7, 0x00, 0x00, 0x00, 0x00, 0x00, 0x00, 0x00, 0x00, 0x00, 
	0x00, 0x00, 0x00, 0x00, 0x00, 0x00, 0x1c, 0x7f, 0xff, 0xfd, 0xee, 0xb6, 0xed, 0xee, 0xfd, 0xff, 
	0xde, 0xf0, 0x00, 0x00, 0x00, 0x00, 0x00, 0x00, 0x00, 0x3f, 0x4a, 0xb6, 0xfd, 0xfb, 0xff, 0xff, 
	0xff, 0xff, 0xff, 0xff, 0xff, 0xfe, 0xec, 0x0d, 0xf1, 0xc0, 0x00, 0x00, 0x00, 0x00, 0x00, 0x00, 
	0x00, 0x00, 0x00, 0x00, 0x00, 0x00, 0x00, 0x00, 0x06, 0x7f, 0xbf, 0xff, 0xff, 0xff, 0xff, 0xbf, 
	0x4b, 0x5b, 0x7b, 0xfc, 0x00, 0x00, 0x00, 0x00, 0x00, 0x00, 0x00, 0x7f, 0x10, 0x96, 0xff, 0xfd, 
	0xff, 0xff, 0xff, 0xff, 0xff, 0xff, 0xff, 0xfe, 0xb6, 0x0e, 0xf8, 0x70, 0x00, 0x00, 0x00, 0x00, 
	0x00, 0x00, 0x00, 0x00, 0x00, 0x00, 0x00, 0x00, 0x00, 0x00, 0x07, 0xef, 0x7f, 0xff, 0xf7, 0xf7, 
	0x76, 0xfb, 0xf5, 0xef, 0xff, 0xfe, 0x00, 0x00, 0x00, 0x00, 0x00, 0x00, 0x00, 0xfe, 0x84, 0xb6, 
	0xff, 0xfd, 0xff, 0xfd, 0xff, 0xff, 0xff, 0xff, 0xff, 0xff, 0xdb, 0x0e, 0x7c, 0x38, 0x00, 0x00, 
	0x00, 0x00, 0x00, 0x00, 0x00, 0x00, 0x00, 0x00, 0x00, 0x00, 0x00, 0x00, 0x01, 0xfe, 0x7f, 0xff, 
	0xef, 0xff, 0xff, 0xef, 0x7a, 0x5d, 0xae, 0xdf, 0x00, 0x00, 0x00, 0x00, 0x00, 0x00, 0x01, 0xfe, 
	0x20, 0xa7, 0x7f, 0xfd, 0xff, 0xff, 0xff, 0xff, 0xff, 0xfe, 0xff, 0xff, 0xed, 0x87, 0x3e, 0x0e, 
	0x00, 0x00, 0x00, 0x02, 0x00, 0x00, 0x00, 0x00, 0x00, 0x00, 0x00, 0x00, 0x00, 0x00, 0x00, 0xfe, 
	0xff, 0xfd, 0xff, 0xff, 0xed, 0xbd, 0xde, 0xb7, 0xff, 0xfd, 0x80, 0x00, 0x00, 0x00, 0x00, 0x00, 
	0x03, 0xfc, 0x94, 0xa6, 0xee, 0xfc, 0xff, 0xff, 0xff, 0xff, 0xff, 0xff, 0xff, 0xff, 0xf6, 0xc7, 
	0x1f, 0x03, 0x80, 0x00, 0x00, 0x08, 0x00, 0x00, 0x00, 0x00, 0x00, 0x00, 0x00, 0x00, 0x00, 0x00, 
	0x01, 0xfe, 0xff, 0xff, 0xfb, 0xff, 0xff, 0xf7, 0xf7, 0xca, 0xed, 0xf7, 0xc0, 0x00, 0x00, 0x00, 
	0x00, 0x00, 0x07, 0xfa, 0x02, 0xc7, 0x7f, 0xde, 0xff, 0xff, 0xff, 0xff, 0xff, 0xff, 0xff, 0xff, 
	0xff, 0x67, 0x1f, 0x80, 0xc0, 0x00, 0x00, 0x00, 0x00, 0x00, 0x00, 0x00, 0x00, 0x00, 0x00, 0x00, 
	0x00, 0x00, 0x03, 0xfc, 0xff, 0xff, 0xff, 0xff, 0xfe, 0xde, 0xde, 0xb5, 0xbf, 0xbf, 0xf0, 0x00, 
	0x00, 0x00, 0x00, 0x00, 0x1f, 0xf8, 0xa8, 0x86, 0x7f, 0x7e, 0x7f, 0xfd, 0xff, 0xff, 0xff, 0xff, 
	0xff, 0xff, 0xfd, 0xf3, 0x8b, 0x80, 0x30, 0x00, 0x00, 0x40, 0x00, 0x00, 0x00, 0x00, 0x00, 0x00, 
	0x00, 0x00, 0x00, 0x00, 0x03, 0xf9, 0xff, 0xff, 0xff, 0xff, 0xff, 0xfb, 0xfb, 0xfa, 0xf7, 0xff, 
	0x7c, 0x00, 0x00, 0x00, 0x00, 0x00, 0x1f, 0xf4, 0x01, 0x47, 0x7d, 0xfe, 0x7f, 0xff, 0xff, 0xff, 
	0xff, 0xff, 0xff, 0xff, 0xff, 0xdf, 0x05, 0xc0, 0x1c, 0x00, 0x00, 0x00, 0x00, 0x00, 0x00, 0x00, 
	0x00, 0x00, 0x00, 0x00, 0x00, 0x00, 0x07, 0xf9, 0xff, 0xff, 0xff, 0x7e, 0xf7, 0xdf, 0x6f, 0xb7, 
	0x5e, 0xed, 0xff, 0x80, 0x00, 0x00, 0x00, 0x00, 0x7f, 0xf2, 0xa5, 0x86, 0xbf, 0xfe, 0x7f, 0xff, 
	0xff, 0xff, 0xff, 0xff, 0xff, 0xff, 0xff, 0xff, 0x84, 0xe0, 0x06, 0x00, 0x00, 0x00, 0x00, 0x00, 
	0x00, 0x00, 0x00, 0x00, 0x00, 0x00, 0x00, 0x00, 0x0f, 0xf3, 0xff, 0xff, 0xff, 0xff, 0xff, 0xfd, 
	0xfd, 0xfe, 0xf7, 0xff, 0xff, 0xf0, 0x00, 0x00, 0x00, 0x00, 0xff, 0xe0, 0x01, 0x05, 0x7f, 0xfe, 
	0x3f, 0xff, 0xff, 0xff, 0xff, 0xff, 0xff, 0xff, 0xeb, 0xf7, 0x02, 0x60, 0x01, 0x80, 0x00, 0x00, 
	0x00, 0x00, 0x00, 0x00, 0x00, 0x00, 0x00, 0x00, 0x00, 0x00, 0x0f, 0xe3, 0xff, 0xff, 0xff, 0xf7, 
	0xff, 0x7f, 0xb7, 0xbb, 0xaf, 0x77, 0xff, 0xfe, 0x00, 0x00, 0x00, 0x01, 0xff, 0xd5, 0x2b, 0x0a, 
	0x7f, 0x7b, 0x2f, 0xff, 0xff, 0xff, 0xff, 0xff, 0xff, 0xff, 0xfb, 0xff, 0x83, 0x30, 0x00, 0xc0, 
	0x00, 0x00, 0x00, 0x00, 0x00, 0x00, 0x00, 0x00, 0x00, 0x00, 0x00, 0x00, 0x1f, 0xc3, 0xff, 0xff, 
	0xef, 0xff, 0xff, 0xff, 0xfe, 0xef, 0xfb, 0xdf, 0x7f, 0xff, 0x80, 0x00, 0x00, 0x03, 0xff, 0xc0, 
	0x42, 0x05, 0x3d, 0xfe, 0x5f, 0xfe, 0xff, 0xff, 0xff, 0xff, 0xff, 0xff, 0xfd, 0xff, 0xc3, 0x30, 
	0x00, 0x70, 0x00, 0x00, 0x00, 0x00, 0x00, 0x00, 0x00, 0x00, 0x00, 0x00, 0x00, 0x00, 0x3f, 0xc7, 
	0xff, 0xff, 0xff, 0xff, 0xff, 0xff, 0xef, 0xfe, 0xdf, 0x7f, 0xff, 0xff, 0xf0, 0x00, 0x00, 0x0f, 
	0xff, 0x95, 0x0a, 0x09, 0x7f, 0xfb, 0x2f, 0x7f, 0xff, 0xff, 0xff, 0xff, 0xff, 0xff, 0xfe, 0xff, 
	0x61, 0x18, 0x00, 0x18, 0x00, 0x00, 0x00, 0x00, 0x00, 0x00, 0x00, 0x00, 0x00, 0x00, 0x00, 0x00, 
	0x3f, 0x87, 0xff, 0xff, 0xff, 0xff, 0xbf, 0xfd, 0xff, 0xfb, 0xf7, 0xfd, 0xfd, 0xff, 0xfc, 0x00, 
	0x00, 0x1f, 0xff, 0x80, 0x20, 0x09, 0x3f, 0xfb, 0x1f, 0xff, 0xff, 0xff, 0xff, 0xff, 0xff, 0xff, 
	0xff, 0x7f, 0xf9, 0x18, 0x00, 0x0c, 0x00, 0x00, 0x00, 0x00, 0x00, 0x00, 0x00, 0x00, 0x00, 0x00, 
	0x00, 0x00, 0x7f, 0x8f, 0xff, 0xff, 0xdf, 0xfd, 0xff, 0xff, 0xff, 0xef, 0xdd, 0xf7, 0xff, 0xff, 
	0xff, 0x80, 0x00, 0x3f, 0xff, 0x29, 0x04, 0x09, 0xbf, 0xf9, 0x1f, 0xff, 0xff, 0xff, 0xff, 0xff, 
	0xff, 0xff, 0xff, 0x3f, 0xff, 0x8c, 0x00, 0x07, 0x00, 0x00, 0x00, 0x00, 0x00, 0x00, 0x00, 0x00, 
	0x00, 0x00, 0x00, 0x00, 0xff, 0x0f, 0xff, 0xff, 0xff, 0xff, 0xfd, 0xff, 0xff, 0xff, 0xff, 0xbf, 
	0xff, 0xff, 0xfd, 0xe0, 0x00, 0xff, 0xff, 0x02, 0x50, 0x08, 0xfe, 0xfb, 0x4f, 0xff, 0xff, 0xff, 
	0xff, 0xff, 0xff, 0xff, 0xff, 0xdf, 0xff, 0x0c, 0x00, 0x01, 0x80, 0x00, 0x00, 0x00, 0x00, 0x00, 
	0x00, 0x00, 0x00, 0x00, 0x00, 0x01, 0xfe, 0x1f, 0xff, 0xff, 0xff, 0xff, 0xff, 0xff, 0xff, 0xff, 
	0x57, 0xfd, 0xfe, 0xff, 0xfc, 0xfc, 0x01, 0xff, 0xfe, 0x50, 0x04, 0x08, 0xff, 0xf9, 0x1f, 0x7f, 
	0xff, 0xff, 0xfb, 0xff, 0xff, 0xff, 0xff, 0xed, 0xff, 0x8c, 0x00, 0x00, 0xc0, 0x00, 0x00, 0x00, 
	0x00, 0x00, 0x00, 0x00, 0x00, 0x00, 0x00, 0x01, 0xfa, 0x1f, 0xff, 0xff, 0xbf, 0xff, 0xff, 0xff, 
	0xfe, 0xff, 0xfd, 0xff, 0xff, 0xff, 0xf9, 0xff, 0xaf, 0xff, 0xfc, 0x05, 0x40, 0x00, 0xff, 0xe9, 
	0x4f, 0xff, 0xff, 0xff, 0xef, 0xff, 0xff, 0xff, 0xff, 0xfb, 0xff, 0xe6, 0x00, 0x00, 0x60, 0x00, 
	0x00, 0x00, 0x00, 0x00, 0x00, 0x00, 0x00, 0x00, 0x00, 0x03, 0xf6, 0x1f, 0xff, 0xff, 0xff, 0xfd, 
	0xff, 0xff, 0xff, 0xfb, 0xff, 0xbf, 0xff, 0xff, 0xf9, 0xff, 0xff, 0xff, 0xfd, 0x50, 0x08, 0x11, 
	0xdd, 0xf9, 0x3f, 0xff, 0xff, 0xff, 0xff, 0xdf, 0xee, 0xff, 0xff, 0xff, 0xff, 0xfe, 0x00, 0x00, 
	0x20, 0x00, 0x00, 0x00, 0x00, 0x00, 0x00, 0x00, 0x00, 0x00, 0x00, 0x07, 0xf4, 0x3f, 0xff, 0xff, 
	0xbf, 0xff, 0xff, 0xff, 0xfb, 0xef, 0x57, 0xff, 0xfd, 0xff, 0xf1, 0xff, 0xff, 0xff, 0xf8, 0x05, 
	0x40, 0x13, 0x9f, 0xf9, 0x9f, 0xdf, 0xff, 0xff, 0xff, 0xfe, 0xff, 0xff, 0xf6, 0xff, 0xff, 0xfe, 
	0x00, 0x00, 0x18, 0x00, 0x00, 0x00, 0x00, 0x00, 0x00, 0x00, 0x00, 0x00, 0x00, 0x0f, 0xe4, 0x3f, 
	0xff, 0xff, 0xff, 0xff, 0xff, 0xfd, 0xff, 0xff, 0xfe, 0xff, 0xff, 0xff, 0xf9, 0xff, 0xff, 0xff, 
	0xfa, 0xa0, 0x00, 0x17, 0x1e, 0xf9, 0x1e, 0xff, 0xbf, 0xff, 0xff, 0x7f, 0xff, 0xfd, 0xdf, 0xaa, 
	0xb7, 0xff, 0xc0, 0x00, 0x08, 0x00, 0x00, 0x00, 0x00, 0x00, 0x00, 0x00, 0x00, 0x00, 0x00, 0x0f, 
	0xc8, 0x7f, 0xdf, 0xff, 0x7f, 0xff, 0xff, 0xff, 0xff, 0x7a, 0xff, 0xff, 0xff, 0xbf, 0xf0, 0xff, 
	0xff, 0xff, 0xf0, 0x15, 0x10, 0x16, 0x9f, 0xed, 0x9f, 0xff, 0xff, 0xff, 0xfd, 0xff, 0xff, 0xff, 
	0xff, 0xff, 0xec, 0xaf, 0xfc, 0x00, 0x0c, 0x00, 0x00, 0x00, 0x00, 0x00, 0x00, 0x00, 0x00, 0x00, 
	0x00, 0x3f, 0x88, 0x7f, 0xff, 0xff, 0xff, 0xff, 0xff, 0xff, 0xff, 0xdf, 0x5f, 0xfb, 0xff, 0xff, 
	0xf4, 0xff, 0xff, 0xff, 0xe5, 0x40, 0x00, 0x1c, 0x1f, 0xf9, 0x5f, 0xff, 0xff, 0xff, 0xff, 0xff, 
	0xff, 0xff, 0xff, 0xff, 0xff, 0xf4, 0xbf, 0x80, 0x06, 0x00, 0x00, 0x00, 0x00, 0x00, 0x00, 0x00, 
	0x00, 0x00, 0x00, 0x3f, 0x18, 0xff, 0x7f, 0xff, 0xff, 0xff, 0xff, 0xff, 0xfb, 0x75, 0xfb, 0xff, 
	0xff, 0xff, 0xf2, 0x7f, 0xff, 0xff, 0xe0, 0x0a, 0x00, 0x1c, 0x1d, 0xfd, 0x1d, 0x6f, 0xfb, 0xff, 
	0xff, 0xfd, 0xff, 0xee, 0xff, 0xff, 0xff, 0xff, 0x7f, 0xe0, 0x02, 0x00, 0x00, 0x00, 0x00, 0x00, 
	0x00, 0x00, 0x00, 0x00, 0x00, 0x7e, 0x10, 0xff, 0xff, 0xff, 0xff, 0xff, 0xff, 0xff, 0xff, 0xfb, 
	0x7f, 0x7f, 0xfd, 0xff, 0xf8, 0xff, 0xff, 0xff, 0xca, 0x40, 0x00, 0x30, 0x4f, 0xf9, 0x3f, 0xff, 
	0xff, 0xff, 0xff, 0xff, 0xfd, 0xff, 0xfd, 0xbf, 0xff, 0xff, 0xfe, 0xf8, 0x03, 0x00, 0x00, 0x00, 
	0x00, 0x00, 0x00, 0x00, 0x00, 0x00, 0x00, 0xfc, 0x31, 0xff, 0xff, 0xff, 0xff, 0xff, 0xff, 0xfe, 
	0xed, 0xb7, 0xdd, 0xef, 0xf7, 0xff, 0xf0, 0x3f, 0xff, 0xff, 0x80, 0x94, 0x00, 0x60, 0x1f, 0xfc, 
	0x1e, 0xfd, 0xff, 0xbf, 0x6f, 0xff, 0xef, 0xbf, 0xf7, 0xfb, 0x6e, 0xff, 0xff, 0xf8, 0x01, 0x00, 
	0x00, 0x00, 0x00, 0x00, 0x00, 0x00, 0x00, 0x00, 0x01, 0xf8, 0x21, 0xfd, 0xff, 0xff, 0xff, 0xff, 
	0xff, 0xff, 0xff, 0xfd, 0x7f, 0xff, 0xdf, 0xff, 0xf2, 0x5f, 0xff, 0xff, 0xaa, 0x00, 0x00, 0xd0, 
	0x1f, 0xed, 0x3f, 0xbf, 0xfe, 0xfd, 0xff, 0xff, 0xff, 0xff, 0xdf, 0xff, 0xff, 0xdf, 0xf7, 0xfc, 
	0x01, 0x80, 0x00, 0x00, 0x00, 0x00, 0x00, 0x00, 0x00, 0x00, 0x03, 0xf0, 0x23, 0xff, 0xff, 0xff, 
	0xff, 0xff, 0xff, 0xff, 0xf6, 0xd7, 0xf7, 0xbf, 0xff, 0xff, 0xf9, 0x1f, 0x7f, 0xff, 0x00, 0xa8, 
	0x11, 0x80, 0x5d, 0xfc, 0x1d, 0xff, 0xfb, 0xff, 0xff, 0xff, 0x7e, 0xfb, 0xff, 0xef, 0xff, 0xfd, 
	0xdf, 0xfe, 0x01, 0x00, 0x00, 0x00, 0x00, 0x00, 0x00, 0x00, 0x00, 0x00, 0x07, 0xf0, 0x63, 0xff, 
	0xff, 0xff, 0xff, 0xff, 0xff, 0xfb, 0xff, 0xfd, 0xbe, 0xff, 0xff, 0xff, 0xf0, 0x4f, 0xf7, 0xfe, 
	0x24, 0x02, 0x03, 0x40, 0x1f, 0xfa, 0x3f, 0x7f, 0xff, 0xff, 0xef, 0xf7, 0xf7, 0xff, 0x7f, 0x7f, 
	0xf7, 0xff, 0xff, 0x7f, 0x00, 0x80, 0x00, 0x00, 0x00, 0x00, 0x00, 0x00, 0x00, 0x00, 0x0f, 0xc0, 
	0x47, 0xee, 0xff, 0xff, 0xff, 0xff, 0xff, 0xf7, 0xfe, 0xff, 0xfb, 0xff, 0xff, 0xff, 0xfa, 0x07, 
	0x7f, 0xfd, 0x09, 0x50, 0x06, 0x00, 0x1f, 0xbd, 0x3d, 0xf7, 0xff, 0xff, 0xbf, 0xff, 0xff, 0xff, 
	0xfb, 0xfe, 0xdf, 0xee, 0xff, 0xf7, 0x00, 0x80, 0x00, 0x00, 0x00, 0x00, 0x00, 0x00, 0x00, 0x00, 
	0x1f, 0xc0, 0xc6, 0xff, 0xff, 0xff, 0xff, 0xff, 0xff, 0xff, 0xdb, 0xed, 0xef, 0xff, 0xff, 0xff, 
	0xf0, 0xa3, 0xfd, 0xf8, 0xa0, 0x04, 0x1c, 0x00, 0x5f, 0xf4, 0x3f, 0xfe, 0xff, 0xef, 0xff, 0xff, 
	0x7f, 0xdb, 0xef, 0xfb, 0xff, 0x7b, 0xff, 0xff, 0x80, 0x80, 0x00, 0x00, 0x00, 0x00, 0x00, 0x00, 
	0x00, 0x00, 0x3f, 0x80, 0x8f, 0xff, 0xff, 0xff, 0xff, 0xff, 0xff, 0xfe, 0xa4, 0x5f, 0xbf, 0xff, 
	0xff, 0xff, 0xfa, 0x03, 0xfe, 0xf4, 0x0a, 0x50, 0x18, 0x00, 0x1d, 0xfe, 0x3d, 0x7f, 0xff, 0xbf, 
	0xff, 0xb7, 0xee, 0xff, 0x7f, 0xbf, 0xff, 0xff, 0xff, 0xff, 0x80, 0xc0, 0x00, 0x00, 0x00, 0x00, 
	0x00, 0x00, 0x00, 0x00, 0x7f, 0x00, 0x9b, 0xf7, 0xff, 0xff, 0xff, 0xff, 0xff, 0xfe, 0x01, 0x02, 
	0xff, 0xff, 0xff, 0xff, 0xf0, 0x90, 0xfe, 0x12, 0xa0, 0x80, 0x30, 0x00, 0x3f, 0xde, 0x7f, 0xff, 
	0xf7, 0xff, 0xff, 0xff, 0xff, 0xff, 0xfe, 0xff, 0xdf, 0xdf, 0xdd, 0xfb, 0xc0, 0x80, 0x00, 0x00, 
	0x00, 0x00, 0x00, 0x00, 0x00, 0x00, 0x7f, 0x00, 0x9f, 0xdf, 0xff, 0xff, 0xff, 0xff, 0xff, 0xfc, 
	0x00, 0x08, 0xbf, 0xff, 0xdf, 0xff, 0xf8, 0x02, 0xff, 0x20, 0x0a, 0x10, 0x60, 0x00, 0x1e, 0xfc, 
	0x35, 0xdf, 0xff, 0xff, 0x6f, 0xfd, 0xbf, 0xb6, 0xef, 0xf7, 0x7e, 0xff, 0xff, 0xff, 0xc0, 0x80, 
	0x00, 0x00, 0x00, 0x00, 0x00, 0x00, 0x00, 0x01, 0xfe, 0x01, 0xb7, 0xff, 0xff, 0xff, 0xff, 0xff, 
	0xff, 0xfc, 0x00, 0x00, 0x2f, 0x7f, 0xff, 0xff, 0xea, 0xa8, 0x7f, 0x8a, 0xa0, 0x81, 0xc0, 0x00, 
	0x3e, 0xf6, 0x7f, 0x7d, 0xff, 0xff, 0xfe, 0xdf, 0xfb, 0xff, 0xff, 0xff, 0xff, 0xbb, 0xff, 0xff, 
	0xc1, 0x80, 0x00, 0x00, 0x00, 0x00, 0x00, 0x00, 0x00, 0x01, 0xfc, 0x01, 0x7f, 0xff, 0xff, 0xff, 
	0xff, 0xff, 0xff, 0xf8, 0x00, 0x01, 0x0f, 0xfe, 0xff, 0xff, 0xf8, 0x01, 0x1d, 0xa0, 0x08, 0x53, 
	0x00, 0x00, 0x3e, 0xfe, 0xfd, 0xff, 0xfd, 0xfb, 0xff, 0xf7, 0xef, 0x7d, 0xdd, 0xbb, 0x7b, 0x7f, 
	0x7f, 0xfd, 0xe1, 0x00, 0x00, 0x00, 0x00, 0x00, 0x00, 0x00, 0x00, 0x03, 0xfc, 0x01, 0x6f, 0x7f, 
	0xff, 0xff, 0xff, 0xff, 0xff, 0xf8, 0x00, 0x00, 0x53, 0xff, 0xff, 0xff, 0xe9, 0x24, 0x1f, 0x8a, 
	0x42, 0x16, 0x00, 0x00, 0x36, 0xde, 0x7b, 0xff, 0xff, 0xdf, 0xff, 0xfe, 0xff, 0xef, 0xff, 0xff, 
	0xff, 0xff, 0xff, 0xff, 0xe1, 0x00, 0x00, 0x00, 0x00, 0x00, 0x00, 0x00, 0x00, 0x07, 0xf8, 0x01, 
	0xdf, 0xff, 0xff, 0xff, 0xff, 0xff, 0xff, 0xf0, 0x00, 0x00, 0x01, 0xff, 0xff, 0xff, 0xec, 0x08, 
	0x87, 0xd0, 0x91, 0x5c, 0x00, 0x00, 0x3e, 0x7b, 0x7f, 0xbb, 0xf7, 0xff, 0xf6, 0xdf, 0xdd, 0xff, 
	0x77, 0xed, 0xfd, 0xf7, 0xff, 0xff, 0xf3, 0x00, 0x00, 0x00, 0x00, 0x00, 0x00, 0x00, 0x00, 0x0f, 
	0xf8, 0x03, 0xbf, 0xff, 0xff, 0xff, 0xff, 0xff, 0xff, 0xe0, 0x00, 0x00, 0x2b, 0xfb, 0x7f, 0xff, 
	0xc9, 0x42, 0x13, 0xc4, 0x08, 0x38, 0x00, 0x00, 0x3c, 0x7e, 0xfb, 0xff, 0xdf, 0x7f, 0xff, 0xfb, 
	0xff, 0xbb, 0xfe, 0xff, 0xf7, 0xbf, 0xff, 0xff, 0x72, 0x00, 0x00, 0x00, 0x00, 0x00, 0x00, 0x00, 
	0x00, 0x0f, 0xf0, 0x03, 0xfd, 0xff, 0xff, 0xff, 0xff, 0xff, 0xff, 0xe0, 0x00, 0x00, 0x00, 0xdf, 
	0xff, 0xff, 0xec, 0x20, 0x43, 0xd9, 0x45, 0x60, 0x00, 0x00, 0x3a, 0x77, 0xfe, 0xff, 0xff, 0xfe, 
	0xef, 0xff, 0x77, 0xff, 0xdf, 0xfb, 0xfd, 0xff, 0xf7, 0xff, 0xf4, 0x00, 0x00, 0x00, 0x00, 0x00, 
	0x00, 0x00, 0x00, 0x1f, 0xb0, 0x03, 0x7f, 0xff, 0xff, 0xff, 0xff, 0xff, 0xff, 0xc0, 0x00, 0x00, 
	0x08, 0x7f, 0xff, 0xff, 0xdc, 0x8a, 0x01, 0xc8, 0x21, 0xc0, 0x00, 0x00, 0x79, 0x7f, 0xef, 0xfd, 
	0xff, 0xf7, 0xfe, 0xdf, 0xfe, 0xee, 0xfd, 0xdf, 0xdb, 0xfe, 0xff, 0xff, 0xfc, 0x00, 0x00, 0x00, 
	0x00, 0x00, 0x00, 0x00, 0x00, 0x3f, 0x60, 0x06, 0xef, 0xff, 0xff, 0xff, 0xff, 0xff, 0xff, 0xc0, 
	0x00, 0x00, 0x02, 0x3f, 0xff, 0xff, 0xdc, 0x20, 0xa0, 0x2a, 0x8b, 0x00, 0x00, 0x00, 0x39, 0x3f, 
	0xfb, 0xef, 0xde, 0xff, 0xfb, 0xfb, 0xbf, 0xff, 0xf7, 0xf7, 0xff, 0xf7, 0xff, 0xff, 0xb8, 0x00, 
	0x00, 0x00, 0x00, 0x00, 0x00, 0x00, 0x00, 0x7e, 0x60, 0x0d, 0xff, 0xff, 0xff, 0xff, 0xff, 0xff, 
	0xff, 0x80, 0x00, 0x00, 0x08, 0xbf, 0xff, 0xff, 0xf5, 0x09, 0x00, 0x9e, 0x26, 0x30, 0x00, 0x00, 
	0x79, 0x3b, 0xff, 0xbf, 0xff, 0xdf, 0x7f, 0xef, 0xf7, 0x77, 0xbf, 0xff, 0xef, 0xbf, 0xff, 0xff, 
	0xf8, 0x00, 0x00, 0x00, 0x00, 0x00, 0x00, 0x00, 0x00, 0xfc, 0xe0, 0x0d, 0xff, 0xff, 0xff, 0xff, 
	0xff, 0xff, 0xff, 0x00, 0x00, 0x00, 0x02, 0x7f, 0xff, 0xff, 0xf4, 0x40, 0x07, 0x4e, 0x84, 0xfc, 
	0x00, 0x00, 0x70, 0x7f, 0xde, 0xff, 0xff, 0xff, 0xff, 0x7e, 0xfd, 0xfe, 0xff, 0x5f, 0x7d, 0xff, 
	0xde, 0xff, 0xf8, 0x00, 0x00, 0x00, 0x00, 0x00, 0x00, 0x00, 0x03, 0xfc, 0xc0, 0x1b, 0xff, 0xff, 
	0xff, 0xff, 0xff, 0xff, 0xef, 0x00, 0x00, 0x00, 0x10, 0xff, 0xff, 0xff, 0xe4, 0x2a, 0x9f, 0xe7, 
	0x2d, 0xfe, 0x00, 0x00, 0x71, 0x35, 0xfb, 0xff, 0x7d, 0xff, 0xed, 0xff, 0xdf, 0xdf, 0xf7, 0xff, 
	0xef, 0xff, 0x7f, 0xff, 0xbc, 0x00, 0x00, 0x00, 0x00, 0x00, 0x00, 0x00, 0x2c, 0xf8, 0xc0, 0x37, 
	0xbf, 0xff, 0xff, 0xff, 0xff, 0xff, 0x96, 0x00, 0x00, 0x00, 0x0a, 0xff, 0xff, 0xff, 0xe2, 0x80, 
	0x1e, 0xf7, 0x0d, 0xbf, 0x00, 0x00, 0x70, 0xbf, 0xff, 0xfb, 0xff, 0xbb, 0xbf, 0xed, 0xfb, 0xfb, 
	0xdf, 0xbf, 0xbf, 0xfb, 0xff, 0xff, 0xfc, 0x00, 0x00, 0x00, 0x00, 0x00, 0x00, 0x00, 0x01, 0xf1, 
	0xc0, 0x7f, 0xff, 0xff, 0xff, 0xff, 0xff, 0xff, 0x1c, 0x00, 0x00, 0x00, 0x21, 0xff, 0xff, 0xff, 
	0xca, 0x12, 0x9f, 0x74, 0x89, 0xbf, 0x80, 0x00, 0xf0, 0x1d, 0xef, 0xef, 0xdf, 0xff, 0xff, 0xbf, 
	0xbf, 0x7f, 0x7e, 0xfd, 0xff, 0x6f, 0xff, 0xff, 0xfc, 0x00, 0x00, 0x00, 0x00, 0x00, 0x00, 0x00, 
	0x01, 0xe1, 0xc0, 0xdf, 0xff, 0xff, 0xff, 0xff, 0xff, 0xff, 0x0c, 0x00, 0x00, 0x00, 0x0b, 0xff, 
	0xff, 0xff, 0xe2, 0x40, 0x3f, 0xba, 0x2d, 0x0e, 0xc0, 0x00, 0xe0, 0x9f, 0xfd, 0xbf, 0xfe, 0xef, 
	0xfb, 0xfe, 0xf7, 0xef, 0xff, 0xff, 0xfb, 0xff, 0xfb, 0xff, 0xec, 0x00, 0x00, 0x00, 0x00, 0x00, 
	0x00, 0x00, 0x03, 0xe1, 0x81, 0xfd, 0xff, 0xff, 0xff, 0xff, 0xff, 0xfe, 0x02, 0x00, 0x00, 0x00, 
	0x43, 0xff, 0xff, 0xff, 0x88, 0x12, 0x3f, 0x9a, 0x89, 0x47, 0xc0, 0x00, 0xe0, 0x1b, 0x77, 0xff, 
	0x7f, 0xfe, 0xdf, 0x77, 0xff, 0xbd, 0xf7, 0xff, 0x6f, 0xff, 0xff, 0x7f, 0xfe, 0x00, 0x00, 0x00, 
	0x00, 0x00, 0x00, 0x00, 0x03, 0xc1, 0x81, 0xb7, 0xff, 0xff, 0xff, 0xff, 0xff, 0xfe, 0x03, 0x00, 
	0x00, 0x00, 0x2b, 0xff, 0xff, 0xff, 0xc2, 0x80, 0x7f, 0x8a, 0x2a, 0x90, 0xe0, 0x00, 0xe0, 0x5f, 
	0xff, 0xff, 0xff, 0xbb, 0xff, 0xff, 0xbd, 0xff, 0xbe, 0xf7, 0xff, 0xfe, 0xef, 0xff, 0xfc, 0x00, 
	0x00, 0x00, 0x00, 0x00, 0x00, 0x00, 0x07, 0xc1, 0x83, 0x7f, 0xff, 0xff, 0xff, 0xff, 0xff, 0xfc, 
	0x00, 0x80, 0x00, 0x00, 0x87, 0xff, 0xff, 0xff, 0x92, 0x2a, 0x7c, 0x45, 0x49, 0x04, 0xf0, 0x00, 
	0xc0, 0x1b, 0x77, 0xfb, 0xdd, 0xff, 0xfd, 0xdb, 0xf7, 0xee, 0xff, 0xfe, 0xff, 0x77, 0xff, 0xff, 
	0xde, 0x00, 0x00, 0x00, 0x00, 0x00, 0x00, 0x00, 0x07, 0x83, 0x86, 0xff, 0xff, 0xff, 0xff, 0xff, 
	0xff, 0xf8, 0x00, 0x40, 0x00, 0x00, 0x2f, 0xff, 0xff, 0xff, 0xc0, 0x80, 0xfe, 0x53, 0x99, 0x24, 
	0xf8, 0x01, 0xc0, 0x4f, 0xff, 0xbf, 0x7f, 0xff, 0xdf, 0xfe, 0xdf, 0x7f, 0xf7, 0xff, 0xdd, 0xff, 
	0xfe, 0xff, 0xfe, 0x00, 0x00, 0x00, 0x00, 0x00, 0x00, 0x00, 0x07, 0x01, 0xcf, 0xff, 0xff, 0xff, 
	0xff, 0xff, 0xff, 0xf8, 0x00, 0x30, 0x00, 0x01, 0x0f, 0xff, 0xff, 0xff, 0x94, 0x14, 0xfd, 0x01, 
	0xb2, 0x02, 0xfc, 0x00, 0xc0, 0x2a, 0xbe, 0xff, 0xff, 0x6e, 0xfe, 0xef, 0xfd, 0xfb, 0xdf, 0xdb, 
	0xff, 0xff, 0xf7, 0xef, 0xfe, 0x00, 0x00, 0x00, 0x00, 0x00, 0x00, 0x00, 0x0f, 0x03, 0x9b, 0xef, 
	0xff, 0xff, 0xff, 0xff, 0xfe, 0xf0, 0x00, 0x08, 0x00, 0x00, 0x5f, 0xff, 0xff, 0xff, 0x82, 0x41, 
	0xfe, 0x29, 0xf4, 0x09, 0xfc, 0x01, 0xe0, 0x0f, 0x7f, 0xed, 0xfd, 0xff, 0xff, 0xbf, 0x7f, 0xdf, 
	0x7d, 0xff, 0x7f, 0xef, 0xbf, 0xff, 0xfe, 0x00, 0x00, 0x00, 0x00, 0x00, 0x00, 0x00, 0x0f, 0x01, 
	0xdf, 0xbf, 0xff, 0xff, 0xff, 0xff, 0xfb, 0xe0, 0x00, 0x06, 0x00, 0x02, 0x1f, 0xff, 0xff, 0xff, 
	0xd0, 0x09, 0xfe, 0x44, 0xe8, 0x01, 0xfe, 0x01, 0xc0, 0x3a, 0xf7, 0xff, 0xdf, 0xfb, 0xfb, 0xfb, 
	0xef, 0x7f, 0xff, 0xff, 0xf7, 0x7f, 0xff, 0xbf, 0xee, 0x00, 0x00, 0x00, 0x00, 0x00, 0x00, 0x00, 
	0x0e, 0x01, 0xf7, 0xff, 0xff, 0xff, 0xff, 0xff, 0xff, 0xe0, 0x00, 0x02, 0x00, 0x01, 0x3f, 0xff, 
	0xff, 0xff, 0x85, 0x23, 0xff, 0x02, 0xe0, 0x0f, 0xff, 0x01, 0xc0, 0x1f, 0xbf, 0xf7, 0x7f, 0xdf, 
	0xff, 0xef, 0xbb, 0xfb, 0xf7, 0xed, 0xff, 0xfe, 0xfd, 0xff, 0xff, 0x00, 0x00, 0x00, 0x00, 0x00, 
	0x00, 0x00, 0x0c, 0x01, 0xff, 0xff, 0xff, 0xff, 0xff, 0xff, 0xf7, 0xc0, 0x00, 0x01, 0x80, 0x04, 
	0x7f, 0xff, 0xff, 0xff, 0x90, 0x03, 0xff, 0x28, 0x60, 0x0b, 0xff, 0x83, 0xc0, 0x1e, 0xff, 0x7f, 
	0xfe, 0xff, 0xfd, 0x7e, 0xff, 0xff, 0x7f, 0xff, 0xdf, 0xff, 0xf7, 0xfb, 0xfe, 0x00, 0x00, 0x00, 
	0x00, 0x00, 0x00, 0x00, 0x1c, 0x01, 0xde, 0xff, 0xff, 0xff, 0xff, 0xff, 0xff, 0xc0, 0x00, 0x00, 
	0x60, 0x09, 0x7f, 0xff, 0xff, 0xff, 0x82, 0x47, 0xff, 0x81, 0x41, 0x17, 0xff, 0x81, 0x40, 0x3f, 
	0xbd, 0xfd, 0xfb, 0xff, 0xef, 0xfb, 0xfd, 0xdd, 0xff, 0xbf, 0xfd, 0xff, 0xff, 0xff, 0xff, 0x00, 
	0x00, 0x00, 0x00, 0x00, 0x00, 0x00, 0x0c, 0x01, 0xfb, 0xff, 0xff, 0xff, 0xff, 0xff, 0xee, 0xe0, 
	0x00, 0x00, 0x18, 0x00, 0x5f, 0xff, 0xff, 0xff, 0xc8, 0x27, 0xff, 0xa8, 0x46, 0x27, 0xff, 0xc3, 
	0x60, 0x3f, 0xff, 0xef, 0xdf, 0xff, 0xbf, 0xbf, 0xd7, 0xff, 0xdf, 0xf6, 0xff, 0xff, 0xbf, 0xdf, 
	0xf7, 0x00, 0x00, 0x00, 0x00, 0x00, 0x00, 0x00, 0x1c, 0x07, 0xef, 0xff, 0xff, 0xff, 0xff, 0xff, 
	0xff, 0xe0, 0x00, 0x00, 0x04, 0x15, 0xef, 0xff, 0xff, 0xff, 0x82, 0x8f, 0xff, 0x84, 0xc8, 0x4f, 
	0xff, 0xc3, 0x60, 0x3e, 0xdf, 0xbf, 0xff, 0xff, 0xfb, 0xef, 0x7f, 0xf7, 0xff, 0xff, 0xef, 0xfd, 
	0xfe, 0xff, 0xff, 0x00, 0x00, 0x00, 0x00, 0x00, 0x00, 0x00, 0x08, 0x07, 0x7f, 0xff, 0xff, 0xff, 
	0xff, 0xff, 0xdf, 0xe0, 0x00, 0x00, 0x03, 0x00, 0xf7, 0xff, 0xff, 0xff, 0xd0, 0x1d, 0xff, 0xd2, 
	0x50, 0x0f, 0xff, 0xb3, 0x20, 0x7f, 0xfb, 0xfe, 0xff, 0xfd, 0xee, 0xfd, 0xff, 0x7e, 0xfe, 0xdf, 
	0xff, 0xff, 0xf7, 0xfd, 0xff, 0x00, 0x00, 0x00, 0x00, 0x00, 0x00, 0x00, 0x18, 0x0f, 0xff, 0xff, 
	0xff, 0xff, 0xff, 0xff, 0xbf, 0xb0, 0x00, 0x00, 0x00, 0xe5, 0xf7, 0xff, 0xff, 0xff, 0x84, 0x9d, 
	0xff, 0xeb, 0x41, 0x1f, 0x7f, 0x32, 0x60, 0x7f, 0x6f, 0x77, 0xef, 0xff, 0xbf, 0xdf, 0xed, 0xfb, 
	0xdf, 0xfe, 0xff, 0xef, 0xdf, 0xf7, 0xff, 0x00, 0x00, 0x00, 0x00, 0x00, 0x00, 0x00, 0x08, 0x1f, 
	0xff, 0xff, 0xff, 0xff, 0xff, 0xff, 0xbd, 0xf8, 0x00, 0x00, 0x00, 0x39, 0xf3, 0xff, 0xff, 0xff, 
	0xc1, 0x3c, 0xff, 0xe3, 0xc1, 0x7f, 0xfe, 0xbe, 0x20, 0x7f, 0xff, 0xff, 0xff, 0xf7, 0xff, 0x7b, 
	0xbf, 0xef, 0xff, 0xfb, 0xdf, 0x7f, 0x7f, 0xdf, 0xdf, 0x00, 0x00, 0x00, 0x00, 0x00, 0x00, 0x00, 
	0x18, 0x3f, 0xff, 0xff, 0xff, 0xff, 0xff, 0xff, 0x7f, 0xec, 0x00, 0x00, 0x00, 0x0f, 0xfb, 0xff, 
	0xff, 0xff, 0xd0, 0x38, 0xff, 0xfa, 0xd2, 0x7f, 0xfc, 0x1e, 0x30, 0xff, 0xff, 0xde, 0xff, 0xfe, 
	0xfb, 0xff, 0xff, 0xff, 0xfe, 0xdf, 0xff, 0xff, 0xff, 0x7f, 0xfb, 0x00, 0x00, 0x00, 0x00, 0x00, 
	0x00, 0x00, 0x08, 0x7d, 0xbf, 0xff, 0xff, 0xff, 0xbf, 0xff, 0xff, 0xfc, 0x00, 0x00, 0x00, 0x01, 
	0x43, 0xff, 0xff, 0xff, 0xc4, 0x79, 0x7f, 0xff, 0xff, 0xff, 0xf9, 0x46, 0x30, 0xdf, 0xff, 0x7b, 
	0xdf, 0xdf, 0xdf, 0xee, 0xef, 0xfe, 0xff, 0xff, 0xff, 0xfd, 0xfd, 0xff, 0xff, 0x80, 0x00, 0x00, 
	0x00, 0x00, 0x00, 0x00, 0x1c, 0xff, 0xff, 0xff, 0xff, 0xfe, 0xff, 0xfe, 0xff, 0x77, 0x00, 0x00, 
	0x00, 0x08, 0x17, 0xff, 0xff, 0xff, 0xc0, 0xf0, 0x3f, 0xff, 0xff, 0xff, 0xe4, 0x27, 0x31, 0x9f, 
	0xbf, 0xff, 0xfd, 0xfb, 0x7e, 0xff, 0xbf, 0xf7, 0xfb, 0xff, 0xfd, 0xff, 0xdf, 0xff, 0x7f, 0x00, 
	0x00, 0x00, 0x00, 0x00, 0x00, 0x00, 0x1d, 0xfb, 0xbf, 0xff, 0xff, 0xff, 0xff, 0xfe, 0xf7, 0xfd, 
	0x00, 0x00, 0x00, 0x09, 0x27, 0xff, 0xff, 0xff, 0xa4, 0xf2, 0x0f, 0xff, 0xd5, 0xff, 0xd1, 0x4f, 
	0x99, 0xbf, 0xff, 0xef, 0x7f, 0x7f, 0xff, 0xbb, 0xff, 0xdf, 0xff, 0xbb, 0xf7, 0xff, 0x7f, 0xfd, 
	0xff, 0x80, 0x00, 0x00, 0x00, 0x00, 0x00, 0x00, 0x0f, 0xff, 0x7f, 0xff, 0xff, 0xff, 0xff, 0xfd, 
	0xff, 0xf7, 0x80, 0x00, 0x00, 0x10, 0x8f, 0xff, 0xff, 0xff, 0xc1, 0xa0, 0x9f, 0xdb, 0x7f, 0xff, 
	0x84, 0x86, 0x91, 0x3e, 0xff, 0x7f, 0xed, 0xef, 0xfd, 0xff, 0x7f, 0xfe, 0xfe, 0xff, 0xbf, 0xf7, 
	0xff, 0xef, 0xfb, 0x00, 0x00, 0x00, 0x00, 0x00, 0x00, 0x00, 0x1f, 0xfe, 0xff, 0xff, 0xff, 0xff, 
	0xff, 0xff, 0xff, 0x7e, 0xc0, 0x00, 0x00, 0x02, 0x2f, 0xff, 0xff, 0xff, 0x53, 0x14, 0x4f, 0xff, 
	0xff, 0x7f, 0x02, 0x2d, 0xeb, 0x3f, 0xff, 0xfb, 0x7f, 0xfa, 0xff, 0xed, 0xef, 0xff, 0xf7, 0xff, 
	0xff, 0xfe, 0xfb, 0x7f, 0xff, 0x80, 0x00, 0x00, 0x00, 0x00, 0x00, 0x00, 0x0f, 0x7c, 0xff, 0xff, 
	0xff, 0xff, 0xff, 0xfb, 0xfb, 0xeb, 0x60, 0x00, 0x00, 0x24, 0x9f, 0xff, 0xff, 0xff, 0xa2, 0x01, 
	0x1f, 0xff, 0xb7, 0xff, 0x83, 0x4f, 0xf6, 0x3f, 0xff, 0xef, 0xff, 0x6f, 0x7b, 0xbf, 0xff, 0xf7, 
	0xff, 0xfe, 0xff, 0xdf, 0xef, 0xff, 0xff, 0x80, 0x00, 0x00, 0x00, 0x00, 0x00, 0x00, 0x1d, 0xf1, 
	0xff, 0xff, 0xff, 0xff, 0xff, 0xfb, 0xbf, 0xff, 0xb0, 0x00, 0x00, 0x24, 0x3f, 0xff, 0xff, 0xff, 
	0xa7, 0x54, 0x4f, 0xf6, 0xff, 0xff, 0x04, 0x0d, 0xb7, 0x7e, 0xff, 0xff, 0xdd, 0xff, 0xdf, 0xff, 
	0xbf, 0xdf, 0xff, 0xdb, 0xff, 0xfb, 0xff, 0xff, 0xbf, 0x80, 0x00, 0x00, 0x00, 0x00, 0x00, 0x00, 
	0x3f, 0xe3, 0xff, 0xff, 0xff, 0xff, 0xff, 0xf7, 0xff, 0xbe, 0xf8, 0x00, 0x00, 0x49, 0x3f, 0xff, 
	0xff, 0xff, 0xae, 0x01, 0x0f, 0xff, 0xfd, 0xbe, 0x28, 0x0f, 0x1f, 0x3f, 0xff, 0xfe, 0xff, 0xdb, 
	0xeb, 0x76, 0xff, 0xff, 0xdd, 0xff, 0xff, 0x7f, 0xbf, 0xef, 0xfb, 0x80, 0x00, 0x00, 0x00, 0x00, 
	0x00, 0x00, 0x3f, 0xc7, 0xff, 0xff, 0xff, 0xff, 0xff, 0xff, 0xfd, 0xef, 0xec, 0x00, 0x00, 0x50, 
	0x7f, 0xff, 0xff, 0xff, 0x2f, 0x44, 0x57, 0xfb, 0xdf, 0xff, 0x10, 0x1e, 0x2f, 0x7d, 0xff, 0xdb, 
	0xef, 0x7f, 0x7d, 0xff, 0xff, 0xfd, 0xff, 0xff, 0xff, 0xfe, 0xfd, 0xff, 0xff, 0x80, 0x00, 0x00, 
	0x00, 0x00, 0x00, 0x00, 0x7f, 0x8f, 0xff, 0xff, 0xff, 0xff, 0xbf, 0xff, 0xef, 0xfb, 0xb6, 0x00, 
	0x00, 0x8a, 0xff, 0xff, 0xff, 0xff, 0xbb, 0x11, 0x0f, 0xef, 0x7f, 0xfe, 0x40, 0x1c, 0x1f, 0xbf, 
	0xfd, 0xff, 0xbf, 0xfd, 0xfb, 0xdb, 0xdf, 0xf7, 0xf7, 0xbf, 0xfb, 0xdb, 0xff, 0xff, 0xdf, 0x80, 
	0x00, 0x00, 0x00, 0x00, 0x00, 0x00, 0xfb, 0x1f, 0xfe, 0xff, 0xff, 0xff, 0xff, 0xee, 0xff, 0x6f, 
	0xff, 0x00, 0x01, 0x64, 0xff, 0xff, 0xff, 0xff, 0xb7, 0x00, 0x57, 0xff, 0xf6, 0xfd, 0x00, 0x2c, 
	0x1d, 0xff, 0xf7, 0xf6, 0xfd, 0xdf, 0xdb, 0xff, 0x7f, 0xdf, 0xff, 0xf7, 0xff, 0x7f, 0xf7, 0xbf, 
	0x7f, 0x80, 0x00, 0x00, 0x00, 0x00, 0x00, 0x01, 0xfe, 0x1f, 0xff, 0xff, 0xff, 0xff, 0xff, 0xff, 
	0xff, 0xfe, 0xfb, 0x80, 0x01, 0x70, 0xff, 0xff, 0xff, 0xff, 0x03, 0x21, 0x17, 0xfd, 0xff, 0xfc, 
	0x00, 0x6c, 0x14, 0xfd, 0xff, 0xff, 0xef, 0xf7, 0x7f, 0xfd, 0xff, 0xff, 0xde, 0xff, 0xff, 0xff, 
	0xdf, 0xff, 0xff, 0x80, 0x00, 0x00, 0x00, 0x00, 0x00, 0x03, 0xfc, 0x3f, 0xf9, 0xff, 0xff, 0xff, 
	0xff, 0xfb, 0xf6, 0xfb, 0xbe, 0xe2, 0x0a, 0x83, 0xff, 0xff, 0xff, 0xff, 0x81, 0x80, 0x0b, 0xef, 
	0xbf, 0xfe, 0x00, 0x5c, 0x18, 0xff, 0xbf, 0xff, 0xbf, 0x7f, 0xf7, 0xb7, 0xff, 0xff, 0xff, 0xff, 
	0xed, 0xed, 0xff, 0xff, 0xff, 0x00, 0x00, 0x00, 0x00, 0x00, 0x00, 0x07, 0xf2, 0x7f, 0xfb, 0xff, 
	0xff, 0xff, 0xff, 0xef, 0xdf, 0xdf, 0xef, 0xb0, 0xa2, 0x2b, 0xff, 0xff, 0xff, 0xff, 0x95, 0x28, 
	0x17, 0xff, 0xf7, 0xf8, 0x00, 0xa4, 0x30, 0xff, 0xff, 0xdb, 0xfb, 0xfd, 0xff, 0xff, 0xff, 0xbf, 
	0xfb, 0xff, 0xff, 0xbf, 0xfe, 0xff, 0xfd, 0x80, 0x00, 0x00, 0x00, 0x00, 0x00, 0x0f, 0xe1, 0x7f, 
	0xe7, 0xff, 0xfb, 0xff, 0xff, 0xff, 0xff, 0x7d, 0xfd, 0xda, 0x09, 0x4b, 0xff, 0xff, 0xff, 0xff, 
	0x81, 0x80, 0x03, 0xfd, 0xff, 0xf8, 0x01, 0x8c, 0x22, 0x7b, 0xff, 0xfe, 0xff, 0xdf, 0xaf, 0xde, 
	0xdf, 0xff, 0x6f, 0xff, 0xff, 0xff, 0xbf, 0xff, 0xff, 0x80, 0x00, 0x00, 0x00, 0x00, 0x00, 0x0f, 
	0xc0, 0xff, 0xef, 0xff, 0xff, 0xfd, 0xff, 0xff, 0x7d, 0xf7, 0xbf, 0xee, 0xa5, 0x2b, 0xff, 0xff, 
	0xff, 0xff, 0x90, 0xd0, 0x05, 0xff, 0x7f, 0xf8, 0x06, 0x88, 0x28, 0xff, 0x7f, 0xff, 0xdf, 0xf7, 
	0xff, 0x7f, 0xff, 0xff, 0xff, 0xff, 0xdb, 0xf7, 0xfb, 0xff, 0xff, 0x80, 0x00, 0x00, 0x00, 0x00, 
	0x00, 0x1f, 0x81, 0xff, 0x9f, 0xff, 0xff, 0xf7, 0xff, 0xbf, 0xf7, 0xdf, 0xf6, 0xff, 0x8a, 0xa7, 
	0xfb, 0xff, 0xff, 0xff, 0xc4, 0xc0, 0x03, 0xff, 0xfd, 0xf0, 0x05, 0x0c, 0x60, 0xff, 0xff, 0xff, 
	0x7b, 0xfd, 0xef, 0xf7, 0x7f, 0x7d, 0xff, 0xff, 0xff, 0x7f, 0xff, 0xff, 0xff, 0x80, 0x00, 0x00, 
	0x00, 0x00, 0x00, 0x3f, 0x01, 0xff, 0x9f, 0xff, 0xff, 0xff, 0xff, 0xf7, 0xff, 0xfd, 0xdf, 0xdb, 
	0xeb, 0x5f, 0xff, 0xff, 0xff, 0xff, 0xc2, 0x54, 0x01, 0xff, 0xef, 0xf0, 0x0a, 0x04, 0x41, 0xff, 
	0xbf, 0xed, 0xff, 0xf7, 0xbf, 0xdf, 0xff, 0xff, 0xdf, 0xff, 0x7d, 0xfd, 0xdf, 0xff, 0xff, 0x00, 
	0x00, 0x00, 0x00, 0x00, 0x00, 0x7e, 0x03, 0xff, 0x3f, 0xff, 0xff, 0xff, 0xff, 0xfe, 0xde, 0xef, 
	0x7f, 0x7f, 0xfe, 0x8f, 0xff, 0xff, 0xff, 0xff, 0xd0, 0x21, 0x01, 0xff, 0xbf, 0xe0, 0x2c, 0x0c, 
	0xd0, 0xfd, 0xfb, 0xff, 0xed, 0xbf, 0xfe, 0xfe, 0xff, 0xff, 0xff, 0xff, 0xef, 0xdf, 0xfd, 0xff, 
	0xff, 0x80, 0x00, 0x00, 0x00, 0x00, 0x00, 0xfc, 0x07, 0xfe, 0x7f, 0xff, 0xb6, 0xff, 0xff, 0xbf, 
	0xfb, 0xbf, 0xf7, 0xff, 0xff, 0xff, 0xff, 0xff, 0xff, 0xff, 0xe0, 0x30, 0x81, 0xfe, 0xff, 0xe0, 
	0x90, 0x04, 0x81, 0xff, 0xff, 0xff, 0xbf, 0xfd, 0xdf, 0xff, 0xfe, 0xfb, 0x7f, 0xff, 0xff, 0xff, 
	0xf7, 0xff, 0xff, 0x00, 0x00, 0x00, 0x00, 0x00, 0x00, 0xf8, 0x07, 0xfc, 0xff, 0xef, 0xff, 0xff, 
	0xff, 0xff, 0xff, 0xfb, 0xdd, 0xde, 0xdb, 0xff, 0xfd, 0xff, 0xff, 0xdf, 0x64, 0x08, 0x00, 0xff, 
	0xff, 0xe2, 0x10, 0x0d, 0x81, 0xef, 0xff, 0xf7, 0xff, 0xef, 0xbf, 0xbb, 0xbf, 0xff, 0xff, 0xfb, 
	0x7b, 0xff, 0xdf, 0xff, 0xfd, 0x80, 0x00, 0x00, 0x00, 0x00, 0x01, 0xf0, 0x0e, 0xf8, 0xff, 0xbf, 
	0xff, 0xff, 0xff, 0xf6, 0xdf, 0x7e, 0xff, 0xff, 0xff, 0xff, 0xff, 0xff, 0xff, 0xff, 0x70, 0x04, 
	0x41, 0xfb, 0xff, 0xc0, 0x60, 0x05, 0x01, 0xfe, 0xff, 0xff, 0xed, 0xff, 0xfe, 0xff, 0xff, 0xbf, 
	0xff, 0xff, 0xef, 0xff, 0xff, 0xff, 0xff, 0x80, 0x00, 0x00, 0x00, 0x00, 0x03, 0xf0, 0x0f, 0xf1, 
	0xff, 0xfe, 0xef, 0xff, 0xfe, 0xdf, 0xfb, 0xef, 0xf7, 0x7b, 0x7f, 0xfe, 0xff, 0xff, 0xff, 0xff, 
	0x70, 0x00, 0x60, 0xff, 0xdf, 0xd4, 0x80, 0x06, 0x03, 0xf7, 0xbf, 0xbf, 0x7f, 0x7b, 0x7f, 0xff, 
	0xfd, 0xff, 0xff, 0xfe, 0xff, 0xff, 0x7f, 0xff, 0xff, 0x00, 0x00, 0x00, 0x00, 0x00, 0x07, 0xe0, 
	0x1f, 0xe3, 0xfe, 0xff, 0xff, 0xff, 0xff, 0xff, 0xff, 0xbb, 0x7f, 0xef, 0xff, 0xff, 0xf7, 0xff, 
	0xff, 0xbf, 0x30, 0x01, 0x00, 0xff, 0x7f, 0xc1, 0x00, 0x0e, 0x03, 0xdf, 0xff, 0xfb, 0xfb, 0xef, 
	0xfb, 0xde, 0xdf, 0xfb, 0xff, 0xef, 0xff, 0xff, 0xff, 0xff, 0xff, 0x00, 0x00, 0x00, 0x00, 0x00, 
	0x0f, 0xe0, 0x3d, 0xc3, 0xef, 0xff, 0xfd, 0xff, 0xff, 0xfe, 0xde, 0xff, 0xd6, 0xff, 0xdf, 0xff, 
	0xff, 0xff, 0xff, 0xff, 0x18, 0x00, 0x30, 0xfd, 0xff, 0xa5, 0x00, 0x0c, 0x03, 0xfd, 0xff, 0xff, 
	0xdf, 0xff, 0xff, 0x7f, 0xff, 0xff, 0xff, 0xfd, 0xdf, 0xfd, 0xff, 0xff, 0xff, 0x80, 0x00, 0x00, 
	0x00, 0x00, 0x0f, 0xc0, 0x3f, 0x87, 0x7f, 0xff, 0xff, 0xdf, 0xff, 0xf7, 0xfb, 0xfd, 0xff, 0xbe, 
	0xff, 0xff, 0xff, 0xff, 0xfe, 0xff, 0x38, 0x00, 0x18, 0xff, 0xff, 0x88, 0x00, 0x16, 0x07, 0xf7, 
	0xdf, 0xff, 0x7f, 0xfd, 0xff, 0xff, 0xff, 0xff, 0xff, 0xbf, 0xff, 0x7f, 0xdf, 0xff, 0xff, 0x80, 
	0x00, 0x00, 0x00, 0x00, 0x1f, 0x80, 0x3b, 0x8f, 0xfb, 0xff, 0xff, 0xff, 0xfe, 0xdf, 0xff, 0xef, 
	0xff, 0xfb, 0xff, 0xff, 0xdf, 0xff, 0xff, 0xdf, 0x1c, 0x00, 0x04, 0x7f, 0xff, 0xa8, 0x00, 0x22, 
	0x07, 0xdf, 0xff, 0xbb, 0xfb, 0xbf, 0xdb, 0xf6, 0xff, 0xff, 0xbf, 0xf7, 0xff, 0xff, 0xff, 0xff, 
	0xff, 0x80, 0x00, 0x00, 0x00, 0x00, 0x3f, 0x80, 0x7f, 0x1d, 0xef, 0xff, 0xff, 0xff, 0xff, 0xff, 
	0x6f, 0xbe, 0xce, 0xff, 0xff, 0xff, 0xff, 0xff, 0xff, 0xff, 0x24, 0x00, 0x02, 0x7f, 0xff, 0x80, 
	0x00, 0x42, 0x0f, 0xff, 0x7e, 0xff, 0xef, 0xfb, 0xff, 0x7f, 0xde, 0xfe, 0xfe, 0xff, 0xff, 0xf6, 
	0xff, 0xff, 0xfb, 0xc0, 0x00, 0x00, 0x00, 0x00, 0x3f, 0x00, 0x7e, 0x37, 0xbf, 0xfd, 0xff, 0xff, 
	0xbf, 0xfd, 0xfd, 0xfb, 0xb7, 0xef, 0xff, 0xfd, 0xff, 0xff, 0xf6, 0xff, 0x24, 0x00, 0x00, 0xff, 
	0xff, 0x80, 0x00, 0x83, 0x1f, 0xbd, 0xff, 0xff, 0xff, 0xff, 0xfd, 0xff, 0xff, 0xff, 0xff, 0xff, 
	0xff, 0xff, 0xff, 0xff, 0xff, 0xe0, 0x00, 0x00, 0x00, 0x00, 0x7d, 0x80, 0xf4, 0x7f, 0xff, 0xff, 
	0xff, 0xff, 0xfd, 0xdf, 0xff, 0xff, 0xdf, 0xff, 0xff, 0xff, 0xff, 0xff, 0xff, 0xdf, 0x52, 0x08, 
	0x00, 0xff, 0xdf, 0x80, 0x00, 0x83, 0x1f, 0xf7, 0xff, 0xff, 0x7f, 0xfd, 0xb7, 0xdf, 0xff, 0xff, 
	0xff, 0xdf, 0x77, 0xdf, 0xff, 0xff, 0xff, 0xe0, 0x00, 0x00, 0x00, 0x00, 0xfd, 0x00, 0xfc, 0x6e, 
	0xff, 0xff, 0xff, 0xbe, 0xff, 0xff, 0xb7, 0xb7, 0xdd, 0xfb, 0xff, 0xff, 0x7f, 0xff, 0xff, 0xfe, 
	0x42, 0x02, 0x00, 0xff, 0xff, 0x80, 0x02, 0x81, 0x2f, 0xbf, 0xdf, 0xfd, 0xed, 0xdf, 0xff, 0xff, 
	0x7f, 0xff, 0xfb, 0xff, 0xff, 0xfb, 0x7f, 0xff, 0xff, 0xe0, 0x00, 0x00, 0x00, 0x00, 0xf9, 0x01, 
	0xf9, 0xdf, 0xff, 0xff, 0xff, 0xff, 0xff, 0xf6, 0xfe, 0xff, 0x7f, 0xbf, 0xff, 0xf7, 0xff, 0xff, 
	0xf6, 0xdf, 0x41, 0x00, 0x01, 0xff, 0xff, 0x80, 0x09, 0x01, 0xbf, 0xff, 0x7e, 0xff, 0xff, 0xfb, 
	0xff, 0x7f, 0xff, 0xfe, 0xff, 0x7f, 0xff, 0x7f, 0xff, 0xff, 0xff, 0xb0, 0x00, 0x00, 0x00, 0x01, 
	0xf9, 0x01, 0xf9, 0xf7, 0xff, 0xff, 0xfd, 0xfb, 0xfe, 0xdf, 0xff, 0xfd, 0xff, 0xff, 0xff, 0xff, 
	0xff, 0xff, 0xff, 0xff, 0x40, 0x00, 0x41, 0xef, 0xee, 0xc0, 0x02, 0x00, 0xef, 0x6d, 0xff, 0xff, 
	0xff, 0xff, 0xdb, 0xff, 0xff, 0xff, 0xff, 0xff, 0xff, 0xef, 0xff, 0xff, 0xfe, 0xf8, 0x00, 0x00, 
	0x00, 0x01, 0xf1, 0x03, 0xf3, 0x5e, 0xff, 0xff, 0xf7, 0xff, 0xff, 0xff, 0xef, 0xdf, 0xf7, 0xdf, 
	0xff, 0xff, 0xff, 0xff, 0xdf, 0xbf, 0x02, 0x81, 0x01, 0xff, 0xfb, 0xc1, 0x24, 0x00, 0xcf, 0xff, 
	0xff, 0xbf, 0xff, 0xb7, 0xff, 0xff, 0xbf, 0xff, 0xf7, 0xff, 0xff, 0xff, 0xfd, 0xff, 0xfb, 0xf8, 
	0x00, 0x00, 0x00, 0x03, 0xf1, 0x03, 0xef, 0xff, 0xff, 0xff, 0xdf, 0xff, 0xff, 0xfd, 0xbd, 0xfb, 
	0xbf, 0x7f, 0xff, 0xf7, 0xff, 0xff, 0xfb, 0xff, 0x40, 0x00, 0x13, 0xff, 0xf7, 0xc4, 0x08, 0x01, 
	0xdf, 0x7f, 0xfe, 0xfb, 0xfb, 0xff, 0x7e, 0xdf, 0xff, 0xff, 0xff, 0xfe, 0xfb, 0x7d, 0xff, 0xff, 
	0xdf, 0xf8, 0x00, 0x00, 0x00, 0x03, 0xe1, 0x87, 0xfe, 0xbb, 0xff, 0xff, 0x7f, 0xef, 0xfb, 0x77, 
	0xff, 0xbf, 0xff, 0xff, 0xff, 0xdf, 0xff, 0xff, 0xff, 0xdf, 0x00, 0x00, 0x03, 0xbf, 0xff, 0xd0, 
	0x48, 0x02, 0x5f, 0xee, 0xff, 0xff, 0xbf, 0xef, 0xef, 0xff, 0xff, 0xff, 0xdf, 0xff, 0xff, 0xef, 
	0xff, 0xff, 0x7f, 0xf8, 0x00, 0x00, 0x00, 0x03, 0xe0, 0x87, 0xfb, 0xff, 0xff, 0xff, 0xff, 0xff, 
	0xff, 0xff, 0xfb, 0xf3, 0xbd, 0xff, 0xff, 0xff, 0xff, 0xff, 0xbd, 0xff, 0x40, 0x00, 0x8b, 0xff, 
	0xef, 0xe2, 0x10, 0x04, 0x7f, 0x7f, 0xfb, 0xff, 0xfe, 0xff, 0xfb, 0xff, 0xdf, 0xff, 0xff, 0xff, 
	0xef, 0xff, 0xff, 0xff, 0xff, 0xf8, 0x00, 0x00, 0x00, 0x07, 0xc0, 0xcf, 0xf7, 0xff, 0xff, 0xfb, 
	0xff, 0xfb, 0xff, 0xdf, 0x6f, 0xff, 0xff, 0xff, 0xff, 0xff, 0xff, 0xff, 0xf7, 0xbe, 0x00, 0x20, 
	0x23, 0xff, 0xfb, 0xc8, 0x20, 0x08, 0x1f, 0xfb, 0xbf, 0xff, 0x6f, 0xde, 0xdf, 0xff, 0xff, 0xfe, 
	0xff, 0xff, 0xfd, 0xbf, 0xf7, 0xf7, 0xff, 0xd8, 0x00, 0x00, 0x00, 0x07, 0xc0, 0x6f, 0xee, 0xff, 
	0xff, 0xff, 0xff, 0xef, 0xfb, 0xfd, 0xff, 0x77, 0x77, 0xff, 0xff, 0xdf, 0xff, 0xff, 0xff, 0xff, 
	0x00, 0x00, 0x07, 0xff, 0xff, 0x60, 0x00, 0x10, 0x3d, 0x6f, 0xff, 0x7f, 0xff, 0xff, 0xfe, 0xef, 
	0xff, 0xff, 0xff, 0xff, 0x7f, 0xff, 0xff, 0x7f, 0xff, 0xf8, 0x00, 0x00, 0x00, 0x07, 0x80, 0x6f, 
	0xbb, 0xff, 0xff, 0xef, 0xff, 0xff, 0xff, 0x7f, 0xff, 0xff, 0xff, 0xff, 0xff, 0xff, 0xff, 0xff, 
	0xbe, 0xbe, 0x00, 0x00, 0x07, 0xff, 0xf7, 0xe0, 0x40, 0x40, 0xbf, 0xff, 0xfb, 0xfd, 0xfb, 0x7f, 
	0xfb, 0xff, 0xff, 0xff, 0xdf, 0xfb, 0xef, 0xff, 0xff, 0xfe, 0xff, 0xf0, 0x00, 0x00, 0x00, 0x07, 
	0xc0, 0x1f, 0xdf, 0xf7, 0xff, 0xff, 0xff, 0xbf, 0xff, 0xf7, 0xed, 0xdf, 0xfd, 0xff, 0xff, 0x7f, 
	0xff, 0xfe, 0xf7, 0xff, 0x00, 0x00, 0x2f, 0xbf, 0xff, 0xe0, 0x80, 0x00, 0x3e, 0xfe, 0xff, 0xff, 
	0xdf, 0xf6, 0xdf, 0xff, 0xff, 0xfb, 0x7f, 0xef, 0xfd, 0xdf, 0xff, 0xef, 0xff, 0xf0, 0x00, 0x00, 
	0x00, 0x0f, 0x80, 0x1f, 0x7f, 0xff, 0xff, 0xff, 0xbf, 0xff, 0xef, 0xdf, 0x7f, 0xfb, 0xdf, 0xff, 
	0xff, 0xff, 0xff, 0xff, 0xff, 0xbe, 0x00, 0x08, 0x07, 0xff, 0xdb, 0xf1, 0x00, 0x80, 0x3f, 0xef, 
	0xef, 0xbf, 0xff, 0xbf, 0xff, 0xff, 0xff, 0xff, 0xff, 0xff, 0x7f, 0xff, 0xf7, 0x7f, 0xff, 0xb0, 
	0x00, 0x00, 0x00, 0x07, 0x80, 0x16, 0xfb, 0xff, 0xff, 0x7e, 0xfe, 0xf7, 0xfd, 0xff, 0xff, 0x7f, 
	0xff, 0xff, 0xff, 0xff, 0xff, 0xfb, 0xee, 0xff, 0x00, 0x00, 0x0f, 0xff, 0xff, 0xe2, 0x00, 0x08, 
	0x7e, 0xff, 0xfd, 0xfd, 0xfb, 0x7f, 0x7d, 0xff, 0xff, 0xff, 0xff, 0xbf, 0xff, 0x7f, 0xbf, 0xff, 
	0xff, 0xe0, 0x00, 0x00, 0x00, 0x0f, 0x00, 0x3f, 0xef, 0xff, 0xff, 0xfb, 0xff, 0xff, 0xff, 0xfd, 
	0xf7, 0xbf, 0x77, 0xff, 0xff, 0xff, 0xff, 0xff, 0xbf, 0xff, 0x00, 0x00, 0x0f, 0xff, 0xfe, 0xf4, 
	0x00, 0x00, 0x7f, 0xfd, 0xff, 0xff, 0xbf, 0xfb, 0xef, 0xff, 0xff, 0xef, 0xff, 0xfb, 0xed, 0xfd, 
	0xff, 0xff, 0xff, 0xe0, 0x00, 0x00, 0x00, 0x0f, 0x80, 0x3b, 0xff, 0xdf, 0xff, 0xff, 0xff, 0xbf, 
	0xef, 0x77, 0xdf, 0x7b, 0xff, 0xff, 0xfd, 0xff, 0xff, 0xfe, 0xfd, 0xbe, 0x00, 0x00, 0x1f, 0xdf, 
	0xef, 0xf0, 0x00, 0x00, 0x7d, 0xdf, 0xb7, 0xfe, 0xff, 0xff, 0xff, 0xf7, 0xff, 0xff, 0xfe, 0xff, 
	0xff, 0xff, 0xfe, 0xff, 0xff, 0xe0, 0x00, 0x00, 0x00, 0x07, 0x00, 0x1f, 0xbf, 0xff, 0xfd, 0xff, 
	0xfd, 0xff, 0xff, 0xff, 0xff, 0xff, 0xff, 0xff, 0xff, 0xff, 0xff, 0xef, 0xff, 0xff, 0x00, 0x00, 
	0x0f, 0xff, 0xbf, 0xb0, 0x08, 0x02, 0xff, 0xfb, 0xff, 0xf7, 0xee, 0xee, 0xff, 0xbf, 0xff, 0xff, 
	0xff, 0xef, 0x7f, 0xf7, 0xf7, 0xff, 0xff, 0xc0, 0x00, 0x00, 0x00, 0x0f, 0x00, 0x36, 0xff, 0xff, 
	0xff, 0xff, 0xff, 0xff, 0xbd, 0xdf, 0x7d, 0xf7, 0xbf, 0xff, 0xff, 0xff, 0xff, 0xfd, 0xef, 0x7f, 
	0x00, 0x00, 0x1f, 0xff, 0xfd, 0xf0, 0x00, 0x00, 0xfd, 0xbf, 0xff, 0x7f, 0xff, 0xff, 0xdb, 0xff, 
	0xff, 0xbf, 0xfb, 0xff, 0xff, 0xdf, 0xbf, 0xff, 0xfe, 0xc0, 0x00, 0x00, 0x00, 0x07, 0x00, 0x7f, 
	0xff, 0xbf, 0xff, 0xff, 0xff, 0xdf, 0xff, 0xff, 0xf7, 0xdf, 0xff, 0xff, 0xff, 0xff, 0xff, 0xf7, 
	0xfd, 0xdf, 0x00, 0x01, 0x1f, 0xff, 0xff, 0xf8, 0x00, 0x00, 0xff, 0xff, 0xfd, 0xfe, 0xfd, 0xff, 
	0xff, 0xff, 0xff, 0xff, 0xbf, 0xbf, 0xed, 0xff, 0xff, 0xff, 0xff, 0xc0, 0x00, 0x00, 0x00, 0x07, 
	0x00, 0xff, 0xff, 0x7f, 0xfb, 0xff, 0xfb, 0x7f, 0xf7, 0xfb, 0xff, 0xff, 0xff, 0xff, 0xff, 0xff, 
	0xff, 0xdf, 0xbf, 0xbf, 0x00, 0x00, 0x3f, 0xdb, 0x77, 0xf0, 0x40, 0x01, 0xfb, 0xfe, 0xdf, 0xfb, 
	0xff, 0xf6, 0xfe, 0xff, 0xff, 0xfd, 0xff, 0xff, 0x7f, 0xfe, 0xff, 0xff, 0xff, 0x80, 0x00, 0x00, 
	0x00, 0x07, 0x81, 0xff, 0xfe, 0x7f, 0xff, 0xff, 0xff, 0xff, 0x7f, 0x6f, 0xbf, 0x7e, 0xff, 0xff, 
	0xff, 0xff, 0xff, 0xff, 0xf7, 0x7f, 0x00, 0x00, 0x3f, 0xff, 0xff, 0xd8, 0x00, 0x01, 0xfd, 0xbb, 
	0xff, 0xef, 0xdb, 0xdf, 0xdb, 0xff, 0xff, 0xff, 0xf7, 0xfd, 0xff, 0xbf, 0xff, 0xff, 0xff, 0x80, 
	0x00, 0x00, 0x00, 0x07, 0x03, 0xf6, 0xfc, 0xff, 0xff, 0xff, 0xff, 0xff, 0xff, 0xff, 0xfb, 0xff, 
	0xff, 0xff, 0xff, 0xff, 0xff, 0xfd, 0xff, 0xff, 0x00, 0x00, 0x3f, 0xff, 0xff, 0x79, 0x00, 0x01, 
	0xfb, 0xff, 0xf7, 0xff, 0xff, 0xff, 0xff, 0xff, 0xff, 0xef, 0xdf, 0xff, 0xfb, 0xfb, 0xff, 0xff, 
	0xff, 0x00, 0x00, 0x00, 0x00, 0x03, 0x87, 0xff, 0xf8, 0xff, 0xff, 0xff, 0xed, 0xff, 0xed, 0xfe, 
	0xef, 0xfb, 0xff, 0xff, 0xff, 0xff, 0xff, 0x6f, 0xbd, 0x7f, 0x00, 0x00, 0x3f, 0xbf, 0xbb, 0xf8, 
	0x00, 0x03, 0xff, 0xff, 0xdf, 0xff, 0xf7, 0x7d, 0xff, 0xff, 0xff, 0xbf, 0x7f, 0xff, 0xdf, 0xff, 
	0xff, 0xff, 0xff, 0x00, 0x00, 0x00, 0x00, 0x03, 0x8f, 0xdf, 0xf1, 0xff, 0xff, 0xff, 0xff, 0xbe, 
	0xff, 0xfb, 0xff, 0xef, 0xff, 0xff, 0xff, 0xff, 0xff, 0xfe, 0xf7, 0xff, 0x80, 0x00, 0x7b, 0xf6, 
	0xff, 0xf8, 0x00, 0x03, 0xf7, 0xb6, 0xff, 0x7b, 0x7f, 0xf7, 0xdf, 0xff, 0xfe, 0xff, 0xff, 0xff, 
	0x7f, 0xdf, 0xff, 0xff, 0xff, 0x00, 0x00, 0x00, 0x00, 0x01, 0x9f, 0xff, 0xe3, 0xff, 0xff, 0xf7, 
	0xff, 0xff, 0xff, 0xbf, 0xfe, 0xff, 0xff, 0xff, 0xff, 0xff, 0xff, 0xf7, 0xff, 0x7f, 0x00, 0x00, 
	0x7f, 0xff, 0xff, 0xf8, 0x00, 0x03, 0x7b, 0xff, 0xff, 0xef, 0xef, 0xdf, 0xfd, 0xff, 0xff, 0xff, 
	0xff, 0xfb, 0xfe, 0xff, 0x7f, 0xff, 0xff, 0x00, 0x00, 0x00, 0x00, 0x01, 0xff, 0xff, 0xc7, 0xff, 
	0xff, 0xff, 0xb7, 0xff, 0xde, 0xff, 0xbb, 0xff, 0xff, 0xff, 0xff, 0xff, 0xfe, 0xdf, 0xff, 0xff, 
	0x80, 0x00, 0x7f, 0xff, 0xf7, 0xbc, 0x00, 0x07, 0xff, 0xff, 0xfd, 0xff, 0xfe, 0xff, 0xff, 0xff, 
	0xfb, 0xff, 0xff, 0xff, 0xfb, 0xfd, 0xff, 0xff, 0xff, 0x00, 0x00, 0x00, 0x00, 0x01, 0xff, 0x77, 
	0x9b, 0xff, 0xff, 0xff, 0xfe, 0xfb, 0x7b, 0xf7, 0xff, 0xff, 0xff, 0xff, 0xff, 0xff, 0xff, 0xff, 
	0x6f, 0x7d, 0x80, 0x00, 0x77, 0xbb, 0xdf, 0xf8, 0x00, 0x07, 0xf7, 0x77, 0x77, 0xff, 0xbf, 0xfe, 
	0xdf, 0xf7, 0xff, 0xff, 0xff, 0xef, 0xdf, 0xf7, 0xff, 0xdf, 0xfb, 0x00, 0x00, 0x00, 0x00, 0x00, 
	0xff, 0xff, 0x33, 0xff, 0xff, 0xbf, 0xff, 0xff, 0xff, 0xfe, 0xff, 0xdf, 0xff, 0xff, 0xff, 0xff, 
	0xff, 0xfd, 0xfd, 0xdf, 0x80, 0x00, 0x7f, 0xff, 0xff, 0xfc, 0x00, 0x07, 0xff, 0xff, 0xff, 0xbd, 
	0xfb, 0xf7, 0xff, 0xdf, 0xff, 0xff, 0xff, 0xfe, 0xff, 0xff, 0xff, 0x7f, 0xff, 0x80, 0x00, 0x00, 
	0x00, 0x01, 0xff, 0xfe, 0x27, 0xff, 0xff, 0xff, 0xbb, 0xef, 0xff, 0xdf, 0xef, 0x7f, 0xff, 0xff, 
	0xff, 0xff, 0xfd, 0xb7, 0xff, 0x7f, 0xc0, 0x00, 0xff, 0xff, 0x7e, 0xfc, 0x00, 0x0e, 0xf7, 0xdf, 
	0xff, 0xf7, 0xdf, 0xbf, 0xfd, 0xff, 0xff, 0xff, 0xff, 0xff, 0xff, 0xbf, 0xff, 0xff, 0xff, 0x00, 
	0x00, 0x00, 0x00, 0x03, 0xbd, 0xec, 0xc7, 0xff, 0xfe, 0xff, 0xff, 0xff, 0xef, 0x7f, 0xff, 0xff, 
	0xff, 0xfe, 0xff, 0xff, 0xff, 0xff, 0xef, 0xff, 0x80, 0x00, 0xfd, 0xdd, 0xff, 0xdc, 0x00, 0x0f, 
	0xfe, 0xfd, 0xee, 0xff, 0xff, 0xff, 0x77, 0xff, 0xfd, 0xff, 0xff, 0xb7, 0xfb, 0xff, 0xfd, 0xff, 
	0xef, 0x00, 0x00, 0x00, 0x00, 0x07, 0xff, 0xbd, 0x0f, 0xff, 0xff, 0xff, 0xef, 0xbe, 0xff, 0xfd, 
	0xfd, 0xff, 0xff, 0xff, 0xff, 0xff, 0xff, 0xff, 0xbf, 0x7f, 0xc0, 0x00, 0xf7, 0xff, 0xf7, 0xfc, 
	0x00, 0x1f, 0xef, 0xff, 0xff, 0xff, 0xbe, 0xfd, 0xff, 0xff, 0xff, 0xff, 0x7e, 0xff, 0x6f, 0xff, 
	0xff, 0xff, 0xff, 0x00, 0x00, 0x00, 0x00, 0x0f, 0xff, 0xfb, 0x0f, 0xff, 0xff, 0xfe, 0xfe, 0xff, 
	0xfd, 0xff, 0xbf, 0xff, 0xff, 0xff, 0xff, 0xff, 0xf7, 0x7e, 0xfd, 0xfe, 0xc0, 0x00, 0xff, 0xff, 
	0xff, 0x7e, 0x00, 0x1b, 0xff, 0xef, 0xff, 0xde, 0xff, 0xf7, 0xff, 0xff, 0xff, 0xff, 0xff, 0xff, 
	0xff, 0xdf, 0xff, 0xff, 0xff, 0x00, 0x00, 0x00, 0x00, 0x0d, 0xdd, 0x5c, 0x0f, 0xff, 0xfb, 0xff, 
	0xff, 0xff, 0xb7, 0xef, 0xff, 0xff, 0xff, 0xff, 0xff, 0xff, 0xff, 0xef, 0xff, 0xbf, 0xc0, 0x00, 
	0xff, 0xdf, 0xbf, 0xfc, 0x10, 0x1f, 0xf7, 0x7e, 0xdb, 0xfb, 0xfb, 0xff, 0xee, 0xff, 0xff, 0xff, 
	0xfb, 0xfb, 0xff, 0x7f, 0xdf, 0xdd, 0xdf, 0x00, 0x00, 0x00, 0x00, 0x1f, 0xbf, 0x70, 0x0f, 0xbf, 
	0xff, 0xff, 0xbb, 0xfb, 0xff, 0xfe, 0xf7, 0x7f, 0xef, 0xff, 0xff, 0xff, 0xff, 0xff, 0xff, 0xff, 
	0xe0, 0x01, 0xfe, 0xfb, 0xfd, 0xf6, 0x20, 0x3f, 0xff, 0xff, 0xff, 0x7f, 0x7f, 0xff, 0xbf, 0xff, 
	0xff, 0xff, 0xff, 0xdf, 0xff, 0xfe, 0xfd, 0xff, 0xff, 0x00, 0x00, 0x00, 0x00, 0x3f, 0x3a, 0xa0, 
	0x1f, 0xff, 0xff, 0xfb, 0xff, 0xff, 0xff, 0xbf, 0xff, 0xff, 0xbf, 0xfb, 0xff, 0xff, 0xed, 0xfb, 
	0xdb, 0xbf, 0xc0, 0x00, 0xef, 0xff, 0xf7, 0xfd, 0x00, 0x3f, 0xdf, 0xfb, 0xff, 0xff, 0xff, 0xde, 
	0xff, 0xff, 0xff, 0xff, 0xff, 0x7f, 0x77, 0xff, 0xff, 0xff, 0xfb, 0x00, 0x00, 0x00, 0x00, 0x76, 
	0x35, 0x60, 0x0f, 0xff, 0xef, 0xff, 0xef, 0xff, 0x7e, 0xfb, 0xff, 0xfe, 0xff, 0xff, 0xff, 0xff, 
	0xff, 0xbf, 0xff, 0xfe, 0xe0, 0x01, 0xff, 0xff, 0x7f, 0xde, 0xa0, 0x7b, 0xfd, 0xef, 0xff, 0xed, 
	0xfe, 0xfb, 0xff, 0xef, 0xff, 0xff, 0xdb, 0xff, 0xff, 0xfb, 0xff, 0xff, 0xfe, 0x00, 0x00, 0x00, 
	0x00, 0x7e, 0x74, 0xc0, 0x1f, 0xff, 0xff, 0xfe, 0xff, 0xdb, 0xf7, 0xff, 0xdd, 0xff, 0xff, 0xff, 
	0xff, 0xff, 0xff, 0xff, 0x7f, 0x7f, 0xe1, 0x01, 0xff, 0xbb, 0xff, 0xfc, 0x80, 0x7f, 0xf7, 0xff, 
	0xb6, 0xff, 0xef, 0xff, 0xfe, 0xff, 0xff, 0xff, 0xff, 0xfd, 0xfe, 0xef, 0xef, 0x77, 0xef, 0x00, 
	0x00, 0x00, 0x00, 0xf8, 0x60, 0x80, 0x1f, 0xff, 0xbf, 0xef, 0xff, 0x7f, 0xff, 0xff, 0x7f, 0xff, 
	0xff, 0xff, 0xff, 0xff, 0xbf, 0xfb, 0xfb, 0xff, 0xf0, 0x21, 0xfb, 0xff, 0xff, 0x7e, 0xc0, 0xff, 
	0xdf, 0xbf, 0xff, 0xfd, 0xff, 0xff, 0xf7, 0xff, 0xff, 0xfe, 0xff, 0xf7, 0xef, 0xff, 0xff, 0xff, 
	0xbe, 0x00, 0x00, 0x00, 0x01, 0xd8, 0x6b, 0x80, 0x0f, 0xfd, 0xff, 0xff, 0xdd, 0xff, 0xdf, 0xdd, 
	0xff, 0xfb, 0xff, 0xff, 0xff, 0xff, 0xfb, 0x6f, 0xef, 0xff, 0xb0, 0x01, 0xef, 0xff, 0xdb, 0xfe, 
	0x40, 0xdf, 0xff, 0xfd, 0xff, 0xef, 0xfb, 0xbf, 0xdf, 0xff, 0xff, 0xff, 0xef, 0x7f, 0xff, 0xff, 
	0xbd, 0xff, 0xfe, 0x00, 0x00, 0x00, 0x01, 0xf0, 0xe1, 0x00, 0x1f, 0xf7, 0xff, 0xfd, 0xff, 0xfe, 
	0xfd, 0xff, 0xff, 0xff, 0xff, 0xff, 0xff, 0xff, 0xff, 0xff, 0xff, 0xbe, 0xf0, 0x09, 0xff, 0xbb, 
	0xff, 0xfc, 0xc1, 0xff, 0xff, 0xff, 0xef, 0x7f, 0xbf, 0xf7, 0x7f, 0xff, 0xff, 0xff, 0xff, 0xff, 
	0xff, 0xbe, 0xff, 0xff, 0xfe, 0x00, 0x00, 0x00, 0x03, 0x60, 0xc3, 0x00, 0x0f, 0xff, 0xfb, 0xdf, 
	0xff, 0xfb, 0xff, 0xf7, 0xff, 0xef, 0xff, 0xff, 0xff, 0xff, 0xff, 0xff, 0x7f, 0xff, 0xf8, 0x03, 
	0xff, 0xff, 0xff, 0xee, 0x41, 0xfb, 0xfd, 0xef, 0xbf, 0xfb, 0xff, 0xff, 0xff, 0x7f, 0xff, 0xfb, 
	0xbd, 0xff, 0x7f, 0xff, 0xff, 0xff, 0xfe, 0x00, 0x00, 0x00, 0x03, 0xc0, 0xd3, 0x00, 0x1f, 0xdf, 
	0xff, 0xff, 0xbf, 0xef, 0xf7, 0xbf, 0xde, 0xff, 0xff, 0xff, 0xff, 0xff, 0xef, 0xfd, 0xfd, 0xff, 
	0xf8, 0x09, 0xfd, 0xff, 0x7f, 0x7e, 0x03, 0x7f, 0xb7, 0xff, 0xfd, 0xf7, 0xf6, 0xff, 0xfd, 0xff, 
	0xff, 0xef, 0xff, 0xef, 0xff, 0xff, 0xff, 0xbd, 0xec, 0x00, 0x00, 0x00, 0x07, 0xc0, 0xc7, 0x00, 
	0x1f, 0xff, 0xef, 0xfb, 0xfb, 0xff, 0xdf, 0xff, 0x7f, 0xff, 0xff, 0xff, 0xff, 0xff, 0xfd, 0xb7, 
	0xf7, 0xdf, 0xe8, 0x83, 0xdf, 0xef, 0xed, 0xfe, 0x53, 0xef, 0xff, 0xbd, 0xff, 0xff, 0xbf, 0xf7, 
	0xf7, 0xff, 0xff, 0xff, 0xff, 0xff, 0xff, 0xff, 0xfd, 0xff, 0xfe, 0x00, 0x00, 0x00, 0x07, 0x81, 
	0x87, 0x00, 0x3f, 0x7f, 0xff, 0xdf, 0xff, 0xbf, 0xff, 0xff, 0xff, 0xff, 0xff, 0xff, 0xff, 0xff, 
	0xff, 0xff, 0xff, 0xff, 0x7c, 0x05, 0xff, 0xbf, 0xff, 0xfe, 0x47, 0xff, 0xff, 0xff, 0xff, 0xdf, 
	0xff, 0xfe, 0xdf, 0xff, 0xff, 0xff, 0x77, 0x7d, 0xff, 0xff, 0xf7, 0xff, 0xfc, 0x00, 0x00, 0x00, 
	0x0f, 0x01, 0xaf, 0x00, 0x7f, 0xff, 0xff, 0xff, 0xbf, 0xfe, 0xfe, 0xef, 0xfb, 0xff, 0xff, 0xff, 
	0xff, 0xff, 0xff, 0xff, 0xdf, 0xff, 0xfd, 0x03, 0xfe, 0xfd, 0xff, 0xfe, 0x2b, 0xff, 0xff, 0xff, 
	0xb7, 0xfe, 0xff, 0xdf, 0xff, 0xff, 0xff, 0x7d, 0xff, 0xff, 0xff, 0xff, 0xff, 0xff, 0xdc, 0x00, 
	0x00, 0x00, 0x0d, 0x01, 0x8b, 0x00, 0xff, 0xff, 0xbf, 0xfe, 0xff, 0xfb, 0xfb, 0xfd, 0xff, 0xff, 
	0xff, 0xff, 0xff, 0xff, 0xf7, 0xdf, 0x7e, 0xdf, 0xfc, 0x43, 0xf7, 0xff, 0xbf, 0xde, 0x8f, 0xff, 
	0xdd, 0xee, 0xff, 0x7b, 0xfb, 0xff, 0xff, 0xff, 0xff, 0xef, 0xff, 0xf7, 0xff, 0xff, 0xdf, 0xff, 
	0x7c, 0x00, 0x00, 0x00, 0x1f, 0x01, 0x0b, 0x81, 0xff, 0xff, 0xff, 0x77, 0xfb, 0xbf, 0xef, 0xff, 
	0xdf, 0xff, 0xff, 0xff, 0xff, 0xff, 0xff, 0x7d, 0xff, 0xff, 0xde, 0x13, 0xff, 0xff, 0xfb, 0xfe, 
	0x2f, 0xbf, 0xff, 0xbf, 0xff, 0xff, 0xef, 0xff, 0xff, 0xff, 0xfd, 0xff, 0xfd, 0xdf, 0xff, 0xff, 
	0x7f, 0xff, 0xfc, 0x00, 0x00, 0x00, 0x1a, 0x01, 0xaf, 0x83, 0xf7, 0xff, 0xff, 0xff, 0xff, 0xff, 
	0xff, 0xdf, 0xff, 0xff, 0xff, 0xff, 0xff, 0xff, 0xff, 0xff, 0xfb, 0xff, 0x7e, 0x8b, 0xdf, 0xf7, 
	0xff, 0x7e, 0x9f, 0xff, 0xff, 0xff, 0xff, 0xbf, 0xff, 0xbb, 0x7f, 0xff, 0xff, 0xff, 0xef, 0xff, 
	0xff, 0xfd, 0xff, 0xfd, 0xfc, 0x00, 0x00, 0x00, 0x1e, 0x03, 0x1b, 0x87, 0xff, 0xfe, 0xfb, 0xff, 
	0xef, 0xff, 0x7f, 0xfe, 0xff, 0xff, 0xff, 0xff, 0xff, 0xff, 0xfd, 0xff, 0xff, 0xff, 0xff, 0x03, 
	0xff, 0xbf, 0x7f, 0xfe, 0x1e, 0xff, 0x77, 0xff, 0xee, 0xff, 0x7f, 0xff, 0xef, 0xff, 0xf7, 0xff, 
	0xbf, 0xff, 0xff, 0xf7, 0xff, 0xff, 0xfe, 0x00, 0x00, 0x00, 0x3c, 0x01, 0x53, 0xc7, 0xff, 0xff, 
	0xef, 0xbb, 0xbf, 0xb7, 0xfd, 0xfb, 0xff, 0xff, 0xff, 0xff, 0xff, 0xff, 0xff, 0xf7, 0xdf, 0xbf, 
	0xff, 0x29, 0xfe, 0xff, 0xf7, 0xf7, 0x5f, 0xff, 0xff, 0x7b, 0x7f, 0xfb, 0xfe, 0xff, 0xff, 0xff, 
	0xff, 0xbe, 0xff, 0xff, 0xff, 0xbf, 0xff, 0xff, 0xfc, 0x00, 0x00, 0x00, 0x34, 0x03, 0x1f, 0xcf, 
	0xbf, 0xff, 0xff, 0xff, 0xfe, 0xff, 0xef, 0xef, 0xff, 0xff, 0xff, 0xff, 0xff, 0xff, 0xff, 0xdf, 
	0x7e, 0xff, 0xf7, 0x83, 0xff, 0xff, 0xff, 0xde, 0x3f, 0xff, 0xff, 0xff, 0xff, 0xff, 0xf7, 0xff, 
	0xff, 0xff, 0xbf, 0xff, 0xfe, 0xff, 0xfb, 0xff, 0xff, 0xef, 0xfe, 0x00, 0x00, 0x00, 0x3c, 0x03, 
	0x9b, 0xff, 0xff, 0xff, 0xbf, 0xff, 0xff, 0xfe, 0xff, 0xbf, 0xff, 0xff, 0xff, 0xff, 0xff, 0xff, 
	0x7f, 0x7f, 0xff, 0xff, 0xbf, 0x93, 0xfb, 0xfb, 0xbe, 0xff, 0x7f, 0xff, 0xdd, 0xff, 0xfe, 0xff, 
	0xff, 0xed, 0xff, 0xff, 0xfd, 0xff, 0xfb, 0xdb, 0xdf, 0xff, 0xff, 0xbf, 0xbe, 0x00, 0x00, 0x00, 
	0x38, 0x03, 0x36, 0xff, 0xff, 0xfe, 0xff, 0x6e, 0xff, 0xff, 0xff, 0xff, 0xff, 0xff, 0xff, 0xff, 
	0xff, 0xff, 0xfd, 0xff, 0xfb, 0xf7, 0xfe, 0xcb, 0xff, 0xff, 0xff, 0xfe, 0x7b, 0xbe, 0xff, 0xef, 
	0xef, 0xff, 0x7f, 0xff, 0xbf, 0xfe, 0xf7, 0xfb, 0xff, 0xff, 0xff, 0xfd, 0xde, 0xff, 0xfe, 0x00, 
	0x00, 0x00, 0x38, 0x07, 0x5d, 0xff, 0xff, 0xff, 0xff, 0xff, 0xf7, 0xef, 0xdd, 0xff, 0xff, 0xff, 
	0xff, 0xff, 0xff, 0xff, 0xff, 0xfd, 0xef, 0xff, 0xff, 0xc3, 0xff, 0xdf, 0xfb, 0xff, 0x7f, 0xff, 
	0xff, 0xfe, 0xff, 0xf7, 0xfd, 0xff, 0xff, 0xff, 0xff, 0xff, 0xbf, 0xff, 0xfe, 0xdf, 0xff, 0xff, 
	0xff, 0x00, 0x00, 0x00, 0x38, 0x05, 0x3f, 0xfd, 0xff, 0xff, 0xfd, 0xff, 0xdf, 0x7e, 0xff, 0xfd, 
	0xff, 0xff, 0xff, 0xff, 0xff, 0xff, 0xff, 0xff, 0xff, 0xbf, 0xf7, 0xeb, 0xff, 0xfe, 0xff, 0xff, 
	0xff, 0xff, 0xfb, 0xbf, 0xff, 0xff, 0xef, 0xdf, 0xff, 0xff, 0xff, 0xff, 0xff, 0xfe, 0xef, 0xff, 
	0xff, 0xff, 0xfe, 0x00, 0x00, 0x00, 0x78, 0x05, 0xb6, 0xff, 0xff, 0xff, 0xff, 0xfb, 0xff, 0xff, 
	0xff, 0xdf, 0xff, 0xef, 0xff, 0xff, 0xff, 0xff, 0x7f, 0xef, 0xbf, 0xff, 0xdf, 0xe3, 0xff, 0x7f, 
	0xef, 0xf7, 0xff, 0xff, 0xdf, 0xff, 0xfb, 0xff, 0x7f, 0xfd, 0xff, 0xfb, 0xbf, 0xfe, 0xff, 0x6f, 
	0xff, 0xff, 0xff, 0xff, 0x7f, 0x00, 0x00, 0x00, 0x38, 0x0d, 0x3f, 0x7f, 0xff, 0xfd, 0xf7, 0xdf, 
	0xff, 0xfb, 0xf7, 0x7f, 0xff, 0xbf, 0xff, 0xff, 0xff, 0xff, 0xff, 0xfe, 0xfe, 0xff, 0xff, 0x73, 
	0xff, 0xff, 0xff, 0xbf, 0xee, 0xfe, 0xff, 0xfb, 0xbf, 0xef, 0xff, 0xff, 0xff, 0xff, 0xff, 0xfb, 
	0xfb, 0xff, 0xfe, 0xff, 0xff, 0xff, 0xff, 0x00, 0x00, 0x00, 0x38, 0x0c, 0xbb, 0xfb, 0xff, 0xff, 
	0xbf, 0xff, 0x7b, 0xbf, 0xdf, 0xff, 0xfe, 0xff, 0xff, 0xff, 0xff, 0xff, 0xff, 0xbf, 0xfb, 0xf7, 
	0xff, 0xfb, 0xff, 0xfb, 0xff, 0xff, 0xbf, 0xff, 0xff, 0xef, 0xff, 0xff, 0xfd, 0xf7, 0xff, 0xff, 
	0xff, 0xff, 0xef, 0xfd, 0xdf, 0xff, 0xff, 0xff, 0xff, 0x00, 0x00, 0x00, 0x38, 0x09, 0xbf, 0x7f, 
	0xff, 0xff, 0xff, 0x7f, 0xff, 0xff, 0xff, 0xff, 0xff, 0xff, 0xef, 0xff, 0xff, 0xff, 0xff, 0xff, 
	0xff, 0xff, 0xfd, 0xf9, 0xff, 0xff, 0xbd, 0xff, 0xff, 0xff, 0xfd, 0xbf, 0xff, 0xfd, 0xef, 0xdf, 
	0xff, 0xff, 0xff, 0xff, 0xff, 0x77, 0xff, 0xff, 0xff, 0xff, 0xff, 0x00, 0x00, 0x00, 0x38, 0x08, 
	0xbd, 0xdf, 0xff, 0xff, 0xff, 0xfb, 0xff, 0xf7, 0x7f, 0xff, 0xfb, 0xff, 0xff, 0xff, 0xff, 0xff, 
	0xef, 0xfb, 0xef, 0xdf, 0xdf, 0xff, 0xff, 0xff, 0xff, 0xff, 0xff, 0xfd, 0xf7, 0xff, 0xef, 0xbf, 
	0xff, 0xff, 0xff, 0xfd, 0xff, 0xff, 0x7f, 0xff, 0xff, 0xff, 0xff, 0xff, 0x7f, 0x80, 0x00, 0x00, 
	0x18, 0x0c, 0xdf, 0xff, 0xff, 0x7d, 0xfb, 0xff, 0xdd, 0xdf, 0xfd, 0xff, 0xff, 0xff, 0xff, 0xff, 
	0xff, 0xff, 0xff, 0xff, 0xbf, 0xff, 0xff, 0xdd, 0xff, 0xff, 0xff, 0xff, 0xfb, 0xbf, 0xff, 0xff, 
	0xbf, 0xff, 0xbf, 0xff, 0xff, 0xff, 0xff, 0xed, 0xf7, 0xff, 0xff, 0xff, 0xff, 0xff, 0xff, 0x00, 
	0x00, 0x00, 0x18, 0x08, 0x5b, 0xbf, 0xff, 0xff, 0xdf, 0xdf, 0xff, 0xff, 0xf7, 0xff, 0xdf, 0xff, 
	0xff, 0xff, 0xff, 0xff, 0xff, 0xff, 0xff, 0x7f, 0xff, 0xff, 0xff, 0xff, 0xff, 0xfe, 0xef, 0xff, 
	0xdf, 0xfd, 0xff, 0xf7, 0xff, 0xff, 0xff, 0xff, 0xff, 0xbf, 0xff, 0x77, 0xff, 0xff, 0xff, 0xff, 
	0xff, 0x80, 0x00, 0x00, 0x1c, 0x08, 0x5f, 0xff, 0xff, 0xff, 0xff, 0xfe, 0xff, 0xff, 0x7f, 0xff, 
	0x7f, 0xff, 0xff, 0xff, 0xff, 0xff, 0xff, 0xef, 0xff, 0xfb, 0xf6, 0xff, 0xff, 0xfb, 0xff, 0xff, 
	0xff, 0xff, 0xff, 0xff, 0xff, 0xff, 0xfb, 0xff, 0xff, 0xff, 0xfb, 0xff, 0xfd, 0xff, 0xbf, 0xff, 
	0xff, 0xff, 0xef, 0x80, 0x00, 0x00, 0x0c, 0x18, 0x6e, 0xfe, 0xfd, 0xff, 0x7e, 0xfb, 0xee, 0xfb, 
	0xff, 0xfb, 0xff, 0xff, 0xff, 0xff, 0xff, 0xff, 0xff, 0xfe, 0xfb, 0xff, 0xff, 0xf7, 0xff, 0xff, 
	0xff, 0xff, 0xff, 0xff, 0xff, 0xdf, 0xff, 0xbe, 0xff, 0xff, 0xff, 0xff, 0xdf, 0xff, 0xdf, 0xfe, 
	0xff, 0xff, 0xff, 0xfe, 0xef, 0x80, 0x00, 0x00, 0x0c, 0x08, 0x2f, 0xdf, 0xff, 0xff, 0xff, 0xff, 
	0xff, 0xdf, 0xff, 0xef, 0xff, 0xff, 0xff, 0xff, 0xff, 0xff, 0xff, 0xff, 0xef, 0xef, 0xff, 0xff, 
	0xff, 0xff, 0xff, 0xfb, 0xbe, 0xfb, 0xff, 0x7f, 0xff, 0xff, 0xff, 0xff, 0xff, 0xfd, 0xff, 0x7d, 
	0xff, 0xbf, 0xff, 0xff, 0xff, 0xff, 0xef, 0x80, 0x00, 0x00, 0x0e, 0x08, 0x17, 0xff, 0xff, 0xff, 
	0xf7, 0xdf, 0xff, 0xff, 0xdf, 0xff, 0xff, 0xff, 0xff, 0xff, 0xff, 0xff, 0xff, 0xff, 0xff, 0xbf, 
	0xff, 0xdf, 0xff, 0xff, 0xff, 0xff, 0xff, 0xff, 0xff, 0xff, 0x7f, 0xff, 0xff, 0xff, 0xff, 0xf7, 
	0xff, 0xf7, 0xfb, 0xf7, 0xff, 0xff, 0xff, 0xff, 0xc7, 0x80, 0x00, 0x00, 0x06, 0x08, 0x1b, 0xff, 
	0xff, 0xfd, 0xff, 0xff, 0x77, 0x7f, 0x7f, 0xbf, 0xff, 0xff, 0xff, 0xff, 0xff, 0xff, 0xff, 0xff, 
	0xbf, 0xff, 0xf7, 0x7e, 0xff, 0xff, 0xff, 0xff, 0xf7, 0xff, 0xef, 0xff, 0xff, 0xf7, 0xff, 0xff, 
	0xff, 0xff, 0xef, 0xff, 0xef, 0xff, 0xff, 0xff, 0xff, 0xff, 0xc7, 0x80, 0x00, 0x00, 0x03, 0x08, 
	0x0d, 0xbf, 0xfb, 0xff, 0xdf, 0x7d, 0xff, 0xfb, 0xfe, 0xff, 0xff, 0xff, 0xff, 0xff, 0xff, 0xff, 
	0xff, 0xfd, 0xfe, 0xfe, 0xff, 0xff, 0xff, 0xff, 0xff, 0xef, 0x7f, 0xff, 0xbf, 0xfe, 0xff, 0xdf, 
	0xff, 0xff, 0xff, 0xdf, 0xbf, 0xff, 0xff, 0xbe, 0xff, 0xff, 0xff, 0xff, 0xc7, 0x80, 0x00, 0x00, 
	0x01, 0x08, 0x07, 0xef, 0xff, 0xff, 0xff, 0xff, 0xff, 0xef, 0xff, 0xff, 0xff, 0xff, 0xff, 0xff, 
	0xff, 0xff, 0xff, 0xff, 0xff, 0xfb, 0xff, 0xff, 0xff, 0xff, 0xff, 0xff, 0xff, 0x7d, 0xff, 0xfb, 
	0xff, 0xff, 0xff, 0xff, 0xff, 0x7f, 0xff, 0xff, 0xff, 0xfb, 0xff, 0xff, 0xff, 0xff, 0x87, 0x80, 
	0x00, 0x00, 0x01, 0x8c, 0x02, 0xff, 0xff, 0x7f, 0xfd, 0xf7, 0xed, 0xff, 0xff, 0xff, 0xff, 0xff, 
	0xff, 0xff, 0xff, 0xff, 0xff, 0xff, 0xf7, 0xff, 0xff, 0xf7, 0xdf, 0xff, 0xff, 0xbd, 0xfd, 0xff, 
	0xff, 0xef, 0xff, 0xff, 0xff, 0xff, 0xff, 0xff, 0xff, 0xff, 0xff, 0xff, 0xef, 0xff, 0xff, 0xff, 
	0xc7, 0x80, 0x00, 0x00, 0x00, 0xc8, 0x01, 0x7f, 0xff, 0xff, 0x77, 0xff, 0xff, 0xff, 0xf7, 0xff, 
	0xff, 0xff, 0xff, 0xff, 0xff, 0xff, 0xff, 0xff, 0xff, 0xdf, 0xff, 0x7f, 0x7f, 0xff, 0xff, 0xff, 
	0xef, 0xff, 0xff, 0x7f, 0xff, 0xff, 0xff, 0xff, 0xff, 0xff, 0xff, 0xff, 0xff, 0xef, 0xff, 0xff, 
	0xff, 0xfd, 0x87, 0x80, 0x00, 0x00, 0x00, 0x4c, 0x00, 0xef, 0xef, 0xff, 0xff, 0xdf, 0x7f, 0xbd, 
	0xdf, 0xff, 0xff, 0xff, 0xf7, 0xff, 0xff, 0xff, 0xff, 0xff, 0xff, 0xff, 0xff, 0xff, 0xff, 0xff, 
	0xff, 0xff, 0xff, 0xff, 0xff, 0xff, 0xff, 0xff, 0xff, 0xff, 0xff, 0xff, 0xff, 0xff, 0xff, 0xff, 
	0x7d, 0xff, 0xff, 0xff, 0x87, 0x00, 0x00, 0x00, 0x00, 0x34, 0x00, 0x7f, 0xff, 0xff, 0xff, 0xff, 
	0xfe, 0xff, 0xff, 0xff, 0xff, 0xff, 0xef, 0xff, 0xff, 0xff, 0xff, 0xff, 0xff, 0xff, 0xff, 0xff, 
	0xff, 0xff, 0xff, 0xff, 0xff, 0xff, 0xff, 0xff, 0xff, 0xff, 0xff, 0xff, 0xfd, 0xff, 0xff, 0xff, 
	0xff, 0xff, 0xff, 0xff, 0xff, 0xff, 0x03, 0x80, 0x00, 0x00, 0x00, 0x0c, 0x00, 0x3b, 0xfe, 0xff, 
	0xdf, 0x7d, 0xef, 0xff, 0xff, 0xff, 0xff, 0xff, 0xe7, 0xff, 0xff, 0xff, 0xff, 0xff, 0xff, 0x7f, 
	0xff, 0xfd, 0xff, 0xff, 0xff, 0xff, 0xff, 0xfe, 0xfb, 0xfb, 0xff, 0xff, 0xff, 0xff, 0xff, 0xff, 
	0xff, 0xff, 0xff, 0xff, 0xf7, 0xff, 0xff, 0xff, 0x07, 0x80, 0x00, 0x00, 0x00, 0x06, 0x00, 0x0f, 
	0xff, 0xff, 0x7d, 0xff, 0xff, 0xf7, 0xff, 0xff, 0xff, 0xff, 0xe7, 0xff, 0xff, 0xff, 0xff, 0xff, 
	0xff, 0xff, 0xff, 0xff, 0xff, 0xff, 0xff, 0xff, 0xff, 0xff, 0xef, 0xbf, 0xff, 0xff, 0xff, 0xff, 
	0xff, 0xff, 0xff, 0xbb, 0xbf, 0xff, 0xdf, 0xff, 0xff, 0xfb, 0x07, 0x00, 0x00, 0x00, 0x00, 0x02, 
	0x00, 0x07, 0xff, 0xff, 0xff, 0xf7, 0xff, 0xdf, 0xff, 0xff, 0x7f, 0xff, 0xe7, 0xff, 0xff, 0xff, 
	0xff, 0xff, 0xff, 0xff, 0xbf, 0xff, 0xff, 0xff, 0xff, 0xff, 0xff, 0xff, 0xff, 0xff, 0xff, 0xff, 
	0xff, 0xff, 0xff, 0xff, 0xff, 0xff, 0xfb, 0xff, 0x7f, 0xbf, 0xff, 0xff, 0x03, 0x00, 0x00, 0x00, 
	0x00, 0x03, 0x00, 0x01, 0xff, 0xff, 0xff, 0xff, 0xbb, 0x7f, 0xff, 0xfd, 0xff, 0xff, 0xc3, 0xff, 
	0xff, 0xff, 0xff, 0xff, 0xdf, 0xff, 0xff, 0xff, 0xff, 0xff, 0xff, 0xff, 0xff, 0xff, 0xff, 0xff, 
	0xff, 0xff, 0xff, 0xff, 0xdf, 0xbf, 0xff, 0xff, 0xff, 0xff, 0xff, 0xff, 0xff, 0xfe, 0x07, 0x00, 
	0x00, 0x00, 0x00, 0x01, 0x00, 0x00, 0xff, 0xdf, 0xef, 0xbf, 0xff, 0xff, 0xff, 0xf7, 0xff, 0xff, 
	0xe3, 0xff, 0xff, 0xff, 0xff, 0xff, 0xff, 0xff, 0xff, 0xff, 0xff, 0xff, 0xff, 0xff, 0xff, 0xfd, 
	0xde, 0xef, 0xff, 0xff, 0xff, 0xf6, 0xfd, 0xfb, 0x7f, 0xfe, 0xff, 0xff, 0xfe, 0xff, 0xff, 0xee, 
	0x07, 0x00, 0x00, 0x00, 0x00, 0x01, 0x80, 0x00, 0xff, 0xff, 0x7e, 0xfd, 0xff, 0xff, 0xff, 0xff, 
	0xff, 0xff, 0xc3, 0xff, 0xff, 0xff, 0xff, 0xff, 0xff, 0xff, 0xff, 0xff, 0xff, 0xff, 0xff, 0xff, 
	0xff, 0xff, 0xff, 0xff, 0xff, 0xff, 0xff, 0xff, 0xff, 0xff, 0xed, 0xff, 0xff, 0xff, 0xff, 0xff, 
	0xff, 0xfe, 0x07, 0x00, 0x00, 0x00, 0x00, 0x00, 0x80, 0x00, 0x7f, 0xff, 0xff, 0xff, 0xdd, 0xff, 
	0xff, 0xbf, 0xff, 0xff, 0xc1, 0xff, 0xff, 0xff, 0xff, 0xff, 0xff, 0xff, 0xff, 0xff, 0xff, 0xff, 
	0xff, 0xff, 0xff, 0xff, 0xff, 0xff, 0xff, 0xff, 0xff, 0xdf, 0xff, 0xef, 0xff, 0xff, 0xff, 0xff, 
	0xff, 0xef, 0xff, 0xfc, 0x06, 0x00, 0x00, 0x00, 0x00, 0x00, 0x40, 0x00, 0x7f, 0xff, 0xfb, 0xf7, 
	0xff, 0xff, 0xfd, 0xff, 0xff, 0xff, 0x81, 0xff, 0xff, 0xff, 0xff, 0xff, 0xff, 0xff, 0xff, 0xff, 
	0xff, 0xff, 0xff, 0xff, 0xff, 0xff, 0x7b, 0xff, 0xff, 0xff, 0xff, 0xff, 0xff, 0xff, 0x7f, 0x6f, 
	0xff, 0xff, 0xfd, 0xff, 0xff, 0xfc, 0x0e, 0x00, 0x00, 0x00, 0x00, 0x00, 0x60, 0x00, 0x3f, 0xff, 
	0xef, 0xff, 0xff, 0xff, 0xf7, 0xff, 0xff, 0xff, 0x81, 0xff, 0xff, 0xff, 0xff, 0xff, 0xff, 0xff, 
	0xff, 0xff, 0xff, 0xff, 0xff, 0xff, 0xff, 0xfb, 0xff, 0xff, 0xff, 0xff, 0xff, 0xff, 0xff, 0xff, 
	0xfd, 0xfd, 0xff, 0xff, 0xff, 0xff, 0xff, 0xdc, 0x0e, 0x00, 0x00, 0x00, 0x00, 0x00, 0x10, 0x00, 
	0x3f, 0xff, 0xbf, 0xbe, 0xef, 0xff, 0xdf, 0xf7, 0xff, 0xff, 0x03, 0xff, 0xff, 0xff, 0xff, 0xff, 
	0xff, 0xff, 0xff, 0xff, 0xff, 0xff, 0xff, 0xff, 0xff, 0xff, 0xff, 0xff, 0xff, 0xff, 0xfd, 0xff, 
	0xff, 0xff, 0xef, 0xff, 0xb7, 0xff, 0xff, 0xbb, 0xff, 0xfc, 0x0c, 0x00, 0x00, 0x00, 0x00, 0x00, 
	0x18, 0x00, 0x1f, 0xef, 0xff, 0xff, 0xff, 0xff, 0x7f, 0xdf, 0xff, 0xff, 0x01, 0xff, 0xff, 0xff, 
	0xff, 0xff, 0xff, 0xff, 0xff, 0xff, 0xff, 0xff, 0xff, 0xff, 0xff, 0xff, 0xef, 0x7f, 0xff, 0xfd, 
	0xb7, 0xff, 0xff, 0xff, 0xff, 0xef, 0xff, 0xff, 0xff, 0xff, 0xff, 0xf8, 0x1c, 0x00, 0x00, 0x00, 
	0x00, 0x00, 0x04, 0x00, 0x0f, 0xff, 0xfe, 0xf7, 0xff, 0xfd, 0xff, 0xff, 0xff, 0xfe, 0xb7, 0xff, 
	0xff, 0xff, 0xff, 0xff, 0xff, 0xff, 0xff, 0xff, 0xff, 0xff, 0xff, 0xff, 0xff, 0xff, 0xff, 0xff, 
	0xff, 0xdf, 0xff, 0xb7, 0x7f, 0xff, 0xff, 0xff, 0xfe, 0xdf, 0xff, 0xff, 0xff, 0xf8, 0x1c, 0x00, 
	0x00, 0x00, 0x00, 0x00, 0x03, 0x00, 0x0f, 0xfe, 0xfb, 0xff, 0x7d, 0xef, 0xfe, 0xff, 0xff, 0xff, 
	0xda, 0xa9, 0x00, 0x00, 0x04, 0x44, 0x49, 0x24, 0x95, 0x55, 0x55, 0x56, 0xff, 0xff, 0xff, 0xff, 
	0x7f, 0xff, 0xfe, 0xff, 0xff, 0xff, 0xff, 0xff, 0xff, 0x7d, 0xdf, 0xff, 0xff, 0xff, 0xff, 0xf8, 
	0x38, 0x00, 0x00, 0x00, 0x00, 0x00, 0x00, 0x80, 0x07, 0xff, 0xef, 0xff, 0xef, 0xff, 0xff, 0xff, 
	0xff, 0xf8, 0x00, 0x00, 0x00, 0x00, 0x00, 0x00, 0x00, 0x00, 0x00, 0x00, 0x00, 0x00, 0x00, 0x0a, 
	0xff, 0xfb, 0xff, 0xff, 0xf7, 0xff, 0xff, 0xfe, 0xed, 0xff, 0xff, 0xff, 0xff, 0xfd, 0xff, 0xed, 
	0xff, 0xf8, 0x78, 0x00, 0x00, 0x00, 0x00, 0x00, 0x00, 0x70, 0x07, 0xff, 0xff, 0xdd, 0xff, 0xff, 
	0xf7, 0xff, 0xff, 0xf8, 0x00, 0x00, 0x00, 0x00, 0x00, 0x00, 0x00, 0x00, 0x00, 0x00, 0x00, 0x00, 
	0x00, 0x00, 0x01, 0x5f, 0xff, 0xee, 0xdf, 0xfb, 0xbd, 0xfb, 0xff, 0xfb, 0xbf, 0xff, 0xfb, 0xf7, 
	0xff, 0xff, 0xff, 0xf0, 0xf0, 0x00, 0x00, 0x00, 0x00, 0x00, 0x00, 0x0c, 0x03, 0xfb, 0xbf, 0xff, 
	0xff, 0xdf, 0xbf, 0xff, 0xff, 0xf0, 0x00, 0x00, 0x00, 0x00, 0x00, 0x00, 0x00, 0x00, 0x00, 0x00, 
	0x00, 0x00, 0x00, 0x00, 0x00, 0x00, 0x56, 0xff, 0xff, 0xef, 0xff, 0xdf, 0xff, 0x7f, 0xff, 0xfd, 
	0xdf, 0xff, 0xdd, 0xff, 0xff, 0xf1, 0xf0, 0x00, 0x00, 0x00, 0x00, 0x00, 0x00, 0x03, 0xd3, 0xff, 
	0xff, 0x7f, 0xff, 0x7d, 0xff, 0xff, 0xff, 0xf0, 0x00, 0x00, 0x00, 0x00, 0x00, 0x00, 0x00, 0x00, 
	0x00, 0x00, 0x00, 0x00, 0x00, 0x00, 0x00, 0x00, 0x00, 0x2f, 0xff, 0x7f, 0xf7, 0xff, 0xef, 0xef, 
	0xff, 0xff, 0xff, 0xbf, 0xff, 0xde, 0xff, 0xf3, 0x60, 0x00, 0x00, 0x00, 0x00, 0x00, 0x00, 0x00, 
	0x2d, 0xff, 0xfd, 0xff, 0x7b, 0xff, 0xff, 0xff, 0xff, 0xc0, 0x00, 0x00, 0x00, 0x00, 0x00, 0x00, 
	0x00, 0x00, 0x00, 0x00, 0x00, 0x00, 0x00, 0x00, 0x00, 0x00, 0x00, 0x00, 0x2f, 0xfe, 0xdf, 0xff, 
	0xbf, 0xff, 0xff, 0xff, 0xff, 0xff, 0xff, 0xff, 0xff, 0xf6, 0xe0, 0x00, 0x00, 0x00, 0x00, 0x00, 
	0x00, 0x00, 0x01, 0xff, 0xf7, 0xf7, 0xef, 0xff, 0xff, 0xff, 0xff, 0xc0, 0x00, 0x00, 0x00, 0x00, 
	0x00, 0x00, 0x00, 0x00, 0x00, 0x00, 0x00, 0x00, 0x00, 0x00, 0x00, 0x00, 0x00, 0x00, 0x00, 0x5f, 
	0xfe, 0xee, 0xfd, 0xff, 0xff, 0xff, 0xfb, 0xff, 0xfe, 0xfb, 0xff, 0xf8, 0xc0, 0x00, 0x00, 0x00, 
	0x00, 0x00, 0x00, 0x00, 0x00, 0xff, 0x7f, 0xff, 0xff, 0xff, 0xff, 0xff, 0xff, 0x00, 0x00, 0x00, 
	0x00, 0x00, 0x00, 0x00, 0x00, 0x00, 0x00, 0x00, 0x00, 0x00, 0x00, 0x00, 0x00, 0x00, 0x00, 0x00, 
	0x00, 0x01, 0x7f, 0xff, 0xff, 0xbb, 0x7f, 0xff, 0xef, 0xff, 0xff, 0xff, 0xff, 0xe1, 0xc0, 0x00, 
	0x00, 0x00, 0x00, 0x00, 0x00, 0x00, 0x00, 0xff, 0xff, 0xfe, 0xff, 0xef, 0xff, 0xff, 0xfe, 0x00, 
	0x00, 0x00, 0x00, 0x00, 0x00, 0x00, 0x00, 0x00, 0x00, 0x00, 0x00, 0x00, 0x00, 0x00, 0x00, 0x00, 
	0x00, 0x00, 0x00, 0x00, 0x03, 0xff, 0xff, 0xff, 0xf7, 0xff, 0xff, 0xbf, 0xff, 0xff, 0xff, 0xe3, 
	0x80, 0x00, 0x00, 0x00, 0x00, 0x00, 0x00, 0x00, 0x00, 0x7f, 0xff, 0xbb, 0xff, 0x7f, 0xff, 0xff, 
	0xfc, 0x00, 0x00, 0x00, 0x00, 0x00, 0x00, 0x00, 0x00, 0x00, 0x00, 0x00, 0x00, 0x00, 0x00, 0x00, 
	0x00, 0x00, 0x00, 0x00, 0x00, 0x00, 0x00, 0x0b, 0xf7, 0xff, 0xff, 0xff, 0xff, 0xff, 0xff, 0xff, 
	0x7f, 0xc7, 0x00, 0x00, 0x00, 0x00, 0x00, 0x00, 0x00, 0x00, 0x00, 0x7f, 0xee, 0xff, 0xf7, 0xff, 
	0xff, 0xff, 0xf0, 0x00, 0x00, 0x00, 0x00, 0x00, 0x00, 0x00, 0x00, 0x00, 0x00, 0x00, 0x00, 0x00, 
	0x00, 0x00, 0x00, 0x00, 0x00, 0x00, 0x00, 0x00, 0x00, 0x00, 0x3f, 0xdd, 0xdf, 0xff, 0xff, 0xf7, 
	0xff, 0xfd, 0xff, 0xee, 0x00, 0x00, 0x00, 0x00, 0x00, 0x00, 0x00, 0x00, 0x00, 0x3f, 0xff, 0xff, 
	0xdf, 0xff, 0xff, 0xff, 0xe0, 0x00, 0x00, 0x00, 0x00, 0x00, 0x00, 0x00, 0x00, 0x00, 0x00, 0x00, 
	0x00, 0x00, 0x00, 0x00, 0x00, 0x00, 0x00, 0x00, 0x00, 0x00, 0x00, 0x00, 0x01, 0x7f, 0xfd, 0xbf, 
	0xff, 0xbf, 0xff, 0xff, 0xff, 0xdc, 0x00, 0x00, 0x00, 0x00, 0x00, 0x00, 0x00, 0x00, 0x00, 0x3f, 
	0xff, 0xff, 0xff, 0xff, 0xff, 0xff, 0x80, 0x00, 0x00, 0x00, 0x00, 0x00, 0x00, 0x00, 0x00, 0x00, 
	0x00, 0x00, 0x00, 0x00, 0x00, 0x00, 0x00, 0x00, 0x00, 0x00, 0x00, 0x00, 0x00, 0x00, 0x00, 0x17, 
	0xff, 0xff, 0xff, 0xfe, 0xff, 0xff, 0xff, 0xb8, 0x00, 0x00, 0x00, 0x00, 0x00, 0x00, 0x00, 0x00, 
	0x00, 0x1f, 0xff, 0xee, 0xff, 0xff, 0xff, 0xff, 0x00, 0x00, 0x00, 0x00, 0x00, 0x00, 0x00, 0x00, 
	0x00, 0x00, 0x00, 0x00, 0x00, 0x00, 0x00, 0x00, 0x00, 0x00, 0x00, 0x00, 0x00, 0x00, 0x00, 0x00, 
	0x00, 0x00, 0x5f, 0xff, 0xff, 0xff, 0xff, 0xff, 0xff, 0xf0, 0x00, 0x00, 0x00, 0x00, 0x00, 0x00, 
	0x00, 0x00, 0x00, 0x1f, 0xff, 0xff, 0xff, 0xff, 0xff, 0xfc, 0x00, 0x00, 0x00, 0x00, 0x00, 0x00, 
	0x00, 0x00, 0x00, 0x00, 0x00, 0x00, 0x00, 0x00, 0x00, 0x00, 0x00, 0x00, 0x00, 0x00, 0x00, 0x00, 
	0x00, 0x00, 0x00, 0x00, 0x02, 0xff, 0xff, 0xff, 0xff, 0xff, 0xff, 0xc0, 0x00, 0x00, 0x00, 0x00, 
	0x00, 0x00, 0x00, 0x00, 0x00, 0x0f, 0xff, 0xff, 0xff, 0xff, 0xff, 0xfc, 0x00, 0x00, 0x00, 0x00, 
	0x00, 0x00, 0x00, 0x00, 0x00, 0x00, 0x00, 0x00, 0x00, 0x00, 0x00, 0x00, 0x00, 0x00, 0x00, 0x00, 
	0x00, 0x00, 0x00, 0x00, 0x00, 0x00, 0x00, 0x2f, 0xff, 0xfb, 0xdf, 0xff, 0xff, 0x80, 0x00, 0x00, 
	0x00, 0x00, 0x00, 0x00, 0x00, 0x00, 0x00, 0x03, 0xff, 0xff, 0xff, 0xff, 0xff, 0xf0, 0x00, 0x00, 
	0x00, 0x00, 0x00, 0x00, 0x00, 0x00, 0x00, 0x00, 0x00, 0x00, 0x00, 0x00, 0x00, 0x00, 0x00, 0x00, 
	0x00, 0x00, 0x00, 0x00, 0x00, 0x00, 0x00, 0x00, 0x00, 0x00, 0xff, 0xff, 0xff, 0xff, 0x7f, 0x00, 
	0x00, 0x00, 0x00, 0x00, 0x00, 0x00, 0x00, 0x00, 0x00, 0x03, 0xff, 0xff, 0xff, 0xff, 0xff, 0xe0, 
	0x00, 0x00, 0x00, 0x00, 0x00, 0x00, 0x00, 0x00, 0x00, 0x00, 0x00, 0x00, 0x00, 0x00, 0x00, 0x00, 
	0x00, 0x00, 0x00, 0x00, 0x00, 0x00, 0x00, 0x00, 0x00, 0x00, 0x00, 0x00, 0x0f, 0xff, 0xff, 0xff, 
	0xff, 0x80, 0x00, 0x00, 0x00, 0x00, 0x00, 0x00, 0x00, 0x00, 0x00, 0x00, 0xff, 0xff, 0xff, 0xff, 
	0xff, 0xc0, 0x00, 0x00, 0x00, 0x00, 0x00, 0x00, 0x00, 0x00, 0x00, 0x00, 0x00, 0x00, 0x00, 0x00, 
	0x00, 0x00, 0x00, 0x00, 0x00, 0x00, 0x00, 0x00, 0x00, 0x00, 0x00, 0x00, 0x00, 0x00, 0x00, 0xff, 
	0x7f, 0xff, 0xff, 0x00, 0x00, 0x00, 0x00, 0x00, 0x00, 0x00, 0x00, 0x00, 0x00, 0x00, 0x3f, 0xff, 
	0xff, 0xff, 0xff, 0x00, 0x00, 0x00, 0x00, 0x00, 0x00, 0x00, 0x00, 0x00, 0x00, 0x00, 0x00, 0x00, 
	0x00, 0x00, 0x00, 0x00, 0x00, 0x00, 0x00, 0x00, 0x00, 0x00, 0x00, 0x00, 0x00, 0x00, 0x00, 0x00, 
	0x00, 0x07, 0xf7, 0xfd, 0xfe, 0x00, 0x00, 0x00, 0x00, 0x00, 0x00, 0x00, 0x00, 0x00, 0x00, 0x00, 
	0x0f, 0xff, 0xff, 0xff, 0xfa, 0x00, 0x00, 0x00, 0x00, 0x00, 0x00, 0x00, 0x00, 0x00, 0x00, 0x00, 
	0x00, 0x00, 0x00, 0x00, 0x00, 0x00, 0x00, 0x00, 0x00, 0x00, 0x00, 0x00, 0x00, 0x00, 0x00, 0x00, 
	0x00, 0x00, 0x00, 0x00, 0xbf, 0xf7, 0xfe, 0x00, 0x00, 0x00, 0x00, 0x00, 0x00, 0x00, 0x00, 0x00, 
	0x00, 0x00, 0x03, 0xff, 0xff, 0xff, 0x40, 0x00, 0x00, 0x00, 0x00, 0x00, 0x00, 0x00, 0x00, 0x00, 
	0x00, 0x00, 0x00, 0x00, 0x00, 0x00, 0x00, 0x00, 0x00, 0x00, 0x00, 0x00, 0x00, 0x00, 0x00, 0x00, 
	0x00, 0x00, 0x00, 0x00, 0x00, 0x00, 0x0b, 0xff, 0xfe, 0x00, 0x00, 0x00, 0x00, 0x00, 0x00, 0x00, 
	0x00, 0x00, 0x00, 0x00, 0x00, 0x7f, 0xff, 0xd0, 0x00, 0x00, 0x00, 0x00, 0x00, 0x00, 0x00, 0x00, 
	0x00, 0x00, 0x00, 0x00, 0x00, 0x00, 0x00, 0x00, 0x00, 0x00, 0x00, 0x00, 0x00, 0x00, 0x00, 0x00, 
	0x00, 0x00, 0x00, 0x00, 0x00, 0x00, 0x00, 0x00, 0x00, 0x3f, 0xfe, 0x00, 0x00, 0x00, 0x00, 0x00, 
	0x00, 0x00, 0x00, 0x00, 0x00, 0x00, 0x00, 0x05, 0x50, 0x00, 0x00, 0x00, 0x00, 0x00, 0x00, 0x00, 
	0x00, 0x00, 0x00, 0x00, 0x00, 0x00, 0x00, 0x00, 0x00, 0x00, 0x00, 0x00, 0x00, 0x00, 0x00, 0x00, 
	0x00, 0x00, 0x00, 0x00, 0x00, 0x00, 0x00, 0x00, 0x00, 0x00, 0x00, 0x05, 0xfc, 0x00, 0x00, 0x00, 
	0x00, 0x00, 0x00, 0x00, 0x00, 0x00, 0x00, 0x00, 0x00, 0x00, 0x00, 0x00, 0x00, 0x00, 0x00, 0x00, 
	0x00, 0x00, 0x00, 0x00, 0x00, 0x00, 0x00, 0x00, 0x00, 0x00, 0x00, 0x00, 0x00, 0x00, 0x00, 0x00, 
	0x00, 0x00, 0x00, 0x00, 0x00, 0x00, 0x00, 0x00, 0x00, 0x00, 0x00, 0x00, 0x00, 0x00, 0x5c, 0x00, 
	0x00, 0x00, 0x00, 0x00, 0x00, 0x00, 0x00, 0x00, 0x00, 0x00, 0x00, 0x00, 0x00, 0x00, 0x00, 0x00, 
	0x00, 0x00, 0x00, 0x00, 0x00, 0x00, 0x00, 0x00, 0x00, 0x00, 0x00, 0x00, 0x00, 0x00, 0x00, 0x00, 
	0x00, 0x00, 0x00, 0x00, 0x00, 0x00, 0x00, 0x00, 0x00, 0x00, 0x00, 0x00, 0x00, 0x00, 0x00, 0x00, 
	0x00, 0x00, 0x00, 0x00, 0x00, 0x00, 0x00, 0x00, 0x00, 0x00, 0x00, 0x00, 0x00, 0x00, 0x00, 0x00, 
	0x00, 0x00, 0x00, 0x00, 0x00, 0x00, 0x00, 0x00, 0x00, 0x00, 0x00, 0x00, 0x00, 0x00, 0x00, 0x00, 
	0x00, 0x00, 0x00, 0x00, 0x00, 0x00, 0x00, 0x00, 0x00, 0x00, 0x00, 0x00, 0x00, 0x00, 0x00, 0x00, 
	0x00, 0x00, 0x00, 0x00, 0x00, 0x00, 0x00, 0x00, 0x00, 0x00, 0x00, 0x00, 0x00, 0x00, 0x00, 0x00, 
	0x00, 0x00, 0x00, 0x00, 0x00, 0x00, 0x00, 0x00, 0x00, 0x00, 0x00, 0x00, 0x00, 0x00, 0x00, 0x00, 
	0x00, 0x00, 0x00, 0x00, 0x00, 0x00, 0x00, 0x00, 0x00, 0x00, 0x00, 0x00, 0x00, 0x00, 0x00, 0x00, 
	0x00, 0x00, 0x00, 0x00, 0x00, 0x00, 0x00, 0x00, 0x00, 0x00, 0x00, 0x00, 0x00, 0x00, 0x00, 0x00, 
	0x00, 0x00, 0x00, 0x00, 0x00, 0x00, 0x00, 0x00, 0x00, 0x00, 0x00, 0x00, 0x00, 0x00, 0x00, 0x00, 
	0x00, 0x00, 0x00, 0x00, 0x00, 0x00, 0x00, 0x00, 0x00, 0x00, 0x00, 0x00, 0x00, 0x00, 0x00, 0x00, 
	0x00, 0x00, 0x00, 0x00, 0x00, 0x00, 0x00, 0x00, 0x00, 0x00, 0x00, 0x00, 0x00, 0x00, 0x00, 0x00, 
	0x00, 0x00, 0x00, 0x00, 0x00, 0x00, 0x00, 0x00, 0x00, 0x00, 0x00, 0x00, 0x00, 0x00, 0x00, 0x00, 
	0x00, 0x00, 0x00, 0x00, 0x00, 0x00, 0x00, 0x00, 0x00, 0x00, 0x00, 0x00, 0x00, 0x00, 0x00, 0x00, 
	0x00, 0x00, 0x00, 0x00, 0x00, 0x00, 0x00, 0x00, 0x00, 0x00, 0x00, 0x00, 0x00, 0x00, 0x00, 0x00, 
	0x00, 0x00, 0x00, 0x00, 0x00, 0x00, 0x00, 0x00, 0x00, 0x00, 0x00, 0x00, 0x00, 0x00, 0x00, 0x00, 
	0x00, 0x00, 0x00, 0x00, 0x00, 0x00, 0x00, 0x00, 0x00, 0x00, 0x00, 0x00, 0x00, 0x00, 0x00, 0x00, 
	0x00, 0x00, 0x00, 0x00, 0x00, 0x00, 0x00, 0x00, 0x00, 0x00, 0x00, 0x00, 0x00, 0x00, 0x00, 0x00
};
// 'open_mouth', 39x20px
const unsigned char luomiMouthOpen [] PROGMEM = {
	0x00, 0x00, 0x00, 0x00, 0x00, 0x00, 0x00, 0x00, 0x00, 0x00, 0x00, 0x00, 0x00, 0x00, 0x00, 0x00, 
	0x00, 0x00, 0x00, 0x00, 0x00, 0x00, 0x08, 0x00, 0x00, 0x00, 0x03, 0xff, 0xf0, 0x00, 0x00, 0x07, 
	0xff, 0xf8, 0x00, 0x00, 0x0f, 0xff, 0xfe, 0x00, 0x00, 0x1f, 0xff, 0xff, 0x00, 0x00, 0x1f, 0xff, 
	0xff, 0x00, 0x00, 0x1f, 0xff, 0xff, 0x00, 0x00, 0x0f, 0xff, 0xfe, 0x00, 0x00, 0x0f, 0xff, 0xfe, 
	0x00, 0x00, 0x0f, 0xff, 0xfe, 0x00, 0x00, 0x07, 0xff, 0xfc, 0x00, 0x00, 0x01, 0xff, 0xf8, 0x00, 
	0x00, 0x00, 0xff, 0xf0, 0x00, 0x00, 0x00, 0x1f, 0x80, 0x00, 0x00, 0x00, 0x02, 0x00, 0x00, 0x00, 
	0x00, 0x00, 0x00, 0x00
};
// 'closed_mouth', 39x20px
const unsigned char luomiMouthClosed [] PROGMEM = {
	0x00, 0x00, 0x00, 0x00, 0x00, 0x00, 0x00, 0x00, 0x00, 0x00, 0x00, 0x00, 0x00, 0x00, 0x00, 0x00, 
	0x00, 0x00, 0x00, 0x00, 0x00, 0x00, 0x00, 0x00, 0x00, 0x00, 0x00, 0x00, 0x00, 0x00, 0x00, 0x00, 
	0x05, 0x58, 0x00, 0x00, 0x00, 0xba, 0xa8, 0x00, 0x00, 0x55, 0x00, 0x00, 0x00, 0x01, 0xd0, 0x00, 
	0x00, 0x00, 0x01, 0x00, 0x00, 0x00, 0x00, 0x00, 0x00, 0x00, 0x00, 0x00, 0x00, 0x00, 0x00, 0x00, 
	0x00, 0x00, 0x00, 0x00, 0x00, 0x00, 0x00, 0x00, 0x00, 0x00, 0x00, 0x00, 0x00, 0x00, 0x00, 0x00, 
	0x00, 0x00, 0x00, 0x00, 0x00, 0x00, 0x00, 0x00, 0x00, 0x00, 0x00, 0x00, 0x00, 0x00, 0x00, 0x00, 
	0x00, 0x00, 0x00, 0x00
};
#endif // Luomi
