#ifndef MYMAP_H
#define MYMAP_H

#include <pgmspace.h>

// 'nyxmischievous', 350x350px
const unsigned char nyxmischievous [] PROGMEM = {
	0x00, 0x00, 0x00, 0x00, 0x00, 0x80, 0x00, 0x00, 0x00, 0x00, 0x00, 0x00, 0x00, 0x00, 0x00, 0x00, 
	0x00, 0x00, 0x00, 0x00, 0x00, 0x00, 0x00, 0x00, 0x00, 0x00, 0x00, 0x00, 0x00, 0x00, 0x00, 0x00, 
	0xbf, 0xfe, 0x00, 0x00, 0x00, 0x00, 0x00, 0x00, 0x00, 0x00, 0x00, 0x00, 0x00, 0x00, 0x00, 0x00, 
	0x05, 0xdd, 0x00, 0x00, 0x00, 0x00, 0x00, 0x00, 0x00, 0x00, 0x00, 0x00, 0x00, 0x00, 0x00, 0x00, 
	0x00, 0x00, 0x00, 0x00, 0x00, 0x00, 0x00, 0x00, 0x00, 0x00, 0x00, 0x03, 0xff, 0xff, 0x00, 0x00, 
	0x00, 0x00, 0x00, 0x00, 0x00, 0x00, 0x00, 0x00, 0x00, 0x00, 0x00, 0x00, 0x03, 0xff, 0x80, 0x00, 
	0x00, 0x00, 0x00, 0x00, 0x00, 0x00, 0x00, 0x00, 0x00, 0x00, 0x00, 0x00, 0x00, 0x00, 0x00, 0x00, 
	0x00, 0x00, 0x00, 0x00, 0x00, 0x00, 0x00, 0x0b, 0xff, 0xbe, 0x00, 0x00, 0x00, 0x00, 0x00, 0x00, 
	0x00, 0x00, 0x00, 0x00, 0x00, 0x00, 0x00, 0x00, 0x07, 0xff, 0xd0, 0x00, 0x00, 0x00, 0x00, 0x00, 
	0x00, 0x00, 0x00, 0x00, 0x00, 0x00, 0x00, 0x00, 0x00, 0x00, 0x00, 0x00, 0x00, 0x00, 0x00, 0x00, 
	0x00, 0x00, 0x00, 0x1f, 0xff, 0xff, 0x00, 0x00, 0x00, 0x00, 0x00, 0x00, 0x00, 0x00, 0x00, 0x00, 
	0x00, 0x00, 0x00, 0x00, 0x0f, 0xff, 0xfa, 0xa8, 0x00, 0x00, 0x00, 0x00, 0x00, 0x00, 0x00, 0x00, 
	0x00, 0x00, 0x00, 0x00, 0x00, 0x00, 0x00, 0x00, 0x00, 0x00, 0x00, 0x00, 0x00, 0x00, 0x00, 0xae, 
	0xff, 0xee, 0x00, 0x00, 0x00, 0x00, 0x00, 0x00, 0x00, 0x00, 0x00, 0x00, 0x00, 0x00, 0x00, 0x00, 
	0x1f, 0xff, 0xff, 0xf0, 0x00, 0x00, 0x00, 0x00, 0x00, 0x00, 0x00, 0x00, 0x00, 0x00, 0x00, 0x00, 
	0x00, 0x00, 0x00, 0x00, 0x00, 0x00, 0x00, 0x00, 0x00, 0x00, 0x01, 0xf7, 0xff, 0xff, 0x00, 0x00, 
	0x00, 0x00, 0x00, 0x00, 0x00, 0x00, 0x00, 0x00, 0x00, 0x00, 0x00, 0x00, 0x0f, 0xff, 0xfa, 0xba, 
	0x00, 0x00, 0x00, 0x00, 0x00, 0x00, 0x00, 0x00, 0x00, 0x00, 0x00, 0x00, 0x00, 0x00, 0x00, 0x00, 
	0x00, 0x00, 0x00, 0x00, 0x00, 0x00, 0x23, 0xaf, 0xfa, 0xfa, 0x00, 0x00, 0x00, 0x00, 0x00, 0x00, 
	0x00, 0x00, 0x00, 0x00, 0x00, 0x00, 0x00, 0x00, 0x1f, 0xff, 0xff, 0x8e, 0x00, 0x00, 0x00, 0x00, 
	0x00, 0x00, 0x00, 0x00, 0x00, 0x00, 0x00, 0x00, 0x00, 0x00, 0x00, 0x00, 0x00, 0x00, 0x00, 0x00, 
	0x00, 0x00, 0x67, 0xdf, 0xff, 0xfc, 0x00, 0x00, 0x00, 0x00, 0x00, 0x00, 0x00, 0x00, 0x00, 0x00, 
	0x00, 0x00, 0x00, 0x00, 0x0e, 0xab, 0xff, 0x8a, 0x80, 0x00, 0x00, 0x00, 0x00, 0x00, 0x00, 0x00, 
	0x00, 0x00, 0x00, 0x00, 0x00, 0x00, 0x00, 0x00, 0x00, 0x00, 0x00, 0x00, 0x00, 0x00, 0x8e, 0xee, 
	0xee, 0xf8, 0x00, 0x00, 0x00, 0x00, 0x00, 0x00, 0x00, 0x00, 0x00, 0x00, 0x00, 0x00, 0x00, 0x00, 
	0x07, 0xfd, 0xff, 0xd1, 0xc0, 0x00, 0x00, 0x00, 0x00, 0x00, 0x00, 0x00, 0x00, 0x00, 0x00, 0x00, 
	0x00, 0x00, 0x00, 0x00, 0x00, 0x00, 0x00, 0x00, 0x00, 0x01, 0x1c, 0xff, 0xff, 0xfc, 0x00, 0x00, 
	0x00, 0x00, 0x00, 0x00, 0x00, 0x00, 0x00, 0x00, 0x00, 0x00, 0x00, 0x00, 0x03, 0xfe, 0xff, 0xfa, 
	0x28, 0x00, 0x00, 0x00, 0x00, 0x00, 0x00, 0x00, 0x00, 0x00, 0x00, 0x00, 0x00, 0x00, 0x00, 0x00, 
	0x00, 0x00, 0x00, 0x00, 0x00, 0x02, 0xab, 0xfb, 0xfb, 0xf8, 0x00, 0x00, 0x00, 0x00, 0x00, 0x00, 
	0x00, 0x00, 0x00, 0x00, 0x00, 0x00, 0x00, 0x00, 0x07, 0xff, 0xff, 0xfe, 0x18, 0x00, 0x00, 0x00, 
	0x00, 0x00, 0x00, 0x00, 0x00, 0x00, 0x00, 0x00, 0x00, 0x00, 0x00, 0x00, 0x00, 0x00, 0x00, 0x00, 
	0x00, 0x06, 0xe7, 0xff, 0xff, 0xf0, 0x00, 0x00, 0x00, 0x00, 0x00, 0x00, 0x00, 0x00, 0x00, 0x00, 
	0x00, 0x00, 0x00, 0x00, 0x02, 0xea, 0xbf, 0xfe, 0x8a, 0x80, 0x00, 0x00, 0x00, 0x00, 0x00, 0x00, 
	0x00, 0x00, 0x00, 0x00, 0x00, 0x00, 0x00, 0x00, 0x00, 0x00, 0x00, 0x00, 0x00, 0x0a, 0x8f, 0xee, 
	0xee, 0xe0, 0x00, 0x00, 0x00, 0x00, 0x00, 0x00, 0x00, 0x00, 0x00, 0x00, 0x00, 0x00, 0x00, 0x00, 
	0x03, 0xff, 0xff, 0xff, 0xc0, 0x40, 0x00, 0x00, 0x00, 0x00, 0x00, 0x00, 0x00, 0x00, 0x00, 0x00, 
	0x00, 0x00, 0x00, 0x00, 0x00, 0x00, 0x00, 0x00, 0x00, 0x19, 0x1f, 0xff, 0xff, 0xe0, 0x00, 0x00, 
	0x00, 0x00, 0x00, 0x00, 0x00, 0x00, 0x00, 0x00, 0x00, 0x00, 0x00, 0x00, 0x02, 0xff, 0xeb, 0xff, 
	0xa8, 0xa0, 0x00, 0x00, 0x00, 0x00, 0x00, 0x00, 0x00, 0x00, 0x00, 0x00, 0x00, 0x00, 0x00, 0x00, 
	0x00, 0x00, 0x00, 0x00, 0x02, 0xba, 0xbf, 0xff, 0xab, 0xe0, 0x00, 0x00, 0x00, 0x00, 0x00, 0x00, 
	0x00, 0x00, 0x00, 0x00, 0x00, 0x00, 0x00, 0x00, 0x00, 0xff, 0xff, 0xff, 0xf8, 0x00, 0x00, 0x00, 
	0x00, 0x00, 0x00, 0x00, 0x00, 0x00, 0x00, 0x00, 0x00, 0x00, 0x00, 0x00, 0x00, 0x00, 0x00, 0x00, 
	0x03, 0xbc, 0x7f, 0xff, 0xff, 0xd0, 0x00, 0x00, 0x00, 0x00, 0x00, 0x00, 0x00, 0x00, 0x00, 0x00, 
	0x00, 0x00, 0x00, 0x00, 0x00, 0xfe, 0xaf, 0xef, 0xf8, 0x08, 0x00, 0x00, 0x00, 0x00, 0x00, 0x00, 
	0x00, 0x00, 0x00, 0x00, 0x00, 0x00, 0x00, 0x00, 0x00, 0x00, 0x00, 0x00, 0x0a, 0xbe, 0xee, 0xee, 
	0xee, 0xb8, 0x00, 0x00, 0x00, 0x00, 0x00, 0x00, 0x00, 0x00, 0x00, 0x00, 0x00, 0x00, 0x00, 0x00, 
	0x00, 0x7f, 0xff, 0xff, 0xfc, 0x0c, 0x00, 0x00, 0x00, 0x00, 0x00, 0x00, 0x00, 0x00, 0x00, 0x00, 
	0x00, 0x00, 0x00, 0x00, 0x00, 0x00, 0x00, 0x00, 0x06, 0x71, 0xff, 0xdf, 0xfc, 0x7c, 0x00, 0x00, 
	0x00, 0x00, 0x00, 0x00, 0x00, 0x00, 0x00, 0x00, 0x00, 0x00, 0x00, 0x00, 0x00, 0xbf, 0xba, 0xbe, 
	0xfe, 0x02, 0x80, 0x00, 0x00, 0x00, 0x00, 0x00, 0x00, 0x00, 0x00, 0x00, 0x00, 0x00, 0x00, 0x00, 
	0x00, 0x00, 0x00, 0x00, 0x0a, 0x23, 0xff, 0xbb, 0xfe, 0xf8, 0x00, 0x00, 0x00, 0x00, 0x00, 0x00, 
	0x00, 0x00, 0x00, 0x00, 0x00, 0x00, 0x00, 0x00, 0x01, 0xf7, 0xff, 0xff, 0xff, 0xc0, 0x00, 0x00, 
	0x00, 0x00, 0x00, 0x00, 0x00, 0x00, 0x00, 0x00, 0x00, 0x00, 0x00, 0x00, 0x00, 0x00, 0x00, 0x00, 
	0x13, 0x67, 0xff, 0xff, 0xff, 0xfc, 0x00, 0x00, 0x00, 0x00, 0x00, 0x00, 0x00, 0x00, 0x00, 0x00, 
	0x00, 0x00, 0x00, 0x00, 0x00, 0xea, 0xaa, 0xea, 0xff, 0x80, 0x20, 0x00, 0x00, 0x00, 0x00, 0x00, 
	0x00, 0x00, 0x00, 0x00, 0x00, 0x00, 0x00, 0x00, 0x00, 0x00, 0x00, 0x00, 0x2a, 0x8f, 0xfe, 0xee, 
	0xfe, 0xa8, 0x00, 0x00, 0x00, 0x00, 0x00, 0x00, 0x00, 0x00, 0x00, 0x00, 0x00, 0x00, 0x00, 0x00, 
	0x01, 0xff, 0xff, 0xff, 0xff, 0xc0, 0x00, 0x00, 0x00, 0x00, 0x00, 0x00, 0x00, 0x00, 0x00, 0x00, 
	0x00, 0x00, 0x00, 0x00, 0x00, 0x00, 0x00, 0x00, 0x67, 0x0f, 0xff, 0xff, 0xff, 0xf0, 0x00, 0x00, 
	0x00, 0x00, 0x00, 0x00, 0x00, 0x00, 0x00, 0x00, 0x00, 0x00, 0x00, 0x00, 0x00, 0xaf, 0xfa, 0xab, 
	0xff, 0xe8, 0x0a, 0x28, 0x00, 0x00, 0x00, 0x00, 0x00, 0x00, 0x00, 0x00, 0x00, 0x00, 0x00, 0x00, 
	0x00, 0x00, 0x00, 0x00, 0xaa, 0x2f, 0xff, 0xfe, 0xab, 0xe0, 0x00, 0x00, 0x00, 0x00, 0x00, 0x00, 
	0x00, 0x00, 0x00, 0x00, 0x00, 0x00, 0x00, 0x00, 0x00, 0x7f, 0xff, 0x7f, 0xff, 0xf8, 0x01, 0x18, 
	0x00, 0x00, 0x00, 0x00, 0x00, 0x00, 0x00, 0x00, 0x00, 0x00, 0x00, 0x00, 0x00, 0x00, 0x00, 0x00, 
	0xc4, 0x3f, 0xff, 0xff, 0xff, 0xe0, 0x00, 0x00, 0x00, 0x00, 0x00, 0x00, 0x00, 0x00, 0x00, 0x00, 
	0x00, 0x00, 0x00, 0x00, 0x00, 0xee, 0xee, 0xee, 0xee, 0xf8, 0x02, 0x8a, 0x00, 0x00, 0x00, 0x00, 
	0x00, 0x00, 0x00, 0x00, 0x00, 0x00, 0x00, 0x00, 0x00, 0x00, 0x00, 0x00, 0xe8, 0xbf, 0xee, 0xbe, 
	0xee, 0x80, 0x00, 0x00, 0x00, 0x00, 0x00, 0x00, 0x00, 0x00, 0x00, 0x00, 0x00, 0x00, 0x00, 0x00, 
	0x00, 0x7f, 0xff, 0xfd, 0xff, 0xfe, 0x00, 0x46, 0x00, 0x00, 0x00, 0x00, 0x00, 0x00, 0x00, 0x00, 
	0x00, 0x00, 0x00, 0x00, 0x00, 0x00, 0x00, 0x01, 0x18, 0xff, 0xff, 0xff, 0xff, 0x00, 0x00, 0x00, 
	0x00, 0x00, 0x00, 0x00, 0x00, 0x00, 0x00, 0x00, 0x00, 0x00, 0x00, 0x00, 0x00, 0x2a, 0xaa, 0xba, 
	0xbb, 0xfe, 0x00, 0xae, 0x00, 0x00, 0x00, 0x00, 0x00, 0x00, 0x00, 0x00, 0x00, 0x00, 0x00, 0x00, 
	0x00, 0x00, 0x00, 0x03, 0xa8, 0xff, 0xba, 0xeb, 0xba, 0x00, 0x00, 0x00, 0x00, 0x00, 0x00, 0x00, 
	0x00, 0x00, 0x00, 0x00, 0x00, 0x00, 0x00, 0x00, 0x00, 0x1f, 0xff, 0x7f, 0xff, 0xff, 0x00, 0x06, 
	0x70, 0x00, 0x00, 0x00, 0x00, 0x00, 0x00, 0x00, 0x00, 0x00, 0x00, 0x00, 0x00, 0x00, 0x00, 0x01, 
	0x67, 0xff, 0xff, 0xff, 0xf8, 0x40, 0x00, 0x00, 0x00, 0x00, 0x00, 0x00, 0x00, 0x00, 0x00, 0x00, 
	0x00, 0x00, 0x00, 0x00, 0x00, 0x0a, 0xaa, 0xae, 0xef, 0xef, 0x88, 0x0a, 0xe8, 0x00, 0x00, 0x00, 
	0x00, 0x00, 0x00, 0x00, 0x00, 0x00, 0x00, 0x00, 0x00, 0x00, 0x00, 0x03, 0xab, 0xfe, 0xee, 0xee, 
	0xea, 0xc0, 0x00, 0x00, 0x00, 0x00, 0x00, 0x00, 0x00, 0x00, 0x00, 0x00, 0x00, 0x00, 0x00, 0x00, 
	0x00, 0x01, 0xfd, 0xdf, 0xff, 0xff, 0xf0, 0x04, 0x70, 0x00, 0x00, 0x00, 0x00, 0x00, 0x00, 0x00, 
	0x00, 0x00, 0x00, 0x00, 0x00, 0x00, 0x00, 0x07, 0x87, 0xff, 0xff, 0xff, 0xff, 0xc0, 0x00, 0x00, 
	0x00, 0x00, 0x00, 0x00, 0x00, 0x00, 0x00, 0x00, 0x00, 0x00, 0x00, 0x00, 0x00, 0x08, 0xbf, 0xaa, 
	0xaf, 0xff, 0xe0, 0x00, 0xa0, 0x00, 0x00, 0x00, 0x00, 0x00, 0x00, 0x00, 0x00, 0x00, 0x00, 0x00, 
	0x00, 0x00, 0x00, 0x03, 0x8b, 0xff, 0xba, 0xbf, 0xff, 0xe0, 0x00, 0x00, 0x00, 0x00, 0x00, 0x00, 
	0x00, 0x00, 0x00, 0x00, 0x00, 0x00, 0x00, 0x00, 0x00, 0x0f, 0x5f, 0x7f, 0xff, 0xff, 0xf0, 0x01, 
	0x40, 0x00, 0x00, 0x00, 0x00, 0x00, 0x00, 0x00, 0x00, 0x00, 0x00, 0x00, 0x00, 0x00, 0x00, 0x05, 
	0x0f, 0xff, 0xff, 0xff, 0xff, 0xc0, 0x00, 0x00, 0x00, 0x00, 0x00, 0x00, 0x00, 0x00, 0x00, 0x00, 
	0x00, 0x00, 0x00, 0x00, 0x00, 0x0e, 0xee, 0xaa, 0xea, 0xae, 0xe8, 0x08, 0xe0, 0x00, 0x00, 0x00, 
	0x00, 0x00, 0x02, 0xee, 0xe0, 0x00, 0x00, 0x00, 0x00, 0x00, 0x00, 0x08, 0x8f, 0xee, 0xef, 0xee, 
	0xee, 0x80, 0x00, 0x00, 0x00, 0x00, 0x00, 0x00, 0x00, 0x00, 0x00, 0x00, 0x00, 0x00, 0x00, 0x00, 
	0x00, 0x0f, 0xfd, 0xfd, 0xdf, 0xff, 0xfc, 0x00, 0x40, 0x00, 0x00, 0x00, 0x00, 0x00, 0x01, 0xff, 
	0xf4, 0x00, 0x00, 0x00, 0x00, 0x00, 0x00, 0x00, 0x0f, 0xff, 0xff, 0xff, 0xff, 0x00, 0x00, 0x00, 
	0x00, 0x00, 0x00, 0x00, 0x00, 0x00, 0x00, 0x00, 0x00, 0x00, 0x00, 0x00, 0x00, 0x0b, 0xaa, 0xaa, 
	0xaa, 0xeb, 0xba, 0x00, 0x20, 0x00, 0x00, 0x00, 0x00, 0x00, 0x2b, 0xfe, 0xba, 0x00, 0x00, 0x00, 
	0x00, 0x00, 0x00, 0x38, 0x3f, 0xff, 0xff, 0xef, 0xff, 0x80, 0x00, 0x00, 0x00, 0x00, 0x00, 0x00, 
	0x00, 0x00, 0x00, 0x00, 0x00, 0x00, 0x00, 0x00, 0x00, 0x01, 0xf7, 0xff, 0xf7, 0xff, 0xfe, 0x00, 
	0x10, 0x00, 0x00, 0x00, 0x00, 0x00, 0x7c, 0x03, 0xff, 0x00, 0x00, 0x00, 0x00, 0x00, 0x00, 0x38, 
	0x3f, 0xff, 0xff, 0xff, 0xff, 0x00, 0x00, 0x00, 0x00, 0x00, 0x00, 0x00, 0x00, 0x00, 0x00, 0x00, 
	0x00, 0x00, 0x00, 0x00, 0x00, 0x03, 0xaa, 0xaa, 0xae, 0xee, 0xfe, 0x88, 0x28, 0x00, 0x00, 0x00, 
	0x00, 0x00, 0xa8, 0x02, 0xee, 0x80, 0x00, 0x00, 0x00, 0x00, 0x00, 0x28, 0xbf, 0xee, 0xef, 0xfe, 
	0xee, 0x80, 0x00, 0x00, 0x00, 0x00, 0x00, 0x00, 0x00, 0x00, 0x00, 0x00, 0x00, 0x00, 0x00, 0x00, 
	0x00, 0x01, 0xfd, 0xfd, 0xdd, 0xff, 0xff, 0x80, 0x00, 0x00, 0x00, 0x00, 0x00, 0x01, 0x80, 0x00, 
	0x7c, 0x40, 0x00, 0x00, 0x00, 0x00, 0x00, 0x4c, 0xff, 0xff, 0xdf, 0xff, 0xfc, 0x00, 0x00, 0x00, 
	0x00, 0x00, 0x00, 0x00, 0x00, 0x00, 0x00, 0x00, 0x00, 0x00, 0x00, 0x00, 0x00, 0x00, 0xea, 0xaa, 
	0xaa, 0xaf, 0xff, 0x80, 0x22, 0x80, 0x00, 0x00, 0x00, 0x03, 0x80, 0x00, 0xba, 0xa0, 0x00, 0x00, 
	0x00, 0x00, 0x00, 0xa8, 0xff, 0xfb, 0xbb, 0xff, 0xb8, 0x00, 0x00, 0x00, 0x00, 0x00, 0x00, 0x00, 
	0x00, 0x00, 0x00, 0x00, 0x00, 0x00, 0x00, 0x00, 0x00, 0x00, 0x5f, 0xff, 0x7f, 0xff, 0xff, 0xc0, 
	0x01, 0x80, 0x00, 0x00, 0x00, 0x07, 0x00, 0x00, 0x1f, 0xf0, 0x00, 0x00, 0x00, 0x00, 0x06, 0x41, 
	0xff, 0xff, 0xff, 0xff, 0xf0, 0x00, 0x00, 0x00, 0x00, 0x00, 0x00, 0x00, 0x00, 0x00, 0x00, 0x00, 
	0x00, 0x00, 0x00, 0x00, 0x00, 0x00, 0x0b, 0xee, 0xae, 0xea, 0xae, 0x80, 0x20, 0x80, 0x00, 0x00, 
	0x00, 0x0a, 0x00, 0x00, 0x2e, 0xa8, 0x00, 0x00, 0x00, 0x00, 0x02, 0xc8, 0xbe, 0xeb, 0xee, 0xfe, 
	0xe0, 0x00, 0x00, 0x00, 0x00, 0x00, 0x00, 0x00, 0x00, 0x00, 0x00, 0x00, 0x00, 0x00, 0x00, 0x00, 
	0x00, 0x00, 0x01, 0xff, 0xdf, 0xff, 0xdc, 0x00, 0x00, 0x00, 0x00, 0x00, 0x00, 0x0c, 0x00, 0x00, 
	0x0f, 0xfc, 0x00, 0x00, 0x00, 0x00, 0x05, 0xc0, 0x7f, 0xff, 0xff, 0xff, 0xc0, 0x00, 0x00, 0x00, 
	0x00, 0x00, 0x00, 0x00, 0x00, 0x00, 0x00, 0x00, 0x00, 0x00, 0x00, 0x00, 0x00, 0x00, 0x0b, 0xfb, 
	0xab, 0xaf, 0xee, 0xa0, 0x00, 0x60, 0x00, 0x00, 0x00, 0x08, 0x00, 0x00, 0x0e, 0xfa, 0x00, 0x00, 
	0x00, 0x00, 0x0f, 0xe0, 0xbb, 0xfb, 0xab, 0xbe, 0x00, 0x00, 0x00, 0x00, 0x00, 0x00, 0x00, 0x00, 
	0x00, 0x00, 0x00, 0x00, 0x00, 0x00, 0x00, 0x00, 0x00, 0x00, 0x1f, 0xf7, 0xff, 0xff, 0xff, 0xf0, 
	0x00, 0x40, 0x00, 0x00, 0x00, 0x18, 0x00, 0x00, 0x07, 0xfc, 0x00, 0x00, 0x00, 0x00, 0x07, 0xc3, 
	0xff, 0xff, 0xff, 0xfe, 0x00, 0x00, 0x00, 0x00, 0x00, 0x00, 0x00, 0x00, 0x00, 0x00, 0x00, 0x00, 
	0x00, 0x00, 0x00, 0x00, 0x00, 0x00, 0x0e, 0xea, 0xaa, 0xaa, 0xfe, 0xe8, 0x02, 0x28, 0x00, 0x00, 
	0x00, 0x08, 0x00, 0x00, 0x02, 0xfc, 0x00, 0x00, 0x00, 0x00, 0x0e, 0x8f, 0xef, 0xee, 0xef, 0xe8, 
	0x80, 0x00, 0x00, 0x00, 0x00, 0x00, 0x00, 0x00, 0x00, 0x00, 0x00, 0x00, 0x00, 0x00, 0x00, 0x00, 
	0x00, 0x00, 0x05, 0xfd, 0xdd, 0xfd, 0xff, 0xfc, 0x00, 0x10, 0x00, 0x00, 0x00, 0x10, 0x00, 0x00, 
	0x07, 0xfc, 0x00, 0x00, 0x00, 0x00, 0x06, 0x0f, 0xff, 0xff, 0xff, 0xc0, 0xc0, 0x00, 0x00, 0x00, 
	0x00, 0x00, 0x00, 0x00, 0x00, 0x00, 0x00, 0x00, 0x00, 0x00, 0x00, 0x00, 0x00, 0x00, 0x02, 0xba, 
	0xaa, 0xaa, 0xbf, 0xaa, 0x02, 0x28, 0x00, 0x00, 0x00, 0x38, 0x2a, 0xa8, 0x03, 0xfa, 0x2b, 0xba, 
	0x00, 0x00, 0x2e, 0x0b, 0xff, 0xbb, 0xfb, 0x8b, 0x80, 0x00, 0x00, 0x00, 0x00, 0x00, 0x00, 0x00, 
	0x00, 0x00, 0x00, 0x00, 0x00, 0x00, 0x00, 0x00, 0x00, 0x00, 0x00, 0x17, 0xff, 0x7f, 0xff, 0xc2, 
	0x00, 0x18, 0x00, 0x00, 0x00, 0x10, 0xff, 0xfc, 0x07, 0xfc, 0x3f, 0xff, 0x00, 0x00, 0x36, 0x01, 
	0xff, 0xff, 0xff, 0x9f, 0x00, 0x00, 0x00, 0x00, 0x00, 0x00, 0x00, 0x00, 0x00, 0x00, 0x00, 0x00, 
	0x00, 0x00, 0x00, 0x00, 0x00, 0x00, 0x03, 0xea, 0xea, 0xaa, 0xbf, 0xe8, 0x0a, 0x08, 0x00, 0x00, 
	0x00, 0x2a, 0xfa, 0xaa, 0xeb, 0xfe, 0xea, 0xae, 0xa8, 0x80, 0x2e, 0x0b, 0xfe, 0xee, 0xee, 0xee, 
	0x80, 0x00, 0x00, 0x00, 0x00, 0x00, 0x00, 0x00, 0x00, 0x00, 0x00, 0x00, 0x00, 0x00, 0x00, 0x00, 
	0x00, 0x00, 0x01, 0xfd, 0xdd, 0xff, 0xff, 0xfd, 0x80, 0x06, 0x00, 0x00, 0x04, 0x7f, 0xff, 0xff, 
	0xff, 0xff, 0xff, 0xff, 0xfd, 0xe0, 0x46, 0x0f, 0xff, 0xff, 0xff, 0xff, 0x00, 0x00, 0x00, 0x00, 
	0x00, 0x00, 0x00, 0x00, 0x00, 0x00, 0x00, 0x00, 0x00, 0x00, 0x00, 0x00, 0x00, 0x00, 0x00, 0xfa, 
	0xaa, 0xae, 0xae, 0xff, 0x82, 0x2e, 0x00, 0x2a, 0xaf, 0xab, 0xbf, 0xfa, 0xbf, 0xff, 0xbf, 0xfa, 
	0xbf, 0xe0, 0xae, 0x3f, 0xbb, 0xfa, 0xba, 0xbe, 0x00, 0x00, 0x00, 0x00, 0x00, 0x00, 0x00, 0x00, 
	0x00, 0x00, 0x00, 0x00, 0x00, 0x00, 0x00, 0x00, 0x00, 0x00, 0x00, 0x7f, 0xff, 0xff, 0xff, 0xff, 
	0xc0, 0x07, 0x01, 0x7f, 0xfd, 0x07, 0xff, 0xff, 0xff, 0xff, 0xff, 0xff, 0xff, 0xfd, 0x46, 0x3f, 
	0xff, 0xff, 0xff, 0xfc, 0x00, 0x00, 0x00, 0x00, 0x00, 0x00, 0x00, 0x00, 0x00, 0x00, 0x00, 0x00, 
	0x00, 0x00, 0x00, 0x00, 0x00, 0x00, 0x00, 0x3e, 0xee, 0xaa, 0xab, 0xef, 0xe0, 0x0e, 0x0e, 0xff, 
	0xe0, 0x0e, 0xef, 0xff, 0xfe, 0xff, 0xff, 0xff, 0xee, 0xef, 0xe8, 0x3f, 0xfe, 0xef, 0xef, 0xe8, 
	0x00, 0x00, 0x00, 0x00, 0x00, 0x00, 0x00, 0x00, 0x00, 0x00, 0x00, 0x00, 0x00, 0x00, 0x00, 0x00, 
	0x00, 0x00, 0x00, 0x1f, 0xff, 0xfd, 0xff, 0xff, 0xc0, 0x07, 0x07, 0xff, 0xc0, 0x01, 0xff, 0xff, 
	0xff, 0xff, 0xff, 0xff, 0xff, 0xff, 0xc8, 0x7f, 0xff, 0xff, 0xff, 0xfc, 0x00, 0x00, 0x00, 0x00, 
	0x00, 0x00, 0x00, 0x00, 0x00, 0x00, 0x00, 0x00, 0x00, 0x00, 0x00, 0x00, 0x00, 0x00, 0x00, 0x02, 
	0xaa, 0xaa, 0xaa, 0xff, 0xa0, 0x2a, 0xaa, 0x3a, 0xba, 0xa2, 0xff, 0xff, 0xfb, 0xff, 0xff, 0xff, 
	0xff, 0xfb, 0xe8, 0xff, 0xff, 0xbf, 0xfb, 0xf8, 0x00, 0x00, 0x00, 0x00, 0x00, 0x00, 0x00, 0x00, 
	0x00, 0x00, 0x00, 0x00, 0x00, 0x00, 0x00, 0x00, 0x00, 0x00, 0x00, 0x00, 0x3d, 0xff, 0xff, 0x7f, 
	0xf0, 0x01, 0xf8, 0x10, 0x3f, 0xff, 0xff, 0xff, 0xff, 0xff, 0xff, 0xff, 0xff, 0xff, 0xe1, 0xff, 
	0xff, 0xff, 0xff, 0xf0, 0x00, 0x00, 0x00, 0x00, 0x00, 0x00, 0x00, 0x00, 0x00, 0x00, 0x00, 0x00, 
	0x00, 0x00, 0x00, 0x00, 0x00, 0x00, 0x00, 0x00, 0xaa, 0xaa, 0xab, 0xaf, 0xe8, 0x08, 0xf8, 0x8a, 
	0xae, 0xee, 0xef, 0xff, 0xff, 0xff, 0xff, 0xff, 0xff, 0xff, 0xe8, 0xff, 0xee, 0xfe, 0xee, 0xe0, 
	0x00, 0x00, 0x00, 0x00, 0x00, 0x00, 0x00, 0x00, 0x00, 0x00, 0x00, 0x00, 0x00, 0x00, 0x00, 0x00, 
	0x00, 0x00, 0x00, 0x01, 0xff, 0xfd, 0xff, 0xdf, 0xfc, 0x00, 0xf1, 0x4f, 0xff, 0xff, 0xff, 0xff, 
	0xff, 0xff, 0xff, 0xff, 0xff, 0xff, 0xe1, 0xff, 0xff, 0xff, 0xff, 0xc0, 0x00, 0x00, 0x00, 0x00, 
	0x00, 0x00, 0x00, 0x00, 0x00, 0x00, 0x00, 0x00, 0x00, 0x00, 0x00, 0x00, 0x00, 0x00, 0x00, 0x03, 
	0xfe, 0xaa, 0xab, 0xff, 0xfa, 0x28, 0xaa, 0xbb, 0xaf, 0xbf, 0xea, 0xff, 0xff, 0xff, 0xbb, 0xff, 
	0xff, 0xfe, 0xe3, 0xbf, 0xfb, 0xfb, 0xfe, 0x00, 0x00, 0x00, 0x00, 0x00, 0x00, 0x00, 0x00, 0x00, 
	0x00, 0x00, 0x00, 0x00, 0x00, 0x00, 0x00, 0x00, 0x00, 0x00, 0x00, 0x00, 0x7f, 0xf5, 0xff, 0xff, 
	0xff, 0x10, 0x39, 0xff, 0xff, 0xff, 0xc0, 0x7f, 0xff, 0xff, 0xff, 0xff, 0xff, 0xff, 0x60, 0x7f, 
	0xff, 0xff, 0xfc, 0x00, 0x00, 0x00, 0x00, 0x00, 0x00, 0x00, 0x00, 0x00, 0x00, 0x00, 0x00, 0x00, 
	0x00, 0x00, 0x00, 0x00, 0x00, 0x00, 0x00, 0x00, 0xaa, 0xae, 0xaa, 0xff, 0xaa, 0x88, 0xba, 0xfe, 
	0xee, 0xee, 0xe8, 0xaf, 0xff, 0xfe, 0xff, 0xef, 0xff, 0xfe, 0xe0, 0xff, 0xee, 0xff, 0xea, 0x80, 
	0x00, 0x00, 0x00, 0x00, 0x00, 0x00, 0x00, 0x00, 0x00, 0x00, 0x00, 0x00, 0x00, 0x00, 0x00, 0x00, 
	0x00, 0x00, 0x00, 0x00, 0x0f, 0xff, 0xdf, 0xff, 0xf8, 0x00, 0x3f, 0xff, 0xff, 0x00, 0x04, 0x07, 
	0xff, 0xff, 0xff, 0xff, 0xff, 0xfe, 0x41, 0xff, 0xff, 0xff, 0xff, 0x00, 0x00, 0x00, 0x00, 0x00, 
	0x00, 0x00, 0x00, 0x00, 0x00, 0x00, 0x00, 0x00, 0x00, 0x00, 0x00, 0x00, 0x00, 0x00, 0x00, 0x00, 
	0x0f, 0xff, 0xab, 0xff, 0xf8, 0x02, 0xbf, 0xfb, 0xfe, 0x20, 0x00, 0x83, 0xff, 0xff, 0xff, 0xff, 
	0xff, 0xfe, 0x22, 0xff, 0xfb, 0xbf, 0xfe, 0x00, 0x00, 0x00, 0x00, 0x00, 0x00, 0x00, 0x00, 0x00, 
	0x00, 0x00, 0x00, 0x00, 0x00, 0x00, 0x00, 0x00, 0x00, 0x00, 0x00, 0x00, 0x05, 0xff, 0xff, 0xff, 
	0xff, 0x07, 0x3f, 0xff, 0xf0, 0x00, 0x00, 0x01, 0xff, 0xff, 0xff, 0xff, 0xff, 0xff, 0x07, 0xff, 
	0xff, 0xff, 0xfc, 0x00, 0x00, 0x00, 0x00, 0x00, 0x00, 0x00, 0x00, 0x00, 0x00, 0x00, 0x00, 0x00, 
	0x00, 0x00, 0x00, 0x00, 0x00, 0x00, 0x00, 0x00, 0x0a, 0xae, 0xee, 0xfa, 0xfe, 0x8a, 0xbf, 0xff, 
	0xa8, 0x08, 0x00, 0x80, 0xff, 0xfe, 0xee, 0xef, 0xfe, 0xfe, 0x0f, 0xff, 0xee, 0xfe, 0xf8, 0x00, 
	0x00, 0x00, 0x00, 0x00, 0x00, 0x00, 0x00, 0x00, 0x00, 0x00, 0x00, 0x00, 0x00, 0x00, 0x00, 0x00, 
	0x00, 0x00, 0x00, 0x00, 0x07, 0xff, 0xff, 0xfd, 0xff, 0xc6, 0x1f, 0xff, 0x00, 0x00, 0x01, 0xc0, 
	0xff, 0xff, 0xff, 0xff, 0xff, 0xff, 0x07, 0xff, 0xff, 0xff, 0xf8, 0x00, 0x00, 0x00, 0x00, 0x00, 
	0x00, 0x00, 0x00, 0x00, 0x00, 0x00, 0x00, 0x00, 0x00, 0x00, 0x00, 0x00, 0x00, 0x00, 0x00, 0x00, 
	0x02, 0xff, 0xaa, 0xab, 0xbf, 0xe2, 0x2f, 0xfa, 0x00, 0x00, 0x2b, 0xa0, 0xbe, 0xbf, 0xff, 0xbb, 
	0xff, 0xfe, 0x0f, 0xff, 0xff, 0xff, 0xe0, 0x00, 0x00, 0x00, 0x00, 0x00, 0x00, 0x00, 0x00, 0x00, 
	0x00, 0x00, 0x00, 0x00, 0x00, 0x00, 0x00, 0x00, 0x00, 0x00, 0x00, 0x00, 0x01, 0xff, 0xff, 0xff, 
	0xff, 0xc1, 0x27, 0xf0, 0x00, 0x00, 0x17, 0xf0, 0x7f, 0xff, 0xff, 0xff, 0xff, 0xff, 0x07, 0xff, 
	0xff, 0xff, 0xe0, 0x00, 0x00, 0x00, 0x00, 0x00, 0x00, 0x00, 0x00, 0x00, 0x00, 0x00, 0x00, 0x00, 
	0x00, 0x00, 0x00, 0x00, 0x00, 0x00, 0x00, 0x00, 0x00, 0xae, 0xee, 0xee, 0xff, 0xe8, 0xaf, 0xe8, 
	0x00, 0x08, 0x8a, 0xe8, 0xef, 0xff, 0xff, 0xfe, 0xef, 0xea, 0x0f, 0xff, 0xef, 0xff, 0x80, 0x00, 
	0x00, 0x00, 0x00, 0x00, 0x00, 0x00, 0x00, 0x00, 0x00, 0x00, 0x00, 0x00, 0x00, 0x00, 0x00, 0x00, 
	0x00, 0x00, 0x00, 0x00, 0x00, 0x7d, 0xff, 0xdf, 0xff, 0xf0, 0xc7, 0x00, 0x00, 0x00, 0x00, 0x7c, 
	0x7f, 0xff, 0xff, 0xff, 0xff, 0xe6, 0x1f, 0xff, 0xff, 0xff, 0x80, 0x00, 0x00, 0x00, 0x00, 0x00, 
	0x00, 0x00, 0x00, 0x00, 0x00, 0x00, 0x00, 0x00, 0x00, 0x00, 0x00, 0x00, 0x00, 0x00, 0x00, 0x00, 
	0x00, 0x2a, 0xbb, 0xbf, 0xff, 0xf8, 0xee, 0x00, 0x02, 0x00, 0x02, 0x3e, 0xbf, 0xff, 0xff, 0xff, 
	0xff, 0xe2, 0x3f, 0xff, 0xff, 0xee, 0x00, 0x00, 0x00, 0x00, 0x00, 0x00, 0x00, 0x00, 0x00, 0x00, 
	0x00, 0x00, 0x00, 0x00, 0x00, 0x00, 0x00, 0x00, 0x00, 0x00, 0x00, 0x00, 0x00, 0x1f, 0xff, 0x7f, 
	0xff, 0x18, 0xc7, 0x00, 0x00, 0x00, 0x01, 0x1f, 0xff, 0xff, 0xff, 0xff, 0xff, 0xf0, 0x3f, 0xff, 
	0xff, 0xff, 0x00, 0x00, 0x00, 0x00, 0x00, 0x00, 0x00, 0x00, 0x00, 0x00, 0x00, 0x00, 0x00, 0x00, 
	0x00, 0x00, 0x00, 0x00, 0x00, 0x00, 0x00, 0x00, 0x00, 0x0f, 0xef, 0xee, 0xef, 0xa8, 0xae, 0x00, 
	0x80, 0x00, 0x00, 0x2f, 0xff, 0xff, 0xfe, 0xee, 0xff, 0xe8, 0x3f, 0xff, 0xfe, 0xef, 0xa0, 0x00, 
	0x00, 0x00, 0x00, 0x00, 0x00, 0x00, 0x00, 0x00, 0x00, 0x00, 0x00, 0x00, 0x00, 0x00, 0x00, 0x00, 
	0x80, 0x00, 0x00, 0x00, 0x00, 0x07, 0xff, 0xff, 0xff, 0xf0, 0x47, 0x80, 0x00, 0x00, 0x1c, 0x07, 
	0xff, 0xff, 0xff, 0xff, 0xff, 0xf4, 0x7f, 0xff, 0xff, 0xff, 0xe0, 0x00, 0x00, 0x00, 0x00, 0x00, 
	0x00, 0x00, 0x00, 0x00, 0x00, 0x00, 0x00, 0x00, 0x00, 0x00, 0x00, 0x03, 0x80, 0x00, 0x00, 0x00, 
	0x00, 0x02, 0xff, 0xfa, 0xbb, 0xf8, 0x2f, 0x80, 0x00, 0x00, 0xbe, 0xaf, 0xff, 0xff, 0xff, 0xff, 
	0xbf, 0xe8, 0xbb, 0xff, 0xbf, 0xff, 0xa8, 0x00, 0x00, 0x00, 0x00, 0x00, 0x00, 0x00, 0x00, 0x00, 
	0x00, 0x00, 0x00, 0x00, 0x00, 0x00, 0x00, 0x01, 0x80, 0x00, 0x00, 0x00, 0x00, 0x00, 0xff, 0xff, 
	0x7f, 0xfc, 0x07, 0x80, 0x00, 0x01, 0xff, 0xd7, 0xff, 0xff, 0xff, 0xff, 0xff, 0xf0, 0x67, 0xff, 
	0xff, 0xff, 0xfc, 0x00, 0x00, 0x00, 0x00, 0x00, 0x00, 0x00, 0x00, 0x00, 0x00, 0x00, 0x00, 0x00, 
	0x00, 0x00, 0x00, 0x00, 0x80, 0x00, 0x00, 0x00, 0x00, 0x00, 0xfe, 0xee, 0xee, 0xfe, 0x2e, 0x80, 
	0x00, 0x0b, 0xff, 0xeb, 0xff, 0xfe, 0xee, 0xee, 0xef, 0xe8, 0x0f, 0xee, 0xfe, 0xfe, 0xfe, 0x00, 
	0x00, 0x00, 0x00, 0x00, 0x00, 0x00, 0x00, 0x00, 0x00, 0x00, 0x00, 0x00, 0x00, 0x00, 0x00, 0x01, 
	0xc0, 0x00, 0x00, 0x00, 0x00, 0x00, 0x7f, 0xdd, 0xff, 0xff, 0x1f, 0xc0, 0x00, 0x1f, 0xff, 0xe3, 
	0xff, 0xff, 0xff, 0xff, 0xff, 0xfc, 0x1f, 0xff, 0xff, 0xff, 0xfc, 0x00, 0x00, 0x00, 0x00, 0x00, 
	0x00, 0x00, 0x00, 0x00, 0x00, 0x00, 0x00, 0x00, 0x00, 0x00, 0x00, 0x03, 0x80, 0x00, 0x00, 0x00, 
	0x00, 0x00, 0x2e, 0xab, 0xfa, 0xbf, 0xbf, 0xe0, 0x02, 0xba, 0x2b, 0xfb, 0xff, 0xff, 0xfb, 0xaf, 
	0xff, 0xe8, 0x3f, 0xff, 0xef, 0xff, 0xfb, 0x80, 0x00, 0x00, 0x00, 0x00, 0x00, 0x00, 0x00, 0x00, 
	0x00, 0x00, 0x00, 0x00, 0x00, 0x00, 0x00, 0x01, 0x80, 0x00, 0x00, 0x00, 0x00, 0x00, 0x0f, 0xff, 
	0xf7, 0xff, 0xdf, 0xe0, 0x00, 0x70, 0x03, 0xff, 0xff, 0xff, 0xff, 0xff, 0xff, 0xf0, 0x7f, 0xff, 
	0xff, 0xff, 0xfd, 0x80, 0x00, 0x00, 0x00, 0x00, 0x00, 0x00, 0x00, 0x00, 0x00, 0x00, 0x00, 0x00, 
	0x00, 0x00, 0x00, 0x03, 0xa0, 0x00, 0x00, 0x00, 0x00, 0x00, 0x0f, 0xee, 0xee, 0xfe, 0x8e, 0xe0, 
	0x0a, 0x88, 0x8b, 0xff, 0xff, 0xff, 0xff, 0xee, 0xfe, 0xe8, 0xff, 0xef, 0xff, 0xff, 0xfe, 0xe0, 
	0x00, 0x00, 0x00, 0x00, 0x00, 0x00, 0x00, 0x00, 0x00, 0x00, 0x00, 0x00, 0x00, 0x00, 0x00, 0x03, 
	0xe0, 0x00, 0x00, 0x00, 0x00, 0x00, 0x0d, 0xff, 0xff, 0xfc, 0x0f, 0xe0, 0x00, 0x01, 0xff, 0xff, 
	0xff, 0xff, 0xff, 0xff, 0xff, 0xf1, 0xff, 0xff, 0xff, 0xff, 0xff, 0x60, 0x00, 0x00, 0x00, 0x00, 
	0x00, 0x00, 0x00, 0x00, 0x00, 0x00, 0x00, 0x00, 0x00, 0x00, 0x00, 0x0a, 0xe0, 0x00, 0x00, 0x00, 
	0x00, 0x00, 0x39, 0xfb, 0xff, 0xfe, 0x0b, 0xe0, 0xa0, 0x02, 0xff, 0xff, 0xff, 0xff, 0xeb, 0xff, 
	0xff, 0xf0, 0xff, 0xff, 0xff, 0xff, 0xfe, 0xa8, 0x00, 0x00, 0x00, 0x00, 0x00, 0x00, 0x00, 0x00, 
	0x00, 0x00, 0x00, 0x00, 0x00, 0x00, 0x00, 0x0e, 0x70, 0x00, 0x00, 0x00, 0x00, 0x00, 0x33, 0xff, 
	0xff, 0xff, 0x01, 0xe0, 0x00, 0x1f, 0x70, 0x7f, 0xff, 0xff, 0xff, 0xff, 0xff, 0xf1, 0xff, 0xff, 
	0xff, 0xff, 0xff, 0xdc, 0x00, 0x00, 0x00, 0x00, 0x00, 0x00, 0x00, 0x00, 0x00, 0x00, 0x00, 0x00, 
	0x00, 0x00, 0x00, 0xae, 0x38, 0x00, 0x00, 0x00, 0x00, 0x00, 0xef, 0xfe, 0xee, 0xff, 0xe3, 0xe8, 
	0x88, 0xaa, 0xa8, 0x0f, 0xfe, 0xff, 0xfe, 0xff, 0xee, 0xe8, 0xfe, 0xef, 0xff, 0xff, 0xff, 0x88, 
	0x00, 0x00, 0x00, 0x00, 0x00, 0x00, 0x00, 0x00, 0x00, 0x00, 0x00, 0x00, 0x00, 0x00, 0x00, 0x3c, 
	0x7f, 0x00, 0x00, 0x00, 0x00, 0x00, 0xcf, 0xff, 0xff, 0xff, 0xf1, 0xf4, 0x00, 0x40, 0x40, 0x0f, 
	0xff, 0xff, 0xff, 0xff, 0xff, 0xc1, 0xff, 0xff, 0xff, 0xff, 0xff, 0xe4, 0x00, 0x00, 0x00, 0x00, 
	0x00, 0x00, 0x00, 0x00, 0x00, 0x00, 0x00, 0x00, 0x00, 0x00, 0x0a, 0xb8, 0x2f, 0xa0, 0x00, 0x00, 
	0x00, 0x03, 0xbf, 0xff, 0xfb, 0xaf, 0xfb, 0xfa, 0xaa, 0x82, 0x80, 0x23, 0xff, 0xff, 0xff, 0xbf, 
	0xfb, 0xe3, 0xbf, 0xff, 0xff, 0xff, 0xbf, 0xea, 0x00, 0x00, 0x00, 0x00, 0x00, 0x00, 0x00, 0x00, 
	0x00, 0x00, 0x00, 0x00, 0x00, 0x00, 0x07, 0xf0, 0x0f, 0xf0, 0x00, 0x00, 0x00, 0x03, 0x3f, 0xff, 
	0xff, 0xff, 0xf1, 0xf8, 0x1c, 0x01, 0x00, 0x07, 0xff, 0xff, 0xff, 0xff, 0xff, 0xc6, 0x3f, 0xff, 
	0xff, 0xff, 0xff, 0xfe, 0x00, 0x00, 0x00, 0x00, 0x00, 0x00, 0x00, 0x00, 0x00, 0x00, 0x00, 0x00, 
	0x00, 0x00, 0x0e, 0xe8, 0x2e, 0xa8, 0x00, 0x00, 0x00, 0x0e, 0xbf, 0xff, 0xee, 0xef, 0xab, 0xfa, 
	0xaa, 0x0a, 0x80, 0x8f, 0xef, 0xff, 0xff, 0xee, 0xef, 0xc0, 0xfe, 0xff, 0xff, 0xfe, 0xef, 0xfa, 
	0x80, 0x00, 0x00, 0x00, 0x00, 0x00, 0x00, 0x00, 0x00, 0x00, 0x00, 0x00, 0x00, 0x00, 0x00, 0x7c, 
	0x3c, 0x00, 0x00, 0x00, 0x00, 0x0d, 0xff, 0xff, 0x9f, 0xff, 0xc1, 0xfc, 0x40, 0x00, 0x00, 0x1f, 
	0xff, 0xff, 0xff, 0xff, 0xff, 0xc1, 0xff, 0xff, 0xff, 0xff, 0xff, 0xfd, 0x80, 0x00, 0x00, 0x00, 
	0x00, 0x00, 0x00, 0x00, 0x00, 0x00, 0x00, 0x00, 0x00, 0x00, 0x00, 0x38, 0x3a, 0x00, 0x00, 0x00, 
	0x00, 0x28, 0xff, 0xff, 0xaa, 0xff, 0xa8, 0xfe, 0xe0, 0x28, 0x00, 0x3f, 0xff, 0xfe, 0xbf, 0xbf, 
	0xff, 0xe3, 0xff, 0xff, 0xff, 0xff, 0xfb, 0xfa, 0x80, 0x00, 0x00, 0x00, 0x00, 0x00, 0x00, 0x00, 
	0x00, 0x00, 0x00, 0x00, 0x00, 0x00, 0x00, 0x16, 0x7c, 0x00, 0x00, 0x00, 0x00, 0x31, 0xff, 0xff, 
	0x65, 0xff, 0xfc, 0xff, 0xc0, 0x00, 0x00, 0x7f, 0xff, 0xff, 0xff, 0xff, 0xff, 0xc7, 0xff, 0xff, 
	0xff, 0xff, 0xff, 0xfe, 0xc0, 0x00, 0x00, 0x00, 0x00, 0x00, 0x00, 0x00, 0x00, 0x00, 0x00, 0x00, 
	0x00, 0x00, 0x20, 0x0e, 0x20, 0x00, 0x00, 0x00, 0x00, 0x2a, 0xff, 0xfe, 0xea, 0xff, 0xfe, 0xfe, 
	0x00, 0x20, 0x00, 0xff, 0xfe, 0xff, 0xef, 0xfe, 0xee, 0xef, 0xef, 0xff, 0xef, 0xfe, 0xef, 0xef, 
	0xc0, 0x00, 0x00, 0x00, 0x00, 0x00, 0x00, 0x00, 0x00, 0x00, 0x00, 0x00, 0x00, 0x00, 0x70, 0x07, 
	0x70, 0x00, 0x00, 0x00, 0x00, 0x47, 0xff, 0xfc, 0x40, 0x47, 0xfc, 0xfe, 0x00, 0x00, 0x00, 0xff, 
	0xff, 0xff, 0xff, 0xff, 0xff, 0xff, 0xff, 0xff, 0xff, 0xff, 0xff, 0xff, 0xe0, 0x00, 0x00, 0x1c, 
	0x00, 0x00, 0x00, 0x00, 0x00, 0x00, 0x00, 0x00, 0x00, 0x00, 0x20, 0x03, 0xa0, 0x00, 0x00, 0x00, 
	0x00, 0xab, 0xfb, 0xfa, 0xaa, 0xab, 0xfe, 0xb8, 0x00, 0x80, 0x00, 0xff, 0xfe, 0xff, 0xfb, 0xff, 
	0xfb, 0xff, 0xff, 0xff, 0xff, 0xff, 0xff, 0xbb, 0xb8, 0x00, 0x00, 0x08, 0x00, 0x00, 0x00, 0x00, 
	0x00, 0x00, 0x00, 0x00, 0x00, 0x00, 0x70, 0x01, 0xc0, 0x00, 0x00, 0x00, 0x00, 0xcf, 0xff, 0xf8, 
	0x00, 0x01, 0xff, 0x78, 0x00, 0x00, 0x00, 0x7f, 0xff, 0xff, 0xff, 0xff, 0xff, 0xff, 0xff, 0xff, 
	0xff, 0xff, 0xff, 0xff, 0xf0, 0x00, 0x00, 0x18, 0x00, 0x00, 0x00, 0x00, 0x00, 0x00, 0x00, 0x00, 
	0x00, 0x00, 0x20, 0x00, 0x80, 0x00, 0x00, 0x00, 0x02, 0x8f, 0x8e, 0xe8, 0xaa, 0xaa, 0xff, 0xe8, 
	0x00, 0x80, 0x02, 0xff, 0xfe, 0xff, 0xfe, 0xfe, 0xee, 0xef, 0xff, 0xfe, 0xfe, 0xff, 0xfe, 0xee, 
	0xea, 0x00, 0x00, 0x08, 0x00, 0x00, 0x00, 0x00, 0x00, 0x00, 0x00, 0x00, 0x00, 0x00, 0x70, 0x01, 
	0xc0, 0x00, 0x00, 0x00, 0x03, 0x1f, 0xdf, 0xc0, 0x40, 0x0f, 0x7f, 0xc0, 0x00, 0x00, 0x01, 0xff, 
	0xff, 0xff, 0xff, 0xff, 0xff, 0xff, 0xff, 0xff, 0xff, 0xff, 0xff, 0xff, 0xfc, 0x00, 0x00, 0x18, 
	0x00, 0x00, 0x00, 0x00, 0x00, 0x00, 0x00, 0x00, 0x00, 0x00, 0xf8, 0x00, 0x80, 0x00, 0x00, 0x00, 
	0x02, 0xae, 0xff, 0xa0, 0xa2, 0xaa, 0xbf, 0x80, 0x02, 0x00, 0x03, 0xff, 0xff, 0xbf, 0xff, 0xff, 
	0xbb, 0xba, 0xff, 0xfb, 0xff, 0xff, 0xff, 0xbf, 0xfb, 0x80, 0x00, 0xa8, 0x00, 0x00, 0x00, 0x00, 
	0x00, 0x00, 0x00, 0x00, 0x00, 0x00, 0xf8, 0x01, 0xc0, 0x00, 0x00, 0x00, 0x04, 0x17, 0xff, 0x80, 
	0x00, 0x00, 0x1f, 0x00, 0x00, 0x00, 0x01, 0xff, 0xff, 0xff, 0xff, 0xff, 0xff, 0xfe, 0xff, 0xff, 
	0xff, 0xff, 0xff, 0xff, 0xff, 0xf0, 0x00, 0xe0, 0x00, 0x00, 0x00, 0x00, 0x00, 0x00, 0x00, 0x00, 
	0x00, 0x00, 0xf8, 0x00, 0x80, 0x00, 0x00, 0x00, 0x0e, 0x2a, 0xef, 0x80, 0x28, 0x80, 0x8e, 0x00, 
	0x08, 0x00, 0x03, 0xff, 0xff, 0xef, 0xff, 0xef, 0xee, 0xee, 0xef, 0xee, 0xfe, 0xef, 0xef, 0xff, 
	0xfe, 0xe8, 0x00, 0xe0, 0x00, 0x00, 0x00, 0x00, 0x00, 0x00, 0x00, 0x00, 0x00, 0x01, 0xdc, 0x00, 
	0x00, 0x00, 0x00, 0x00, 0x0c, 0x7e, 0x1f, 0x00, 0x00, 0x00, 0x0c, 0x00, 0x00, 0x00, 0x01, 0xff, 
	0xff, 0xff, 0xff, 0xff, 0xff, 0xff, 0x7f, 0xff, 0xff, 0xff, 0xff, 0xff, 0xff, 0xfc, 0x47, 0xc0, 
	0x00, 0x00, 0x00, 0x00, 0x00, 0x00, 0x00, 0x00, 0x00, 0x03, 0x8a, 0x00, 0x00, 0x00, 0x00, 0x00, 
	0x0e, 0xbe, 0x2e, 0x00, 0x80, 0x00, 0xa8, 0x00, 0x20, 0x00, 0x2b, 0xff, 0xff, 0xfb, 0xee, 0xfb, 
	0xff, 0xbb, 0x3b, 0xfe, 0xff, 0xbf, 0xff, 0xff, 0xff, 0xeb, 0xff, 0x80, 0x00, 0x00, 0x00, 0x00, 
	0x00, 0x00, 0x00, 0x00, 0x00, 0x07, 0x9c, 0x00, 0x00, 0x00, 0x00, 0x00, 0x1c, 0xf5, 0xde, 0x00, 
	0x00, 0x00, 0x00, 0x00, 0x00, 0x00, 0x11, 0xff, 0xff, 0xff, 0xff, 0xff, 0xff, 0xff, 0xff, 0xff, 
	0xff, 0xff, 0xff, 0xff, 0xff, 0xff, 0xff, 0x00, 0x00, 0x00, 0x00, 0x00, 0x00, 0x00, 0x00, 0x00, 
	0x00, 0x0e, 0x8a, 0x80, 0x00, 0x00, 0x00, 0x00, 0x28, 0xaa, 0xee, 0x00, 0x80, 0x00, 0x20, 0x80, 
	0x80, 0x00, 0x0b, 0xff, 0xef, 0xef, 0xfe, 0xee, 0xee, 0xee, 0xee, 0xef, 0xee, 0xef, 0xef, 0xff, 
	0xff, 0xfe, 0xfa, 0x80, 0x00, 0x00, 0x00, 0x00, 0x00, 0x00, 0x00, 0x00, 0x00, 0x3e, 0x07, 0xc0, 
	0x00, 0x00, 0x00, 0x00, 0x70, 0x1f, 0xfc, 0x00, 0x00, 0x04, 0x00, 0x00, 0x00, 0x00, 0x11, 0xff, 
	0xff, 0xff, 0xff, 0xff, 0xff, 0xff, 0x7f, 0xff, 0xff, 0xff, 0xff, 0xff, 0xff, 0xff, 0xf8, 0x00, 
	0x00, 0x00, 0x00, 0x00, 0x00, 0x00, 0x00, 0x00, 0x02, 0xba, 0x02, 0xfa, 0x00, 0x00, 0x00, 0x00, 
	0x22, 0xbb, 0xb8, 0x00, 0x80, 0x02, 0x02, 0x00, 0x80, 0x00, 0x3b, 0xff, 0xbf, 0xfb, 0xfb, 0xbf, 
	0xfb, 0xba, 0xbb, 0xff, 0xfb, 0xff, 0xfb, 0xff, 0xff, 0xea, 0xa8, 0x00, 0x00, 0x00, 0x00, 0x00, 
	0x00, 0x00, 0x00, 0x00, 0x07, 0xf8, 0x01, 0xff, 0x00, 0x00, 0x00, 0x00, 0x03, 0xff, 0xf0, 0x00, 
	0x00, 0x00, 0x00, 0x00, 0x00, 0x00, 0x31, 0xff, 0xff, 0xff, 0xff, 0xff, 0xff, 0xff, 0x7f, 0xff, 
	0xff, 0xff, 0xff, 0xff, 0xff, 0xf0, 0x00, 0x00, 0x00, 0x00, 0x00, 0x00, 0x00, 0x00, 0x00, 0x00, 
	0x02, 0xaa, 0x02, 0xea, 0x00, 0x00, 0x00, 0x00, 0x8b, 0xee, 0xe8, 0x00, 0x00, 0x0a, 0x08, 0x00, 
	0x80, 0x00, 0x3b, 0xff, 0xee, 0xee, 0xfe, 0xee, 0xee, 0xee, 0xae, 0xfe, 0xff, 0xfe, 0xfe, 0xff, 
	0xff, 0xe8, 0x00, 0x00, 0x00, 0x00, 0x00, 0x00, 0x00, 0x00, 0x00, 0x00, 0x00, 0x0e, 0x07, 0xc0, 
	0x00, 0x00, 0x00, 0x05, 0x0f, 0xfd, 0xc0, 0x00, 0x00, 0x04, 0x00, 0x00, 0x00, 0x00, 0x31, 0xff, 
	0xff, 0xff, 0xff, 0xff, 0xff, 0xfd, 0xcf, 0xff, 0xff, 0xff, 0xff, 0xff, 0xff, 0xfc, 0x00, 0x00, 
	0x00, 0x00, 0x00, 0x00, 0x00, 0x00, 0x00, 0x00, 0x00, 0x0e, 0x8b, 0x80, 0x00, 0x00, 0x00, 0x0e, 
	0x2f, 0xeb, 0xe0, 0x00, 0x00, 0x28, 0x08, 0x02, 0x00, 0x00, 0x3b, 0xfb, 0xff, 0xfb, 0xfb, 0xbb, 
	0xbf, 0xb8, 0xab, 0xbf, 0xff, 0xff, 0xfe, 0xff, 0xff, 0xf8, 0x00, 0x00, 0x00, 0x00, 0x00, 0x00, 
	0x00, 0x00, 0x00, 0x00, 0x00, 0x07, 0xcd, 0x00, 0x00, 0x00, 0x00, 0x04, 0x7f, 0xff, 0xc0, 0x00, 
	0x00, 0x10, 0x00, 0x00, 0x00, 0x00, 0x31, 0xff, 0xff, 0xff, 0xff, 0xff, 0xff, 0xfd, 0xff, 0xff, 
	0xff, 0xff, 0xff, 0xff, 0xff, 0xfc, 0x00, 0x00, 0x00, 0x00, 0x00, 0x00, 0x00, 0x00, 0x00, 0x00, 
	0x00, 0x03, 0x8c, 0x00, 0x00, 0x00, 0x00, 0x3a, 0xae, 0xaa, 0x80, 0x08, 0x00, 0x08, 0x20, 0x00, 
	0x00, 0x00, 0x38, 0xef, 0xee, 0xee, 0xfe, 0xee, 0xee, 0xea, 0xee, 0xef, 0xfe, 0xfe, 0xff, 0xef, 
	0xff, 0xee, 0x00, 0x00, 0x00, 0x00, 0x00, 0x00, 0x00, 0x00, 0x00, 0x00, 0x00, 0x01, 0xdc, 0x00, 
	0x00, 0x00, 0x00, 0x17, 0xff, 0xff, 0x80, 0x00, 0x00, 0x00, 0x00, 0x00, 0x00, 0x00, 0x7c, 0xff, 
	0xff, 0xff, 0xff, 0xff, 0xff, 0xe5, 0xff, 0xff, 0xff, 0xff, 0xff, 0xff, 0xff, 0xfe, 0x00, 0x00, 
	0x00, 0x00, 0x00, 0x00, 0x00, 0x00, 0x00, 0x00, 0x00, 0x02, 0xf8, 0x00, 0x00, 0x00, 0x00, 0xaf, 
	0xbf, 0xab, 0x88, 0x20, 0x00, 0x20, 0xa0, 0x00, 0x00, 0x00, 0x38, 0xff, 0xbb, 0xfb, 0xbf, 0xbb, 
	0xfb, 0xea, 0xbb, 0xfb, 0xbf, 0xbf, 0xbf, 0xff, 0xff, 0xfb, 0x80, 0x00, 0x00, 0x00, 0x00, 0x00, 
	0x00, 0x00, 0x00, 0x00, 0x00, 0x00, 0x70, 0x00, 0x00, 0x00, 0x00, 0xdf, 0x3f, 0xff, 0x00, 0x00, 
	0x00, 0x00, 0x00, 0x00, 0x00, 0x00, 0x7c, 0x7f, 0xff, 0xff, 0xff, 0xff, 0xff, 0xef, 0xff, 0xff, 
	0xff, 0xff, 0xff, 0xff, 0xff, 0xff, 0x00, 0x00, 0x00, 0x00, 0x00, 0x00, 0x00, 0x00, 0x00, 0x00, 
	0x00, 0x00, 0xe8, 0x00, 0x00, 0x00, 0x02, 0xae, 0xba, 0xee, 0x88, 0x00, 0x00, 0xa0, 0x80, 0x08, 
	0x00, 0x00, 0x3e, 0xee, 0xee, 0xee, 0xfe, 0xee, 0xee, 0xee, 0xee, 0xee, 0xff, 0xff, 0xff, 0xee, 
	0xef, 0xfe, 0xa0, 0x00, 0x00, 0x00, 0x00, 0x00, 0x00, 0x00, 0x00, 0x00, 0x00, 0x00, 0x70, 0x00, 
	0x00, 0x00, 0x07, 0x76, 0x7f, 0xfe, 0x00, 0x00, 0x00, 0x40, 0x00, 0x00, 0x00, 0x00, 0x7c, 0x7f, 
	0xff, 0xff, 0xff, 0xff, 0xf7, 0xff, 0xdf, 0xff, 0xff, 0xff, 0xff, 0xff, 0xff, 0xff, 0xc0, 0x00, 
	0x00, 0x00, 0x00, 0x00, 0x00, 0x00, 0x00, 0x00, 0x00, 0x00, 0x20, 0x00, 0x00, 0x00, 0x2a, 0xa2, 
	0xfb, 0xfe, 0x20, 0x80, 0x00, 0x82, 0x00, 0x08, 0x00, 0x00, 0x3e, 0xfb, 0xbf, 0xbb, 0xbf, 0xbb, 
	0xe3, 0xfb, 0xab, 0xbb, 0xff, 0xff, 0xbf, 0xff, 0xff, 0xff, 0xe0, 0x00, 0x00, 0x00, 0x00, 0x00, 
	0x00, 0x00, 0x00, 0x00, 0x00, 0x00, 0x70, 0x00, 0x06, 0x00, 0x7f, 0xc6, 0x7f, 0xfe, 0x00, 0x00, 
	0x00, 0x00, 0x00, 0x00, 0x00, 0x00, 0x7f, 0x7f, 0xff, 0xff, 0xff, 0xff, 0x3f, 0xff, 0xff, 0xff, 
	0xff, 0xff, 0xff, 0xff, 0xff, 0xff, 0xf0, 0x00, 0x00, 0x00, 0x00, 0x00, 0x00, 0x00, 0x00, 0x00, 
	0x00, 0x00, 0x28, 0x00, 0x0e, 0x02, 0xfe, 0x8e, 0xee, 0xfe, 0x80, 0x80, 0x00, 0x88, 0x00, 0x08, 
	0x00, 0x00, 0x3e, 0x2e, 0xee, 0xee, 0xee, 0xee, 0xae, 0xfe, 0xee, 0xee, 0xff, 0xff, 0xef, 0xef, 
	0xee, 0xef, 0xf8, 0x00, 0x00, 0x00, 0x00, 0x00, 0x00, 0x00, 0x00, 0x00, 0x00, 0x00, 0x70, 0x00, 
	0x06, 0x07, 0xf4, 0x0d, 0xff, 0x7c, 0x00, 0x00, 0x00, 0x00, 0x00, 0x00, 0x00, 0x00, 0x7f, 0x3f, 
	0xff, 0xff, 0xff, 0xff, 0x9d, 0xff, 0xff, 0xff, 0xff, 0xff, 0xff, 0xff, 0xff, 0xff, 0xf8, 0x00, 
	0x00, 0x00, 0x00, 0x00, 0x00, 0x00, 0x00, 0x00, 0x00, 0x00, 0x00, 0x00, 0x00, 0xfe, 0xa0, 0xab, 
	0xbe, 0xfa, 0x00, 0x00, 0x02, 0x20, 0x00, 0x00, 0x00, 0x00, 0x3a, 0xbb, 0xbb, 0xbb, 0xbf, 0xae, 
	0xba, 0xff, 0xbb, 0xfb, 0xbf, 0xff, 0xff, 0xff, 0xfb, 0xfb, 0xba, 0x00, 0x00, 0x00, 0x00, 0x00, 
	0x00, 0x00, 0x00, 0x00, 0x00, 0x00, 0x00, 0x00, 0x00, 0xfc, 0x00, 0x71, 0xfc, 0x70, 0x00, 0x00, 
	0x00, 0x00, 0x00, 0x00, 0x00, 0x00, 0x7f, 0xdf, 0xff, 0xff, 0x3f, 0xe4, 0xff, 0xff, 0x7f, 0xff, 
	0xff, 0xff, 0xff, 0xff, 0xff, 0xff, 0xff, 0x00, 0x00, 0x00, 0x00, 0x00, 0x00, 0x00, 0x00, 0x00, 
	0x00, 0x00, 0x00, 0x00, 0x00, 0x88, 0x0a, 0xaa, 0xee, 0xfa, 0x80, 0x00, 0x02, 0x88, 0x00, 0x00, 
	0x00, 0x00, 0x2e, 0xae, 0xee, 0xee, 0xae, 0xee, 0xee, 0xee, 0xee, 0xee, 0xff, 0xff, 0xff, 0xff, 
	0xee, 0xee, 0xae, 0x80, 0x00, 0x00, 0x00, 0x00, 0x00, 0x00, 0x00, 0x00, 0x00, 0x00, 0x00, 0x00, 
	0x00, 0x00, 0x06, 0x17, 0xff, 0xf0, 0x00, 0x00, 0x00, 0x00, 0x00, 0x00, 0x00, 0x00, 0x7f, 0xcf, 
	0xff, 0xfe, 0xff, 0xff, 0xff, 0xff, 0xff, 0xff, 0xff, 0xff, 0xff, 0xff, 0xff, 0xff, 0xdf, 0xc0, 
	0x00, 0x00, 0x00, 0x00, 0x00, 0x00, 0x00, 0x00, 0x00, 0x00, 0x00, 0x00, 0x00, 0x00, 0x2a, 0x2b, 
	0xef, 0xfa, 0x00, 0x00, 0x02, 0x00, 0x00, 0x20, 0x00, 0x00, 0x3b, 0xaf, 0xfb, 0xba, 0xeb, 0xab, 
	0xfb, 0xbf, 0xbb, 0xbb, 0xff, 0xff, 0xff, 0xff, 0xff, 0xfe, 0xff, 0xa8, 0x00, 0x00, 0x00, 0x00, 
	0x00, 0x00, 0x00, 0x00, 0x00, 0x00, 0x00, 0x00, 0x00, 0x00, 0x38, 0x67, 0xff, 0xf0, 0x00, 0x00, 
	0x00, 0x00, 0x00, 0x00, 0x00, 0x00, 0x7f, 0xd7, 0xff, 0xff, 0xff, 0xff, 0xff, 0xff, 0xff, 0xff, 
	0xff, 0xff, 0xff, 0xff, 0xff, 0xff, 0xff, 0xf0, 0x00, 0x00, 0x00, 0x00, 0x00, 0x00, 0x00, 0x00, 
	0x00, 0x00, 0x00, 0x00, 0x00, 0x00, 0xa8, 0xaf, 0xee, 0xe8, 0x00, 0x00, 0x0a, 0x20, 0x00, 0x20, 
	0x00, 0x00, 0x2e, 0xea, 0xee, 0xaa, 0xef, 0xee, 0xee, 0xff, 0xee, 0xee, 0xef, 0xff, 0xff, 0xff, 
	0xfe, 0xee, 0xee, 0xe8, 0x80, 0x00, 0x00, 0x00, 0x00, 0x00, 0x00, 0x00, 0x00, 0x00, 0x00, 0x00, 
	0x00, 0x00, 0xc0, 0x9f, 0xff, 0xc0, 0x00, 0x00, 0x04, 0x00, 0x00, 0x00, 0x00, 0x00, 0x7f, 0xfd, 
	0xdf, 0xff, 0xff, 0xff, 0xff, 0xff, 0xff, 0xff, 0xff, 0xff, 0xff, 0xff, 0xff, 0xff, 0xff, 0xff, 
	0xc0, 0x04, 0x00, 0x00, 0x00, 0x00, 0x00, 0x00, 0x00, 0x00, 0x00, 0x00, 0x00, 0x00, 0x80, 0xbf, 
	0xfa, 0xe8, 0x00, 0x00, 0x0a, 0x80, 0x00, 0x00, 0x00, 0x00, 0x3f, 0xfa, 0xbb, 0xbf, 0xff, 0xfb, 
	0xbb, 0xbb, 0xeb, 0xbb, 0xbf, 0xff, 0xff, 0xff, 0xfb, 0xff, 0xef, 0xfb, 0xe0, 0x0a, 0x00, 0x00, 
	0x00, 0x00, 0x00, 0x00, 0x00, 0x00, 0x00, 0x00, 0x00, 0x01, 0x01, 0xff, 0xff, 0xc0, 0x00, 0x00, 
	0x00, 0x00, 0x00, 0x00, 0x00, 0x00, 0x7f, 0xfd, 0xff, 0x7f, 0xff, 0xff, 0xff, 0xff, 0xff, 0xff, 
	0xff, 0xff, 0xff, 0xff, 0xff, 0xff, 0xff, 0xff, 0xf0, 0x06, 0x00, 0x00, 0x00, 0x00, 0x00, 0x00, 
	0x00, 0x00, 0x00, 0x00, 0x00, 0x03, 0x83, 0xbe, 0xef, 0xe8, 0x08, 0x00, 0x08, 0x00, 0x00, 0x00, 
	0x00, 0x00, 0x2e, 0xee, 0xee, 0xae, 0xef, 0xee, 0xee, 0xef, 0xee, 0xfe, 0xef, 0x8f, 0xff, 0xfe, 
	0xff, 0xef, 0xff, 0xee, 0xee, 0xe8, 0x00, 0x00, 0x00, 0x00, 0x00, 0x00, 0x00, 0x00, 0x00, 0x00, 
	0x00, 0x07, 0x03, 0xff, 0xdf, 0xc0, 0x00, 0x00, 0x00, 0x00, 0x00, 0x00, 0x00, 0x00, 0x1f, 0xff, 
	0xff, 0xff, 0xff, 0xff, 0xff, 0xff, 0xff, 0xdf, 0xff, 0xc5, 0xff, 0xff, 0xff, 0xff, 0xff, 0xff, 
	0xff, 0xf8, 0x00, 0x00, 0x00, 0x00, 0x00, 0x00, 0x00, 0x00, 0x00, 0x00, 0x00, 0x0a, 0x02, 0xef, 
	0xbb, 0xa0, 0x00, 0x00, 0x08, 0x80, 0x00, 0x00, 0x00, 0x02, 0x3b, 0xef, 0xbf, 0xbb, 0xbb, 0xfb, 
	0xbf, 0xbb, 0xfb, 0x8f, 0xff, 0x83, 0xff, 0xff, 0xff, 0xff, 0xff, 0xff, 0xfb, 0xe8, 0x00, 0x00, 
	0x00, 0x00, 0x00, 0x00, 0x00, 0x00, 0x00, 0x00, 0x00, 0x04, 0x0d, 0xff, 0xff, 0xd0, 0x00, 0x00, 
	0x00, 0x00, 0x00, 0x00, 0x00, 0x00, 0x3f, 0xff, 0xff, 0xff, 0xff, 0xff, 0xff, 0xff, 0xff, 0x07, 
	0xff, 0x01, 0xff, 0xff, 0xff, 0xff, 0xff, 0xff, 0xff, 0xf0, 0x00, 0x00, 0x00, 0x00, 0x00, 0x00, 
	0x00, 0x00, 0x00, 0x00, 0x00, 0x08, 0x0e, 0xfe, 0xef, 0xa8, 0x80, 0x00, 0x08, 0x80, 0x00, 0x80, 
	0x00, 0x02, 0xbe, 0xee, 0xee, 0xee, 0xef, 0xee, 0xee, 0xee, 0xfe, 0x08, 0xee, 0x8b, 0xef, 0xef, 
	0xff, 0xfe, 0xef, 0xfe, 0xff, 0xa0, 0x00, 0x00, 0x00, 0x00, 0x00, 0x00, 0x00, 0x00, 0x00, 0x00, 
	0x00, 0x18, 0x0f, 0xff, 0xff, 0x80, 0x00, 0x00, 0x00, 0x00, 0x00, 0x00, 0x00, 0x00, 0x1f, 0xff, 
	0xff, 0xff, 0xff, 0xff, 0xfd, 0xff, 0xfe, 0x00, 0xff, 0x07, 0xff, 0xf7, 0xff, 0xff, 0xff, 0xff, 
	0xff, 0x80, 0x00, 0x00, 0x00, 0x00, 0x00, 0x00, 0x00, 0x00, 0x00, 0x00, 0x00, 0x28, 0x2f, 0xfb, 
	0xff, 0xa0, 0x00, 0x00, 0x08, 0x00, 0x00, 0x00, 0x00, 0x02, 0x2b, 0xbb, 0xbb, 0xbb, 0xbb, 0xfb, 
	0xba, 0xef, 0xbe, 0x80, 0xbe, 0x0f, 0xff, 0xff, 0xfb, 0xbf, 0xff, 0xff, 0xfa, 0x80, 0x00, 0x00, 
	0x00, 0x00, 0x00, 0x00, 0x00, 0x00, 0x00, 0x00, 0x00, 0x30, 0x7f, 0xff, 0xf7, 0x00, 0x00, 0x00, 
	0x00, 0x00, 0x00, 0x00, 0x00, 0x00, 0x1f, 0xff, 0xff, 0xff, 0xff, 0xff, 0xff, 0xff, 0xff, 0xc0, 
	0x1c, 0x0f, 0xff, 0xff, 0xff, 0xff, 0xff, 0xff, 0xf0, 0x00, 0x00, 0x00, 0x00, 0x00, 0x00, 0x00, 
	0x00, 0x00, 0x00, 0x00, 0x00, 0xa8, 0xee, 0xef, 0xee, 0x80, 0x00, 0x00, 0x20, 0x00, 0x00, 0x80, 
	0x00, 0x02, 0x8f, 0xee, 0xee, 0xee, 0xee, 0xfe, 0xee, 0xee, 0xff, 0xe8, 0x08, 0x2e, 0xef, 0xff, 
	0xef, 0xfe, 0xff, 0xaa, 0xa8, 0x00, 0x00, 0x00, 0x00, 0x00, 0x00, 0x00, 0x00, 0x00, 0x00, 0x00, 
	0x00, 0x61, 0xff, 0xff, 0xdf, 0x40, 0x00, 0x00, 0x00, 0x00, 0x00, 0x00, 0x00, 0x00, 0x1f, 0xff, 
	0xff, 0xff, 0xff, 0xff, 0xff, 0xff, 0xff, 0xfc, 0x00, 0x7f, 0xff, 0xff, 0xff, 0xff, 0xff, 0xc0, 
	0x00, 0x00, 0x00, 0x00, 0x00, 0x00, 0x00, 0x00, 0x00, 0x00, 0x00, 0x00, 0x00, 0xe2, 0xbf, 0xfe, 
	0xae, 0x82, 0x00, 0x00, 0x20, 0x00, 0x00, 0x00, 0x00, 0x00, 0x8b, 0xbb, 0xbb, 0xbf, 0xfb, 0xfb, 
	0xba, 0xbb, 0xff, 0xbe, 0x80, 0xbf, 0xfb, 0xfb, 0xbf, 0xbf, 0xbf, 0xa0, 0x00, 0x00, 0x00, 0x00, 
	0x00, 0x00, 0x00, 0x00, 0x00, 0x00, 0x00, 0x00, 0x00, 0xe7, 0xff, 0xff, 0xff, 0x00, 0x00, 0x00, 
	0x00, 0x00, 0x00, 0x00, 0x00, 0x00, 0x07, 0xff, 0xff, 0xff, 0xff, 0xff, 0xff, 0xff, 0xff, 0xff, 
	0xc0, 0x3f, 0xff, 0xf7, 0xff, 0xff, 0xff, 0xf0, 0x00, 0x00, 0x00, 0x00, 0x00, 0x00, 0x00, 0x00, 
	0x00, 0x00, 0x00, 0x00, 0x00, 0xee, 0xee, 0xfb, 0xfe, 0x88, 0x00, 0x00, 0x28, 0x80, 0x00, 0x80, 
	0x00, 0x00, 0x8f, 0xee, 0xee, 0xee, 0xee, 0xfe, 0xee, 0xee, 0xfe, 0xef, 0xe0, 0x0f, 0xff, 0xfe, 
	0xee, 0xee, 0xee, 0xe0, 0x00, 0x00, 0x00, 0x00, 0x00, 0x00, 0x00, 0x00, 0x00, 0x00, 0x00, 0x00, 
	0x00, 0xff, 0xff, 0xff, 0xff, 0x00, 0x00, 0x00, 0x00, 0x00, 0x00, 0x00, 0x00, 0x00, 0x67, 0xff, 
	0xff, 0xff, 0xff, 0xff, 0xff, 0xff, 0xff, 0xff, 0xc0, 0x07, 0xff, 0xff, 0xff, 0xff, 0xff, 0xfc, 
	0x00, 0x00, 0x00, 0x00, 0x00, 0x00, 0x00, 0x00, 0x00, 0x00, 0x00, 0x00, 0x00, 0xfb, 0xef, 0xef, 
	0xfe, 0x02, 0x00, 0x00, 0x20, 0x80, 0x00, 0x80, 0x00, 0x00, 0xa3, 0xbb, 0xff, 0xbf, 0xff, 0xff, 
	0xfa, 0xff, 0xff, 0xbb, 0x82, 0x02, 0xff, 0xfb, 0xbb, 0xbb, 0xab, 0xf8, 0x00, 0x20, 0x00, 0x00, 
	0x00, 0x00, 0x00, 0x00, 0x00, 0x00, 0x00, 0x00, 0x00, 0xfd, 0xdf, 0xf7, 0xfc, 0x00, 0x00, 0x00, 
	0x00, 0x00, 0x00, 0x00, 0x00, 0x00, 0x67, 0xff, 0xff, 0xff, 0xff, 0xff, 0xff, 0xff, 0xff, 0xff, 
	0x03, 0x00, 0xff, 0xfd, 0xff, 0xff, 0xf7, 0xfc, 0x00, 0x30, 0x00, 0x00, 0x00, 0x00, 0x00, 0x00, 
	0x00, 0x00, 0x00, 0x00, 0x02, 0xea, 0xaa, 0xae, 0xfc, 0x08, 0x08, 0x00, 0x80, 0x00, 0x00, 0x80, 
	0x00, 0x00, 0xaa, 0xef, 0xee, 0xfe, 0xee, 0xee, 0xee, 0xfe, 0xff, 0xee, 0x8b, 0xe0, 0xbe, 0xfe, 
	0xfe, 0xee, 0xee, 0xee, 0x80, 0x28, 0x00, 0x00, 0x00, 0x00, 0x00, 0x00, 0x00, 0x00, 0x00, 0x00, 
	0x07, 0xc7, 0xff, 0x9f, 0xfc, 0x00, 0x00, 0x00, 0x40, 0x00, 0x00, 0x00, 0x00, 0x00, 0x79, 0xff, 
	0xff, 0xff, 0xff, 0xdf, 0xff, 0xff, 0xff, 0xfc, 0x07, 0xc0, 0x3f, 0xff, 0xff, 0xff, 0xfc, 0xff, 
	0x00, 0x30, 0x00, 0x00, 0x00, 0x00, 0x00, 0x00, 0x00, 0x00, 0x00, 0x00, 0x3a, 0xea, 0xba, 0xbb, 
	0xf8, 0x08, 0x20, 0x00, 0x80, 0x80, 0x00, 0x80, 0x00, 0x00, 0xba, 0xbf, 0xbe, 0xbe, 0xff, 0xaf, 
	0xfb, 0xbf, 0xff, 0xb8, 0x0f, 0xe8, 0xbf, 0xff, 0xbb, 0xfb, 0xba, 0xbf, 0x80, 0xb8, 0x00, 0x00, 
	0x00, 0x00, 0x00, 0x00, 0x00, 0x00, 0x00, 0x00, 0x7d, 0xdf, 0xff, 0xff, 0xf8, 0x00, 0x00, 0x00, 
	0x00, 0x00, 0x00, 0x00, 0x00, 0x00, 0x7c, 0x7f, 0xff, 0xff, 0xff, 0xdf, 0xff, 0xff, 0xff, 0xfc, 
	0x0f, 0xfc, 0x7f, 0xff, 0xff, 0xff, 0xff, 0xff, 0xf0, 0xf0, 0x00, 0x00, 0x00, 0x00, 0x00, 0x00, 
	0x00, 0x00, 0x00, 0x08, 0xea, 0xae, 0xef, 0xae, 0xe8, 0x08, 0x00, 0x00, 0x80, 0x00, 0x00, 0x80, 
	0x80, 0x08, 0xbe, 0xee, 0xee, 0xfe, 0xee, 0xaf, 0xee, 0xef, 0xff, 0xf8, 0x2f, 0xfe, 0xfe, 0xff, 
	0xfe, 0xee, 0xee, 0xae, 0xea, 0xa8, 0x00, 0x00, 0x00, 0x00, 0x00, 0x00, 0x00, 0x00, 0x00, 0x0f, 
	0xdf, 0x7f, 0xdf, 0xff, 0xf0, 0x00, 0x00, 0x00, 0x40, 0x00, 0x00, 0x00, 0x00, 0x00, 0x7c, 0x7f, 
	0xff, 0xff, 0xff, 0xc7, 0xff, 0xff, 0xff, 0xf0, 0x3f, 0xff, 0xff, 0xff, 0xff, 0xff, 0xff, 0xff, 
	0xfe, 0x00, 0x00, 0x00, 0x00, 0x00, 0x00, 0x00, 0x00, 0x00, 0x0a, 0xaf, 0xaf, 0xbb, 0xbe, 0xff, 
	0xe0, 0xa8, 0x20, 0x00, 0x82, 0x00, 0x00, 0x80, 0x00, 0x00, 0x3e, 0xab, 0xfa, 0xff, 0xff, 0xab, 
	0xbf, 0xfb, 0xff, 0xe0, 0x3b, 0xff, 0xff, 0xff, 0xff, 0xff, 0xff, 0xfb, 0xba, 0xa0, 0x00, 0x00, 
	0x00, 0x00, 0x00, 0x00, 0x00, 0x00, 0x0f, 0xff, 0xdf, 0xf7, 0xff, 0x7f, 0xf0, 0xe0, 0x00, 0x70, 
	0x00, 0x00, 0x00, 0x00, 0x00, 0x00, 0x7f, 0x9f, 0xff, 0xff, 0xff, 0xc5, 0xff, 0xff, 0xff, 0xe0, 
	0x7f, 0xff, 0xff, 0xff, 0xff, 0xff, 0xff, 0xff, 0xff, 0xf0, 0x01, 0x80, 0x00, 0x00, 0x00, 0x00, 
	0x00, 0x00, 0x0f, 0xea, 0xaa, 0xef, 0xfe, 0xff, 0xe0, 0xe8, 0x00, 0xe8, 0x80, 0x00, 0x00, 0x80, 
	0x00, 0x00, 0x3f, 0xaf, 0xee, 0xfe, 0xff, 0xea, 0xff, 0xef, 0xff, 0xec, 0xee, 0xff, 0xff, 0xff, 
	0xff, 0xef, 0xee, 0xee, 0xee, 0xe8, 0x88, 0x80, 0x00, 0x00, 0x00, 0x00, 0x00, 0x00, 0x07, 0xdf, 
	0xfd, 0xff, 0xff, 0xff, 0xc1, 0xfc, 0x01, 0xfc, 0x00, 0x00, 0x00, 0x40, 0x00, 0x00, 0x7f, 0xf7, 
	0xff, 0xff, 0xff, 0xc0, 0x7f, 0xff, 0xff, 0xfd, 0xff, 0xff, 0xff, 0xff, 0xff, 0xff, 0xff, 0xff, 
	0xff, 0xff, 0xff, 0xc0, 0x00, 0x00, 0x00, 0x00, 0x00, 0x00, 0x03, 0xab, 0xbb, 0xff, 0xbe, 0xfe, 
	0x80, 0xfa, 0x03, 0xf8, 0x82, 0x00, 0x00, 0x80, 0x20, 0x00, 0x3f, 0xe3, 0xff, 0xff, 0xff, 0xa0, 
	0xbf, 0xbf, 0xff, 0xff, 0xbb, 0xff, 0xff, 0xff, 0xfa, 0xff, 0xff, 0xfb, 0xfe, 0xbf, 0xff, 0x80, 
	0x00, 0x00, 0x00, 0x00, 0x00, 0x00, 0x01, 0xff, 0xff, 0xff, 0xff, 0xfd, 0xc0, 0xff, 0x07, 0xfc, 
	0x00, 0x00, 0x01, 0xc0, 0x00, 0x00, 0x3f, 0xff, 0xff, 0xff, 0xff, 0xc0, 0x7f, 0xff, 0xff, 0xff, 
	0xff, 0xff, 0xff, 0xff, 0xff, 0xff, 0xff, 0xff, 0xff, 0xff, 0xff, 0x80, 0x00, 0x00, 0x00, 0x00, 
	0x00, 0x00, 0x00, 0xff, 0xef, 0xfe, 0xee, 0xae, 0x88, 0xbe, 0x8b, 0xe8, 0x80, 0x00, 0x00, 0xc0, 
	0x20, 0x02, 0xbf, 0xfe, 0xff, 0xff, 0xfe, 0xe0, 0x8e, 0xef, 0xff, 0xfe, 0xee, 0xee, 0xff, 0xff, 
	0xee, 0xfe, 0xef, 0xff, 0xee, 0xee, 0xee, 0x00, 0x00, 0x00, 0x00, 0x00, 0x00, 0x00, 0x00, 0xff, 
	0xff, 0xfd, 0xfd, 0xff, 0x00, 0x3f, 0xdf, 0xe0, 0x00, 0x00, 0x01, 0xc0, 0x00, 0x00, 0x1f, 0xff, 
	0xff, 0xff, 0xff, 0xc0, 0x5f, 0xff, 0xff, 0xff, 0xff, 0xff, 0xff, 0xff, 0xff, 0xff, 0xff, 0xff, 
	0xff, 0xff, 0xfc, 0x00, 0x00, 0x00, 0x00, 0x00, 0x00, 0x00, 0x00, 0xba, 0xeb, 0xfe, 0xfb, 0xbe, 
	0x08, 0x3f, 0x8f, 0xe0, 0x80, 0x00, 0x00, 0xe0, 0x20, 0x00, 0x3f, 0xff, 0xff, 0xff, 0xfb, 0xa0, 
	0x2f, 0xfb, 0xff, 0xfb, 0xfb, 0xff, 0xff, 0xff, 0xff, 0xbf, 0xff, 0xff, 0xff, 0xff, 0xb8, 0x00, 
	0x00, 0x00, 0x00, 0x00, 0x00, 0x00, 0x00, 0x3f, 0x7f, 0xff, 0xff, 0xfe, 0x00, 0x0f, 0xff, 0x80, 
	0x00, 0x00, 0x01, 0xc0, 0x00, 0x00, 0x1f, 0xff, 0xff, 0xff, 0xff, 0x80, 0x07, 0xff, 0xff, 0xff, 
	0xff, 0xff, 0xff, 0xff, 0xf1, 0xff, 0xff, 0xff, 0xff, 0xff, 0xf8, 0x00, 0x00, 0x00, 0x00, 0x00, 
	0x00, 0x00, 0x00, 0x2e, 0xae, 0xba, 0xee, 0xee, 0x08, 0x8f, 0xef, 0x80, 0x80, 0x00, 0x02, 0xe0, 
	0x80, 0x00, 0x0f, 0xef, 0xfe, 0xfe, 0xff, 0x80, 0x0a, 0xfe, 0xff, 0xfe, 0xef, 0xff, 0xef, 0xef, 
	0xc8, 0xee, 0xfe, 0xef, 0xee, 0xee, 0xe8, 0x00, 0x00, 0x00, 0x00, 0x00, 0x00, 0x00, 0x00, 0x0f, 
	0xfd, 0xfd, 0xff, 0xd0, 0x00, 0x07, 0xfd, 0x00, 0x00, 0x00, 0x01, 0xc0, 0x00, 0x00, 0x0f, 0xff, 
	0xff, 0xff, 0xff, 0xc0, 0x07, 0xff, 0xff, 0xff, 0xff, 0xff, 0xff, 0xff, 0xc0, 0x1f, 0xff, 0xff, 
	0xff, 0xff, 0xe0, 0x00, 0x00, 0x00, 0x00, 0x00, 0x00, 0x00, 0x00, 0x0a, 0xba, 0xea, 0xae, 0x38, 
	0x20, 0x83, 0xba, 0x02, 0x80, 0x00, 0x03, 0xe0, 0x88, 0x00, 0x8f, 0xff, 0xff, 0xff, 0xfb, 0x80, 
	0x2a, 0xfb, 0xff, 0xfb, 0xbf, 0xff, 0xff, 0xfe, 0x0a, 0x3a, 0xbe, 0xfb, 0xbb, 0xbb, 0xa0, 0x00, 
	0x00, 0x00, 0x00, 0x00, 0x00, 0x00, 0x00, 0x00, 0xff, 0xff, 0x7e, 0x70, 0x00, 0x07, 0xfc, 0x01, 
	0x00, 0x00, 0x01, 0x40, 0x00, 0x00, 0x0f, 0xff, 0xff, 0xff, 0xff, 0x80, 0xf8, 0x7f, 0xff, 0xff, 
	0xff, 0xff, 0xff, 0xff, 0x1e, 0x1f, 0xff, 0xff, 0xff, 0xff, 0x00, 0x00, 0x00, 0x00, 0x00, 0x00, 
	0x00, 0x00, 0x00, 0x00, 0xfa, 0xaa, 0xae, 0xe0, 0x80, 0x8f, 0xee, 0x80, 0x88, 0x00, 0x82, 0xa8, 
	0x88, 0x00, 0x8f, 0xef, 0xff, 0xef, 0xef, 0x8a, 0xe8, 0xba, 0xef, 0xfe, 0xef, 0xee, 0xff, 0xfe, 
	0xbe, 0x8e, 0xaa, 0xfe, 0xee, 0xee, 0x00, 0x00, 0x00, 0x00, 0x00, 0x00, 0x00, 0x00, 0x00, 0x00, 
	0x7f, 0xdf, 0xff, 0x60, 0x00, 0x1f, 0xff, 0x00, 0x00, 0x00, 0x07, 0x50, 0x00, 0x00, 0x47, 0xff, 
	0xff, 0xff, 0xff, 0x0f, 0xc0, 0x1c, 0xff, 0xff, 0xff, 0xff, 0xff, 0xff, 0xfd, 0x9f, 0xfc, 0x7f, 
	0xff, 0xfc, 0x00, 0x00, 0x00, 0x00, 0x00, 0x00, 0x00, 0x00, 0x00, 0x00, 0x2f, 0xff, 0xbf, 0xa0, 
	0x80, 0x3f, 0xbf, 0x82, 0x08, 0x00, 0x82, 0xa8, 0x80, 0x00, 0x23, 0xff, 0xff, 0xff, 0xab, 0xbe, 
	0xa0, 0xaa, 0xbb, 0xfb, 0xbb, 0xff, 0xff, 0xff, 0xfa, 0xaf, 0xfa, 0xbf, 0xff, 0xa8, 0x00, 0x00, 
	0x00, 0x00, 0x00, 0x00, 0x00, 0x00, 0x00, 0x00, 0x01, 0x5f, 0xff, 0x80, 0x00, 0xff, 0x1f, 0xc1, 
	0x00, 0x00, 0x07, 0x10, 0x00, 0x00, 0x07, 0xff, 0xff, 0xff, 0xff, 0xfc, 0x00, 0x07, 0x1f, 0xff, 
	0xff, 0xff, 0xff, 0xff, 0xfd, 0x67, 0xff, 0xff, 0xff, 0x00, 0x00, 0x00, 0x00, 0x00, 0x00, 0x00, 
	0x00, 0x00, 0x00, 0x00, 0x00, 0x0e, 0xee, 0x80, 0x80, 0xfe, 0x8f, 0xe0, 0x88, 0x02, 0x8e, 0xa8, 
	0xaa, 0x00, 0x2b, 0xff, 0xff, 0xef, 0xef, 0xea, 0x00, 0x0a, 0xae, 0xfe, 0xfe, 0xee, 0xfe, 0xfe, 
	0xea, 0xeb, 0xff, 0xff, 0xea, 0x80, 0x00, 0x00, 0x00, 0x00, 0x00, 0x00, 0x00, 0x00, 0x00, 0x00, 
	0x00, 0x0f, 0xfe, 0x01, 0x03, 0xfc, 0x07, 0xf8, 0x00, 0x00, 0x04, 0x10, 0x40, 0x00, 0x01, 0xff, 
	0xff, 0xff, 0xff, 0xc4, 0x00, 0x05, 0xc7, 0xff, 0xff, 0xff, 0xff, 0xff, 0xf7, 0xe3, 0xff, 0xff, 
	0xc0, 0x00, 0x00, 0x00, 0x00, 0x00, 0x00, 0x00, 0x00, 0x00, 0x00, 0x00, 0x00, 0x0b, 0xea, 0x02, 
	0x83, 0xfa, 0x03, 0xf8, 0x20, 0x02, 0x8a, 0xa8, 0xa2, 0x00, 0x0b, 0xbf, 0xff, 0xff, 0xfe, 0xa8, 
	0x00, 0x02, 0xeb, 0xbb, 0xbf, 0xfe, 0xff, 0xff, 0xfb, 0xa3, 0xff, 0xff, 0xe8, 0x02, 0x00, 0x00, 
	0x00, 0x00, 0x00, 0x00, 0x00, 0x00, 0x00, 0x00, 0x00, 0x1f, 0xfc, 0x15, 0x03, 0xf0, 0x03, 0xf9, 
	0x00, 0x00, 0x1c, 0x00, 0x40, 0x00, 0x01, 0xff, 0xff, 0xff, 0xfe, 0x00, 0x00, 0x01, 0x7d, 0xff, 
	0xff, 0xff, 0xff, 0xff, 0xfd, 0xf3, 0xff, 0xff, 0xfc, 0x07, 0x00, 0x00, 0x00, 0x00, 0x00, 0x00, 
	0x00, 0x00, 0x00, 0x00, 0x00, 0x3a, 0xe8, 0x2a, 0x82, 0xe8, 0x00, 0xe8, 0xa0, 0x08, 0x8a, 0x0a, 
	0x80, 0x80, 0x08, 0xef, 0xff, 0xef, 0xee, 0xa0, 0x00, 0x02, 0xae, 0xfe, 0xef, 0xfe, 0xfe, 0xff, 
	0xfe, 0xe3, 0xff, 0xff, 0xfe, 0xee, 0x80, 0x00, 0x00, 0x00, 0x00, 0x00, 0x00, 0x00, 0x00, 0x00, 
	0x00, 0x7f, 0xe0, 0x0c, 0x00, 0xc0, 0x00, 0xe0, 0x40, 0x00, 0x0c, 0x04, 0x40, 0x00, 0x05, 0xff, 
	0xff, 0xff, 0xfc, 0x00, 0x00, 0x01, 0xcf, 0x7f, 0xff, 0xff, 0xff, 0xff, 0xff, 0xf3, 0xff, 0xff, 
	0xff, 0xfc, 0x00, 0x00, 0x00, 0x00, 0x00, 0x00, 0x00, 0x00, 0x00, 0x00, 0x00, 0xbe, 0xa2, 0xba, 
	0x00, 0xa2, 0x00, 0x20, 0xa0, 0x02, 0x2a, 0x0a, 0x2a, 0x80, 0x00, 0xff, 0xff, 0xff, 0xfa, 0xa0, 
	0x02, 0xab, 0xbe, 0xbb, 0xfb, 0xfe, 0xff, 0xff, 0xfa, 0xa3, 0xff, 0xff, 0xff, 0xf8, 0x00, 0x00, 
	0x00, 0x00, 0x00, 0x00, 0x00, 0x00, 0x00, 0x00, 0x01, 0xff, 0x03, 0x3c, 0x00, 0x00, 0x00, 0x00, 
	0x00, 0x3f, 0x30, 0x04, 0x04, 0x00, 0x00, 0xff, 0xff, 0xff, 0xfc, 0x00, 0x17, 0x07, 0x7d, 0xff, 
	0xff, 0xff, 0xff, 0xff, 0xf1, 0x33, 0xff, 0xff, 0xff, 0xf8, 0x00, 0x00, 0x00, 0x00, 0x00, 0x00, 
	0x00, 0x00, 0x00, 0x00, 0x00, 0xea, 0x0a, 0xf8, 0x00, 0x80, 0x00, 0x00, 0x80, 0xaf, 0xea, 0x0a, 
	0x08, 0x80, 0x00, 0x7f, 0xff, 0xfe, 0xfe, 0x80, 0xa8, 0xae, 0xff, 0xff, 0xff, 0xfe, 0xfe, 0xff, 
	0xfa, 0xa3, 0xff, 0xff, 0xff, 0xe8, 0x00, 0x00, 0x00, 0x00, 0x00, 0x00, 0x00, 0x00, 0x00, 0x00, 
	0x00, 0xd0, 0x7f, 0x78, 0x00, 0x00, 0x00, 0x00, 0x01, 0x05, 0xff, 0x03, 0x10, 0x40, 0x00, 0x7f, 
	0xff, 0xff, 0xfc, 0x07, 0xc1, 0xff, 0xff, 0xff, 0xff, 0xff, 0xff, 0xff, 0xfc, 0x03, 0xff, 0xff, 
	0xfe, 0x00, 0x00, 0x00, 0x00, 0x00, 0x00, 0x00, 0x00, 0x00, 0x00, 0x00, 0x00, 0x8a, 0xbe, 0xe8, 
	0x02, 0x82, 0x00, 0x00, 0xa0, 0x08, 0x2b, 0xea, 0x38, 0x28, 0x02, 0x3f, 0xff, 0xfe, 0xfa, 0x3a, 
	0x2f, 0xff, 0xff, 0xff, 0xef, 0xff, 0xff, 0xff, 0xfa, 0xa3, 0xbe, 0xfe, 0xaa, 0x00, 0x00, 0x00, 
	0x00, 0x00, 0x00, 0x00, 0x00, 0x00, 0x00, 0x00, 0x07, 0x5f, 0xfe, 0x60, 0x01, 0x00, 0x00, 0x00, 
	0xd0, 0x00, 0xe1, 0x7f, 0x38, 0x00, 0x00, 0x1f, 0xff, 0xff, 0x71, 0xf0, 0x3f, 0xff, 0xff, 0xff, 
	0xff, 0xff, 0xff, 0xff, 0xfd, 0xc7, 0xff, 0x7c, 0x00, 0x00, 0x00, 0x00, 0x00, 0x00, 0x00, 0x00, 
	0x00, 0x00, 0x00, 0x00, 0x0e, 0xee, 0xee, 0xe8, 0x00, 0x80, 0x00, 0x00, 0xe0, 0x08, 0xe8, 0xaa, 
	0xaa, 0xa0, 0x00, 0x0f, 0xfe, 0xfe, 0xfb, 0xaa, 0xff, 0xff, 0xff, 0xfe, 0xff, 0xfe, 0xee, 0xff, 
	0xfe, 0x8f, 0xee, 0xee, 0x00, 0x00, 0x00, 0x00, 0x00, 0x00, 0x00, 0x00, 0x00, 0x00, 0x00, 0x00, 
	0x07, 0xff, 0xfd, 0xe0, 0x00, 0x00, 0x00, 0x00, 0xc0, 0x10, 0xc0, 0x41, 0xcd, 0x00, 0x00, 0x07, 
	0xff, 0xfd, 0xff, 0x0f, 0xff, 0xff, 0xff, 0xff, 0xff, 0xff, 0xff, 0xff, 0xff, 0x0f, 0xff, 0xdc, 
	0x00, 0x00, 0x00, 0x00, 0x00, 0x00, 0x00, 0x00, 0x00, 0x00, 0x00, 0x00, 0x2b, 0xff, 0xfa, 0xe0, 
	0x80, 0x22, 0x20, 0x00, 0xa0, 0x22, 0xa0, 0x2a, 0x8a, 0xa8, 0x00, 0xab, 0xff, 0xfa, 0xfa, 0x3f, 
	0xff, 0xff, 0xeb, 0xfb, 0xbf, 0xfb, 0xff, 0xbf, 0xff, 0xaf, 0xfb, 0x8e, 0x80, 0x00, 0x00, 0x00, 
	0x00, 0x00, 0x00, 0x00, 0x00, 0x00, 0x00, 0x00, 0x1d, 0xff, 0xfd, 0xe0, 0x00, 0x00, 0x00, 0x00, 
	0x00, 0x11, 0x80, 0x01, 0x06, 0x40, 0x00, 0x19, 0xff, 0xfd, 0xf8, 0x7f, 0xff, 0xff, 0xc7, 0xff, 
	0xff, 0xff, 0xff, 0xff, 0x7f, 0xdf, 0xff, 0x9f, 0x00, 0x00, 0x00, 0x00, 0x00, 0x00, 0x00, 0x00, 
	0x00, 0x00, 0x00, 0x00, 0xaa, 0xee, 0xea, 0xe0, 0x82, 0x80, 0x20, 0x00, 0xa0, 0x2a, 0xa0, 0x02, 
	0xa8, 0xe8, 0x00, 0x8e, 0xff, 0xfa, 0xfa, 0xff, 0xff, 0xff, 0xab, 0xfe, 0xef, 0xfe, 0xee, 0xfe, 
	0xff, 0xff, 0xfe, 0x8f, 0x80, 0x00, 0x00, 0x00, 0x00, 0x00, 0x00, 0x00, 0x00, 0x00, 0x00, 0x00, 
	0xe7, 0xff, 0xf7, 0xc0, 0x00, 0x40, 0x00, 0x00, 0x40, 0x73, 0x00, 0x00, 0x70, 0x64, 0x00, 0x4f, 
	0xdf, 0xfc, 0xff, 0xff, 0xff, 0xfd, 0xc3, 0xff, 0xff, 0xff, 0xff, 0xfd, 0xff, 0xff, 0xff, 0x87, 
	0x00, 0x00, 0x00, 0x00, 0x00, 0x00, 0x00, 0x00, 0x00, 0x00, 0x00, 0x02, 0xaf, 0xbb, 0xe3, 0x80, 
	0x02, 0x20, 0x20, 0x00, 0x20, 0x2a, 0xa0, 0x02, 0xa0, 0xea, 0x00, 0x2b, 0xbf, 0xfa, 0xef, 0xff, 
	0xfb, 0xfb, 0xab, 0xba, 0xbf, 0xfb, 0xff, 0xf8, 0xff, 0xff, 0xff, 0x83, 0x80, 0x00, 0x00, 0x00, 
	0x00, 0x00, 0x00, 0x00, 0x00, 0x00, 0x30, 0x07, 0x77, 0x7f, 0xf7, 0x00, 0x00, 0x00, 0x00, 0x00, 
	0x70, 0x66, 0x00, 0x00, 0x50, 0x50, 0x00, 0x03, 0xff, 0xf7, 0xff, 0xff, 0xf9, 0xff, 0x87, 0xbf, 
	0xff, 0xff, 0xff, 0xf8, 0xff, 0xff, 0xff, 0x03, 0x00, 0x00, 0x00, 0x00, 0x00, 0x00, 0x00, 0x00, 
	0x00, 0x00, 0x38, 0x8e, 0xae, 0xee, 0xea, 0x82, 0x02, 0x80, 0x20, 0x00, 0x20, 0xee, 0x80, 0x00, 
	0xa8, 0x88, 0x80, 0x03, 0xfe, 0xef, 0xef, 0xff, 0xfb, 0xeb, 0x8f, 0xfe, 0xfe, 0xef, 0xef, 0xf8, 
	0xfe, 0xfe, 0xae, 0x83, 0x80, 0x00, 0x00, 0x00, 0x00, 0x00, 0x00, 0x00, 0x00, 0x00, 0x1f, 0xff, 
	0xdd, 0xff, 0x7e, 0x04, 0x00, 0x40, 0x00, 0x00, 0x60, 0xfc, 0x00, 0x04, 0x44, 0x44, 0x00, 0x01, 
	0xff, 0xf7, 0xff, 0xff, 0xdf, 0xcd, 0x0d, 0x7f, 0xff, 0xff, 0xff, 0xfc, 0xff, 0xff, 0xff, 0x03, 
	0x00, 0x00, 0x00, 0x00, 0x00, 0x00, 0x00, 0x00, 0x00, 0x00, 0x0f, 0xba, 0xaa, 0xaf, 0xbe, 0x0a, 
	0x02, 0x80, 0x20, 0x02, 0x20, 0xfa, 0xaa, 0xaf, 0xea, 0x2a, 0x00, 0x00, 0xff, 0xef, 0xbf, 0xee, 
	0xaf, 0xaa, 0x3e, 0xbb, 0xff, 0xfb, 0xff, 0xf8, 0xfb, 0xff, 0xfa, 0x03, 0x80, 0x00, 0x00, 0x00, 
	0x00, 0x00, 0x00, 0x00, 0x00, 0x00, 0x07, 0xff, 0xff, 0xff, 0x3e, 0x00, 0x07, 0x00, 0x00, 0x00, 
	0x10, 0xff, 0x7e, 0x05, 0xfe, 0x07, 0x00, 0x00, 0xff, 0xdf, 0xff, 0xcf, 0x17, 0x06, 0x7f, 0x7f, 
	0xff, 0xff, 0xff, 0xfd, 0xff, 0xff, 0xff, 0x03, 0x00, 0x00, 0x00, 0x00, 0x00, 0x00, 0x00, 0x00, 
	0x00, 0x00, 0x00, 0xbe, 0xff, 0xf8, 0x88, 0x08, 0x02, 0x00, 0x88, 0x00, 0x28, 0xee, 0x8a, 0x88, 
	0x8a, 0x8b, 0x88, 0x20, 0xfe, 0xaa, 0xbe, 0xaa, 0xa8, 0xae, 0xee, 0xee, 0xff, 0xef, 0xee, 0xfe, 
	0xef, 0xff, 0xff, 0x83, 0x80, 0x00, 0x00, 0x00, 0x00, 0x00, 0x00, 0x00, 0x00, 0x00, 0x00, 0x3f, 
	0xff, 0xfc, 0x08, 0x04, 0x06, 0x00, 0x00, 0x00, 0x19, 0xcf, 0xf3, 0xff, 0xc1, 0x07, 0xc0, 0x00, 
	0x7f, 0xdc, 0x7c, 0x03, 0x40, 0x1f, 0xf5, 0xff, 0xff, 0xff, 0xff, 0xff, 0xdf, 0xff, 0xff, 0x83, 
	0x00, 0x00, 0x00, 0x00, 0x00, 0x00, 0x00, 0x00, 0x00, 0x00, 0x00, 0x00, 0xbe, 0x0e, 0x08, 0x28, 
	0x02, 0x00, 0x80, 0x00, 0x3a, 0xbf, 0xff, 0xff, 0xfa, 0x82, 0xe2, 0x2a, 0x3e, 0xaa, 0xfa, 0x02, 
	0xaa, 0xbf, 0xaa, 0xfb, 0xff, 0xff, 0xff, 0xb8, 0xff, 0xbf, 0xfe, 0x02, 0x00, 0x00, 0x00, 0x00, 
	0x00, 0x00, 0x00, 0x00, 0x00, 0x00, 0x00, 0x00, 0x7f, 0x06, 0x18, 0x10, 0x03, 0x00, 0x00, 0x01, 
	0x19, 0xff, 0xff, 0xff, 0xff, 0x47, 0x70, 0x00, 0x1e, 0x70, 0xf0, 0x00, 0xff, 0xff, 0x75, 0xff, 
	0xff, 0xff, 0xff, 0xf9, 0xff, 0xff, 0xf8, 0x06, 0x00, 0x00, 0x00, 0x00, 0x00, 0x00, 0x00, 0x00, 
	0x00, 0x00, 0x00, 0x00, 0xec, 0x0f, 0xe8, 0x28, 0x0a, 0x00, 0x88, 0x00, 0x8f, 0xff, 0xff, 0xff, 
	0xff, 0xea, 0xf8, 0x2a, 0x0e, 0xea, 0xa8, 0xaa, 0xbe, 0xae, 0xa8, 0xef, 0xee, 0xff, 0xee, 0xe8, 
	0xff, 0xee, 0xf8, 0x0a, 0x00, 0x00, 0x00, 0x00, 0x00, 0x00, 0x00, 0x00, 0x00, 0x00, 0x00, 0x01, 
	0xfc, 0x07, 0xf0, 0x18, 0x06, 0x00, 0x00, 0x00, 0x0f, 0xff, 0xff, 0xff, 0xff, 0xf1, 0xfc, 0x00, 
	0x07, 0xfc, 0x00, 0x5f, 0xdc, 0x44, 0xc5, 0xff, 0xff, 0xff, 0xff, 0xf8, 0x7f, 0xff, 0xfc, 0x1c, 
	0x00, 0x00, 0x00, 0x00, 0x00, 0x00, 0x00, 0x00, 0x00, 0x00, 0x00, 0x03, 0xb8, 0x00, 0xe0, 0x28, 
	0x02, 0x80, 0x80, 0x00, 0xbf, 0xff, 0xff, 0xff, 0xff, 0xea, 0xfa, 0x28, 0x0b, 0xfa, 0xa0, 0x02, 
	0x2a, 0xaa, 0xab, 0xff, 0xfb, 0xff, 0xaf, 0xbe, 0x2f, 0xa3, 0xf8, 0x08, 0x00, 0x00, 0x00, 0x00, 
	0x00, 0x00, 0x00, 0x00, 0x00, 0x00, 0x00, 0x01, 0xf8, 0x01, 0xc0, 0x30, 0x07, 0x80, 0x00, 0x3f, 
	0xff, 0xff, 0xff, 0xff, 0xff, 0xf8, 0x64, 0x38, 0x1d, 0xf0, 0x00, 0x00, 0x00, 0x01, 0x07, 0xff, 
	0xff, 0xff, 0xff, 0xfe, 0x3f, 0xc3, 0xfc, 0x70, 0x00, 0x00, 0x00, 0x00, 0x00, 0x00, 0x00, 0x00, 
	0x00, 0x00, 0x00, 0x00, 0xe8, 0x00, 0xe0, 0xa0, 0x0b, 0x80, 0x88, 0x2f, 0xef, 0xff, 0xff, 0xff, 
	0xbf, 0xfa, 0xae, 0xae, 0x88, 0xae, 0x8a, 0x08, 0xaa, 0xa8, 0xaa, 0xef, 0xee, 0xee, 0xef, 0xfe, 
	0xaf, 0xe0, 0xfe, 0xa8, 0x00, 0x00, 0x00, 0x00, 0x00, 0x00, 0x00, 0x00, 0x00, 0x00, 0x00, 0x01, 
	0xe0, 0x00, 0xc1, 0xc0, 0x07, 0x00, 0x44, 0x00, 0x07, 0xff, 0xf7, 0xff, 0x9f, 0xfd, 0xd4, 0xcf, 
	0xe0, 0x07, 0x00, 0x00, 0x00, 0x00, 0x07, 0xff, 0xff, 0xff, 0xff, 0xff, 0xcf, 0xe0, 0x7f, 0x00, 
	0x00, 0x00, 0x00, 0x00, 0x00, 0x00, 0x00, 0x00, 0x00, 0x00, 0x00, 0x03, 0xe0, 0x00, 0x82, 0xa0, 
	0x02, 0x80, 0x22, 0x00, 0x8b, 0xfe, 0xab, 0xeb, 0xba, 0xfa, 0xba, 0xbf, 0xea, 0xaa, 0xaa, 0x00, 
	0x22, 0x2a, 0xab, 0xff, 0xbf, 0xff, 0xbf, 0xff, 0xeb, 0xa0, 0xbe, 0x80, 0x00, 0x00, 0x00, 0x00, 
	0x00, 0x00, 0x00, 0x00, 0x00, 0x00, 0x00, 0x07, 0xc0, 0x01, 0x81, 0x40, 0x10, 0x40, 0x00, 0x00, 
	0x07, 0xff, 0xd0, 0xf5, 0xf1, 0xc1, 0x64, 0x3d, 0xff, 0xf9, 0x10, 0x00, 0x00, 0x00, 0x0f, 0xff, 
	0xff, 0xff, 0xff, 0xff, 0xf9, 0xf7, 0x1f, 0xc0, 0x00, 0x00, 0x00, 0x00, 0x00, 0x00, 0x00, 0x00, 
	0x00, 0x00, 0x00, 0x0e, 0x80, 0x03, 0x82, 0xe0, 0x08, 0x80, 0xa2, 0x00, 0xaa, 0xbf, 0xe8, 0xe8, 
	0xea, 0xe8, 0xae, 0xae, 0xeb, 0xfe, 0x88, 0x88, 0x88, 0x88, 0x8f, 0xfe, 0xfe, 0xff, 0xef, 0xff, 
	0xeb, 0xfe, 0xbf, 0xc0, 0x00, 0x00, 0x00, 0x00, 0x00, 0x00, 0x00, 0x00, 0x00, 0x00, 0x00, 0x07, 
	0x80, 0x01, 0x87, 0xc0, 0x00, 0x40, 0x00, 0x00, 0x05, 0xff, 0xe0, 0x7c, 0x45, 0xc0, 0x4c, 0x1c, 
	0xc1, 0xdc, 0x00, 0x00, 0x00, 0x00, 0x5f, 0xff, 0xff, 0xff, 0xff, 0xff, 0xfd, 0xfc, 0x0f, 0xd0, 
	0x00, 0x00, 0x00, 0x00, 0x00, 0x00, 0x00, 0x00, 0x00, 0x00, 0x00, 0x0f, 0x80, 0x03, 0x83, 0x80, 
	0x2a, 0xa0, 0x2a, 0x80, 0x20, 0xff, 0xb8, 0x3a, 0xab, 0xaa, 0x8a, 0xba, 0xaa, 0xa8, 0x02, 0x20, 
	0x0a, 0x22, 0x3f, 0xfb, 0xbb, 0xff, 0xbf, 0xfb, 0xef, 0xb8, 0x0f, 0xfa, 0x02, 0x00, 0x00, 0x00, 
	0x00, 0x00, 0x00, 0x00, 0x00, 0x00, 0x00, 0x07, 0x80, 0x01, 0x17, 0xc0, 0x00, 0x40, 0x00, 0x00, 
	0x01, 0xf7, 0xff, 0x1f, 0x7c, 0x01, 0x01, 0x70, 0x00, 0x00, 0x00, 0x00, 0x00, 0x00, 0x7f, 0xff, 
	0xff, 0xff, 0xff, 0xf7, 0xff, 0xf8, 0x0f, 0xfe, 0x03, 0x00, 0x00, 0x00, 0x00, 0x00, 0x00, 0x00, 
	0x00, 0x00, 0x00, 0x0f, 0x80, 0x02, 0x8a, 0x80, 0x20, 0xc0, 0x28, 0x80, 0x08, 0xfe, 0xff, 0xae, 
	0xa8, 0x8a, 0x8a, 0x88, 0x80, 0x80, 0x00, 0x00, 0x00, 0x08, 0xfe, 0xee, 0xee, 0xfe, 0xee, 0xf8, 
	0xff, 0xe8, 0x08, 0xfe, 0xee, 0x80, 0x00, 0x00, 0x00, 0x00, 0x00, 0x00, 0x00, 0x00, 0x00, 0x07, 
	0xc0, 0x06, 0x1d, 0x80, 0x71, 0xc0, 0x74, 0x00, 0x00, 0x7d, 0xff, 0xff, 0x00, 0x04, 0x04, 0x00, 
	0x00, 0x00, 0x00, 0x00, 0x00, 0x0d, 0xfd, 0xff, 0xff, 0xff, 0xff, 0xf9, 0xff, 0xfc, 0x1c, 0x5f, 
	0xfc, 0x00, 0x00, 0x00, 0x00, 0x00, 0x00, 0x00, 0x00, 0x00, 0x00, 0x0f, 0x80, 0x8e, 0x3b, 0x80, 
	0x20, 0xe0, 0x3a, 0x20, 0x02, 0xfb, 0xfb, 0xba, 0xa8, 0x22, 0xa2, 0x02, 0x00, 0x00, 0x00, 0x02, 
	0x00, 0x0f, 0xfb, 0xfe, 0xbb, 0xff, 0xff, 0xfa, 0xff, 0xfa, 0x08, 0x2b, 0xa8, 0x00, 0x00, 0x00, 
	0x00, 0x00, 0x00, 0x00, 0x00, 0x00, 0x00, 0x07, 0x81, 0xf7, 0x77, 0x00, 0x31, 0xc0, 0x10, 0x00, 
	0x00, 0x7d, 0xc7, 0x00, 0x00, 0x00, 0x00, 0x00, 0x00, 0x00, 0x00, 0x00, 0x00, 0x07, 0xc3, 0xff, 
	0xff, 0xff, 0xff, 0xfd, 0xff, 0xfe, 0x18, 0x00, 0x00, 0x00, 0x00, 0x00, 0x00, 0x00, 0x00, 0x00, 
	0x00, 0x00, 0x00, 0x0f, 0x80, 0xae, 0xeb, 0x80, 0x28, 0xc0, 0x38, 0x88, 0x00, 0xbe, 0xae, 0xa8, 
	0xa8, 0x80, 0x00, 0x08, 0x00, 0x00, 0x00, 0x00, 0x02, 0xae, 0xeb, 0xea, 0xee, 0xfe, 0xef, 0xf8, 
	0xae, 0xee, 0x08, 0x00, 0x00, 0x00, 0x00, 0x00, 0x00, 0x00, 0x00, 0x00, 0x00, 0x00, 0x00, 0x01, 
	0xc0, 0x07, 0x61, 0x80, 0x50, 0xc0, 0x10, 0x00, 0x00, 0x4e, 0x56, 0x40, 0x00, 0x00, 0x00, 0x00, 
	0x00, 0x00, 0x00, 0x00, 0x03, 0xfc, 0x07, 0xff, 0xff, 0xff, 0xff, 0xfc, 0x7f, 0xff, 0x1c, 0x00, 
	0x00, 0x00, 0x00, 0x00, 0x00, 0x00, 0x00, 0x00, 0x00, 0x00, 0x00, 0x00, 0xe0, 0x2b, 0x20, 0x80, 
	0xa8, 0xa0, 0x0a, 0x08, 0x00, 0x2e, 0xaa, 0xaa, 0x0a, 0x00, 0x00, 0x00, 0x00, 0x00, 0x00, 0x00, 
	0x02, 0xaa, 0x2b, 0xaf, 0xff, 0xff, 0xff, 0xbe, 0xbf, 0xba, 0x88, 0x00, 0x00, 0x00, 0x00, 0x00, 
	0x00, 0x00, 0x00, 0x00, 0x00, 0x00, 0x00, 0x01, 0xe0, 0x71, 0x61, 0x00, 0x30, 0x40, 0x0c, 0x00, 
	0x00, 0x3f, 0x00, 0x00, 0x00, 0x00, 0x00, 0x00, 0x00, 0x00, 0x00, 0x00, 0x00, 0x00, 0x07, 0xdf, 
	0xff, 0xff, 0xff, 0x9f, 0x3f, 0xff, 0xcc, 0x00, 0x00, 0x00, 0x00, 0x00, 0x00, 0x00, 0x00, 0x00, 
	0x00, 0x00, 0x00, 0x00, 0xe8, 0xaa, 0xa8, 0x80, 0xa8, 0x80, 0x8e, 0x8a, 0x80, 0x0f, 0xaa, 0xa8, 
	0x88, 0x80, 0x00, 0x08, 0x80, 0x00, 0x00, 0x00, 0x00, 0x00, 0x2e, 0xae, 0xef, 0xfe, 0xef, 0xae, 
	0xaf, 0xee, 0xa8, 0x00, 0x00, 0x00, 0x00, 0x00, 0x00, 0x00, 0x00, 0x00, 0x00, 0x00, 0x00, 0x00, 
	0x7c, 0x01, 0x61, 0x80, 0xc0, 0x10, 0x0c, 0x44, 0x40, 0x07, 0xc0, 0xc0, 0x00, 0x00, 0x00, 0x00, 
	0x00, 0x00, 0x00, 0x00, 0x00, 0x00, 0x1d, 0xff, 0xff, 0xff, 0xff, 0xe4, 0xc7, 0xff, 0xe7, 0x00, 
	0x00, 0x00, 0x00, 0x00, 0x00, 0x00, 0x00, 0x00, 0x00, 0x00, 0x00, 0x00, 0x3e, 0x03, 0x20, 0xa0, 
	0xa8, 0x20, 0x8e, 0x22, 0xa0, 0x03, 0xfa, 0xaa, 0xa0, 0x80, 0x00, 0x08, 0x00, 0x00, 0x00, 0x00, 
	0x00, 0x00, 0x3b, 0xaf, 0xff, 0xbf, 0xff, 0xea, 0xaf, 0xfb, 0xa3, 0x80, 0xa0, 0x00, 0x00, 0x00, 
	0x00, 0x00, 0x00, 0x00, 0x00, 0x00, 0x00, 0x00, 0x04, 0x03, 0x61, 0x80, 0xc0, 0x30, 0x07, 0x40, 
	0x10, 0x00, 0xff, 0x80, 0x00, 0x00, 0x00, 0x00, 0x00, 0x00, 0x00, 0x00, 0x00, 0x00, 0x3f, 0xff, 
	0xff, 0xff, 0xff, 0xf1, 0x47, 0xff, 0xf3, 0xd5, 0xc0, 0x00, 0x00, 0x00, 0x00, 0x00, 0x00, 0x00, 
	0x00, 0x00, 0x00, 0x00, 0x00, 0x02, 0xa0, 0x80, 0xea, 0x38, 0x0b, 0xc8, 0xae, 0x00, 0xb8, 0xa8, 
	0x88, 0x00, 0x00, 0x00, 0x00, 0x00, 0x00, 0x0e, 0x00, 0x00, 0xee, 0xee, 0xfe, 0xfe, 0xff, 0xf8, 
	0xab, 0xfe, 0xe8, 0xff, 0x80, 0x00, 0x00, 0x00, 0x00, 0x00, 0x00, 0x00, 0x00, 0x00, 0x00, 0x00, 
	0x00, 0x01, 0x61, 0xc0, 0xc4, 0x30, 0x07, 0xc0, 0x0e, 0x00, 0x1c, 0x04, 0x00, 0x00, 0x00, 0x00, 
	0x00, 0x00, 0x00, 0x0e, 0x00, 0x00, 0xff, 0xff, 0xff, 0xff, 0xff, 0xf9, 0xd7, 0xff, 0xfc, 0x7f, 
	0x80, 0x00, 0x00, 0x00, 0x00, 0x00, 0x00, 0x00, 0x00, 0x00, 0x00, 0x00, 0x00, 0x02, 0xa3, 0x80, 
	0xe2, 0x38, 0x23, 0xa0, 0xab, 0xaa, 0x0e, 0xaa, 0x20, 0x00, 0x00, 0x00, 0x00, 0x00, 0x00, 0x2e, 
	0x00, 0x2b, 0xff, 0xff, 0xff, 0xfe, 0xff, 0xfb, 0xab, 0xff, 0xea, 0xab, 0xaa, 0x00, 0x00, 0x00, 
	0x00, 0x00, 0x00, 0x00, 0x00, 0x00, 0x00, 0x00, 0x00, 0x01, 0xc7, 0xc1, 0xf1, 0x30, 0x03, 0xd0, 
	0x01, 0xdf, 0xf0, 0x7c, 0x00, 0x00, 0x00, 0x00, 0x00, 0x00, 0x00, 0x7c, 0x00, 0x5f, 0xff, 0xff, 
	0xff, 0xff, 0xff, 0xff, 0x01, 0xff, 0xff, 0xff, 0xff, 0x00, 0x00, 0x00, 0x00, 0x00, 0x00, 0x00, 
	0x00, 0x00, 0x00, 0x00, 0x00, 0x00, 0x8f, 0x88, 0xe8, 0xa8, 0x0b, 0xa8, 0xaa, 0x8f, 0xfa, 0xa8, 
	0x00, 0x00, 0x00, 0x00, 0x00, 0x00, 0x8a, 0xbc, 0x00, 0x0a, 0xef, 0xaf, 0xff, 0xfe, 0xff, 0xfe, 
	0xa8, 0xff, 0xff, 0xee, 0xee, 0xa0, 0x00, 0x00, 0x00, 0x00, 0x00, 0x00, 0x00, 0x00, 0x00, 0x00, 
	0x00, 0x00, 0xdf, 0xc0, 0xe4, 0x08, 0x01, 0xc4, 0x01, 0xc7, 0xff, 0xc0, 0x00, 0x00, 0x00, 0x00, 
	0x00, 0x05, 0xfd, 0xdc, 0x00, 0x00, 0x0f, 0xff, 0xff, 0xfd, 0xff, 0xdf, 0xc1, 0x3f, 0xff, 0xff, 
	0xff, 0xf0, 0x00, 0x00, 0x00, 0x00, 0x00, 0x00, 0x00, 0x00, 0x00, 0x00, 0x00, 0x00, 0xae, 0x00, 
	0xea, 0x08, 0x81, 0xaa, 0x0a, 0xa3, 0xfa, 0xa8, 0x00, 0x00, 0x00, 0x00, 0x02, 0xaa, 0xa0, 0xb8, 
	0x00, 0x00, 0x2f, 0xff, 0xff, 0xfb, 0xff, 0xbf, 0xaa, 0xbf, 0xff, 0xff, 0xbb, 0xf8, 0x00, 0x00, 
	0x00, 0x00, 0x00, 0x00, 0x00, 0x00, 0x00, 0x00, 0x00, 0x00, 0x67, 0x40, 0xf7, 0x00, 0x01, 0x87, 
	0x00, 0x23, 0xfc, 0x50, 0x00, 0x00, 0x00, 0x00, 0x07, 0x50, 0x00, 0xf0, 0x00, 0x00, 0x3f, 0xff, 
	0xff, 0xf3, 0xff, 0xff, 0xc1, 0x1f, 0xff, 0xff, 0xff, 0x3d, 0x00, 0x00, 0x00, 0x00, 0x00, 0x00, 
	0x00, 0x00, 0x00, 0x00, 0x00, 0x00, 0xe8, 0xe8, 0xf8, 0xe8, 0x80, 0xae, 0x88, 0xa8, 0xfe, 0x80, 
	0x00, 0x00, 0x00, 0x00, 0xe8, 0x02, 0x8e, 0xe8, 0x00, 0x00, 0xbe, 0xbf, 0xff, 0xef, 0xff, 0xef, 
	0xea, 0xbf, 0xef, 0xff, 0xee, 0xaa, 0x80, 0x00, 0x00, 0x00, 0x00, 0x00, 0x00, 0x00, 0x00, 0x00, 
	0x00, 0x01, 0xfd, 0xc0, 0xfc, 0xcc, 0x01, 0xc7, 0x00, 0x59, 0xff, 0xc0, 0x00, 0x00, 0x00, 0x05, 
	0xc0, 0x41, 0xcc, 0xf0, 0x00, 0x00, 0x7d, 0xff, 0xff, 0xcf, 0xff, 0xff, 0xc1, 0xff, 0xff, 0xff, 
	0xff, 0xf3, 0x80, 0x00, 0x00, 0x00, 0x00, 0x00, 0x00, 0x00, 0x00, 0x00, 0x02, 0x0f, 0xbb, 0xe8, 
	0xff, 0x88, 0x38, 0xaa, 0xaa, 0xba, 0xff, 0x80, 0x00, 0x00, 0x20, 0x2a, 0x0a, 0xfb, 0xab, 0xe0, 
	0x00, 0x8a, 0xba, 0xbf, 0xff, 0xff, 0xfb, 0xeb, 0xea, 0xbe, 0xfb, 0xff, 0xff, 0xab, 0x80, 0x00, 
	0x00, 0x00, 0x00, 0x00, 0x00, 0x00, 0x00, 0x00, 0x07, 0x7f, 0xff, 0xf1, 0xff, 0xcc, 0x38, 0x01, 
	0xcf, 0xff, 0xff, 0x00, 0x00, 0x00, 0x79, 0xf0, 0x3f, 0xff, 0xf7, 0xc0, 0x00, 0x15, 0xff, 0xff, 
	0xff, 0xff, 0xff, 0xf9, 0xc0, 0x1d, 0xff, 0xff, 0xff, 0xfd, 0xc0, 0x00, 0x00, 0x00, 0x00, 0x00, 
	0x00, 0x00, 0x00, 0x00, 0x02, 0xee, 0xff, 0xf8, 0xff, 0x8c, 0xb8, 0x0a, 0xaf, 0xef, 0xff, 0xa8, 
	0x00, 0x00, 0x3e, 0xa2, 0xbf, 0xaa, 0xeb, 0xe0, 0x00, 0x2b, 0xea, 0xbe, 0xfe, 0xfb, 0xfe, 0xfa, 
	0xe8, 0xae, 0xff, 0xff, 0xee, 0xe8, 0x80, 0x00, 0x00, 0x00, 0x00, 0x00, 0x00, 0x00, 0x00, 0x00, 
	0x01, 0xff, 0xff, 0xf8, 0xff, 0x84, 0x1e, 0x01, 0x3f, 0xcf, 0xf3, 0xc0, 0x00, 0x00, 0x1e, 0x17, 
	0xff, 0x40, 0x63, 0x80, 0x00, 0x0f, 0xff, 0xff, 0xfd, 0xff, 0xff, 0xfc, 0x40, 0x1d, 0xff, 0xff, 
	0xff, 0xfd, 0xc0, 0x00, 0x00, 0x00, 0x00, 0x00, 0x00, 0x00, 0x00, 0x00, 0x00, 0xab, 0xff, 0xfa, 
	0xff, 0x88, 0x3f, 0xaa, 0xbe, 0x2e, 0xab, 0xe0, 0x00, 0x00, 0x0e, 0xbe, 0xaf, 0xaa, 0xab, 0x80, 
	0x00, 0x0f, 0xaf, 0xbb, 0xfb, 0xfb, 0xff, 0xfa, 0xaa, 0x2a, 0xfe, 0xff, 0xfb, 0xf8, 0x80, 0x00, 
	0x00, 0x00, 0x00, 0x00, 0x00, 0x00, 0x00, 0x00, 0x00, 0x00, 0x7f, 0xfc, 0x7f, 0x14, 0x1f, 0x71, 
	0xf4, 0x7f, 0xff, 0xf0, 0x00, 0x00, 0x07, 0x9e, 0x0f, 0x00, 0x67, 0x00, 0x00, 0x1f, 0xff, 0xff, 
	0xff, 0xff, 0xff, 0xfe, 0x3c, 0x05, 0xff, 0xff, 0xff, 0xf9, 0xc0, 0x00, 0x00, 0x00, 0x00, 0x00, 
	0x00, 0x00, 0x00, 0x00, 0x00, 0x00, 0xbe, 0xfe, 0xbe, 0xae, 0x0e, 0xea, 0xe0, 0x3f, 0xef, 0xfa, 
	0x00, 0x00, 0x0a, 0xbe, 0xae, 0xaa, 0xae, 0x00, 0x00, 0xbf, 0xef, 0xaf, 0xff, 0xff, 0xff, 0xfe, 
	0xa8, 0x8e, 0xff, 0xff, 0xfe, 0xe8, 0x80, 0x00, 0x00, 0x00, 0x00, 0x00, 0x00, 0x00, 0x00, 0x00, 
	0x00, 0x00, 0x7d, 0xff, 0x9c, 0x5c, 0x0f, 0x7f, 0xc0, 0x1f, 0xff, 0xff, 0x00, 0x00, 0x01, 0xfc, 
	0x0e, 0x00, 0x78, 0x00, 0x00, 0x7f, 0xff, 0xff, 0xff, 0xff, 0xff, 0xfc, 0x0c, 0x47, 0xff, 0xff, 
	0xff, 0xfd, 0xc0, 0x00, 0x00, 0x00, 0x00, 0x00, 0x00, 0x00, 0x00, 0x00, 0x00, 0x00, 0xeb, 0xff, 
	0x8a, 0xbe, 0x0e, 0xfe, 0x80, 0x0f, 0xfe, 0xff, 0x80, 0x00, 0x00, 0xfa, 0xaa, 0xaa, 0xb8, 0x00, 
	0x03, 0xff, 0xff, 0xbf, 0xff, 0xfb, 0xff, 0xee, 0x2a, 0xaa, 0xff, 0xff, 0xff, 0xb8, 0x80, 0x00, 
	0x00, 0x00, 0x00, 0x00, 0x00, 0x00, 0x00, 0x00, 0x00, 0x01, 0xf9, 0xff, 0xc6, 0x7e, 0x47, 0xf4, 
	0x00, 0x05, 0x3f, 0xff, 0xf0, 0x1f, 0xf0, 0x1c, 0x00, 0x00, 0x30, 0x00, 0x07, 0xfd, 0xff, 0x7f, 
	0xff, 0xff, 0xff, 0xef, 0x1d, 0x7c, 0x7f, 0xff, 0xff, 0xfd, 0xc0, 0x00, 0x00, 0x00, 0x00, 0x00, 
	0x00, 0x00, 0x00, 0x00, 0x00, 0x03, 0xe8, 0xff, 0xee, 0xfe, 0xa3, 0xe8, 0x00, 0x00, 0xbf, 0xbf, 
	0xe8, 0x2e, 0xea, 0x0e, 0xaa, 0xaa, 0xa0, 0x00, 0x0f, 0xfe, 0xfe, 0xbf, 0xff, 0xfe, 0xfe, 0xea, 
	0xba, 0xba, 0xaf, 0x8f, 0xfe, 0xee, 0xe8, 0x00, 0x00, 0x00, 0x00, 0x00, 0x00, 0x00, 0x00, 0x00, 
	0x00, 0x03, 0xe1, 0xff, 0xff, 0xfe, 0x67, 0x00, 0x00, 0x40, 0xff, 0xff, 0xfc, 0x7f, 0xfe, 0x0c, 
	0x00, 0x00, 0x60, 0x00, 0x1f, 0xff, 0xfd, 0xff, 0xff, 0xff, 0xff, 0xe7, 0xfc, 0x7f, 0x87, 0x1f, 
	0xff, 0xfc, 0x78, 0x00, 0x00, 0x00, 0x00, 0x00, 0x00, 0x00, 0x00, 0x00, 0x00, 0x0b, 0xa3, 0xff, 
	0xff, 0xfe, 0xaa, 0x00, 0x00, 0xeb, 0xfe, 0xff, 0xff, 0xfb, 0xfe, 0x02, 0x2a, 0xaa, 0xa0, 0x00, 
	0x3f, 0xfb, 0xfb, 0xbf, 0xff, 0xfb, 0xff, 0xfa, 0xea, 0xbf, 0xaa, 0xbf, 0xff, 0xbe, 0xea, 0x00, 
	0x00, 0x00, 0x00, 0x00, 0x00, 0x00, 0x00, 0x00, 0x00, 0x0f, 0x83, 0xff, 0xff, 0xfc, 0x77, 0x00, 
	0x01, 0xff, 0xfd, 0xff, 0xff, 0x81, 0xff, 0x03, 0x00, 0x01, 0xc0, 0x00, 0x7f, 0xde, 0xff, 0xff, 
	0xff, 0xff, 0xff, 0xf8, 0x41, 0x1f, 0xff, 0x7f, 0xff, 0xfc, 0x67, 0x80, 0x00, 0x00, 0x00, 0x00, 
	0x00, 0x00, 0x00, 0x00, 0x00, 0x0e, 0x82, 0xfe, 0xbf, 0xfe, 0xee, 0x08, 0x8b, 0xfe, 0xbf, 0xef, 
	0xea, 0x88, 0xae, 0x82, 0xaa, 0xaa, 0x80, 0x02, 0xff, 0xfe, 0xff, 0xef, 0xff, 0xfe, 0xfe, 0xea, 
	0xaa, 0xbf, 0xff, 0xff, 0xfe, 0xee, 0xea, 0x80, 0x00, 0x00, 0x00, 0x00, 0x00, 0x00, 0x00, 0x00, 
	0x00, 0x1f, 0x07, 0xfe, 0xff, 0xfc, 0xfc, 0x04, 0x0f, 0xfc, 0x7d, 0xcf, 0xc0, 0x7c, 0x0f, 0x00, 
	0xc0, 0x07, 0x00, 0x07, 0xff, 0xff, 0xff, 0xff, 0xff, 0xff, 0xff, 0xec, 0x00, 0x1f, 0xff, 0xff, 
	0xff, 0xff, 0x70, 0x40, 0x00, 0x00, 0x00, 0x00, 0x00, 0x00, 0x00, 0x00, 0x00, 0x3a, 0x03, 0xba, 
	0xbf, 0xfb, 0xfa, 0x0e, 0xaf, 0xea, 0xbf, 0xff, 0x80, 0xbe, 0x2e, 0x00, 0xaa, 0xaa, 0x00, 0x0f, 
	0xfe, 0xff, 0xff, 0xff, 0xff, 0xfb, 0xfb, 0xea, 0xaa, 0xbf, 0xff, 0xff, 0xfe, 0xfe, 0xaa, 0x38, 
	0x00, 0x00, 0x00, 0x00, 0x00, 0x00, 0x00, 0x00, 0x00, 0x3e, 0x07, 0xf1, 0x3f, 0xf7, 0x7c, 0x07, 
	0xfd, 0xf0, 0x3f, 0xfd, 0xc1, 0xff, 0xfc, 0x00, 0x30, 0x04, 0x00, 0x1f, 0xfe, 0x57, 0xff, 0xff, 
	0xff, 0xff, 0xff, 0xf7, 0x00, 0x1f, 0xff, 0xff, 0xff, 0xff, 0x7c, 0x14, 0x00, 0x00, 0x00, 0x00, 
	0x00, 0x00, 0x00, 0x00, 0x00, 0xe8, 0x03, 0xe8, 0xaf, 0xae, 0xac, 0x0b, 0xfa, 0xae, 0xee, 0xe0, 
	0xbf, 0xea, 0xf8, 0x00, 0x08, 0x88, 0x00, 0xff, 0xff, 0xea, 0xff, 0xef, 0xee, 0xee, 0xfe, 0xee, 
	0xaa, 0xaf, 0xff, 0xff, 0xef, 0xee, 0xea, 0x8e, 0x00, 0x00, 0x00, 0x00, 0x00, 0x00, 0x00, 0x00, 
	0x00, 0xfc, 0x07, 0xe0, 0xd7, 0xdc, 0x7c, 0x01, 0xf5, 0xff, 0xc0, 0x01, 0xff, 0xfd, 0xfc, 0x00, 
	0x05, 0xd8, 0x01, 0xff, 0xfb, 0xff, 0xff, 0xff, 0xff, 0xff, 0xff, 0xe7, 0xf8, 0x1f, 0xff, 0xff, 
	0xff, 0xff, 0xff, 0xce, 0x00, 0x00, 0x00, 0x00, 0x00, 0x00, 0x00, 0x00, 0x00, 0xe8, 0x0f, 0xe0, 
	0xbb, 0xfa, 0xf8, 0x03, 0xea, 0xff, 0xa0, 0x02, 0xff, 0xfe, 0xfe, 0x00, 0x02, 0xa0, 0x03, 0xff, 
	0xfa, 0xef, 0xbf, 0xef, 0xff, 0xbe, 0xff, 0xeb, 0xba, 0xaa, 0xff, 0xff, 0xfb, 0xbf, 0xfa, 0xbe, 
	0x00, 0x00, 0x00, 0x00, 0x00, 0x00, 0x00, 0x00, 0x00, 0xf8, 0x1f, 0xe1, 0x77, 0xf1, 0xf8, 0x01, 
	0xd5, 0xf8, 0x00, 0x00, 0x3f, 0x7f, 0xff, 0xc0, 0x00, 0x00, 0x07, 0xff, 0xf5, 0xc7, 0xff, 0xff, 
	0xff, 0xfd, 0xff, 0xe0, 0x46, 0x1d, 0xff, 0xff, 0xff, 0xff, 0xff, 0xfe, 0x00, 0x00, 0x00, 0x00, 
	0x00, 0x00, 0x00, 0x00, 0x00, 0xe8, 0x0e, 0xe2, 0xef, 0xeb, 0xf8, 0x0b, 0xe8, 0xe8, 0x00, 0x00, 
	0xbe, 0xef, 0xff, 0xe8, 0x00, 0x00, 0x0f, 0xff, 0xea, 0xea, 0xff, 0xff, 0xee, 0xea, 0xff, 0xea, 
	0xee, 0x88, 0xff, 0xff, 0xee, 0xff, 0xee, 0xae, 0x00, 0x00, 0x00, 0x00, 0x00, 0x00, 0x00, 0x00, 
	0x00, 0xfc, 0x1f, 0xc1, 0xff, 0xc7, 0xf8, 0x01, 0xff, 0xd8, 0x00, 0x00, 0x16, 0xff, 0xff, 0xfc, 
	0x00, 0x00, 0x3f, 0xff, 0xff, 0xe5, 0x7f, 0xff, 0xff, 0xff, 0xff, 0xf4, 0x4e, 0x5c, 0xff, 0xff, 
	0xff, 0xff, 0xff, 0xde, 0x00, 0x00, 0x00, 0x00, 0x00, 0x00, 0x00, 0x00, 0x03, 0xfe, 0xbf, 0xbf, 
	0xea, 0xaa, 0xf8, 0x03, 0xea, 0x0a, 0x00, 0x02, 0x00, 0xff, 0xff, 0xff, 0xa0, 0x00, 0xff, 0xff, 
	0xaa, 0xab, 0xff, 0xff, 0xff, 0xfa, 0xfb, 0xe2, 0xaa, 0xaa, 0x3f, 0xff, 0xff, 0xbf, 0xfe, 0xae, 
	0x00, 0x00, 0x00, 0x00, 0x00, 0x00, 0x00, 0x00, 0x03, 0xfe, 0x7f, 0x3f, 0xe7, 0x81, 0xf0, 0x07, 
	0xff, 0x06, 0x00, 0x06, 0x01, 0xff, 0xff, 0xff, 0xf0, 0x03, 0xff, 0xff, 0x7d, 0xd1, 0xff, 0xff, 
	0xff, 0xfd, 0xff, 0xe0, 0x00, 0x0f, 0x3f, 0xff, 0xff, 0xff, 0xff, 0xfe, 0x00, 0x00, 0x00, 0x00, 
	0x00, 0x00, 0x00, 0x00, 0x02, 0xfe, 0xee, 0x02, 0xae, 0xaa, 0xe8, 0x0b, 0xfe, 0x0a, 0x82, 0xae, 
	0xaf, 0xff, 0xff, 0xff, 0xf8, 0x8b, 0xff, 0xff, 0x88, 0xab, 0xff, 0xff, 0xfe, 0xee, 0xef, 0xea, 
	0x8a, 0x8e, 0xaf, 0xfe, 0xee, 0xef, 0xff, 0xee, 0x00, 0x00, 0x00, 0x00, 0x00, 0x00, 0x00, 0x00, 
	0x01, 0xc5, 0xc0, 0x44, 0x1c, 0xc4, 0xf0, 0x07, 0xfc, 0x01, 0x81, 0xff, 0xff, 0xff, 0xff, 0xff, 
	0xff, 0xff, 0xff, 0xfd, 0xd4, 0xcf, 0xff, 0xff, 0xff, 0xfc, 0xf7, 0xdc, 0x03, 0x0f, 0xc7, 0xff, 
	0xff, 0xff, 0xff, 0xde, 0x00, 0x00, 0x00, 0x00, 0x00, 0x00, 0x00, 0x00, 0x00, 0x83, 0x82, 0xea, 
	0x2a, 0xaa, 0xa0, 0x0f, 0xf8, 0x02, 0xab, 0xff, 0xbf, 0xff, 0xff, 0xff, 0xff, 0xff, 0xff, 0xfa, 
	0xaa, 0xbf, 0xff, 0xff, 0xff, 0xfe, 0xe3, 0xb8, 0xaa, 0x2e, 0xaf, 0xff, 0xbf, 0xff, 0xff, 0xae, 
	0x00, 0x00, 0x00, 0x00, 0x00, 0x00, 0x00, 0x00, 0x00, 0xc7, 0x17, 0xe0, 0x03, 0x17, 0x70, 0x07, 
	0xf0, 0x01, 0x3f, 0xd5, 0xff, 0xff, 0xff, 0xff, 0xff, 0xff, 0xff, 0xf7, 0x70, 0xff, 0xff, 0xff, 
	0xff, 0xfd, 0xf7, 0xdc, 0x03, 0x0e, 0x17, 0xff, 0xff, 0xff, 0xff, 0xfe, 0x00, 0x00, 0x00, 0x00, 
	0x00, 0x00, 0x00, 0x00, 0x00, 0xaa, 0xbf, 0x88, 0xae, 0x8a, 0xe0, 0x2f, 0xe0, 0x00, 0xfe, 0xaa, 
	0xbb, 0xff, 0xef, 0xef, 0xff, 0xff, 0xff, 0xaa, 0xae, 0xfe, 0xff, 0xff, 0xfe, 0xea, 0xeb, 0xaa, 
	0xa8, 0x8e, 0xaa, 0xfe, 0xef, 0xff, 0xff, 0xfe, 0x00, 0x00, 0x00, 0x00, 0x00, 0x00, 0x00, 0x00, 
	0x00, 0x78, 0xff, 0xc0, 0x5c, 0x04, 0xe0, 0x17, 0xc0, 0x01, 0xfe, 0x44, 0x7f, 0xff, 0xff, 0xff, 
	0xff, 0xff, 0xff, 0xb9, 0x47, 0xff, 0xff, 0xff, 0xff, 0xf3, 0xff, 0xc7, 0x40, 0x0f, 0x04, 0x7f, 
	0xff, 0xff, 0xff, 0xff, 0x80, 0x00, 0x00, 0x00, 0x00, 0x00, 0x00, 0x00, 0x00, 0x3f, 0xff, 0xa2, 
	0xba, 0x2a, 0xe8, 0x2f, 0x80, 0x0a, 0xee, 0xaa, 0xba, 0xff, 0xff, 0xff, 0xff, 0xff, 0xff, 0xba, 
	0xaf, 0xff, 0xff, 0xff, 0xff, 0xbb, 0xeb, 0xab, 0x82, 0xae, 0xaa, 0xbb, 0xff, 0xff, 0xff, 0xff, 
	0xa0, 0x00, 0x00, 0x00, 0x00, 0x00, 0x00, 0x00, 0x00, 0xff, 0xff, 0x80, 0x70, 0x03, 0xc0, 0x3e, 
	0x00, 0x07, 0x86, 0x50, 0x7e, 0x7f, 0xff, 0xff, 0xdf, 0xff, 0xfd, 0xfc, 0x3f, 0xff, 0xff, 0xff, 
	0xff, 0xf1, 0xf7, 0x81, 0x00, 0x0f, 0x01, 0xfd, 0xff, 0xff, 0xff, 0xff, 0xe0, 0x00, 0x00, 0x00, 
	0x00, 0x00, 0x00, 0x00, 0x00, 0xff, 0xff, 0x8a, 0xaa, 0xaa, 0xe0, 0xbe, 0x00, 0x0f, 0xee, 0xaa, 
	0xbe, 0xff, 0xff, 0xfe, 0xef, 0xff, 0xfa, 0xee, 0xfe, 0xff, 0xff, 0xfe, 0xfe, 0xea, 0xef, 0xaf, 
	0x8a, 0x2e, 0xaa, 0xef, 0xee, 0xef, 0xff, 0xee, 0xe8, 0x00, 0x00, 0x00, 0x00, 0x00, 0x00, 0x00, 
	0x07, 0xdf, 0xff, 0x01, 0x01, 0x4d, 0xc1, 0xfc, 0x00, 0x0e, 0x4e, 0x44, 0x7f, 0xff, 0xff, 0xff, 
	0xf7, 0xff, 0xff, 0xff, 0xfd, 0xff, 0xff, 0xff, 0xff, 0xf8, 0xe7, 0xf5, 0xf0, 0x5c, 0x05, 0xff, 
	0xdf, 0xff, 0xff, 0xff, 0xf8, 0x00, 0x00, 0x00, 0x00, 0x00, 0x00, 0x00, 0x0e, 0x3f, 0xfe, 0x02, 
	0xab, 0xab, 0x8b, 0xb8, 0x00, 0x3e, 0xae, 0xaa, 0xbf, 0xbf, 0xff, 0xff, 0xff, 0xff, 0xff, 0xff, 
	0xe2, 0xff, 0xff, 0xfe, 0xbb, 0xf8, 0xef, 0xa8, 0x3a, 0xba, 0x2b, 0xba, 0xef, 0xbf, 0xfb, 0xbf, 
	0xb8, 0x00, 0x00, 0x00, 0x00, 0x00, 0x00, 0x00, 0x1c, 0x7f, 0xff, 0x01, 0xc7, 0x57, 0xdf, 0x90, 
	0x00, 0x3e, 0xf6, 0x15, 0x7f, 0x9f, 0xff, 0xff, 0xff, 0xff, 0xff, 0xff, 0xf7, 0xff, 0xff, 0xff, 
	0xff, 0xc0, 0xe7, 0x00, 0x7f, 0x3f, 0x07, 0xff, 0xff, 0xff, 0xff, 0xff, 0xfc, 0x00, 0x00, 0x00, 
	0x00, 0x00, 0x00, 0x00, 0x38, 0xaf, 0xfe, 0x8b, 0xea, 0xae, 0xfe, 0xe0, 0x00, 0xbe, 0xae, 0xaa, 
	0xbf, 0xae, 0xff, 0xfe, 0xef, 0xae, 0xaa, 0x8e, 0xee, 0xef, 0xff, 0xfe, 0xee, 0xe0, 0xee, 0x80, 
	0xeb, 0xee, 0x2f, 0xea, 0xee, 0xef, 0xee, 0xee, 0xee, 0x00, 0x00, 0x00, 0x00, 0x00, 0x00, 0x00, 
	0x3b, 0xc7, 0xfc, 0x0f, 0xf4, 0xce, 0x71, 0xc0, 0x00, 0xfe, 0x5f, 0x44, 0x7f, 0xdf, 0xff, 0xff, 
	0xff, 0x86, 0x00, 0x0f, 0xff, 0xff, 0xff, 0xff, 0xff, 0xc4, 0xe7, 0x00, 0x59, 0x7f, 0x1f, 0xdf, 
	0xdf, 0xff, 0xff, 0xff, 0xff, 0x00, 0x00, 0x00, 0x00, 0x00, 0x00, 0x00, 0x3a, 0xab, 0xfa, 0x0f, 
	0xaa, 0xae, 0xba, 0x80, 0x00, 0xfe, 0xbf, 0xaa, 0xaf, 0xef, 0xff, 0xff, 0xfe, 0xaa, 0x0a, 0x8f, 
	0xfb, 0xff, 0xff, 0xfe, 0xfb, 0xea, 0xe3, 0x80, 0xea, 0x3f, 0xbe, 0xba, 0xeb, 0xff, 0xbf, 0xbf, 
	0xee, 0x00, 0x00, 0x00, 0x00, 0x00, 0x00, 0x00, 0x3e, 0x1f, 0xf9, 0x07, 0x95, 0x5c, 0xcc, 0x00, 
	0x03, 0xff, 0xf5, 0xff, 0xdf, 0xff, 0xff, 0xff, 0xfc, 0x1f, 0xff, 0x8f, 0xff, 0xff, 0xff, 0xff, 
	0xff, 0xc1, 0x37, 0x80, 0x60, 0x75, 0x7f, 0xff, 0xff, 0xff, 0xff, 0xff, 0xff, 0xc0, 0x00, 0x00, 
	0x00, 0x00, 0x00, 0x00, 0x3e, 0xee, 0xeb, 0xab, 0xaa, 0xee, 0x8c, 0x00, 0x0b, 0xff, 0x82, 0xaf, 
	0xef, 0xef, 0xff, 0xff, 0xfe, 0xef, 0xff, 0x8e, 0xee, 0xee, 0xff, 0xfe, 0xfe, 0xe2, 0x8f, 0x80, 
	0x28, 0xea, 0x3e, 0xea, 0xea, 0xee, 0xee, 0xee, 0xfe, 0xc0, 0x00, 0x00, 0x00, 0x00, 0x00, 0x00, 
	0x3e, 0x5f, 0xf7, 0x17, 0xcd, 0xff, 0x1c, 0x00, 0x07, 0xff, 0x03, 0x04, 0x7f, 0xe7, 0xff, 0xff, 
	0xfc, 0x7f, 0x9f, 0x8f, 0xff, 0xff, 0xff, 0xff, 0xff, 0xc1, 0x1f, 0x00, 0x40, 0x7e, 0x7d, 0xdf, 
	0xdf, 0xff, 0xff, 0xff, 0xff, 0xc0, 0x00, 0x00, 0x00, 0x00, 0x00, 0x00, 0x3f, 0xba, 0xff, 0xa3, 
	0xab, 0xfa, 0x38, 0x2f, 0xbf, 0xea, 0x02, 0x00, 0x3f, 0xeb, 0xff, 0xff, 0xfe, 0xff, 0xab, 0x8f, 
	0xff, 0xef, 0xff, 0xbf, 0xfe, 0x82, 0xbf, 0xa0, 0x20, 0x3e, 0xea, 0xaa, 0xba, 0xab, 0xbf, 0xfb, 
	0xbb, 0xe0, 0x00, 0x00, 0x00, 0x00, 0x00, 0x00, 0x3f, 0xdf, 0xff, 0x33, 0xf7, 0xf4, 0x10, 0x3f, 
	0xff, 0x00, 0x00, 0x00, 0x1f, 0xf3, 0xff, 0xff, 0xfe, 0x7f, 0x3f, 0x8f, 0xff, 0xff, 0xff, 0xff, 
	0xff, 0x01, 0x1f, 0x00, 0x20, 0x7f, 0xff, 0xff, 0xff, 0xf7, 0xff, 0xff, 0xff, 0xc0, 0x00, 0x00, 
	0x00, 0x00, 0x00, 0x00, 0x3f, 0xaa, 0xbf, 0xab, 0xff, 0xe8, 0x28, 0xba, 0x8a, 0x00, 0x00, 0x80, 
	0x0a, 0xfb, 0xff, 0xee, 0xfe, 0xff, 0xaf, 0x8b, 0xf8, 0xff, 0xff, 0xfe, 0xee, 0x82, 0x8e, 0xa0, 
	0xa0, 0xff, 0xea, 0xea, 0xee, 0xea, 0xaa, 0xea, 0xee, 0xc0, 0x00, 0x00, 0x00, 0x00, 0x00, 0x00, 
	0x3f, 0xf7, 0xff, 0x1f, 0xff, 0xd0, 0x70, 0xf8, 0x00, 0x00, 0x00, 0x00, 0x00, 0x7f, 0xff, 0xff, 
	0xfe, 0xff, 0xff, 0xc3, 0xfc, 0xff, 0xff, 0xff, 0xff, 0x01, 0x1e, 0x60, 0xc0, 0x77, 0xff, 0xff, 
	0xff, 0xdd, 0xfd, 0xff, 0xff, 0xc0, 0x00, 0x00, 0x00, 0x00, 0x00, 0x00, 0x3f, 0xaa, 0xff, 0xbf, 
	0xff, 0xa8, 0x20, 0xe2, 0x00, 0x00, 0x00, 0x80, 0x02, 0x3b, 0xff, 0xff, 0xfe, 0xbf, 0xbf, 0xa2, 
	0xbf, 0xbf, 0xff, 0xff, 0xfe, 0x82, 0x9e, 0xa0, 0x80, 0xfb, 0xeb, 0xaa, 0xbb, 0xaa, 0xbb, 0xeb, 
	0xbf, 0xe0, 0x00, 0x00, 0x00, 0x00, 0x00, 0x00, 0x3f, 0xdf, 0xff, 0xff, 0xff, 0xc0, 0x00, 0x60, 
	0x00, 0x00, 0x05, 0x80, 0x00, 0x37, 0xff, 0xff, 0xdf, 0x7f, 0xff, 0xe1, 0x1f, 0xff, 0xff, 0xff, 
	0xff, 0x01, 0x1f, 0x00, 0xc0, 0x7f, 0xff, 0xff, 0xff, 0xff, 0xff, 0xff, 0xff, 0xc0, 0x00, 0x00, 
	0x00, 0x00, 0x00, 0x00, 0x3e, 0xee, 0xef, 0xff, 0xef, 0xe8, 0x80, 0xe0, 0x00, 0x00, 0x8e, 0x8a, 
	0x80, 0xfe, 0xff, 0xff, 0xaa, 0xaf, 0xfb, 0xe3, 0xbf, 0xff, 0xff, 0xfe, 0xfe, 0x02, 0x8e, 0x08, 
	0xc0, 0xae, 0xea, 0xaa, 0xee, 0xae, 0xae, 0xae, 0xee, 0xc0, 0x00, 0x00, 0x00, 0x00, 0x00, 0x00, 
	0x3f, 0xff, 0xff, 0xff, 0xff, 0xf0, 0x80, 0xc0, 0x00, 0x00, 0x0f, 0xd7, 0x80, 0x7f, 0xff, 0xff, 
	0xf6, 0x7f, 0xff, 0xf7, 0xff, 0xff, 0xff, 0xff, 0xfe, 0x05, 0x1c, 0x00, 0xc0, 0xdf, 0xdd, 0xff, 
	0xdf, 0xfd, 0xdf, 0xff, 0xff, 0xc0, 0x00, 0x00, 0x00, 0x00, 0x00, 0x00, 0x3f, 0xea, 0xfb, 0xff, 
	0xae, 0xaa, 0x80, 0xa0, 0x28, 0x02, 0xbf, 0xbe, 0x80, 0x2f, 0xff, 0xff, 0xfe, 0x3a, 0xfb, 0xa3, 
	0xff, 0xff, 0xff, 0xff, 0xfe, 0x02, 0x3e, 0x00, 0x88, 0xbe, 0xaa, 0xaa, 0xaa, 0xaa, 0xba, 0xba, 
	0xfb, 0xe0, 0x00, 0x00, 0x00, 0x00, 0x00, 0x00, 0x3f, 0xe7, 0xff, 0xff, 0xff, 0xff, 0x01, 0x80, 
	0x00, 0x07, 0xfd, 0x9f, 0xc0, 0x0f, 0xff, 0xff, 0xfe, 0x7e, 0x7f, 0xc3, 0xff, 0xff, 0xff, 0xff, 
	0xfe, 0x04, 0x1c, 0x00, 0x41, 0x9f, 0xff, 0xf7, 0xff, 0xff, 0xff, 0x7f, 0xff, 0xc0, 0x00, 0x00, 
	0x00, 0x00, 0x00, 0x00, 0xbf, 0xee, 0xef, 0xfe, 0xee, 0xaf, 0x80, 0x80, 0x0a, 0x8f, 0xfa, 0xaa, 
	0xe8, 0x0b, 0xff, 0xff, 0xfe, 0xfe, 0xef, 0xe3, 0xff, 0xef, 0xff, 0xff, 0xea, 0x0a, 0x0e, 0x02, 
	0xe0, 0xae, 0xaa, 0xaa, 0xaa, 0xaa, 0xaa, 0xee, 0xee, 0x80, 0x00, 0x00, 0x00, 0x00, 0x00, 0x00, 
	0xff, 0xff, 0xff, 0xff, 0xff, 0xdf, 0xe1, 0x00, 0x1f, 0xff, 0xdc, 0xd4, 0xfc, 0x01, 0xff, 0xff, 
	0xfe, 0x7f, 0xff, 0xf3, 0xff, 0xff, 0xff, 0xff, 0xf8, 0x04, 0x1d, 0x01, 0x81, 0x7f, 0xdf, 0xdd, 
	0xfd, 0xdf, 0xff, 0xff, 0xff, 0x00, 0x00, 0x00, 0x00, 0x00, 0x00, 0x00, 0xff, 0xeb, 0xbf, 0xff, 
	0xbe, 0xab, 0xfa, 0x80, 0x3f, 0xff, 0xaa, 0xa2, 0xbe, 0xa0, 0xff, 0xff, 0xfe, 0xbf, 0xff, 0xe3, 
	0xff, 0xff, 0xff, 0xff, 0xfa, 0x0a, 0x3b, 0xa2, 0x82, 0xfa, 0xaa, 0xae, 0xaa, 0xaa, 0xaf, 0xff, 
	0xfe, 0x00, 0x00, 0x00, 0x00, 0x00, 0x00, 0x03, 0xff, 0xff, 0xff, 0xff, 0xff, 0xff, 0xfc, 0x00, 
	0x75, 0x7f, 0xf7, 0xd0, 0xff, 0xfc, 0x7f, 0xff, 0xff, 0x7f, 0xff, 0xf3, 0xff, 0xff, 0xff, 0xff, 
	0xf8, 0x00, 0x19, 0xff, 0x03, 0x7c, 0xfc, 0xff, 0xff, 0x7f, 0xff, 0xff, 0xff, 0x00, 0x00, 0x00, 
	0x00, 0x00, 0x00, 0x02, 0xff, 0xfe, 0xfe, 0xee, 0xee, 0xef, 0xee, 0x80, 0xe0, 0x3f, 0xff, 0xea, 
	0xaf, 0x8e, 0xff, 0xfe, 0xfe, 0xbf, 0xef, 0xe3, 0xef, 0xff, 0xff, 0xef, 0xe8, 0x08, 0x08, 0xe8, 
	0x8a, 0xea, 0xa8, 0xaa, 0xae, 0xaa, 0xef, 0xee, 0xfe, 0x80, 0x00, 0x00, 0x00, 0x00, 0x00, 0x07, 
	0xff, 0xff, 0x7f, 0xff, 0xff, 0xdf, 0xff, 0xc0, 0xf0, 0x1f, 0xff, 0xc4, 0x57, 0x9f, 0xff, 0xff, 
	0xff, 0x7f, 0xdf, 0xf1, 0xff, 0xff, 0xff, 0xff, 0xf8, 0x00, 0x1c, 0x40, 0x01, 0xff, 0xfd, 0xfd, 
	0xdf, 0xdf, 0xff, 0xff, 0xff, 0x00, 0x00, 0x00, 0x00, 0x00, 0x00, 0x0f, 0xff, 0xfa, 0xbf, 0xff, 
	0xba, 0xef, 0xae, 0xa2, 0xe8, 0x00, 0x20, 0xba, 0xab, 0xaf, 0xff, 0xff, 0xfe, 0xbf, 0xbf, 0xe3, 
	0xff, 0xff, 0xff, 0xff, 0xf8, 0x08, 0x3a, 0x20, 0x8b, 0xea, 0xba, 0xaa, 0xaa, 0xaa, 0xff, 0xff, 
	0xfa, 0x00, 0x00, 0x00, 0x00, 0x00, 0x00, 0x0f, 0xff, 0xff, 0xff, 0xff, 0xff, 0xff, 0xff, 0xf3, 
	0xc0, 0x00, 0x00, 0x1b, 0x57, 0xff, 0xff, 0xff, 0xff, 0x9f, 0x1f, 0xc7, 0xff, 0xff, 0xff, 0xff, 
	0xc0, 0x00, 0x18, 0x00, 0x4f, 0xff, 0xff, 0xff, 0xf7, 0xff, 0xff, 0xff, 0xf8, 0x00, 0x00, 0x00, 
	0x00, 0x00, 0x00, 0x2f, 0xef, 0xfe, 0xee, 0xee, 0xea, 0xbe, 0xee, 0xfb, 0x80, 0x00, 0x00, 0x0e, 
	0xab, 0xff, 0xff, 0xff, 0xff, 0xaa, 0xaf, 0x8f, 0xff, 0xff, 0xff, 0xff, 0xe8, 0x08, 0x28, 0x82, 
	0x8e, 0xea, 0xea, 0xaa, 0xaa, 0xaa, 0xff, 0xff, 0xf8, 0x00, 0x00, 0x00, 0x00, 0x00, 0x00, 0x7f, 
	0xff, 0xff, 0xff, 0xff, 0xff, 0xfd, 0xfd, 0xdf, 0x00, 0x00, 0x00, 0x07, 0x57, 0xff, 0xff, 0xff, 
	0xff, 0xff, 0x1f, 0xff, 0xff, 0xff, 0xff, 0xff, 0xc0, 0x00, 0x10, 0x00, 0x5f, 0xdf, 0xfd, 0xdd, 
	0xfd, 0xdf, 0xff, 0xff, 0xfc, 0x00, 0x00, 0x00, 0x00, 0x00, 0x00, 0xbf, 0xff, 0xff, 0xff, 0xfe, 
	0xaa, 0xfb, 0xea, 0xae, 0x00, 0x08, 0x00, 0x82, 0xab, 0xaf, 0xff, 0xff, 0xff, 0xff, 0xbf, 0xff, 
	0xff, 0xff, 0xff, 0xff, 0xa0, 0x02, 0x22, 0x88, 0x3a, 0xaa, 0xaa, 0xaa, 0xaa, 0xbb, 0xff, 0xff, 
	0xf8, 0x00, 0x00, 0x00, 0x00, 0x00, 0x00, 0xff, 0xff, 0xff, 0xff, 0xff, 0xff, 0xff, 0xf7, 0xff, 
	0x00, 0x10, 0x00, 0x00, 0xf7, 0xdf, 0xff, 0xff, 0xff, 0xff, 0x1f, 0xff, 0xff, 0xff, 0xff, 0xff, 
	0x80, 0x04, 0x74, 0x00, 0x3f, 0xff, 0x5f, 0xff, 0xff, 0xff, 0xff, 0xff, 0xfc, 0x00, 0x00, 0x00, 
	0x00, 0x00, 0x00, 0xee, 0xee, 0xef, 0xee, 0xea, 0xab, 0xaa, 0xea, 0xef, 0x80, 0x08, 0x02, 0x80, 
	0xbb, 0x8f, 0xff, 0xff, 0xff, 0xea, 0xba, 0xff, 0xff, 0xee, 0xfe, 0xef, 0x80, 0x28, 0xe8, 0xa0, 
	0xba, 0xaa, 0xae, 0xea, 0xae, 0xff, 0xff, 0xff, 0xf8, 0x00, 0x00, 0x00, 0x00, 0x00, 0x00, 0xff, 
	0xff, 0xff, 0xff, 0xff, 0xff, 0xff, 0xdf, 0xff, 0xc0, 0x0c, 0x07, 0x00, 0x7f, 0xdf, 0xff, 0xff, 
	0xff, 0xc7, 0x1c, 0x7f, 0xff, 0xff, 0xff, 0xff, 0x80, 0x10, 0xf0, 0x40, 0xff, 0xdf, 0xdd, 0xfd, 
	0xff, 0xff, 0xff, 0xff, 0xfc, 0x00, 0x00, 0x00, 0x00, 0x00, 0x02, 0xaf, 0xbb, 0xbf, 0xfb, 0xba, 
	0xae, 0xaf, 0xaa, 0xaf, 0xe0, 0x0e, 0xab, 0x00, 0xfb, 0xaf, 0xff, 0xff, 0xff, 0xab, 0xbe, 0xaf, 
	0xba, 0xbb, 0xfe, 0xff, 0x80, 0x00, 0xb8, 0x82, 0xea, 0xab, 0xaa, 0xaa, 0xaf, 0xff, 0xff, 0xff, 
	0xf8, 0x00, 0x00, 0x00, 0x00, 0x00, 0x03, 0xff, 0xff, 0xff, 0xff, 0xff, 0xff, 0xff, 0xff, 0xff, 
	0xf0, 0x17, 0xff, 0x00, 0x77, 0xdf, 0xff, 0xff, 0xff, 0x1f, 0x1f, 0xc7, 0xff, 0xff, 0xff, 0xff, 
	0x80, 0x00, 0x50, 0x07, 0xff, 0xff, 0xff, 0xff, 0xff, 0xff, 0xff, 0xff, 0xfc, 0x00, 0x00, 0x00, 
	0x00, 0x00, 0x03, 0xfe, 0xee, 0xfe, 0xef, 0xee, 0xbe, 0xae, 0xae, 0xae, 0xf8, 0xaf, 0xef, 0x80, 
	0xbb, 0xaf, 0xff, 0xff, 0xfe, 0xbe, 0xbf, 0xe3, 0xfe, 0xef, 0xff, 0xff, 0x80, 0x00, 0xea, 0x07, 
	0xea, 0xa8, 0xea, 0xee, 0xef, 0xff, 0xff, 0xff, 0xf8, 0x00, 0x00, 0x00, 0x00, 0x00, 0x07, 0xff, 
	0xff, 0xff, 0xff, 0xdf, 0xff, 0xff, 0xdf, 0xff, 0xfc, 0x4f, 0xf1, 0xc0, 0xbf, 0xcf, 0xff, 0xff, 
	0xfc, 0xff, 0xff, 0xe7, 0xff, 0xff, 0xff, 0xff, 0x80, 0x00, 0xfc, 0x07, 0xff, 0xfc, 0xff, 0xff, 
	0xff, 0xff, 0xff, 0xff, 0xfc, 0x00, 0x00, 0x00, 0x00, 0x00, 0x03, 0xff, 0xff, 0xff, 0xbf, 0xab, 
	0xbe, 0xaa, 0xaa, 0xbb, 0xaa, 0xbf, 0xba, 0xfa, 0xaf, 0xaf, 0xff, 0xff, 0xea, 0xff, 0xff, 0xea, 
	0xfe, 0xff, 0xff, 0xfe, 0x80, 0x02, 0xa2, 0x8f, 0xea, 0xaa, 0xab, 0xaa, 0xff, 0xff, 0xff, 0xff, 
	0xf8, 0x00, 0x00, 0x00, 0x00, 0x00, 0x03, 0xff, 0xff, 0xff, 0xff, 0xff, 0xff, 0x7f, 0xf7, 0xff, 
	0xff, 0x3f, 0x31, 0x7f, 0x0f, 0xe7, 0xff, 0xff, 0xf1, 0xff, 0xff, 0xf1, 0xff, 0xff, 0xff, 0xff, 
	0x00, 0x03, 0x01, 0x1f, 0xf7, 0xff, 0xff, 0xff, 0xff, 0xff, 0xff, 0xff, 0xfc, 0x00, 0x00, 0x00, 
	0x00, 0x00, 0x03, 0xfe, 0xef, 0xee, 0xfe, 0xea, 0xee, 0xae, 0xaa, 0xee, 0xee, 0xbe, 0xaa, 0xee, 
	0x8f, 0xeb, 0xff, 0xff, 0xea, 0xff, 0xff, 0xf8, 0xff, 0xff, 0xee, 0xfe, 0x80, 0x02, 0x82, 0xae, 
	0xea, 0xee, 0xae, 0xae, 0xff, 0xff, 0xff, 0xff, 0xf8, 0x00, 0x00, 0x00, 0x00, 0x00, 0x07, 0xff, 
	0xff, 0xff, 0xff, 0xff, 0xff, 0xdd, 0xff, 0xff, 0xff, 0xff, 0xfc, 0x65, 0xcf, 0xff, 0xff, 0xff, 
	0xe7, 0xff, 0xff, 0xfc, 0xff, 0xff, 0xff, 0xff, 0x00, 0x43, 0x07, 0xff, 0xfd, 0xdf, 0xdf, 0xff, 
	0xff, 0xff, 0xff, 0xff, 0xfc, 0x00, 0x00, 0x00, 0x00, 0x00, 0x00, 0xff, 0xff, 0xff, 0xfa, 0xaa, 
	0xfa, 0xaa, 0xab, 0xbe, 0xbf, 0xfe, 0xba, 0xa0, 0xe3, 0xfb, 0xff, 0xbf, 0xe3, 0xff, 0xff, 0xf8, 
	0xff, 0xfb, 0xff, 0xfe, 0x00, 0x8a, 0x0e, 0xba, 0xea, 0xaa, 0xaa, 0xbf, 0xff, 0xff, 0xff, 0xff, 
	0xf8, 0x00, 0x00, 0x00, 0x00, 0x00, 0x00, 0xff, 0xff, 0xff, 0xff, 0xff, 0xff, 0x7f, 0x7f, 0xff, 
	0xff, 0xff, 0xf8, 0x60, 0x73, 0xfd, 0xff, 0xff, 0xe7, 0xff, 0xff, 0xfc, 0x7f, 0xff, 0xff, 0xff, 
	0x00, 0x0c, 0x1f, 0xff, 0x4f, 0xff, 0xff, 0xff, 0xff, 0xff, 0xff, 0xff, 0xf8, 0x00, 0x00, 0x00, 
	0x00, 0x00, 0x00, 0xff, 0xea, 0xeb, 0xee, 0xae, 0xea, 0xae, 0xea, 0xee, 0xee, 0xfe, 0xba, 0xe8, 
	0xbe, 0xff, 0xff, 0xff, 0xab, 0xff, 0xff, 0xf8, 0xbf, 0xcf, 0xff, 0xfc, 0x02, 0x2e, 0xff, 0xea, 
	0xaa, 0xea, 0xae, 0xff, 0xfe, 0xee, 0xff, 0xff, 0xee, 0x00, 0x00, 0x00, 0x00, 0x00, 0x00, 0x7f, 
	0xff, 0xe7, 0xff, 0xfd, 0xff, 0xff, 0xdf, 0xff, 0xff, 0xff, 0xfc, 0xe0, 0x7c, 0xff, 0xff, 0xff, 
	0x9f, 0xff, 0xff, 0xfd, 0x3f, 0xdf, 0xff, 0xfc, 0x00, 0x0f, 0xff, 0xfd, 0xff, 0xfd, 0xdd, 0xff, 
	0xff, 0xff, 0xff, 0xff, 0xfe, 0x00, 0x00, 0x00, 0x00, 0x00, 0x00, 0x3f, 0xef, 0xae, 0xbe, 0xfa, 
	0xba, 0xaf, 0xaa, 0xea, 0xff, 0xfe, 0xba, 0xaa, 0x3e, 0xbf, 0xff, 0xff, 0xaf, 0xfb, 0xbf, 0xfe, 
	0xba, 0xff, 0xff, 0xf8, 0x00, 0xbf, 0xaf, 0xea, 0xab, 0xea, 0xbb, 0xff, 0xfb, 0xbb, 0xff, 0xff, 
	0xbe, 0x00, 0x00, 0x00, 0x00, 0x00, 0x00, 0x7f, 0xff, 0xde, 0x3f, 0xff, 0xff, 0x7f, 0xff, 0xff, 
	0xff, 0xff, 0x3b, 0x18, 0x3e, 0x1f, 0xdf, 0xff, 0x9f, 0xff, 0xff, 0xff, 0x3c, 0xff, 0xff, 0xfc, 
	0x00, 0x3c, 0x07, 0xff, 0xff, 0xff, 0xff, 0xff, 0xff, 0xff, 0xff, 0xff, 0xfe, 0x00, 0x00, 0x00, 
	0x00, 0x00, 0x00, 0x3f, 0xff, 0xec, 0xaf, 0xea, 0xae, 0xee, 0xee, 0xee, 0xee, 0xfe, 0xba, 0xa8, 
	0xbe, 0x8b, 0xef, 0xff, 0x8f, 0xfe, 0xef, 0xfe, 0xbe, 0xff, 0xff, 0xf8, 0x00, 0xb8, 0x8e, 0xae, 
	0xbb, 0xea, 0xbf, 0xff, 0xee, 0xee, 0xff, 0xff, 0xee, 0x00, 0x00, 0x00, 0x00, 0x00, 0x00, 0x7f, 
	0xff, 0xff, 0x3f, 0xff, 0xff, 0xff, 0xff, 0xff, 0xff, 0xff, 0xfc, 0x07, 0x7f, 0xdf, 0xff, 0xff, 
	0x9f, 0xff, 0xff, 0xff, 0x3f, 0xff, 0xff, 0xf0, 0x00, 0xd8, 0x1f, 0xff, 0xff, 0xff, 0xff, 0xff, 
	0xff, 0xff, 0xff, 0xff, 0xfe, 0x00, 0x00, 0x00, 0x00, 0x00, 0x03, 0xff, 0xff, 0xff, 0xbe, 0xaa, 
	0xaa, 0xbb, 0xab, 0xba, 0xff, 0xbf, 0xba, 0xa3, 0xeb, 0xff, 0xff, 0xff, 0xab, 0xfa, 0xab, 0xfa, 
	0xbf, 0xff, 0xff, 0xf0, 0x82, 0xba, 0x3f, 0xea, 0xbf, 0xbb, 0xff, 0xff, 0xae, 0xbf, 0xff, 0xff, 
	0xfb, 0x80, 0x00, 0x00, 0x00, 0x00, 0x07, 0xff, 0xff, 0xff, 0xfd, 0xcf, 0xff, 0xff, 0xff, 0xff, 
	0xff, 0xff, 0xf4, 0x03, 0xff, 0xff, 0xff, 0xff, 0xc7, 0xff, 0xff, 0xfc, 0x7f, 0xff, 0xff, 0xf0, 
	0x01, 0xd0, 0x3f, 0xff, 0xff, 0xff, 0xff, 0xff, 0xff, 0xff, 0xff, 0xff, 0xff, 0xc0, 0x00, 0x00, 
	0x00, 0x00, 0x0e, 0xff, 0xfe, 0xee, 0xfe, 0xae, 0xae, 0xfe, 0xaa, 0xee, 0xee, 0xff, 0xea, 0xa8, 
	0xab, 0xbf, 0xef, 0xef, 0xe3, 0xfe, 0xef, 0xf8, 0xbf, 0xff, 0xef, 0xe8, 0x8b, 0xa8, 0xff, 0xea, 
	0xfe, 0xee, 0xff, 0xee, 0xee, 0xee, 0xee, 0xff, 0xff, 0xc0, 0x00, 0x00, 0x00, 0x00, 0x5f, 0xff, 
	0xff, 0xff, 0xff, 0x87, 0xff, 0xff, 0xff, 0xff, 0xff, 0xff, 0xf0, 0x40, 0x07, 0x9f, 0xff, 0xff, 
	0xe3, 0xff, 0xff, 0xfc, 0xff, 0xff, 0xff, 0xc0, 0x05, 0x31, 0xdf, 0xff, 0xff, 0xff, 0xff, 0xff, 
	0xdf, 0xff, 0xff, 0xff, 0xff, 0xc0, 0x00, 0x00, 0x00, 0x00, 0xff, 0xff, 0xbf, 0xeb, 0xbf, 0x8e, 
	0xfa, 0xea, 0xbf, 0xbb, 0xbb, 0xff, 0xfa, 0xaa, 0xab, 0xbf, 0xff, 0xfb, 0xe3, 0xfa, 0xab, 0xe2, 
	0xff, 0xff, 0xfb, 0xe2, 0x0b, 0x22, 0x8b, 0xfa, 0xbf, 0xbf, 0xff, 0xfa, 0xaf, 0xfb, 0xbf, 0xff, 
	0xff, 0xe0, 0x00, 0x00, 0x00, 0x01, 0xff, 0xff, 0xff, 0xff, 0xff, 0xcf, 0xff, 0xff, 0xff, 0xff, 
	0xff, 0xff, 0xf1, 0x00, 0x07, 0x5f, 0xff, 0xff, 0xe1, 0xff, 0xff, 0xf1, 0xff, 0xff, 0xff, 0xc0, 
	0x07, 0x37, 0x77, 0xff, 0xff, 0xff, 0xff, 0xff, 0xff, 0xff, 0xff, 0xff, 0xff, 0xe0, 0x00, 0x00, 
	0x00, 0x03, 0xef, 0xff, 0xee, 0xee, 0xef, 0xef, 0xee, 0xea, 0xef, 0xee, 0xef, 0xff, 0xea, 0x8a, 
	0xae, 0xef, 0xee, 0xfe, 0xe8, 0xff, 0xbf, 0x8b, 0xee, 0xff, 0xee, 0x8a, 0x2e, 0xbe, 0xaa, 0xee, 
	0xfe, 0xbf, 0xfe, 0xee, 0xaf, 0xee, 0xee, 0xef, 0xff, 0xe0, 0x00, 0x00, 0x00, 0x07, 0xff, 0xff, 
	0xff, 0xff, 0xff, 0xff, 0xdf, 0xfd, 0xff, 0xdf, 0xff, 0xff, 0xf5, 0xc4, 0x0c, 0x4f, 0xff, 0xff, 
	0xfc, 0x7f, 0xff, 0xc7, 0xff, 0xff, 0xff, 0x84, 0x47, 0x7c, 0xf7, 0xff, 0xff, 0xff, 0xff, 0xff, 
	0xdf, 0xff, 0xff, 0xff, 0xff, 0xe0, 0x00, 0x00, 0x00, 0x0f, 0xff, 0xff, 0xff, 0xab, 0xba, 0xbe, 
	0x8f, 0xba, 0xbb, 0xab, 0xff, 0xff, 0xfa, 0xaa, 0xaa, 0xbb, 0xff, 0xbb, 0xfa, 0x2f, 0xfe, 0xab, 
	0xfb, 0xfb, 0xfe, 0x8a, 0xae, 0x38, 0xfa, 0xff, 0xfb, 0xff, 0xfb, 0xaa, 0xbf, 0xab, 0xbb, 0xff, 
	0xff, 0xe0, 0x00, 0x00, 0x00, 0x0f, 0xff, 0xff, 0xff, 0xff, 0xff, 0xfe, 0x1f, 0xff, 0xff, 0xff, 
	0xff, 0xff, 0xfd, 0xf0, 0x04, 0x37, 0xff, 0xff, 0xfd, 0x1f, 0xfe, 0x1f, 0xff, 0xff, 0xfe, 0x19, 
	0x1c, 0x31, 0xfc, 0x7f, 0xff, 0xff, 0xff, 0xf9, 0xff, 0xff, 0xff, 0xff, 0xff, 0xe0, 0x00, 0x00, 
	0x00, 0x0f, 0xef, 0xff, 0xef, 0xee, 0xee, 0xee, 0xaa, 0xee, 0xee, 0xaf, 0xff, 0xff, 0xfe, 0xaa, 
	0x8e, 0xbe, 0xef, 0xef, 0xfe, 0x8a, 0xaa, 0xaf, 0xee, 0xef, 0xee, 0x8a, 0x8c, 0x2b, 0xee, 0xfe, 
	0xef, 0xff, 0xfe, 0xea, 0xfe, 0xee, 0xee, 0xff, 0xff, 0xe0, 0x00, 0x00, 0x00, 0x0f, 0xff, 0xff, 
	0xff, 0xff, 0xff, 0xff, 0xcf, 0xff, 0xff, 0xff, 0xff, 0xff, 0xfd, 0xc4, 0x06, 0x1f, 0xff, 0xff, 
	0xff, 0xc0, 0x01, 0x7f, 0xfd, 0xff, 0xfc, 0x0c, 0x1c, 0x17, 0xfe, 0x7f, 0xff, 0xff, 0xff, 0xff, 
	0xff, 0xff, 0xff, 0xff, 0xff, 0xe0, 0x00, 0x00, 0x00, 0x3f, 0xfb, 0xff, 0xbf, 0xfe, 0xbe, 0xbb, 
	0xef, 0xbf, 0xff, 0xff, 0xff, 0xff, 0xfe, 0xea, 0xaa, 0xaf, 0xff, 0xff, 0xff, 0xe8, 0x03, 0xff, 
	0xfe, 0xab, 0xf8, 0x28, 0x38, 0x3f, 0xff, 0xef, 0xbf, 0xff, 0xea, 0xef, 0xeb, 0xab, 0xaf, 0xff, 
	0xff, 0xe0, 0x00, 0x00, 0x00, 0x3f, 0xff, 0xff, 0xff, 0xff, 0xff, 0xff, 0xff, 0x7f, 0xff, 0xff, 
	0xff, 0xff, 0xfc, 0xc6, 0x07, 0x0f, 0xff, 0xff, 0xff, 0xfc, 0x07, 0xff, 0xff, 0xff, 0xf0, 0x38, 
	0x18, 0x1f, 0xff, 0xff, 0xff, 0xff, 0xff, 0xff, 0xff, 0xff, 0xff, 0xff, 0xff, 0xf0, 0x00, 0x00, 
	0x00, 0xff, 0xee, 0xee, 0xef, 0xff, 0xee, 0xae, 0xfe, 0xaf, 0xee, 0xff, 0xff, 0xff, 0xfe, 0xea, 
	0x8a, 0x8f, 0xef, 0xea, 0xef, 0xfe, 0xef, 0xfe, 0xef, 0xee, 0xa2, 0xa8, 0x28, 0x0e, 0xee, 0xee, 
	0xff, 0xfe, 0xee, 0xef, 0xea, 0xae, 0xee, 0xff, 0xff, 0xf8, 0x00, 0x00, 0x00, 0xff, 0xff, 0xff, 
	0xff, 0xff, 0xfd, 0xff, 0xfc, 0x7f, 0xff, 0xff, 0xff, 0xff, 0xfc, 0xe4, 0x07, 0x63, 0xff, 0xff, 
	0xff, 0xff, 0xff, 0xff, 0xf7, 0xdf, 0x07, 0x70, 0x44, 0x1f, 0xff, 0xff, 0xff, 0xff, 0xfd, 0xff, 
	0xfd, 0xff, 0xff, 0xff, 0xff, 0xfc, 0x00, 0x00, 0x00, 0xff, 0xbb, 0xbb, 0xbb, 0xff, 0xfa, 0xab, 
	0xbe, 0xaf, 0xff, 0xff, 0xff, 0xbf, 0xfa, 0xe2, 0xaa, 0xeb, 0xff, 0xfa, 0x3f, 0xff, 0xff, 0xfe, 
	0xab, 0xaa, 0x2e, 0x20, 0xae, 0x0f, 0xff, 0xaf, 0xff, 0xff, 0xaa, 0xbb, 0xaa, 0xab, 0xbb, 0xfb, 
	0xff, 0xf8, 0x00, 0x00, 0x00, 0xff, 0xff, 0xff, 0xff, 0xff, 0xff, 0xff, 0xff, 0xfd, 0xff, 0xff, 
	0xff, 0xff, 0xf8, 0x74, 0x03, 0xfc, 0x7f, 0xff, 0x1f, 0xff, 0xff, 0xfc, 0x1f, 0xe0, 0x7c, 0x70, 
	0x1e, 0x07, 0xff, 0xff, 0xff, 0xff, 0xff, 0xff, 0xff, 0xff, 0xff, 0xff, 0xff, 0xf8, 0x00, 0x00, 
	0x02, 0xef, 0xee, 0xee, 0xee, 0xee, 0xee, 0xee, 0xef, 0xee, 0xff, 0xef, 0xff, 0xff, 0xf8, 0xba, 
	0xab, 0xae, 0x8f, 0xee, 0x8f, 0xef, 0xef, 0xee, 0xbe, 0xea, 0xfc, 0xe0, 0xbe, 0x8e, 0xee, 0xff, 
	0xff, 0xff, 0xee, 0xef, 0xae, 0xaa, 0xee, 0xee, 0xff, 0xf8, 0x00, 0x00, 0x07, 0xff, 0xff, 0xff, 
	0xff, 0xff, 0xff, 0xff, 0xff, 0xfc, 0xff, 0xff, 0xff, 0xff, 0xfc, 0x78, 0x41, 0x9f, 0x9f, 0xff, 
	0x1f, 0xff, 0xff, 0xff, 0x1f, 0xff, 0xfc, 0xe0, 0x1f, 0x07, 0xff, 0xff, 0xff, 0xff, 0xff, 0xff, 
	0xdf, 0xdd, 0xff, 0xff, 0xff, 0xfc, 0x00, 0x00, 0x03, 0xff, 0xbf, 0xab, 0xbb, 0xff, 0xfb, 0xbb, 
	0xff, 0xfa, 0xff, 0xff, 0xff, 0xff, 0xfa, 0xba, 0xab, 0xbf, 0xbf, 0xfe, 0xbf, 0xfb, 0xbf, 0xfe, 
	0xaf, 0xff, 0xfa, 0xe0, 0xbf, 0xab, 0xff, 0xff, 0xff, 0xff, 0xfb, 0xfe, 0xaa, 0xbb, 0xfb, 0xff, 
	0xff, 0xfa, 0x00, 0x00, 0x07, 0xff, 0xff, 0xff, 0xff, 0xff, 0xff, 0xff, 0xff, 0xff, 0xff, 0xff, 
	0xff, 0xff, 0xfb, 0x3c, 0x11, 0x9f, 0xff, 0xfc, 0x7f, 0xff, 0xff, 0xfc, 0x7f, 0xff, 0xf1, 0xe1, 
	0xff, 0xf9, 0xff, 0xff, 0xff, 0xff, 0xff, 0xff, 0xff, 0xff, 0xff, 0xff, 0xff, 0xfe, 0x00, 0x00, 
	0x0b, 0xff, 0xee, 0xee, 0xee, 0xee, 0xee, 0xee, 0xee, 0xff, 0xef, 0xff, 0xff, 0xff, 0xfa, 0xba, 
	0x8a, 0xaf, 0xfe, 0xee, 0xef, 0xee, 0xef, 0xee, 0xae, 0xff, 0xe8, 0xe2, 0xef, 0xfa, 0xff, 0xff, 
	0xfe, 0xff, 0xef, 0xfe, 0xaa, 0xee, 0xee, 0xfe, 0xef, 0xfe, 0x00, 0x00, 0x1f, 0xff, 0xff, 0xff, 
	0xff, 0xff, 0xff, 0xff, 0xff, 0xff, 0xc7, 0xff, 0xff, 0xff, 0xff, 0x3b, 0x04, 0xcf, 0xff, 0xff, 
	0xff, 0xff, 0xff, 0xff, 0x7f, 0xff, 0xf7, 0xc4, 0xff, 0xfe, 0x7f, 0xff, 0xff, 0xff, 0xff, 0xfd, 
	0xfd, 0xff, 0xdf, 0xff, 0xff, 0xfe, 0x00, 0x00, 0x1f, 0xff, 0xfb, 0xbb, 0xab, 0xbb, 0xbf, 0xff, 
	0xff, 0xbf, 0x8b, 0xff, 0xff, 0xff, 0xae, 0xbb, 0xaa, 0xef, 0xff, 0xbb, 0xbb, 0xfb, 0xff, 0xfe, 
	0xff, 0xff, 0xef, 0x8a, 0xff, 0xff, 0xff, 0xff, 0xff, 0xff, 0xff, 0xfb, 0xaa, 0xbb, 0xbb, 0xaf, 
	0xbf, 0xfe, 0x00, 0x00, 0x1f, 0xff, 0xff, 0xff, 0xff, 0xff, 0xff, 0xff, 0xff, 0xff, 0xf1, 0xff, 
	0xff, 0xff, 0xff, 0x3d, 0x81, 0x4f, 0xff, 0xff, 0x7f, 0xff, 0xff, 0xff, 0x7f, 0xff, 0xcf, 0xcd, 
	0xff, 0xff, 0xff, 0xff, 0xff, 0xff, 0xff, 0xff, 0xdf, 0xff, 0xff, 0xff, 0xff, 0xfe, 0x00, 0x00, 
	0x0f, 0xff, 0xee, 0xee, 0xee, 0xee, 0xff, 0xfe, 0xee, 0xef, 0xea, 0xff, 0xff, 0xfe, 0xea, 0xbe, 
	0xa8, 0xef, 0xee, 0xee, 0xef, 0xee, 0xef, 0xe8, 0xae, 0xef, 0xee, 0xa8, 0xef, 0xff, 0xfe, 0xee, 
	0xff, 0xfe, 0xef, 0xee, 0xaa, 0xae, 0xee, 0xee, 0xef, 0xfe, 0x00, 0x00, 0x1f, 0xff, 0xff, 0xfd, 
	0xff, 0xff, 0xff, 0xff, 0xff, 0xff, 0xf3, 0xff, 0xff, 0xff, 0xf6, 0x7f, 0xf0, 0x73, 0xff, 0xff, 
	0xff, 0xff, 0xff, 0xfd, 0xff, 0xff, 0x9e, 0x61, 0xff, 0xff, 0xff, 0xff, 0xff, 0xff, 0xff, 0xff, 
	0xff, 0xff, 0xff, 0xff, 0xff, 0xff, 0x00, 0x00, 0x3f, 0xbf, 0xff, 0xaa, 0xaa, 0xbb, 0xbf, 0xfe, 
	0xbb, 0xff, 0xfb, 0xff, 0xff, 0xff, 0xea, 0xff, 0xea, 0xbb, 0xbf, 0xff, 0xaf, 0xfa, 0xbb, 0xfa, 
	0xbf, 0xbf, 0xbe, 0xe2, 0xbf, 0xff, 0xfa, 0xbb, 0xff, 0xff, 0xbf, 0xfb, 0xba, 0xab, 0xfb, 0xbb, 
	0xff, 0xff, 0x80, 0x00, 0x7f, 0xff, 0xff, 0xff, 0xff, 0xff, 0xff, 0xff, 0xff, 0xff, 0xff, 0xff, 
	0xff, 0xff, 0xf0, 0xdf, 0xe3, 0x1c, 0x7f, 0xff, 0xff, 0xff, 0xff, 0xff, 0xff, 0xff, 0xfd, 0xf7, 
	0xff, 0xff, 0xff, 0xff, 0xff, 0xff, 0xff, 0xff, 0xff, 0xff, 0xff, 0xff, 0xff, 0xff, 0x00, 0x00, 
	0xff, 0xff, 0xee, 0xee, 0xee, 0xee, 0xee, 0xef, 0xee, 0xef, 0xff, 0xee, 0xef, 0xfe, 0xaa, 0xef, 
	0xea, 0xae, 0xff, 0xee, 0xef, 0xee, 0xef, 0xee, 0xee, 0xff, 0xfb, 0xfa, 0xff, 0xef, 0xee, 0xef, 
	0xff, 0xff, 0xfe, 0xee, 0xae, 0xea, 0xee, 0xee, 0xef, 0xff, 0x80, 0x00, 0x7f, 0xff, 0xff, 0xff, 
	0xff, 0xff, 0xff, 0xff, 0xff, 0xff, 0xff, 0xdf, 0xff, 0xfd, 0xf3, 0xcf, 0xf9, 0x5f, 0x7f, 0xff, 
	0xff, 0xff, 0xff, 0xff, 0xff, 0xff, 0xf3, 0xff, 0xff, 0xff, 0xff, 0xff, 0xff, 0xff, 0xff, 0xff, 
	0xff, 0xff, 0xff, 0xff, 0xff, 0xff, 0x80, 0x00
};
// 'nyxsleep', 350x350px
const unsigned char nyxsleep [] PROGMEM = {
	0x00, 0x00, 0x00, 0x00, 0x00, 0x00, 0x00, 0x00, 0x00, 0x00, 0x00, 0x00, 0x00, 0x00, 0x00, 0x00, 
	0x00, 0x00, 0x00, 0x00, 0x00, 0x00, 0x00, 0x00, 0x00, 0x00, 0x00, 0x00, 0x00, 0x00, 0x00, 0x00, 
	0x00, 0x00, 0x00, 0x00, 0x00, 0x00, 0x00, 0x00, 0x00, 0x00, 0x00, 0x00, 0x00, 0x00, 0x00, 0x00, 
	0x00, 0x00, 0x00, 0x00, 0x00, 0x00, 0x00, 0x00, 0x00, 0x00, 0x00, 0x00, 0x00, 0x00, 0x00, 0x00, 
	0x00, 0x00, 0x00, 0x00, 0x00, 0x00, 0x00, 0x00, 0x00, 0x00, 0x00, 0x00, 0x00, 0x00, 0x00, 0x00, 
	0x00, 0x00, 0x00, 0x00, 0x00, 0x00, 0x00, 0x00, 0x00, 0x00, 0x00, 0x00, 0x00, 0x00, 0x00, 0x00, 
	0x00, 0x00, 0x00, 0x00, 0x00, 0x00, 0x00, 0x00, 0x00, 0x00, 0x00, 0x00, 0x00, 0x00, 0x00, 0x00, 
	0x00, 0x00, 0x00, 0x00, 0x00, 0x00, 0x00, 0x00, 0x00, 0x00, 0x00, 0x00, 0x00, 0x00, 0x00, 0x00, 
	0x00, 0x00, 0x00, 0x00, 0x00, 0x00, 0x00, 0x00, 0x00, 0x00, 0x00, 0x00, 0x00, 0x00, 0x00, 0x00, 
	0x00, 0x00, 0x00, 0x00, 0x00, 0x00, 0x00, 0x00, 0x00, 0x00, 0x00, 0x00, 0x00, 0x00, 0x00, 0x00, 
	0x00, 0x00, 0x00, 0x00, 0x00, 0x00, 0x00, 0x00, 0x00, 0x00, 0x00, 0x00, 0x00, 0x00, 0x00, 0x00, 
	0x00, 0x00, 0x00, 0x88, 0x80, 0x00, 0x00, 0x00, 0x00, 0x00, 0x00, 0x00, 0x00, 0x00, 0x00, 0x00, 
	0x00, 0x00, 0x00, 0x00, 0x00, 0x00, 0x00, 0x00, 0x00, 0x00, 0x00, 0x00, 0x00, 0x00, 0x00, 0x00, 
	0x00, 0x08, 0xa8, 0x00, 0x00, 0x00, 0x00, 0x00, 0x00, 0x00, 0x00, 0x00, 0x00, 0x00, 0x00, 0xff, 
	0xc0, 0x00, 0x00, 0x00, 0x00, 0x00, 0x00, 0x00, 0x00, 0x00, 0x00, 0x00, 0x00, 0x00, 0x00, 0x00, 
	0x00, 0x00, 0x00, 0x00, 0x00, 0x00, 0x00, 0x00, 0x00, 0x00, 0x00, 0x00, 0x00, 0x1f, 0xfe, 0x00, 
	0x00, 0x00, 0x00, 0x00, 0x00, 0x00, 0x00, 0x00, 0x00, 0x00, 0x00, 0xff, 0xa8, 0x00, 0x00, 0x00, 
	0x00, 0x00, 0x00, 0x00, 0x00, 0x00, 0x00, 0x00, 0x00, 0x00, 0x00, 0x00, 0x00, 0x00, 0x00, 0x00, 
	0x00, 0x00, 0x00, 0x00, 0x00, 0x00, 0x00, 0x00, 0xa2, 0xaf, 0xfe, 0x00, 0x00, 0x00, 0x00, 0x00, 
	0x00, 0x00, 0x00, 0x00, 0x00, 0x00, 0x01, 0xff, 0xfd, 0x50, 0x00, 0x00, 0x00, 0x00, 0x00, 0x00, 
	0x00, 0x00, 0x00, 0x00, 0x00, 0x00, 0x00, 0x00, 0x00, 0x00, 0x00, 0x00, 0x00, 0x00, 0x00, 0x00, 
	0x00, 0x00, 0x00, 0x40, 0xf3, 0xff, 0xff, 0x00, 0x00, 0x00, 0x00, 0x00, 0x00, 0x00, 0x00, 0x00, 
	0x00, 0x00, 0x00, 0xff, 0xef, 0xf8, 0x80, 0x00, 0x00, 0x00, 0x00, 0x00, 0x00, 0x00, 0x00, 0x00, 
	0x00, 0x00, 0x00, 0x00, 0x00, 0x00, 0x00, 0x00, 0x00, 0x00, 0x00, 0x00, 0x00, 0x00, 0x00, 0xe2, 
	0xef, 0xee, 0xef, 0x80, 0x00, 0x00, 0x00, 0x00, 0x00, 0x00, 0x00, 0x00, 0x00, 0x00, 0x01, 0xff, 
	0xff, 0xd5, 0xc0, 0x00, 0x00, 0x00, 0x00, 0x00, 0x00, 0x00, 0x00, 0x00, 0x00, 0x00, 0x00, 0x00, 
	0x00, 0x00, 0x00, 0x00, 0x00, 0x00, 0x00, 0x00, 0x00, 0x00, 0x01, 0x47, 0xcf, 0xff, 0xff, 0x00, 
	0x00, 0x00, 0x00, 0x00, 0x00, 0x00, 0x00, 0x00, 0x00, 0x00, 0x03, 0xfb, 0xff, 0x83, 0xe0, 0x00, 
	0x00, 0x00, 0x00, 0x00, 0x00, 0x00, 0x00, 0x00, 0x00, 0x00, 0x00, 0x00, 0x00, 0x00, 0x00, 0x00, 
	0x00, 0x00, 0x00, 0x00, 0x00, 0x00, 0x0b, 0x3a, 0x3f, 0xbb, 0xfb, 0x80, 0x00, 0x00, 0x00, 0x00, 
	0x00, 0x00, 0x00, 0x00, 0x00, 0x00, 0x01, 0xff, 0xff, 0xd1, 0x70, 0x00, 0x00, 0x00, 0x00, 0x00, 
	0x00, 0x00, 0x00, 0x00, 0x00, 0x00, 0x00, 0x00, 0x00, 0x00, 0x00, 0x00, 0x00, 0x00, 0x00, 0x00, 
	0x00, 0x00, 0x07, 0x10, 0x7f, 0xff, 0xff, 0x00, 0x00, 0x00, 0x00, 0x00, 0x00, 0x00, 0x00, 0x00, 
	0x00, 0x00, 0x00, 0xee, 0xef, 0xfe, 0x2a, 0x80, 0x00, 0x00, 0x00, 0x00, 0x00, 0x00, 0x00, 0x00, 
	0x00, 0x00, 0x00, 0x00, 0x00, 0x00, 0x00, 0x00, 0x00, 0x00, 0x00, 0x00, 0x00, 0x00, 0x2a, 0xa2, 
	0xfe, 0xee, 0xee, 0x80, 0x00, 0x00, 0x00, 0x00, 0x00, 0x00, 0x00, 0x00, 0x00, 0x00, 0x01, 0xff, 
	0xff, 0xfe, 0x06, 0x00, 0x00, 0x00, 0x00, 0x00, 0x00, 0x00, 0x00, 0x00, 0x00, 0x00, 0x00, 0x00, 
	0x00, 0x00, 0x00, 0x00, 0x00, 0x00, 0x00, 0x00, 0x00, 0x00, 0x47, 0xcf, 0xff, 0xfd, 0xfc, 0x00, 
	0x00, 0x00, 0x00, 0x00, 0x00, 0x00, 0x00, 0x00, 0x00, 0x00, 0x00, 0x2e, 0xfb, 0xff, 0xa0, 0xa0, 
	0x00, 0x00, 0x00, 0x00, 0x00, 0x00, 0x00, 0x00, 0x00, 0x00, 0x00, 0x00, 0x00, 0x00, 0x00, 0x00, 
	0x00, 0x00, 0x00, 0x00, 0x00, 0x00, 0xea, 0x3f, 0xfb, 0xbb, 0xfe, 0x00, 0x00, 0x00, 0x00, 0x00, 
	0x00, 0x00, 0x00, 0x00, 0x00, 0x00, 0x00, 0x7f, 0xff, 0xff, 0xc0, 0x10, 0x00, 0x00, 0x00, 0x00, 
	0x00, 0x00, 0x00, 0x00, 0x00, 0x00, 0x00, 0x00, 0x00, 0x00, 0x00, 0x00, 0x00, 0x00, 0x00, 0x00, 
	0x00, 0x00, 0x50, 0x7f, 0xff, 0xff, 0xfc, 0x00, 0x00, 0x00, 0x00, 0x00, 0x00, 0x00, 0x00, 0x00, 
	0x00, 0x00, 0x00, 0x3e, 0xee, 0xff, 0xe8, 0x0a, 0x80, 0x00, 0x00, 0x00, 0x00, 0x00, 0x00, 0x00, 
	0x00, 0x00, 0x00, 0x00, 0x00, 0x00, 0x00, 0x00, 0x00, 0x00, 0x00, 0x00, 0x00, 0xe0, 0xa8, 0xfe, 
	0xea, 0xee, 0xf8, 0x00, 0x00, 0x00, 0x00, 0x00, 0x00, 0x00, 0x00, 0x00, 0x00, 0x00, 0x00, 0x7f, 
	0xff, 0xff, 0xf8, 0x07, 0x00, 0x00, 0x00, 0x00, 0x00, 0x00, 0x00, 0x00, 0x00, 0x00, 0x00, 0x00, 
	0x00, 0x00, 0x00, 0x00, 0x00, 0x00, 0x00, 0x00, 0x01, 0xe0, 0x41, 0xff, 0xff, 0xff, 0xf0, 0x00, 
	0x00, 0x00, 0x00, 0x00, 0x00, 0x00, 0x00, 0x00, 0x00, 0x00, 0x00, 0x2e, 0xbb, 0xff, 0xfa, 0x02, 
	0xa0, 0x00, 0x00, 0x00, 0x00, 0x00, 0x00, 0x00, 0x00, 0x00, 0x00, 0x00, 0x00, 0x00, 0x00, 0x00, 
	0x00, 0x00, 0x00, 0x00, 0x02, 0xe2, 0xab, 0xfb, 0xeb, 0xbf, 0xf0, 0x00, 0x00, 0x00, 0x00, 0x00, 
	0x00, 0x00, 0x00, 0x00, 0x00, 0x00, 0x00, 0x0f, 0xff, 0xff, 0xff, 0x00, 0x00, 0x00, 0x00, 0x00, 
	0x00, 0x00, 0x00, 0x00, 0x00, 0x00, 0x00, 0x00, 0x00, 0x00, 0x00, 0x00, 0x00, 0x00, 0x00, 0x00, 
	0x1c, 0x67, 0x1f, 0xff, 0xff, 0xff, 0xc0, 0x00, 0x00, 0x00, 0x00, 0x00, 0x00, 0x00, 0x00, 0x00, 
	0x00, 0x00, 0x00, 0x0b, 0xee, 0xff, 0xff, 0x80, 0x88, 0x08, 0x00, 0x00, 0x00, 0x00, 0x00, 0x00, 
	0x00, 0x00, 0x00, 0x00, 0x00, 0x00, 0x00, 0x00, 0x00, 0x00, 0x00, 0x00, 0x2a, 0xea, 0xae, 0xee, 
	0xfe, 0xee, 0x88, 0x00, 0x00, 0x00, 0x00, 0x00, 0x00, 0x00, 0x00, 0x00, 0x00, 0x00, 0x00, 0x03, 
	0xff, 0xff, 0xff, 0xe0, 0x04, 0x0c, 0x00, 0x00, 0x00, 0x00, 0x00, 0x00, 0x00, 0x00, 0x00, 0x00, 
	0x00, 0x00, 0x00, 0x00, 0x00, 0x00, 0x00, 0x00, 0x33, 0xc8, 0xff, 0xff, 0xff, 0xff, 0x18, 0x00, 
	0x00, 0x00, 0x00, 0x00, 0x00, 0x00, 0x00, 0x00, 0x00, 0x00, 0x00, 0x03, 0xfb, 0xff, 0xff, 0xe0, 
	0x02, 0x8e, 0x00, 0x00, 0x00, 0x00, 0x00, 0x00, 0x00, 0x00, 0x00, 0x00, 0x00, 0x00, 0x00, 0x00, 
	0x00, 0x00, 0x00, 0x00, 0x23, 0xa8, 0xff, 0xfb, 0xba, 0xab, 0xf8, 0x00, 0x00, 0x00, 0x00, 0x00, 
	0x00, 0x00, 0x00, 0x00, 0x00, 0x00, 0x00, 0x07, 0x7f, 0xff, 0xff, 0xf4, 0x00, 0x07, 0x00, 0x00, 
	0x00, 0x00, 0x00, 0x00, 0x00, 0x00, 0x00, 0x00, 0x00, 0x00, 0x00, 0x00, 0x00, 0x00, 0x00, 0x00, 
	0x47, 0x11, 0xff, 0xff, 0x7f, 0xff, 0xf8, 0x00, 0x00, 0x00, 0x00, 0x00, 0x00, 0x00, 0x00, 0x00, 
	0x00, 0x00, 0x00, 0x0e, 0xee, 0xae, 0xef, 0xfe, 0x80, 0xaa, 0x80, 0x00, 0x00, 0x00, 0x00, 0x00, 
	0x00, 0x00, 0x00, 0x00, 0x00, 0x00, 0x00, 0x00, 0x00, 0x00, 0x00, 0x00, 0x8a, 0x83, 0xff, 0xee, 
	0xae, 0xaa, 0xf8, 0x00, 0x00, 0x00, 0x00, 0x00, 0x00, 0x00, 0x00, 0x00, 0x00, 0x00, 0x00, 0x0f, 
	0xdf, 0xff, 0xff, 0xff, 0x00, 0x11, 0x80, 0x00, 0x00, 0x00, 0x00, 0x00, 0x00, 0x00, 0x00, 0x00, 
	0x00, 0x00, 0x00, 0x00, 0x00, 0x00, 0x00, 0x00, 0xc4, 0x07, 0xff, 0xfd, 0xff, 0xff, 0xf0, 0x00, 
	0x00, 0x00, 0x00, 0x00, 0x00, 0x00, 0x00, 0x00, 0x00, 0x00, 0x00, 0x0f, 0xaa, 0xba, 0xbb, 0xbf, 
	0x80, 0x8a, 0xaa, 0x00, 0x00, 0x00, 0x00, 0x00, 0x00, 0x00, 0x00, 0x00, 0x00, 0x00, 0x00, 0x00, 
	0x00, 0x00, 0x00, 0x0a, 0x8a, 0x0b, 0xfa, 0xaa, 0xaa, 0xaf, 0xe0, 0x00, 0x00, 0x00, 0x00, 0x00, 
	0x00, 0x00, 0x00, 0x00, 0x00, 0x00, 0x00, 0x0f, 0xff, 0xff, 0xff, 0xff, 0xc0, 0x05, 0xc4, 0x00, 
	0x00, 0x00, 0x00, 0x00, 0x00, 0x00, 0x00, 0x00, 0x00, 0x00, 0x00, 0x00, 0x00, 0x00, 0x00, 0x0f, 
	0x10, 0x1f, 0xff, 0x77, 0xff, 0xff, 0xc0, 0x00, 0x00, 0x00, 0x00, 0x00, 0x00, 0x00, 0x00, 0x00, 
	0x00, 0x00, 0x00, 0x0f, 0xfe, 0xae, 0xee, 0xef, 0xe0, 0x80, 0xee, 0x80, 0x00, 0x00, 0x00, 0x00, 
	0x00, 0x00, 0x00, 0x00, 0x00, 0x00, 0x00, 0x00, 0x00, 0x00, 0x00, 0x0e, 0x88, 0x3f, 0xea, 0xae, 
	0xae, 0xef, 0x80, 0x00, 0x00, 0x00, 0x00, 0x00, 0x00, 0x00, 0x00, 0x00, 0x00, 0x00, 0x00, 0x07, 
	0xff, 0xff, 0xff, 0xff, 0xf0, 0x00, 0x61, 0x00, 0x00, 0x00, 0x00, 0x00, 0x00, 0x00, 0x00, 0x00, 
	0x00, 0x00, 0x00, 0x00, 0x00, 0x00, 0x00, 0x1f, 0x00, 0x7f, 0xff, 0xdf, 0xff, 0xff, 0xc0, 0x00, 
	0x00, 0x00, 0x00, 0x00, 0x00, 0x00, 0x00, 0x00, 0x00, 0x00, 0x00, 0x03, 0xff, 0xfa, 0xaa, 0xfe, 
	0xf8, 0x00, 0x3b, 0x80, 0x00, 0x00, 0x00, 0x00, 0x00, 0x00, 0x00, 0x00, 0x00, 0x00, 0x00, 0x00, 
	0x00, 0x00, 0x00, 0x3b, 0x00, 0xfb, 0xfe, 0xab, 0xff, 0xfa, 0x80, 0x00, 0x00, 0x00, 0x00, 0x00, 
	0x00, 0x00, 0x00, 0x00, 0x00, 0x00, 0x00, 0x01, 0xff, 0xff, 0xff, 0xff, 0xfc, 0x00, 0x31, 0x00, 
	0x00, 0x00, 0x00, 0x00, 0x00, 0x00, 0x00, 0x00, 0x00, 0x00, 0x00, 0x00, 0x00, 0x00, 0x00, 0x17, 
	0x00, 0xff, 0xff, 0x7f, 0xff, 0xf8, 0x00, 0x00, 0x00, 0x00, 0x00, 0x00, 0x00, 0x00, 0x00, 0x00, 
	0x00, 0x00, 0x00, 0x00, 0xfa, 0xae, 0xae, 0xea, 0xfe, 0x08, 0x0a, 0xc0, 0x00, 0x00, 0x00, 0x00, 
	0x00, 0x00, 0x00, 0x00, 0x00, 0x00, 0x00, 0x00, 0x00, 0x00, 0x00, 0x2a, 0x82, 0xef, 0xae, 0xee, 
	0xef, 0xe8, 0x00, 0x00, 0x00, 0x00, 0x00, 0x00, 0x00, 0x00, 0x00, 0x00, 0x00, 0x00, 0x00, 0x00, 
	0x5f, 0xdf, 0xdf, 0xff, 0xff, 0x00, 0x0c, 0xc0, 0x00, 0x00, 0x00, 0x00, 0x00, 0x00, 0x00, 0x00, 
	0x00, 0x00, 0x00, 0x00, 0x00, 0x00, 0x00, 0x44, 0x07, 0xff, 0xdf, 0xfd, 0xdf, 0xc6, 0x00, 0x00, 
	0x00, 0x00, 0x00, 0x00, 0x00, 0x00, 0x00, 0x00, 0x00, 0x00, 0x00, 0x00, 0x8e, 0xaa, 0xae, 0xbb, 
	0xbe, 0x08, 0x0a, 0xa0, 0x00, 0x00, 0x00, 0x00, 0x00, 0x00, 0x00, 0x00, 0x00, 0x00, 0x00, 0x00, 
	0x00, 0x00, 0x00, 0xa2, 0x83, 0xfb, 0xae, 0xfa, 0xab, 0xae, 0x00, 0x00, 0x00, 0x00, 0x00, 0x00, 
	0x00, 0x00, 0x00, 0x00, 0x00, 0x00, 0x00, 0x00, 0x7f, 0xff, 0xff, 0xff, 0xff, 0xc0, 0x00, 0x30, 
	0x00, 0x00, 0x00, 0x00, 0x00, 0x00, 0x00, 0x00, 0x00, 0x00, 0x00, 0x00, 0x00, 0x00, 0x01, 0xc0, 
	0x07, 0xff, 0xff, 0xff, 0xff, 0x7e, 0x00, 0x00, 0x00, 0x00, 0x00, 0x00, 0x00, 0x00, 0x00, 0x00, 
	0x00, 0x00, 0x00, 0x00, 0xea, 0xaa, 0xaa, 0xee, 0xef, 0xe8, 0x08, 0x28, 0x00, 0x00, 0x00, 0x00, 
	0x00, 0x00, 0x00, 0x00, 0x00, 0x00, 0x00, 0x00, 0x00, 0x00, 0x00, 0x88, 0x0f, 0xee, 0xaa, 0xae, 
	0xae, 0xae, 0x00, 0x00, 0x00, 0x00, 0x00, 0x00, 0x00, 0x00, 0x00, 0x00, 0x00, 0x00, 0x00, 0x00, 
	0x7f, 0xdf, 0xff, 0xdf, 0xff, 0xe0, 0x00, 0x30, 0x00, 0x00, 0x00, 0x00, 0x00, 0x00, 0x00, 0x00, 
	0x00, 0x00, 0x00, 0x00, 0x00, 0x00, 0x01, 0xc0, 0x1f, 0xff, 0xdf, 0xdd, 0xff, 0xfc, 0x00, 0x00, 
	0x00, 0x00, 0x00, 0x00, 0x00, 0x00, 0x00, 0x00, 0x00, 0x00, 0x00, 0x00, 0x2e, 0xaa, 0xba, 0xaa, 
	0xaf, 0xf8, 0x02, 0x2a, 0x00, 0x00, 0x00, 0x00, 0x00, 0x00, 0x00, 0x00, 0x00, 0x00, 0x00, 0x00, 
	0x00, 0x00, 0x02, 0x80, 0x3f, 0xfa, 0xaa, 0xaa, 0xaa, 0xb8, 0x00, 0x00, 0x00, 0x00, 0x00, 0x00, 
	0x00, 0x00, 0x00, 0x00, 0x00, 0x00, 0x00, 0x00, 0x17, 0xff, 0xff, 0x7f, 0xff, 0xf8, 0x00, 0x07, 
	0x00, 0x00, 0x00, 0x00, 0x00, 0x00, 0x00, 0x00, 0x00, 0x00, 0x00, 0x00, 0x00, 0x00, 0x07, 0x00, 
	0x3f, 0xff, 0xdf, 0xf7, 0x5f, 0x78, 0x00, 0x00, 0x00, 0x00, 0x00, 0x00, 0x00, 0x00, 0x00, 0x00, 
	0x00, 0x00, 0x00, 0x00, 0x0e, 0xea, 0xae, 0xfe, 0xfa, 0xa8, 0x00, 0x0a, 0x80, 0x00, 0x00, 0x00, 
	0x00, 0x00, 0x00, 0x00, 0x00, 0x00, 0x00, 0x00, 0x00, 0x00, 0x0a, 0x80, 0xbe, 0xaa, 0xee, 0xaa, 
	0xab, 0xe8, 0x00, 0x00, 0x00, 0x00, 0x00, 0x00, 0x00, 0x00, 0x00, 0x00, 0x00, 0x00, 0x00, 0x00, 
	0x1f, 0xdd, 0xdf, 0xff, 0xfd, 0xc0, 0x00, 0x04, 0xc0, 0x00, 0x00, 0x00, 0x00, 0x00, 0x00, 0x00, 
	0x00, 0x00, 0x00, 0x00, 0x00, 0x00, 0x0c, 0x00, 0xc7, 0x5f, 0xff, 0xff, 0xff, 0xe0, 0x00, 0x00, 
	0x00, 0x00, 0x00, 0x00, 0x00, 0x00, 0x00, 0x00, 0x00, 0x00, 0x00, 0x00, 0x0f, 0xfb, 0xba, 0xaa, 
	0xff, 0xaa, 0x00, 0x08, 0x80, 0x00, 0x00, 0x00, 0x00, 0x00, 0x00, 0x00, 0x00, 0x00, 0x00, 0x00, 
	0x00, 0x00, 0x08, 0x80, 0xaf, 0xfb, 0xaa, 0xbf, 0xff, 0xe0, 0x00, 0x00, 0x00, 0x00, 0x00, 0x00, 
	0x00, 0x00, 0x00, 0x00, 0x00, 0x00, 0x00, 0x00, 0x07, 0xff, 0xff, 0xff, 0xff, 0xff, 0x00, 0x00, 
	0xc0, 0x00, 0x00, 0x00, 0x00, 0x00, 0x00, 0x00, 0x00, 0x00, 0x00, 0x00, 0x00, 0x00, 0x1c, 0x00, 
	0x3f, 0xff, 0xff, 0xff, 0xff, 0x00, 0x00, 0x00, 0x00, 0x00, 0x00, 0x00, 0x00, 0x00, 0x00, 0x00, 
	0x00, 0x00, 0x00, 0x00, 0x0b, 0xbe, 0xaa, 0xae, 0xff, 0xff, 0x80, 0x88, 0xa0, 0x00, 0x00, 0x00, 
	0x00, 0x00, 0x02, 0xff, 0x80, 0x00, 0x00, 0x00, 0x00, 0x00, 0x88, 0x80, 0xfe, 0xfe, 0xee, 0xaa, 
	0xef, 0x80, 0x00, 0x00, 0x00, 0x00, 0x00, 0x00, 0x00, 0x00, 0x00, 0x00, 0x00, 0x00, 0x00, 0x00, 
	0x01, 0xff, 0xdf, 0xdd, 0xff, 0xff, 0xc0, 0x00, 0x30, 0x00, 0x00, 0x00, 0x00, 0x00, 0x07, 0xff, 
	0xc0, 0x00, 0x00, 0x00, 0x00, 0x01, 0xcc, 0x07, 0xff, 0xfd, 0xff, 0xff, 0xff, 0x00, 0x00, 0x00, 
	0x00, 0x00, 0x00, 0x00, 0x00, 0x00, 0x00, 0x00, 0x00, 0x00, 0x00, 0x00, 0x02, 0xea, 0xaa, 0xaa, 
	0xba, 0xba, 0xa0, 0x00, 0x20, 0x00, 0x00, 0x00, 0x00, 0x00, 0x2f, 0xfa, 0xba, 0x00, 0x00, 0x00, 
	0x00, 0x00, 0xaa, 0x0b, 0xff, 0xea, 0xbb, 0xaa, 0xbe, 0x00, 0x00, 0x00, 0x00, 0x00, 0x00, 0x00, 
	0x00, 0x00, 0x00, 0x00, 0x00, 0x00, 0x00, 0x00, 0x00, 0x7f, 0xff, 0x7f, 0xff, 0x74, 0x00, 0x00, 
	0x18, 0x00, 0x00, 0x00, 0x00, 0x00, 0x70, 0x0f, 0xfe, 0x00, 0x00, 0x00, 0x00, 0x01, 0xf0, 0x07, 
	0xff, 0xd7, 0xff, 0xff, 0xfc, 0x00, 0x00, 0x00, 0x00, 0x00, 0x00, 0x00, 0x00, 0x00, 0x00, 0x00, 
	0x00, 0x00, 0x00, 0x00, 0x00, 0x2e, 0xaa, 0xaa, 0xae, 0xee, 0xa8, 0x00, 0x08, 0x00, 0x00, 0x00, 
	0x00, 0x02, 0xe8, 0x0f, 0xea, 0x80, 0x00, 0x00, 0x00, 0x00, 0xe0, 0x0b, 0xee, 0xee, 0xaa, 0xef, 
	0xee, 0x00, 0x00, 0x00, 0x00, 0x00, 0x00, 0x00, 0x00, 0x00, 0x00, 0x00, 0x00, 0x00, 0x00, 0x00, 
	0x00, 0x0f, 0xdf, 0xdf, 0xdf, 0xff, 0xf8, 0x00, 0x0c, 0x00, 0x00, 0x00, 0x00, 0x01, 0xf0, 0x01, 
	0xfd, 0xc0, 0x00, 0x00, 0x00, 0x00, 0xf0, 0x01, 0xff, 0xff, 0xdd, 0xff, 0xc4, 0x00, 0x00, 0x00, 
	0x00, 0x00, 0x00, 0x00, 0x00, 0x00, 0x00, 0x00, 0x00, 0x00, 0x00, 0x00, 0x00, 0x22, 0xaa, 0xaa, 
	0xaa, 0xfb, 0xfa, 0x22, 0x0e, 0x00, 0x00, 0x00, 0x00, 0x0a, 0x80, 0x00, 0xaa, 0xa0, 0x00, 0x00, 
	0x00, 0x02, 0xa2, 0x2f, 0xfb, 0xaa, 0xba, 0xaa, 0xa8, 0x00, 0x00, 0x00, 0x00, 0x00, 0x00, 0x00, 
	0x00, 0x00, 0x00, 0x00, 0x00, 0x00, 0x00, 0x00, 0x00, 0x31, 0x35, 0xff, 0xf7, 0xff, 0xfc, 0x00, 
	0x06, 0x00, 0x00, 0x00, 0x00, 0x06, 0x00, 0x00, 0x3f, 0xf0, 0x00, 0x00, 0x00, 0x06, 0x10, 0x1f, 
	0xff, 0xff, 0xff, 0xf0, 0x70, 0x00, 0x00, 0x00, 0x00, 0x00, 0x00, 0x00, 0x00, 0x00, 0x00, 0x00, 
	0x00, 0x00, 0x00, 0x00, 0x00, 0x2e, 0xaa, 0xae, 0xaa, 0xef, 0xfe, 0x00, 0x0e, 0x80, 0x00, 0x00, 
	0x00, 0x0e, 0x00, 0x00, 0x2e, 0xe8, 0x00, 0x00, 0x00, 0x0e, 0xa8, 0x3f, 0xef, 0xea, 0xfe, 0xea, 
	0xe8, 0x00, 0x00, 0x00, 0x00, 0x00, 0x00, 0x00, 0x00, 0x00, 0x00, 0x00, 0x00, 0x00, 0x00, 0x00, 
	0x00, 0x0f, 0xdf, 0xff, 0xdf, 0xff, 0xff, 0x00, 0x05, 0x80, 0x00, 0x00, 0x00, 0x18, 0x00, 0x00, 
	0x1f, 0xdc, 0x00, 0x00, 0x00, 0x0e, 0x00, 0x7f, 0xff, 0xdf, 0xff, 0xff, 0xc0, 0x00, 0x00, 0x00, 
	0x00, 0x00, 0x00, 0x00, 0x00, 0x00, 0x00, 0x00, 0x00, 0x00, 0x00, 0x00, 0x00, 0x0e, 0xaa, 0xaa, 
	0xaa, 0xab, 0xfb, 0x00, 0x0b, 0x80, 0x00, 0x00, 0x00, 0x08, 0x00, 0x00, 0x0f, 0xb8, 0x00, 0x00, 
	0x00, 0x0e, 0x08, 0x3f, 0xff, 0xaa, 0xaf, 0xff, 0x80, 0x00, 0x00, 0x00, 0x00, 0x00, 0x00, 0x00, 
	0x00, 0x00, 0x00, 0x00, 0x00, 0x00, 0x00, 0x00, 0x00, 0x07, 0xf7, 0xff, 0xff, 0xff, 0xf8, 0x00, 
	0x01, 0x00, 0x00, 0x00, 0x00, 0x10, 0x00, 0x00, 0x07, 0xf8, 0x00, 0x00, 0x00, 0x0e, 0x00, 0x7f, 
	0xff, 0xff, 0xdf, 0xff, 0x00, 0x00, 0x00, 0x00, 0x00, 0x00, 0x00, 0x00, 0x00, 0x00, 0x00, 0x00, 
	0x00, 0x00, 0x00, 0x00, 0x00, 0x03, 0xea, 0xae, 0xab, 0xaf, 0xfe, 0x80, 0x88, 0x80, 0x00, 0x00, 
	0x00, 0x20, 0x00, 0x00, 0x0e, 0xf8, 0x0a, 0xaa, 0x80, 0x0e, 0x88, 0xef, 0xfa, 0xea, 0xaa, 0xea, 
	0x00, 0x00, 0x00, 0x00, 0x00, 0x00, 0x00, 0x00, 0x00, 0x00, 0x00, 0x00, 0x00, 0x00, 0x00, 0x00, 
	0x00, 0x01, 0xff, 0xdf, 0xdf, 0xdf, 0xff, 0xc0, 0x04, 0x80, 0x00, 0x00, 0x00, 0x30, 0x00, 0x00, 
	0x07, 0xfc, 0x1f, 0xff, 0x00, 0x0d, 0xc1, 0xc7, 0xfd, 0xfd, 0xfd, 0xff, 0x00, 0x00, 0x00, 0x00, 
	0x00, 0x00, 0x00, 0x00, 0x00, 0x00, 0x00, 0x00, 0x00, 0x00, 0x00, 0x00, 0x00, 0x00, 0xba, 0xea, 
	0xaa, 0xba, 0xaf, 0xe0, 0x08, 0xa0, 0x00, 0x00, 0x00, 0x20, 0x0a, 0xa0, 0x0f, 0xb8, 0x3f, 0xff, 
	0xaa, 0x8b, 0x80, 0x3e, 0xaa, 0xaa, 0xaa, 0xfe, 0x00, 0x00, 0x00, 0x00, 0x00, 0x00, 0x00, 0x00, 
	0x00, 0x00, 0x00, 0x00, 0x00, 0x00, 0x00, 0x00, 0x00, 0x00, 0x07, 0xff, 0xff, 0xff, 0xb1, 0xf0, 
	0x00, 0x70, 0x00, 0x00, 0x00, 0x10, 0x7f, 0xf0, 0x07, 0xff, 0xff, 0xff, 0xff, 0xd9, 0x80, 0xff, 
	0x7f, 0x5f, 0xff, 0xfc, 0x00, 0x00, 0x00, 0x00, 0x00, 0x00, 0x00, 0x00, 0x00, 0x00, 0x00, 0x00, 
	0x00, 0x00, 0x00, 0x00, 0x00, 0x00, 0x0e, 0xaa, 0xaa, 0xea, 0xaa, 0xa8, 0x88, 0xa8, 0x00, 0x00, 
	0x00, 0x08, 0xfe, 0xee, 0x8e, 0xff, 0xfa, 0xaa, 0xff, 0xfb, 0x82, 0xee, 0xaa, 0xaa, 0xaa, 0xa8, 
	0x00, 0x00, 0x00, 0x00, 0x00, 0x00, 0x00, 0x00, 0x00, 0x00, 0x00, 0x00, 0x00, 0x00, 0x00, 0x00, 
	0x00, 0x00, 0x1d, 0xfd, 0xdd, 0xf5, 0xff, 0xc4, 0x00, 0x5c, 0x00, 0x00, 0x00, 0x1f, 0xdf, 0xdf, 
	0xff, 0xff, 0xff, 0xff, 0xff, 0xff, 0x07, 0xff, 0xff, 0xfd, 0xfd, 0xc0, 0x00, 0x00, 0x00, 0x00, 
	0x00, 0x00, 0x00, 0x00, 0x00, 0x00, 0x00, 0x00, 0x00, 0x00, 0x00, 0x00, 0x00, 0x00, 0x3a, 0xaa, 
	0xaa, 0xab, 0xff, 0xf8, 0x20, 0x28, 0x00, 0x00, 0x00, 0xbf, 0x8a, 0xab, 0xff, 0xfe, 0xbf, 0xff, 
	0xfb, 0xba, 0x8f, 0xef, 0xee, 0xaa, 0xaa, 0xe0, 0x00, 0x00, 0x00, 0x00, 0x00, 0x00, 0x00, 0x00, 
	0x00, 0x00, 0x00, 0x00, 0x00, 0x00, 0x00, 0x00, 0x00, 0x00, 0x1f, 0xff, 0xff, 0xff, 0xff, 0xfc, 
	0x00, 0x1c, 0x00, 0x00, 0x07, 0xfc, 0x1f, 0xff, 0xff, 0xff, 0xff, 0xff, 0xff, 0xf3, 0x07, 0xff, 
	0xff, 0xff, 0xff, 0xe0, 0x00, 0x00, 0x00, 0x00, 0x00, 0x00, 0x00, 0x00, 0x00, 0x00, 0x00, 0x00, 
	0x00, 0x00, 0x00, 0x00, 0x00, 0x00, 0x0a, 0xbe, 0xee, 0xea, 0xaf, 0xfe, 0x88, 0xae, 0x00, 0xaa, 
	0xae, 0x8e, 0xaf, 0xfe, 0xff, 0xff, 0xff, 0xff, 0xff, 0xea, 0x8b, 0xfe, 0xea, 0xef, 0xff, 0x80, 
	0x00, 0x00, 0x00, 0x00, 0x00, 0x00, 0x00, 0x00, 0x00, 0x00, 0x00, 0x00, 0x00, 0x00, 0x00, 0x00, 
	0x00, 0x00, 0x00, 0xff, 0xff, 0xff, 0xdf, 0xff, 0x00, 0x06, 0x01, 0xff, 0xfc, 0x0f, 0xff, 0xff, 
	0xff, 0xff, 0xff, 0xff, 0xff, 0xf0, 0x07, 0xfd, 0xff, 0xff, 0xff, 0x00, 0x00, 0x00, 0x00, 0x00, 
	0x00, 0x00, 0x00, 0x00, 0x00, 0x00, 0x00, 0x00, 0x00, 0xaa, 0xaa, 0x80, 0x00, 0x00, 0x00, 0xfa, 
	0xba, 0xaa, 0xaf, 0xfa, 0x80, 0x22, 0x0f, 0xab, 0xa8, 0xbf, 0xff, 0xff, 0xff, 0xff, 0xff, 0xff, 
	0xff, 0xfa, 0x8f, 0xfe, 0xaa, 0xab, 0xfe, 0x80, 0x00, 0x00, 0x00, 0x00, 0x00, 0x00, 0x00, 0x00, 
	0x00, 0x00, 0x00, 0x00, 0x00, 0xff, 0xff, 0xc0, 0x00, 0x00, 0x00, 0x7f, 0xf5, 0xff, 0xff, 0xf8, 
	0x00, 0x07, 0x1e, 0x07, 0x04, 0x7f, 0xff, 0xff, 0xff, 0xff, 0xff, 0xff, 0xff, 0xf0, 0x0f, 0xff, 
	0xdf, 0xff, 0xfc, 0x00, 0x00, 0x00, 0x00, 0x00, 0x00, 0x00, 0x00, 0x00, 0x00, 0x00, 0x00, 0x00, 
	0x00, 0xff, 0xfe, 0x80, 0x00, 0x00, 0x00, 0x2e, 0xea, 0xab, 0xfa, 0xfe, 0x00, 0x06, 0x38, 0x0e, 
	0x2e, 0xea, 0xff, 0xff, 0xff, 0xff, 0xff, 0xff, 0xff, 0xe8, 0x0f, 0xfe, 0xae, 0xee, 0xac, 0x00, 
	0x00, 0x00, 0x00, 0x00, 0x00, 0x00, 0x00, 0x00, 0x00, 0x00, 0x00, 0x00, 0x00, 0xc4, 0x5f, 0xc0, 
	0x00, 0x00, 0x00, 0x3d, 0xdf, 0xfd, 0xfd, 0xff, 0x00, 0x07, 0x70, 0x04, 0x7f, 0xfc, 0xff, 0xff, 
	0xff, 0xff, 0xff, 0xff, 0xff, 0xf0, 0x5f, 0xff, 0xfd, 0xfd, 0xd0, 0x00, 0x00, 0x00, 0x00, 0x00, 
	0x00, 0x00, 0x00, 0x00, 0x00, 0x00, 0x00, 0x00, 0x00, 0x00, 0x0f, 0x80, 0x00, 0x00, 0x00, 0x2a, 
	0xab, 0xae, 0xbf, 0xbf, 0xe2, 0x22, 0xe0, 0x22, 0xfb, 0xfa, 0xbf, 0xff, 0xff, 0xff, 0xff, 0xbf, 
	0xff, 0xb8, 0x3f, 0xfb, 0xfa, 0xba, 0xa0, 0x00, 0x00, 0x00, 0x00, 0x00, 0x00, 0x00, 0x00, 0x00, 
	0x00, 0x00, 0x00, 0x00, 0x00, 0x00, 0x1f, 0x00, 0x00, 0x00, 0x00, 0x03, 0xff, 0xf7, 0xff, 0x7f, 
	0xf0, 0x06, 0xe0, 0x47, 0xff, 0xff, 0xff, 0xff, 0xff, 0xff, 0xff, 0xff, 0xff, 0xb0, 0x7f, 0xff, 
	0xff, 0xff, 0x80, 0x00, 0x00, 0x00, 0x00, 0x00, 0x00, 0x00, 0x00, 0x00, 0x00, 0x00, 0x00, 0x00, 
	0x00, 0x00, 0x3e, 0x00, 0x00, 0x00, 0x00, 0x02, 0xfe, 0xae, 0xee, 0xff, 0xf8, 0xa2, 0xe3, 0x8e, 
	0xee, 0xef, 0xe8, 0xff, 0xff, 0xfe, 0xef, 0xee, 0xff, 0xa8, 0xfe, 0xfe, 0xef, 0xef, 0x80, 0x00, 
	0x00, 0x00, 0x00, 0x00, 0x00, 0x00, 0x00, 0x00, 0x00, 0x00, 0x00, 0x00, 0x00, 0x00, 0x3e, 0x00, 
	0x00, 0x00, 0x00, 0x01, 0xfd, 0xdd, 0xdf, 0xdf, 0xf8, 0x01, 0xe3, 0xdf, 0xff, 0xff, 0xf1, 0xff, 
	0xff, 0xff, 0xff, 0xff, 0xff, 0xd0, 0x7f, 0xff, 0xff, 0xff, 0x00, 0x00, 0x00, 0x00, 0x00, 0x00, 
	0x00, 0x00, 0x00, 0x00, 0x00, 0x00, 0x00, 0x00, 0x00, 0x00, 0xf8, 0x00, 0x00, 0x00, 0x00, 0x02, 
	0xaf, 0xab, 0xba, 0xaf, 0xf8, 0x23, 0xae, 0xff, 0xfb, 0xfe, 0xa0, 0x83, 0xff, 0xff, 0xff, 0xff, 
	0xfe, 0xa0, 0xff, 0xbb, 0xfb, 0xbe, 0x00, 0x00, 0x00, 0x00, 0x00, 0x00, 0x00, 0x00, 0x00, 0x00, 
	0x00, 0x00, 0x00, 0x00, 0x00, 0x00, 0xf8, 0x00, 0x00, 0x00, 0x00, 0x00, 0x7f, 0xff, 0xff, 0xff, 
	0xfc, 0x01, 0x7f, 0xff, 0xff, 0xf4, 0x00, 0x03, 0xff, 0xff, 0xff, 0xff, 0xfe, 0x31, 0xcf, 0xff, 
	0xff, 0xff, 0x00, 0x00, 0x00, 0x00, 0x00, 0x00, 0x00, 0x00, 0x00, 0x00, 0x00, 0x00, 0x00, 0x00, 
	0x00, 0x02, 0xe8, 0x00, 0x00, 0x00, 0x00, 0x00, 0x2e, 0xea, 0xaf, 0xef, 0x88, 0x23, 0xbe, 0xff, 
	0xfa, 0xa0, 0x00, 0x22, 0xff, 0xff, 0xee, 0xfe, 0xfe, 0xa8, 0xae, 0xef, 0xfe, 0xfe, 0xe8, 0x00, 
	0x00, 0x00, 0x00, 0x00, 0x00, 0x00, 0x00, 0x00, 0x00, 0x00, 0x00, 0x00, 0x00, 0x07, 0xc0, 0x00, 
	0x00, 0x55, 0x40, 0x00, 0x1f, 0xff, 0xdf, 0xff, 0xd0, 0x01, 0x1f, 0xff, 0xf8, 0x00, 0x00, 0x00, 
	0x5f, 0xff, 0xff, 0xff, 0xfc, 0x10, 0x7f, 0xff, 0xff, 0xff, 0xfc, 0x00, 0x00, 0x00, 0x00, 0x00, 
	0x00, 0x00, 0x00, 0x00, 0x00, 0x00, 0x00, 0x00, 0x00, 0x0b, 0xa0, 0x00, 0x00, 0x3f, 0xe0, 0x00, 
	0x0f, 0xfa, 0xaf, 0xff, 0xfa, 0x03, 0xbf, 0xff, 0xf8, 0x20, 0x20, 0x00, 0xaf, 0xff, 0xff, 0xff, 
	0xfe, 0x20, 0xbf, 0xff, 0xff, 0xff, 0xac, 0x00, 0x00, 0x00, 0x00, 0x00, 0x00, 0x00, 0x00, 0x00, 
	0x00, 0x00, 0x00, 0x00, 0x00, 0x1f, 0x00, 0x00, 0x00, 0x7f, 0xc0, 0x00, 0x07, 0xdf, 0xff, 0xff, 
	0xff, 0x01, 0x1f, 0xff, 0xf0, 0x00, 0x11, 0x90, 0x1f, 0xff, 0xff, 0xff, 0xfe, 0x11, 0xff, 0xff, 
	0xff, 0xff, 0xfd, 0x00, 0x00, 0x00, 0x00, 0x00, 0x00, 0x00, 0x00, 0x00, 0x00, 0x00, 0x00, 0x00, 
	0x00, 0x0f, 0x80, 0x00, 0x00, 0x2b, 0xe0, 0x00, 0x00, 0xee, 0xfe, 0xef, 0xfe, 0x82, 0x8f, 0xfe, 
	0x80, 0x88, 0x8a, 0xf8, 0xaf, 0xff, 0xff, 0xff, 0xfe, 0x03, 0xfe, 0xee, 0xef, 0xff, 0xef, 0x80, 
	0x00, 0x00, 0x00, 0x00, 0x00, 0x00, 0x00, 0x00, 0x00, 0x00, 0x00, 0x00, 0x00, 0x1c, 0x00, 0x00, 
	0x00, 0x03, 0x80, 0x00, 0x01, 0xff, 0xff, 0xff, 0xff, 0xc0, 0x9f, 0xfe, 0x00, 0x00, 0x00, 0x58, 
	0x7f, 0xff, 0xff, 0xff, 0xfe, 0x07, 0xff, 0xff, 0xff, 0xff, 0xff, 0xc0, 0x00, 0x00, 0x00, 0x00, 
	0x00, 0x00, 0x00, 0x00, 0x00, 0x00, 0x00, 0x00, 0x00, 0x3e, 0x00, 0x00, 0x00, 0x03, 0x80, 0x00, 
	0x00, 0x3f, 0xbf, 0xea, 0xbf, 0xa3, 0x8f, 0xf8, 0x02, 0x00, 0x00, 0x0a, 0xbf, 0xff, 0xff, 0xbf, 
	0xfe, 0x0f, 0xff, 0xbb, 0xff, 0xff, 0xfe, 0xe0, 0x00, 0x00, 0x00, 0x00, 0x00, 0x00, 0x00, 0x00, 
	0x00, 0x00, 0x00, 0x00, 0x00, 0x7d, 0x50, 0x00, 0x00, 0x06, 0x00, 0x00, 0x00, 0x3f, 0xdf, 0xf5, 
	0xff, 0xf1, 0x9f, 0xf0, 0x00, 0x00, 0x00, 0x04, 0x7f, 0xff, 0xff, 0xff, 0xff, 0x0f, 0xff, 0xff, 
	0xff, 0xff, 0xff, 0xf0, 0x00, 0x00, 0x00, 0x00, 0x00, 0x00, 0x00, 0x00, 0x00, 0x00, 0x00, 0x00, 
	0x00, 0xff, 0xff, 0x80, 0x00, 0x0e, 0x00, 0x00, 0x00, 0x2e, 0xee, 0xae, 0xef, 0xa0, 0x8f, 0xe8, 
	0x08, 0x00, 0x0a, 0xee, 0xff, 0xff, 0xff, 0xff, 0xfe, 0x8f, 0xff, 0xff, 0xff, 0xff, 0xff, 0xe8, 
	0x00, 0x00, 0x00, 0x00, 0x00, 0x00, 0x00, 0x00, 0x00, 0x00, 0x00, 0x00, 0x00, 0xff, 0xff, 0x80, 
	0x00, 0x1c, 0x00, 0x00, 0x00, 0x0f, 0xfe, 0x0f, 0xff, 0x81, 0x9f, 0x00, 0x40, 0x00, 0x00, 0xfe, 
	0x7f, 0xff, 0xff, 0xff, 0xfe, 0x0f, 0xff, 0xff, 0xff, 0xff, 0xff, 0xec, 0x00, 0x00, 0x00, 0x00, 
	0x00, 0x00, 0x00, 0x00, 0x00, 0x00, 0x00, 0x00, 0x00, 0xaa, 0xaa, 0x80, 0x00, 0x3a, 0xa0, 0x00, 
	0x00, 0x0b, 0xae, 0xbe, 0xbf, 0xa0, 0xab, 0xaa, 0x00, 0x00, 0x00, 0x3e, 0xfb, 0xff, 0xff, 0xff, 
	0xfe, 0x8a, 0xff, 0xff, 0xff, 0xff, 0xff, 0xee, 0x00, 0x00, 0x00, 0x00, 0x00, 0x00, 0x00, 0x00, 
	0x00, 0x00, 0x00, 0x00, 0x00, 0x00, 0x00, 0x07, 0x74, 0x7f, 0xc0, 0x00, 0x00, 0x01, 0xff, 0xff, 
	0xff, 0xf0, 0x1f, 0xc0, 0x00, 0x00, 0x00, 0x1f, 0xff, 0xff, 0xff, 0xff, 0xfe, 0x19, 0xff, 0xff, 
	0xff, 0xff, 0xff, 0xf9, 0x00, 0x00, 0x00, 0x00, 0x00, 0x00, 0x00, 0x00, 0x00, 0x00, 0x00, 0x00, 
	0x00, 0x00, 0x00, 0x0f, 0xfe, 0x3f, 0xe0, 0x00, 0x00, 0x03, 0xff, 0xee, 0xae, 0xf8, 0x8e, 0xc0, 
	0x00, 0x08, 0x0a, 0x8f, 0xef, 0xfe, 0xef, 0xff, 0xfe, 0x0b, 0xee, 0xff, 0xff, 0xff, 0xff, 0xfb, 
	0x80, 0x00, 0x00, 0x00, 0x00, 0x00, 0x00, 0x00, 0x00, 0x00, 0x00, 0x00, 0x00, 0x00, 0x00, 0x0f, 
	0xfc, 0x04, 0x40, 0x00, 0x00, 0x00, 0x7f, 0xfd, 0xff, 0xfc, 0x5f, 0xc0, 0x00, 0x00, 0x1f, 0xc7, 
	0xff, 0xff, 0xff, 0xff, 0xfe, 0x07, 0xff, 0xff, 0xff, 0xff, 0xff, 0xfe, 0xc0, 0x00, 0x00, 0x00, 
	0x00, 0x00, 0x00, 0x00, 0x00, 0x00, 0x00, 0x00, 0x00, 0x00, 0x00, 0x0a, 0xbe, 0x00, 0x00, 0x00, 
	0x00, 0x00, 0x3e, 0xaf, 0xef, 0xfe, 0x2b, 0x80, 0x00, 0x20, 0xbf, 0xfb, 0xff, 0xff, 0xff, 0xfe, 
	0xfe, 0x0f, 0xff, 0xff, 0xff, 0xff, 0xff, 0xfe, 0xa0, 0x00, 0x00, 0x00, 0x00, 0x00, 0x00, 0x00, 
	0x00, 0x00, 0x00, 0x00, 0x00, 0x00, 0x00, 0x00, 0x1c, 0x00, 0x00, 0x00, 0x00, 0x00, 0x17, 0xff, 
	0xff, 0xff, 0x07, 0xc0, 0x00, 0x00, 0xff, 0xfb, 0xff, 0xff, 0xff, 0xff, 0xfe, 0x1f, 0xff, 0xff, 
	0xff, 0xff, 0xff, 0xfe, 0x60, 0x00, 0x00, 0x00, 0x00, 0x00, 0x00, 0x00, 0x00, 0x00, 0x00, 0x00, 
	0x00, 0x00, 0x00, 0x00, 0xb8, 0x00, 0x00, 0x00, 0x00, 0x00, 0x00, 0xfe, 0xae, 0xfa, 0x8e, 0xe0, 
	0x80, 0x02, 0xef, 0xff, 0xff, 0xee, 0xff, 0xfe, 0xfe, 0x3f, 0xff, 0xff, 0xff, 0xff, 0xee, 0xfe, 
	0xa8, 0x00, 0x00, 0x00, 0x00, 0x00, 0x00, 0x00, 0x00, 0x00, 0x00, 0x00, 0x00, 0x00, 0x00, 0x00, 
	0x70, 0x00, 0x00, 0x00, 0x00, 0x00, 0x00, 0xff, 0xff, 0xf0, 0x0f, 0xf0, 0x00, 0x08, 0x07, 0xff, 
	0xff, 0xff, 0xff, 0xff, 0xfc, 0x7f, 0xff, 0xff, 0xff, 0xff, 0xff, 0xff, 0xd8, 0x00, 0x00, 0x00, 
	0x00, 0x00, 0x00, 0x00, 0x00, 0x00, 0x00, 0x00, 0x00, 0x00, 0x00, 0x00, 0xe8, 0x00, 0x00, 0x00, 
	0x00, 0x00, 0x00, 0xbf, 0xbf, 0xfa, 0x0f, 0xa2, 0x00, 0x28, 0x0a, 0xff, 0xfb, 0xff, 0xff, 0xff, 
	0xfa, 0x2f, 0xff, 0xff, 0xfb, 0xff, 0xfb, 0xff, 0xaa, 0x00, 0x00, 0x00, 0x00, 0x00, 0x00, 0x00, 
	0x00, 0x00, 0x00, 0x00, 0x00, 0x00, 0x00, 0x01, 0xc0, 0x00, 0x00, 0x00, 0x00, 0x00, 0x03, 0x3f, 
	0xff, 0xff, 0x8f, 0xf0, 0x00, 0x00, 0x01, 0xff, 0xff, 0xff, 0xff, 0xff, 0xf8, 0x07, 0xff, 0xff, 
	0xff, 0xff, 0xff, 0xff, 0xe4, 0x00, 0x00, 0x00, 0x00, 0x00, 0x00, 0x00, 0x00, 0x00, 0x00, 0x00, 
	0x00, 0x00, 0x00, 0x03, 0x88, 0x00, 0x00, 0x00, 0x00, 0x00, 0x0e, 0xbf, 0xee, 0xff, 0x8a, 0xf8, 
	0x00, 0x80, 0x0b, 0xef, 0xff, 0xff, 0xfe, 0xee, 0xf8, 0x2f, 0xff, 0xff, 0xff, 0xfe, 0xfe, 0xef, 
	0xee, 0x80, 0x00, 0x00, 0x00, 0x00, 0x00, 0x00, 0x00, 0x00, 0x00, 0x00, 0x00, 0x00, 0x00, 0x07, 
	0x80, 0x00, 0x00, 0x00, 0x00, 0x00, 0x0c, 0xff, 0xff, 0xff, 0xe5, 0xf0, 0x00, 0x00, 0x1f, 0x01, 
	0xff, 0xff, 0xff, 0xff, 0xf0, 0x7f, 0xff, 0xff, 0xff, 0xff, 0xff, 0xff, 0xfe, 0x00, 0x00, 0x00, 
	0x00, 0x00, 0x00, 0x00, 0x00, 0x00, 0x00, 0x00, 0x00, 0x00, 0x00, 0x0f, 0xfe, 0x00, 0x00, 0x00, 
	0x00, 0x00, 0x3a, 0xff, 0xff, 0xbf, 0xe3, 0xf8, 0x0a, 0x0a, 0xea, 0x23, 0xbf, 0xff, 0xff, 0xff, 
	0xba, 0xff, 0xff, 0xff, 0xff, 0xff, 0xfb, 0xfb, 0xbb, 0x80, 0x00, 0x00, 0x20, 0x00, 0x00, 0x00, 
	0x00, 0x00, 0x00, 0x00, 0x00, 0x00, 0x00, 0x0f, 0xfe, 0x00, 0x00, 0x00, 0x00, 0x00, 0x11, 0xff, 
	0xff, 0xff, 0xc1, 0xfc, 0x00, 0x00, 0x30, 0x03, 0xff, 0xff, 0xff, 0xff, 0xfe, 0xff, 0xff, 0xff, 
	0xff, 0xff, 0xff, 0xff, 0xfd, 0xc0, 0x00, 0x00, 0x70, 0x00, 0x00, 0x00, 0x00, 0x00, 0x00, 0x00, 
	0x00, 0x00, 0x00, 0x0e, 0xee, 0x00, 0x00, 0x00, 0x00, 0x00, 0xa3, 0xff, 0xff, 0xee, 0xe3, 0xf8, 
	0x0a, 0x88, 0xa8, 0xab, 0xef, 0xff, 0xfe, 0xfe, 0xee, 0xff, 0xff, 0xff, 0xff, 0xef, 0xee, 0xee, 
	0xee, 0x80, 0x00, 0x00, 0xe0, 0x00, 0x00, 0x00, 0x00, 0x00, 0x00, 0x00, 0x00, 0x00, 0x00, 0x00, 
	0x00, 0x00, 0x00, 0x00, 0x00, 0x00, 0x4f, 0xff, 0xff, 0xff, 0xf1, 0xfc, 0x0e, 0x00, 0x40, 0x1f, 
	0xff, 0xff, 0xff, 0xff, 0xff, 0xff, 0xff, 0xff, 0xff, 0xff, 0xff, 0xff, 0xff, 0xf0, 0x00, 0x00, 
	0x60, 0x00, 0x00, 0x00, 0x00, 0x00, 0x00, 0x00, 0x00, 0x00, 0x00, 0x00, 0x00, 0x00, 0x0a, 0x00, 
	0x00, 0x02, 0x8f, 0xff, 0xfe, 0xfb, 0xfb, 0xfe, 0xaa, 0x00, 0x80, 0x0f, 0xfb, 0xff, 0xff, 0xfb, 
	0xbb, 0xbf, 0xff, 0xff, 0xff, 0xfb, 0xff, 0xbf, 0xfa, 0xb8, 0x00, 0x00, 0x60, 0x00, 0x00, 0x00, 
	0x00, 0x00, 0x00, 0x00, 0x00, 0x00, 0x00, 0x00, 0x00, 0x00, 0x07, 0x00, 0x00, 0x01, 0x9f, 0xff, 
	0xfd, 0x7f, 0xff, 0xfe, 0x30, 0x00, 0x00, 0x1f, 0xff, 0xff, 0xff, 0xff, 0xff, 0xff, 0xff, 0xff, 
	0xff, 0xff, 0xff, 0xff, 0xff, 0xf0, 0x00, 0x01, 0xe0, 0x00, 0x00, 0x00, 0x00, 0x00, 0x00, 0x00, 
	0x00, 0x00, 0x00, 0x00, 0x00, 0x00, 0x02, 0xe0, 0x00, 0x02, 0xbf, 0xff, 0xea, 0xaf, 0xfe, 0xfe, 
	0xa8, 0x02, 0x80, 0xbf, 0xfe, 0xff, 0xff, 0xfe, 0xee, 0xef, 0xff, 0xff, 0xfe, 0xff, 0xfe, 0xff, 
	0xff, 0xee, 0x80, 0x00, 0x80, 0x00, 0x00, 0x00, 0x00, 0x00, 0x00, 0x00, 0x00, 0x00, 0x00, 0x00, 
	0x00, 0x00, 0x01, 0xf0, 0x00, 0x06, 0x7f, 0xff, 0xe4, 0x4f, 0xfc, 0x7f, 0xc0, 0x00, 0x00, 0x3f, 
	0xff, 0xff, 0xff, 0xff, 0xff, 0xff, 0xff, 0xff, 0xff, 0xff, 0xff, 0xff, 0xff, 0xff, 0x40, 0x01, 
	0xc0, 0x00, 0x00, 0x00, 0x00, 0x00, 0x00, 0x00, 0x00, 0x00, 0x00, 0x00, 0x00, 0x00, 0x02, 0xb8, 
	0x00, 0x0a, 0xff, 0xff, 0xea, 0xab, 0xfe, 0x3f, 0x80, 0x02, 0x00, 0xbb, 0xff, 0xff, 0xff, 0xff, 
	0xbb, 0xff, 0xff, 0xff, 0xfb, 0xbe, 0xff, 0xff, 0xff, 0xfb, 0xe2, 0x3f, 0x80, 0x00, 0x00, 0x00, 
	0x00, 0x00, 0x00, 0x00, 0x00, 0x00, 0x00, 0x00, 0x00, 0x00, 0x07, 0xdc, 0x00, 0x19, 0xff, 0xff, 
	0x90, 0x05, 0x7f, 0x3f, 0x00, 0x00, 0x00, 0x7f, 0xff, 0xff, 0xff, 0xff, 0xff, 0xff, 0xff, 0xff, 
	0xff, 0xff, 0xff, 0xff, 0xff, 0xff, 0xff, 0xff, 0x00, 0x00, 0x00, 0x00, 0x00, 0x00, 0x00, 0x00, 
	0x00, 0x00, 0x00, 0x00, 0x00, 0x00, 0x0e, 0x8c, 0x00, 0x08, 0xff, 0xff, 0xaa, 0xaa, 0xff, 0xbe, 
	0x00, 0x08, 0x00, 0xef, 0xff, 0xef, 0xff, 0xfe, 0xee, 0xee, 0xff, 0xff, 0xee, 0xef, 0xff, 0xff, 
	0xff, 0xff, 0xef, 0xfe, 0x00, 0x00, 0x00, 0x00, 0x00, 0x00, 0x00, 0x00, 0x00, 0x00, 0x00, 0x00, 
	0x00, 0x00, 0x0f, 0xdc, 0x00, 0x19, 0xff, 0xff, 0xc4, 0x40, 0x5f, 0x9c, 0x00, 0x00, 0x00, 0x7f, 
	0xff, 0xff, 0xff, 0xff, 0xff, 0xff, 0xff, 0xff, 0xff, 0xff, 0xff, 0xff, 0xff, 0xff, 0xff, 0xfc, 
	0x00, 0x00, 0x00, 0x00, 0x00, 0x00, 0x00, 0x00, 0x00, 0x00, 0x00, 0x00, 0x00, 0x00, 0x03, 0xea, 
	0x00, 0x2b, 0xff, 0xbe, 0x82, 0xaa, 0xaf, 0xb8, 0x00, 0x20, 0x00, 0xff, 0xff, 0xff, 0xff, 0xbf, 
	0xbb, 0xba, 0x3f, 0xff, 0xbf, 0xbf, 0xbf, 0xbf, 0xff, 0xff, 0xff, 0xa8, 0x00, 0x00, 0x00, 0x00, 
	0x00, 0x00, 0x00, 0x00, 0x00, 0x00, 0x00, 0x00, 0x00, 0x00, 0x01, 0xf2, 0x00, 0x67, 0xff, 0xfc, 
	0x00, 0x00, 0x7f, 0xf8, 0x00, 0x00, 0x00, 0x7f, 0xff, 0xff, 0xff, 0xff, 0xff, 0xfe, 0x7f, 0xff, 
	0xff, 0xff, 0xff, 0xff, 0xff, 0xff, 0xff, 0xc0, 0x00, 0x00, 0x00, 0x00, 0x00, 0x00, 0x00, 0x00, 
	0x00, 0x00, 0x00, 0x00, 0x00, 0x00, 0x00, 0xaa, 0x00, 0xef, 0xef, 0xf8, 0xaa, 0xa8, 0xef, 0xe8, 
	0x00, 0x00, 0x00, 0xff, 0xff, 0xef, 0xee, 0xff, 0xee, 0xee, 0xef, 0xfe, 0xef, 0xef, 0xff, 0xff, 
	0xff, 0xff, 0xaa, 0x80, 0x00, 0x00, 0x00, 0x00, 0x00, 0x00, 0x00, 0x00, 0x00, 0x00, 0x00, 0x00, 
	0x00, 0x00, 0x00, 0x1c, 0x00, 0xcf, 0xff, 0xf0, 0x00, 0x00, 0x00, 0xc0, 0x00, 0x00, 0x00, 0x7f, 
	0xff, 0xff, 0xff, 0xff, 0xff, 0xff, 0xff, 0xff, 0xff, 0xff, 0xff, 0xff, 0xff, 0xff, 0x80, 0x00, 
	0x00, 0x00, 0x00, 0x00, 0x00, 0x00, 0x00, 0x00, 0x00, 0x00, 0x00, 0x00, 0x00, 0x00, 0x00, 0x28, 
	0x00, 0xaf, 0xfb, 0xfa, 0xa2, 0x82, 0xaa, 0xe0, 0x00, 0x80, 0x00, 0xff, 0xfb, 0xfb, 0xfb, 0xbf, 
	0xff, 0xba, 0xbf, 0xff, 0xfb, 0xbf, 0xff, 0xff, 0xff, 0xff, 0xa0, 0x00, 0x00, 0x00, 0x00, 0x00, 
	0x00, 0x00, 0x00, 0x00, 0x00, 0x00, 0x00, 0x00, 0x00, 0x00, 0x00, 0x00, 0x01, 0x9f, 0xff, 0xf0, 
	0x00, 0x00, 0x03, 0xc0, 0x00, 0x00, 0x00, 0x7f, 0xff, 0xff, 0xff, 0xff, 0xff, 0xff, 0x7f, 0xff, 
	0xff, 0xff, 0xff, 0xff, 0xff, 0xff, 0xe0, 0x00, 0x00, 0x00, 0x00, 0x00, 0x00, 0x00, 0x00, 0x00, 
	0x00, 0x00, 0x00, 0x00, 0x00, 0x00, 0x00, 0x00, 0x03, 0xbf, 0xef, 0xe8, 0x82, 0x88, 0x8b, 0x80, 
	0x00, 0x80, 0x22, 0xff, 0xee, 0xfe, 0xfe, 0xee, 0xfe, 0xee, 0xae, 0xee, 0xfe, 0xee, 0xff, 0xff, 
	0xff, 0xff, 0xe8, 0x00, 0x00, 0x00, 0x00, 0x00, 0x00, 0x00, 0x00, 0x00, 0x00, 0x00, 0x00, 0x00, 
	0x00, 0x00, 0x00, 0x00, 0x01, 0x1f, 0xff, 0xc0, 0x00, 0x00, 0x03, 0x00, 0x00, 0x00, 0x06, 0xff, 
	0xff, 0xff, 0xff, 0xff, 0xff, 0xfe, 0x5f, 0xff, 0xff, 0xff, 0xff, 0xff, 0xff, 0xff, 0xfc, 0x00, 
	0x00, 0x00, 0x00, 0x00, 0x00, 0x00, 0x00, 0x00, 0x00, 0x00, 0x00, 0x00, 0x00, 0x00, 0x00, 0x00, 
	0x0a, 0x2f, 0xaf, 0x80, 0x0a, 0x00, 0xa2, 0x00, 0x02, 0x00, 0x22, 0xff, 0xff, 0xfb, 0xfb, 0xbb, 
	0xbb, 0xbf, 0xfb, 0xbb, 0xbf, 0xbf, 0xff, 0xff, 0xff, 0xff, 0xfa, 0x00, 0x00, 0x00, 0x00, 0x00, 
	0x00, 0x00, 0x00, 0x00, 0x00, 0x00, 0x00, 0x00, 0x00, 0x00, 0x00, 0x00, 0x0e, 0x7f, 0x3f, 0x00, 
	0x00, 0x00, 0x00, 0x00, 0x00, 0x00, 0x06, 0x7f, 0xff, 0xff, 0xff, 0xff, 0xff, 0xff, 0xff, 0xff, 
	0xff, 0xff, 0xff, 0xff, 0xff, 0xff, 0xfc, 0x00, 0x00, 0x00, 0x00, 0x00, 0x00, 0x00, 0x00, 0x00, 
	0x00, 0x00, 0x00, 0x00, 0x00, 0x00, 0x00, 0x00, 0x0e, 0xfa, 0xae, 0x88, 0x88, 0x00, 0x88, 0x08, 
	0x08, 0x00, 0x8e, 0xff, 0xee, 0xfe, 0xff, 0xfe, 0xee, 0xee, 0xae, 0xef, 0xef, 0xef, 0xff, 0xfe, 
	0xff, 0xef, 0xfe, 0x00, 0x00, 0x00, 0x00, 0x00, 0x00, 0x00, 0x00, 0x00, 0x00, 0x00, 0x00, 0x00, 
	0x00, 0x00, 0x00, 0x00, 0x1c, 0xf1, 0xfe, 0x00, 0x00, 0x00, 0x00, 0x00, 0x04, 0x00, 0x0c, 0x7f, 
	0xff, 0xff, 0xff, 0xff, 0xff, 0xff, 0xff, 0xff, 0xff, 0xff, 0xff, 0xff, 0xff, 0xff, 0xff, 0x00, 
	0x00, 0x00, 0x00, 0x00, 0x00, 0x00, 0x00, 0x00, 0x00, 0x00, 0xa0, 0x00, 0x00, 0x00, 0x00, 0x00, 
	0x38, 0xeb, 0xbe, 0x00, 0xa0, 0x00, 0xa0, 0x20, 0x00, 0x00, 0x8e, 0xff, 0xfb, 0xff, 0xff, 0xbb, 
	0xbb, 0xfb, 0xbb, 0xbf, 0xff, 0xff, 0xff, 0xff, 0xff, 0xff, 0xff, 0x80, 0x00, 0x00, 0x00, 0x00, 
	0x00, 0x00, 0x00, 0x00, 0x00, 0x01, 0xf8, 0x00, 0x00, 0x00, 0x00, 0x00, 0x11, 0xc7, 0xfc, 0x00, 
	0x00, 0x00, 0x00, 0x00, 0x00, 0x00, 0x06, 0x7f, 0xff, 0xff, 0xff, 0xff, 0xff, 0xfd, 0x1f, 0xff, 
	0xff, 0xff, 0xff, 0xff, 0xff, 0xff, 0xff, 0x80, 0x00, 0x00, 0x00, 0x00, 0x00, 0x00, 0x00, 0x00, 
	0x00, 0x02, 0xe8, 0x00, 0x00, 0x00, 0x00, 0x00, 0x28, 0xae, 0xf8, 0x00, 0x80, 0x02, 0x80, 0x80, 
	0x00, 0x00, 0x8e, 0xfe, 0xee, 0xee, 0xee, 0xee, 0xef, 0xee, 0xee, 0xee, 0xfe, 0xff, 0xef, 0xff, 
	0xee, 0xef, 0xfe, 0xe0, 0x00, 0x00, 0x00, 0x00, 0x00, 0x00, 0x00, 0x00, 0x00, 0x05, 0x44, 0x00, 
	0x00, 0x00, 0x00, 0x00, 0x50, 0x7f, 0xf8, 0x00, 0x00, 0x00, 0x00, 0x00, 0x00, 0x00, 0x0e, 0x7f, 
	0xff, 0xff, 0xff, 0xff, 0xff, 0xfc, 0x7f, 0xff, 0xff, 0xff, 0xff, 0xff, 0xff, 0xff, 0xff, 0xc0, 
	0x00, 0x00, 0x00, 0x00, 0x00, 0x00, 0x00, 0x00, 0x00, 0x08, 0x03, 0x80, 0x00, 0x00, 0x00, 0x00, 
	0xa0, 0xfa, 0xf8, 0x00, 0x80, 0x02, 0x02, 0x80, 0x20, 0x00, 0x0e, 0x3f, 0xff, 0xfb, 0xff, 0xbb, 
	0xba, 0xfa, 0xbb, 0xfb, 0xbf, 0xbb, 0xff, 0xff, 0xff, 0xfb, 0xbf, 0xe0, 0x00, 0x00, 0x00, 0x00, 
	0x00, 0x00, 0x00, 0x00, 0x00, 0x10, 0x07, 0x00, 0x00, 0x00, 0x00, 0x00, 0x41, 0xff, 0xf0, 0x00, 
	0x00, 0x00, 0x00, 0x00, 0x00, 0x00, 0x0f, 0x7f, 0xff, 0xff, 0xff, 0xff, 0xff, 0xf1, 0x9f, 0xff, 
	0xff, 0xff, 0xff, 0xff, 0xff, 0xff, 0xff, 0xe0, 0x00, 0x00, 0x00, 0x00, 0x00, 0x00, 0x00, 0x00, 
	0x00, 0xa8, 0x02, 0x80, 0x00, 0x00, 0x00, 0x00, 0x82, 0xaa, 0xe0, 0x02, 0x00, 0x0a, 0x8a, 0x00, 
	0x00, 0x00, 0x0e, 0xbe, 0xee, 0xee, 0xef, 0xee, 0xee, 0xfa, 0xae, 0xee, 0xff, 0xfe, 0xef, 0xff, 
	0xfe, 0xee, 0xee, 0xf8, 0x00, 0x00, 0x00, 0x00, 0x00, 0x00, 0x00, 0x00, 0x00, 0xe0, 0x00, 0xc0, 
	0x00, 0x00, 0x00, 0x01, 0x07, 0xff, 0xc0, 0x00, 0x00, 0x00, 0x00, 0x00, 0x00, 0x00, 0x0f, 0x7f, 
	0xff, 0xff, 0xff, 0xff, 0xff, 0x7f, 0xff, 0xff, 0xff, 0xff, 0xff, 0xff, 0xff, 0xff, 0xff, 0xfc, 
	0x00, 0x00, 0x00, 0x00, 0x00, 0x00, 0x00, 0x00, 0x00, 0xe0, 0x00, 0xe0, 0x00, 0x00, 0x00, 0x02, 
	0x2f, 0xeb, 0x80, 0x00, 0x00, 0x08, 0x08, 0x00, 0x00, 0x00, 0x0f, 0xbf, 0xfb, 0xbb, 0xbb, 0xff, 
	0xfa, 0xff, 0xab, 0xfb, 0xbf, 0xff, 0xff, 0xff, 0xff, 0xff, 0xff, 0xfe, 0x80, 0x00, 0x00, 0x00, 
	0x00, 0x00, 0x00, 0x00, 0x00, 0xe0, 0x00, 0xe0, 0x00, 0x00, 0x00, 0x06, 0x1f, 0xff, 0x80, 0x00, 
	0x00, 0x00, 0x00, 0x00, 0x00, 0x00, 0x0f, 0x3f, 0xff, 0xff, 0xff, 0xff, 0xff, 0xff, 0xdf, 0xff, 
	0xff, 0xff, 0xff, 0xff, 0xff, 0xff, 0xff, 0xff, 0xd0, 0x00, 0x00, 0x00, 0x00, 0x00, 0x00, 0x00, 
	0x00, 0xe0, 0x08, 0xe0, 0x00, 0x00, 0x00, 0x0a, 0xbe, 0xee, 0x80, 0x88, 0x00, 0x08, 0x08, 0x00, 
	0x00, 0x00, 0x0f, 0xae, 0xee, 0xee, 0xef, 0xee, 0xeb, 0xbe, 0xee, 0xee, 0xfe, 0xef, 0xff, 0xff, 
	0xef, 0xfe, 0xee, 0xee, 0xe8, 0x00, 0x00, 0x00, 0x00, 0x00, 0x00, 0x00, 0x00, 0xe0, 0x00, 0xc0, 
	0x00, 0x00, 0x00, 0x19, 0x1f, 0xff, 0x00, 0x00, 0x00, 0x0c, 0x40, 0x00, 0x00, 0x00, 0x1f, 0xcf, 
	0xff, 0xff, 0xff, 0xff, 0xe7, 0xdf, 0xff, 0xff, 0xff, 0xff, 0xff, 0xff, 0xff, 0xff, 0xff, 0xff, 
	0xf4, 0x00, 0x00, 0x00, 0x00, 0x00, 0x00, 0x00, 0x00, 0xe2, 0x22, 0xa0, 0x00, 0x00, 0x00, 0x2b, 
	0xbf, 0xae, 0x80, 0x00, 0x00, 0x08, 0x20, 0x00, 0x00, 0x00, 0x3f, 0x8f, 0xbb, 0xbb, 0xbb, 0xff, 
	0xab, 0xbf, 0xbf, 0xfb, 0xbb, 0xff, 0xff, 0xff, 0xff, 0xff, 0xff, 0xbf, 0xbf, 0x80, 0x0a, 0x00, 
	0x00, 0x00, 0x00, 0x00, 0x00, 0x70, 0x07, 0x00, 0x00, 0x00, 0x00, 0x67, 0xff, 0xfe, 0x00, 0x00, 
	0x00, 0x00, 0x00, 0x00, 0x00, 0x00, 0x1f, 0x8f, 0xff, 0xff, 0xff, 0xff, 0x9f, 0x9f, 0xff, 0xff, 
	0xff, 0xff, 0xff, 0xff, 0xff, 0xff, 0xff, 0xff, 0xff, 0xc0, 0x0c, 0x00, 0x00, 0x00, 0x00, 0x00, 
	0x00, 0x28, 0x8e, 0x80, 0x00, 0x00, 0x00, 0xae, 0xae, 0xea, 0x8a, 0x00, 0x00, 0x08, 0x80, 0x00, 
	0x80, 0x00, 0x0f, 0xee, 0xee, 0xee, 0xee, 0xee, 0xee, 0xae, 0xee, 0xee, 0xee, 0xfe, 0xfe, 0xff, 
	0xfe, 0xff, 0xff, 0xfe, 0xee, 0xea, 0xa8, 0x00, 0x00, 0x00, 0x00, 0x00, 0x00, 0x1c, 0x04, 0x00, 
	0x00, 0x00, 0x01, 0xde, 0x7f, 0xfc, 0x00, 0x00, 0x00, 0x00, 0x00, 0x00, 0x00, 0x00, 0x1f, 0xe7, 
	0xff, 0xff, 0xfd, 0xfc, 0xff, 0xff, 0xff, 0xff, 0xff, 0xff, 0xff, 0xff, 0xff, 0xff, 0xff, 0xff, 
	0xff, 0xff, 0xf0, 0x00, 0x00, 0x00, 0x00, 0x00, 0x00, 0x0b, 0xf8, 0x08, 0x00, 0x00, 0x02, 0xbe, 
	0xfb, 0xb8, 0x08, 0x20, 0x00, 0x20, 0x00, 0x00, 0x80, 0x00, 0x3f, 0xe3, 0xbb, 0xbb, 0xbb, 0xfe, 
	0xfb, 0xeb, 0xfb, 0xbb, 0xbf, 0xbf, 0xff, 0xff, 0xbf, 0xff, 0xbf, 0xff, 0xff, 0xff, 0xf8, 0x00, 
	0x00, 0x00, 0x00, 0x00, 0x00, 0x07, 0xfc, 0x1c, 0x00, 0x00, 0x07, 0xfe, 0xff, 0xf1, 0x00, 0x00, 
	0x00, 0x00, 0x00, 0x00, 0x00, 0x00, 0x1f, 0xf7, 0xff, 0xff, 0xef, 0xff, 0xf7, 0xff, 0xff, 0xff, 
	0xff, 0xff, 0xff, 0xff, 0xff, 0xff, 0xff, 0xff, 0xff, 0xff, 0xd0, 0x00, 0x00, 0x00, 0x00, 0x00, 
	0x00, 0x0e, 0x88, 0x0a, 0x00, 0x00, 0x2a, 0xee, 0xee, 0xea, 0x88, 0x00, 0x00, 0x22, 0x00, 0x00, 
	0x80, 0x00, 0x0f, 0xfb, 0xee, 0xee, 0xee, 0xfe, 0xee, 0xee, 0xfe, 0xee, 0xef, 0xff, 0xfe, 0xff, 
	0xff, 0xef, 0xee, 0xee, 0xff, 0xff, 0x80, 0x00, 0x00, 0x00, 0x00, 0x00, 0x00, 0x1d, 0x00, 0x1e, 
	0x00, 0x00, 0x3d, 0xcd, 0xff, 0xe6, 0x00, 0x00, 0x00, 0x00, 0x00, 0x00, 0x00, 0x00, 0x1f, 0xf9, 
	0xff, 0xff, 0xcf, 0xff, 0xff, 0xff, 0xff, 0xff, 0xff, 0xff, 0xff, 0xff, 0xff, 0xff, 0xff, 0xff, 
	0xff, 0xff, 0x00, 0x00, 0x00, 0x00, 0x00, 0x00, 0x00, 0x38, 0x80, 0x0a, 0x00, 0x00, 0xbe, 0x0b, 
	0xbb, 0xaa, 0x20, 0x20, 0x00, 0x20, 0x00, 0x00, 0x00, 0x00, 0x3f, 0xea, 0xeb, 0xba, 0xbf, 0xfb, 
	0xbb, 0xbb, 0xbf, 0xeb, 0xbf, 0xff, 0xff, 0xbf, 0xff, 0xff, 0xff, 0xff, 0xff, 0xfa, 0x00, 0x00, 
	0x00, 0x00, 0x00, 0x00, 0x00, 0x31, 0x80, 0x48, 0x00, 0x05, 0xfe, 0x19, 0xff, 0xcc, 0x00, 0x00, 
	0x00, 0x00, 0x00, 0x00, 0x00, 0x00, 0x1f, 0xec, 0x6f, 0x3e, 0xff, 0xff, 0xff, 0xff, 0xff, 0xff, 
	0xff, 0xff, 0xff, 0xff, 0xff, 0xff, 0xff, 0xff, 0xff, 0xf0, 0x00, 0x00, 0x00, 0x00, 0x00, 0x00, 
	0x00, 0x2a, 0x80, 0x28, 0x28, 0x2f, 0xe8, 0xea, 0xee, 0x8e, 0xa0, 0x00, 0x00, 0x88, 0x00, 0x00, 
	0x00, 0x00, 0x0e, 0xee, 0xee, 0xae, 0xee, 0xfe, 0xee, 0xee, 0xef, 0xee, 0xef, 0xff, 0xef, 0xff, 
	0xff, 0xff, 0xff, 0xff, 0xff, 0xa8, 0x00, 0x00, 0x00, 0x00, 0x00, 0x00, 0x00, 0x0f, 0x00, 0x00, 
	0x38, 0x1f, 0xc1, 0xc7, 0xff, 0x1c, 0x00, 0x00, 0x00, 0x00, 0x00, 0x00, 0x00, 0x00, 0x1f, 0xff, 
	0xff, 0xff, 0xff, 0xff, 0xff, 0xff, 0xff, 0xff, 0xff, 0xff, 0xcf, 0xdf, 0xff, 0xff, 0xff, 0xff, 
	0xd4, 0x00, 0x00, 0x00, 0x00, 0x00, 0x00, 0x00, 0x00, 0x0a, 0x00, 0x00, 0x2a, 0xaa, 0x82, 0xa3, 
	0xfa, 0x38, 0xa0, 0x00, 0x00, 0xa0, 0x00, 0x02, 0x00, 0x00, 0x2e, 0xee, 0xaf, 0xbb, 0xbf, 0xff, 
	0xbb, 0xfb, 0xff, 0xba, 0xff, 0xff, 0x8b, 0xff, 0xbf, 0xef, 0xfe, 0xff, 0xa0, 0x00, 0x00, 0x00, 
	0x00, 0x00, 0x00, 0x00, 0x00, 0x00, 0x00, 0x00, 0x07, 0xf0, 0x07, 0x37, 0xfc, 0x7c, 0x00, 0x00, 
	0x00, 0x00, 0x00, 0x00, 0x00, 0x00, 0x1f, 0xff, 0xdf, 0x7f, 0xff, 0xff, 0xff, 0xff, 0xff, 0xff, 
	0x9f, 0xff, 0x03, 0xff, 0xff, 0xff, 0xff, 0xff, 0xf0, 0x00, 0x00, 0x00, 0x00, 0x00, 0x00, 0x00, 
	0x00, 0x00, 0x00, 0x00, 0x00, 0x80, 0x0e, 0x2e, 0xea, 0xfe, 0x80, 0x80, 0x00, 0xa0, 0x00, 0x00, 
	0x00, 0x00, 0x0e, 0xee, 0x8e, 0xae, 0xee, 0xfe, 0xee, 0xee, 0xef, 0xee, 0x8e, 0xee, 0x0b, 0xef, 
	0xef, 0xbf, 0xff, 0xff, 0xe8, 0x00, 0x80, 0x00, 0x00, 0x00, 0x00, 0x00, 0x00, 0x00, 0x00, 0x00, 
	0x00, 0x00, 0x1c, 0x4f, 0xc5, 0xf8, 0x00, 0x00, 0x00, 0x00, 0x00, 0x00, 0x00, 0x00, 0x1f, 0xff, 
	0xff, 0xff, 0xff, 0xff, 0xff, 0xff, 0xff, 0xfc, 0x01, 0xfe, 0x0f, 0xff, 0xff, 0xff, 0xff, 0xff, 
	0xf0, 0x00, 0x40, 0x00, 0x00, 0x00, 0x00, 0x00, 0x00, 0x00, 0x00, 0x00, 0x00, 0x00, 0x38, 0xab, 
	0xaf, 0xfa, 0x80, 0x00, 0x00, 0x80, 0x00, 0x00, 0x00, 0x00, 0x2b, 0xff, 0xfb, 0xbb, 0xff, 0xff, 
	0xbf, 0xbb, 0xbf, 0xfe, 0x03, 0xfe, 0x0f, 0xff, 0xef, 0xbb, 0xba, 0xef, 0xf8, 0x00, 0xe0, 0x00, 
	0x00, 0x00, 0x00, 0x00, 0x00, 0x00, 0x00, 0x00, 0x00, 0x00, 0x70, 0x5f, 0x3f, 0xf1, 0x00, 0x00, 
	0x00, 0x00, 0x00, 0x00, 0x00, 0x00, 0x1f, 0xff, 0xff, 0xff, 0xff, 0xff, 0xff, 0xff, 0xff, 0xfe, 
	0x00, 0x7c, 0x1f, 0xff, 0xff, 0xff, 0xff, 0x3f, 0xfc, 0x00, 0x40, 0x00, 0x00, 0x00, 0x00, 0x00, 
	0x00, 0x00, 0x00, 0x00, 0x00, 0x00, 0xa0, 0xae, 0xae, 0xe8, 0x80, 0x00, 0x00, 0x80, 0x00, 0x00, 
	0x00, 0x00, 0x0f, 0xee, 0xee, 0xee, 0xee, 0xef, 0xee, 0xee, 0xee, 0xfe, 0x80, 0x38, 0x0f, 0xff, 
	0xfa, 0xee, 0xee, 0xae, 0xee, 0x80, 0xe0, 0x00, 0x00, 0x00, 0x00, 0x00, 0x00, 0x00, 0x00, 0x00, 
	0x00, 0x00, 0xc1, 0xdf, 0xff, 0xf4, 0x00, 0x00, 0x00, 0x00, 0x00, 0x00, 0x00, 0x00, 0x1f, 0xff, 
	0xff, 0xff, 0xff, 0xff, 0xff, 0xff, 0xff, 0xff, 0xc0, 0x04, 0x7f, 0xff, 0xff, 0xff, 0xff, 0xff, 
	0xff, 0x81, 0xc0, 0x00, 0x00, 0x00, 0x00, 0x00, 0x00, 0x00, 0x00, 0x00, 0x00, 0x00, 0x80, 0xbf, 
	0xbb, 0xfa, 0x02, 0x00, 0x00, 0x82, 0x00, 0x0a, 0x00, 0x00, 0x0f, 0xfb, 0xbb, 0xbf, 0xfb, 0xff, 
	0xfe, 0xbf, 0xfb, 0xff, 0xe8, 0x00, 0x3f, 0xff, 0xfe, 0xea, 0xbf, 0xfb, 0xbf, 0x83, 0xa0, 0x00, 
	0x00, 0x00, 0x00, 0x00, 0x00, 0x00, 0x00, 0x00, 0x00, 0x01, 0x01, 0xff, 0xff, 0xf0, 0x00, 0x00, 
	0x00, 0x00, 0x00, 0x00, 0x00, 0x00, 0x1f, 0xff, 0xff, 0xff, 0xff, 0xff, 0xff, 0xff, 0xff, 0xff, 
	0xff, 0x00, 0x7f, 0xff, 0xff, 0xff, 0xff, 0xff, 0xff, 0xf1, 0x00, 0x00, 0x00, 0x00, 0x00, 0x00, 
	0x00, 0x00, 0x00, 0x00, 0x00, 0x02, 0x82, 0xee, 0xfb, 0xea, 0x00, 0x00, 0x00, 0x80, 0x00, 0x0a, 
	0x08, 0x00, 0x0f, 0xee, 0xfe, 0xef, 0xee, 0xef, 0xee, 0xee, 0xef, 0xfe, 0xfe, 0x80, 0xff, 0xfe, 
	0xff, 0xef, 0xee, 0xee, 0xee, 0xfe, 0x00, 0x00, 0x00, 0x00, 0x00, 0x00, 0x00, 0x00, 0x00, 0x00, 
	0x00, 0x06, 0x05, 0xff, 0xff, 0xc4, 0x00, 0x00, 0x00, 0x00, 0x00, 0x04, 0x00, 0x00, 0x0f, 0xff, 
	0xff, 0xff, 0xff, 0xff, 0xff, 0xff, 0xff, 0xff, 0xff, 0xc0, 0x0f, 0xff, 0xff, 0xff, 0xff, 0xff, 
	0xff, 0xfe, 0x00, 0x00, 0x00, 0x00, 0x00, 0x00, 0x00, 0x00, 0x00, 0x00, 0x00, 0x0a, 0x0f, 0xfb, 
	0xff, 0xe8, 0x02, 0x00, 0x02, 0x80, 0x00, 0x0a, 0x00, 0x00, 0x03, 0xfb, 0xbb, 0xbb, 0xbf, 0xef, 
	0xfb, 0xbf, 0xbf, 0xff, 0xfb, 0xa0, 0x0b, 0xfe, 0xff, 0xfb, 0xfb, 0xbb, 0xfe, 0xab, 0xe0, 0x02, 
	0x80, 0x00, 0x00, 0x00, 0x00, 0x00, 0x00, 0x00, 0x00, 0x0c, 0x0f, 0xff, 0xff, 0xc0, 0x00, 0x00, 
	0x00, 0x00, 0x00, 0x00, 0x00, 0x00, 0x07, 0xff, 0xff, 0xff, 0xff, 0xff, 0xff, 0xff, 0xff, 0xff, 
	0xff, 0xc0, 0x01, 0xff, 0xff, 0xff, 0xff, 0xff, 0xff, 0xff, 0xf0, 0x01, 0x80, 0x00, 0x00, 0x00, 
	0x00, 0x00, 0x00, 0x00, 0x00, 0x08, 0x0f, 0xef, 0xef, 0xe8, 0x0a, 0x00, 0x02, 0x80, 0x00, 0x08, 
	0x00, 0x00, 0x0b, 0xee, 0xee, 0xef, 0xee, 0xef, 0xee, 0xee, 0xef, 0xff, 0xef, 0x82, 0x80, 0xbe, 
	0xff, 0xff, 0xff, 0xfe, 0xee, 0xee, 0xfa, 0xaa, 0x80, 0x00, 0x00, 0x00, 0x00, 0x00, 0x00, 0x00, 
	0x00, 0x1c, 0x1f, 0xff, 0xff, 0xd0, 0x00, 0x00, 0x00, 0x00, 0x00, 0x04, 0x00, 0x00, 0x07, 0xff, 
	0xff, 0xff, 0xff, 0xff, 0xff, 0xff, 0xff, 0xff, 0xff, 0x07, 0x80, 0x3f, 0xff, 0xff, 0xff, 0xff, 
	0xff, 0xff, 0xdf, 0xff, 0xc0, 0x00, 0x00, 0x00, 0x00, 0x00, 0x00, 0x00, 0x00, 0x38, 0x3f, 0xbb, 
	0xbb, 0xe0, 0x00, 0x00, 0x02, 0x00, 0x00, 0x02, 0x00, 0x00, 0x23, 0xfa, 0xfb, 0xff, 0xef, 0xef, 
	0xff, 0xea, 0xff, 0xff, 0xff, 0x83, 0xa0, 0x3f, 0xff, 0xff, 0xff, 0xff, 0xfb, 0xfa, 0xaf, 0xfe, 
	0x80, 0x00, 0x00, 0x00, 0x00, 0x00, 0x00, 0x00, 0x00, 0x30, 0x7f, 0xff, 0x7f, 0xe0, 0x00, 0x00, 
	0x00, 0x00, 0x00, 0x00, 0x00, 0x00, 0x07, 0xff, 0xff, 0xff, 0xff, 0xff, 0xff, 0xff, 0xff, 0xff, 
	0xfe, 0x07, 0xf0, 0xff, 0xff, 0xff, 0xff, 0xff, 0xff, 0xff, 0xff, 0xff, 0x00, 0x00, 0x00, 0x00, 
	0x00, 0x00, 0x00, 0x00, 0x00, 0x20, 0xee, 0xee, 0xae, 0xa0, 0x08, 0x00, 0x02, 0x08, 0x00, 0x28, 
	0x00, 0x00, 0x23, 0xee, 0xee, 0xee, 0xee, 0xef, 0xee, 0xfe, 0xff, 0xff, 0xee, 0x0f, 0xf8, 0xff, 
	0xff, 0xef, 0xff, 0xff, 0xff, 0xee, 0xee, 0xee, 0x00, 0x00, 0x00, 0x00, 0x00, 0x00, 0x00, 0x00, 
	0x00, 0x71, 0xff, 0xff, 0x7f, 0xc0, 0x00, 0x00, 0x00, 0x00, 0x00, 0x04, 0x00, 0x00, 0x03, 0xff, 
	0xff, 0xff, 0xff, 0xff, 0xff, 0xff, 0xff, 0xff, 0xfc, 0x07, 0xfd, 0xff, 0xff, 0xff, 0xff, 0xff, 
	0xff, 0xff, 0xff, 0xfc, 0x00, 0x00, 0x00, 0x00, 0x00, 0x00, 0x00, 0x00, 0x00, 0xe3, 0xfb, 0xff, 
	0xff, 0xa0, 0x2a, 0x00, 0x02, 0x00, 0x00, 0x0a, 0x00, 0x00, 0x23, 0xbf, 0xfb, 0xbf, 0xff, 0xfe, 
	0xff, 0xfb, 0xff, 0xff, 0xf8, 0x3f, 0xff, 0xff, 0xff, 0xff, 0xff, 0xbf, 0xff, 0xff, 0xff, 0xf8, 
	0x00, 0x00, 0x00, 0x00, 0x00, 0x00, 0x00, 0x00, 0x00, 0x71, 0xff, 0xff, 0xff, 0xc0, 0x00, 0x00, 
	0x00, 0x00, 0x00, 0x00, 0x00, 0x00, 0x01, 0xff, 0xff, 0xff, 0xff, 0xfe, 0x7f, 0xff, 0xff, 0xff, 
	0xf8, 0x1f, 0xff, 0xff, 0xff, 0xff, 0xff, 0xff, 0xff, 0xff, 0xff, 0xf0, 0x00, 0x00, 0x00, 0x00, 
	0x00, 0x00, 0x00, 0x00, 0x00, 0xea, 0xee, 0xef, 0xff, 0x80, 0x88, 0x00, 0x08, 0x08, 0x00, 0x08, 
	0x00, 0x00, 0x08, 0xee, 0xee, 0xee, 0xff, 0xee, 0xff, 0xfe, 0xef, 0xff, 0xe8, 0xbf, 0xff, 0xff, 
	0xff, 0xfe, 0xff, 0xef, 0xfe, 0xef, 0xee, 0xe8, 0x00, 0x00, 0x00, 0x00, 0x00, 0x00, 0x00, 0x00, 
	0x00, 0x7f, 0x7f, 0xfb, 0xff, 0xc0, 0x00, 0x00, 0x04, 0x00, 0x00, 0x04, 0x00, 0x00, 0x00, 0xff, 
	0xff, 0xff, 0xff, 0xfe, 0x5f, 0xff, 0xff, 0xff, 0xf0, 0x7f, 0xff, 0xff, 0xff, 0xff, 0xff, 0xff, 
	0xff, 0xff, 0xff, 0xc0, 0x00, 0x00, 0x00, 0x00, 0x00, 0x00, 0x00, 0x00, 0x00, 0xff, 0xbf, 0xfb, 
	0xff, 0x80, 0x00, 0x00, 0x0a, 0x08, 0x00, 0x0a, 0x00, 0x00, 0x08, 0xff, 0xfb, 0xff, 0xff, 0xfe, 
	0xbb, 0xff, 0xbf, 0xff, 0xea, 0xbf, 0xff, 0xff, 0xef, 0xff, 0xfb, 0xef, 0xfe, 0xfb, 0xff, 0x80, 
	0x00, 0x00, 0x00, 0x00, 0x00, 0x00, 0x00, 0x00, 0x00, 0x7f, 0xff, 0xdf, 0xff, 0x00, 0x00, 0x00, 
	0x00, 0x00, 0x00, 0x03, 0x00, 0x00, 0x00, 0x7f, 0xff, 0xff, 0xff, 0xff, 0x17, 0xff, 0xff, 0xff, 
	0xfc, 0x7f, 0xff, 0xff, 0xff, 0xe7, 0xff, 0xff, 0xff, 0xff, 0xff, 0x00, 0x00, 0x00, 0x00, 0x00, 
	0x00, 0x00, 0x00, 0x00, 0x00, 0xfe, 0xee, 0x8f, 0xee, 0x00, 0x88, 0x00, 0x08, 0x00, 0x00, 0x0a, 
	0x00, 0x00, 0x08, 0x2e, 0xff, 0xef, 0xef, 0xfe, 0xae, 0xfe, 0xff, 0xff, 0xfe, 0xee, 0xff, 0xfe, 
	0xff, 0x80, 0xfe, 0xef, 0xee, 0xee, 0xfe, 0x00, 0x00, 0x00, 0x00, 0x00, 0x00, 0x00, 0x00, 0x00, 
	0x01, 0xff, 0xff, 0xdf, 0xff, 0x00, 0x00, 0x00, 0x04, 0x00, 0x00, 0x02, 0x00, 0x00, 0x00, 0x7f, 
	0xff, 0xff, 0xff, 0xfe, 0x07, 0xff, 0xff, 0xff, 0xff, 0xff, 0xff, 0xff, 0xff, 0x85, 0xff, 0xff, 
	0xff, 0xff, 0xf8, 0x00, 0x00, 0x00, 0x00, 0x00, 0x00, 0x00, 0x00, 0x00, 0x03, 0xbb, 0xbb, 0xef, 
	0xfe, 0x02, 0x80, 0x00, 0x88, 0x20, 0x00, 0x0a, 0x02, 0x00, 0x00, 0x3f, 0xff, 0xff, 0xff, 0xfe, 
	0xab, 0xff, 0xfb, 0xff, 0xfb, 0xbb, 0xbf, 0xff, 0xff, 0x8f, 0xff, 0xbb, 0xff, 0xbb, 0xf8, 0x00, 
	0x00, 0x00, 0x00, 0x00, 0x00, 0x00, 0x00, 0x00, 0x07, 0x7f, 0xff, 0xdf, 0xff, 0x03, 0x80, 0x01, 
	0xc0, 0x00, 0x00, 0x13, 0x00, 0x00, 0x01, 0x1f, 0xff, 0xff, 0xff, 0xff, 0x03, 0xff, 0xff, 0xff, 
	0xff, 0xff, 0xff, 0xff, 0xff, 0xfd, 0x7f, 0xff, 0xff, 0xff, 0xc0, 0x00, 0x00, 0x00, 0x00, 0x00, 
	0x00, 0x00, 0x00, 0x00, 0x0e, 0xae, 0xaf, 0xef, 0xfe, 0x8e, 0xe8, 0x0a, 0xe8, 0x20, 0x00, 0x0a, 
	0x00, 0x00, 0x08, 0x8f, 0xff, 0xef, 0xff, 0xee, 0x8b, 0xff, 0xef, 0xff, 0xfe, 0xef, 0xff, 0xff, 
	0xff, 0xfe, 0xbf, 0xee, 0xfe, 0xee, 0x80, 0x00, 0x00, 0x00, 0x00, 0x00, 0x00, 0x00, 0x00, 0x00, 
	0x1d, 0xdf, 0x7f, 0xdf, 0xff, 0x07, 0xc0, 0x07, 0xf0, 0x00, 0x00, 0x07, 0x00, 0x00, 0x01, 0x8f, 
	0xff, 0xff, 0xff, 0xfe, 0x01, 0xff, 0xff, 0xff, 0xff, 0xff, 0xff, 0xff, 0xff, 0xff, 0xdf, 0xff, 
	0xff, 0xfc, 0x00, 0x00, 0x00, 0x00, 0x00, 0x00, 0x00, 0x00, 0x00, 0x00, 0xaa, 0xab, 0xff, 0xef, 
	0xf3, 0x8f, 0xa8, 0x0b, 0xf0, 0x20, 0x00, 0x22, 0x02, 0x80, 0x02, 0xaf, 0xff, 0xff, 0xff, 0xfe, 
	0x82, 0xff, 0xff, 0xff, 0xff, 0xbb, 0xff, 0xff, 0xff, 0xff, 0xaf, 0xff, 0xff, 0xfe, 0xa2, 0x00, 
	0x00, 0x00, 0x00, 0x00, 0x00, 0x00, 0x00, 0x01, 0xff, 0xf7, 0xff, 0xff, 0xf7, 0x07, 0xf8, 0x1f, 
	0xf0, 0x00, 0x00, 0x07, 0x00, 0x00, 0x00, 0x67, 0xff, 0xff, 0xff, 0xfe, 0x00, 0x7f, 0xff, 0xff, 
	0xff, 0xff, 0xff, 0xff, 0xff, 0xff, 0xc7, 0xff, 0xff, 0xff, 0xf7, 0x00, 0x00, 0x00, 0x00, 0x00, 
	0x00, 0x00, 0x08, 0x0f, 0xaa, 0xbe, 0xff, 0xff, 0xee, 0x8b, 0xee, 0x2f, 0x88, 0x20, 0x00, 0x0a, 
	0x02, 0x80, 0x00, 0x2a, 0xfe, 0xff, 0xff, 0xee, 0x80, 0xbe, 0xfe, 0xff, 0xfe, 0xee, 0xef, 0xff, 
	0xfe, 0xff, 0xeb, 0xff, 0xfe, 0xef, 0xfe, 0x80, 0x00, 0x00, 0x00, 0x00, 0x00, 0x00, 0x04, 0x1f, 
	0xff, 0x7f, 0xff, 0xff, 0xcc, 0x01, 0xfc, 0x7f, 0x80, 0x00, 0x00, 0x07, 0x00, 0x40, 0x00, 0x79, 
	0xff, 0xff, 0xff, 0xfe, 0x00, 0x5f, 0xff, 0xff, 0xff, 0xff, 0xff, 0xff, 0xff, 0xf9, 0xf1, 0xff, 
	0xff, 0xff, 0xff, 0x00, 0x00, 0x00, 0x00, 0x00, 0x00, 0x00, 0x0e, 0xbe, 0xaf, 0xff, 0xff, 0xfb, 
	0x8a, 0x00, 0xfe, 0xbf, 0x88, 0x20, 0x02, 0x2b, 0x82, 0x00, 0x02, 0x3e, 0xff, 0xff, 0xff, 0xfe, 
	0x80, 0x2f, 0xbf, 0xff, 0xff, 0xbb, 0xff, 0xbf, 0xbf, 0xfa, 0xa8, 0xff, 0xff, 0xff, 0xfe, 0x00, 
	0x00, 0x00, 0x00, 0x00, 0x00, 0x00, 0x07, 0xff, 0xff, 0xff, 0xff, 0xff, 0xf8, 0x00, 0x3f, 0xfc, 
	0x00, 0x00, 0x00, 0x17, 0xc0, 0x00, 0x00, 0x3f, 0x7f, 0xff, 0xff, 0xfc, 0x00, 0x07, 0xff, 0xff, 
	0xff, 0xff, 0xff, 0xff, 0xff, 0xfc, 0x1d, 0xff, 0xff, 0xff, 0xfc, 0x00, 0x00, 0x00, 0x00, 0x00, 
	0x00, 0x00, 0x0f, 0xee, 0xff, 0xee, 0xee, 0xff, 0xb8, 0x08, 0xbe, 0xfc, 0x08, 0xa0, 0x00, 0x2f, 
	0x80, 0xa0, 0x00, 0xbe, 0xbf, 0xff, 0xff, 0xee, 0x80, 0x0b, 0xee, 0xff, 0xfe, 0xee, 0xff, 0xff, 
	0xee, 0xfe, 0xa8, 0xfb, 0xfe, 0xef, 0xfe, 0x00, 0x00, 0x00, 0x00, 0x00, 0x00, 0x00, 0x05, 0xff, 
	0xff, 0xff, 0xdf, 0xfd, 0x78, 0x00, 0x5f, 0xfc, 0x00, 0x00, 0x00, 0x0f, 0xc0, 0x00, 0x00, 0x3f, 
	0xff, 0xff, 0xff, 0xfc, 0x00, 0x03, 0xff, 0xff, 0xff, 0xff, 0xff, 0xff, 0xff, 0xfd, 0xd1, 0xfd, 
	0xff, 0xff, 0xff, 0x40, 0x00, 0x00, 0x00, 0x00, 0x00, 0x00, 0x00, 0xff, 0xbf, 0xfb, 0xfb, 0xfe, 
	0xb8, 0x20, 0xaf, 0xe0, 0x08, 0x80, 0x00, 0x2e, 0x80, 0x80, 0x00, 0x2f, 0xef, 0xff, 0xff, 0xfe, 
	0x82, 0xab, 0xff, 0xff, 0xff, 0xbb, 0xff, 0xff, 0xff, 0xfa, 0xa0, 0xfe, 0xbf, 0xff, 0xfb, 0xa0, 
	0x00, 0x00, 0x00, 0x00, 0x00, 0x00, 0x00, 0x7f, 0xff, 0xf5, 0xf7, 0xff, 0x78, 0x00, 0x1f, 0xf0, 
	0x00, 0x00, 0x00, 0x0f, 0xc0, 0x00, 0x00, 0x0f, 0xff, 0xff, 0xff, 0xff, 0x1f, 0xff, 0x7f, 0xff, 
	0xff, 0xff, 0xff, 0xff, 0xff, 0xfe, 0x74, 0xff, 0xdf, 0xff, 0xff, 0xfc, 0x00, 0x00, 0x00, 0x00, 
	0x00, 0x00, 0x00, 0x3f, 0xff, 0xeb, 0xee, 0xee, 0xe8, 0x00, 0xaf, 0xe8, 0x08, 0x80, 0x08, 0x0e, 
	0x80, 0x88, 0x00, 0x8f, 0xff, 0xef, 0xff, 0xff, 0xfe, 0xee, 0xba, 0xff, 0xfe, 0xef, 0xef, 0xff, 
	0xff, 0xfe, 0xe8, 0xff, 0xef, 0xff, 0xee, 0xfe, 0x80, 0x00, 0x00, 0x00, 0x00, 0x00, 0x00, 0x7f, 
	0xff, 0xff, 0xdf, 0xff, 0xe0, 0x00, 0x7f, 0xfc, 0x04, 0x00, 0x00, 0x0e, 0x40, 0x00, 0x00, 0x4f, 
	0xff, 0xff, 0xff, 0xff, 0xfc, 0x00, 0x1f, 0xff, 0xff, 0xff, 0xff, 0xff, 0xff, 0xff, 0xf0, 0xff, 
	0xff, 0xff, 0xff, 0xff, 0xc0, 0x00, 0x00, 0x00, 0x00, 0x00, 0x00, 0x0e, 0xaf, 0xaf, 0xeb, 0xbf, 
	0xe0, 0x20, 0xfe, 0xfa, 0x0a, 0x00, 0x08, 0x0e, 0xa0, 0x88, 0x00, 0x2f, 0xff, 0xff, 0xff, 0xff, 
	0xaa, 0x02, 0xbe, 0xaf, 0xfe, 0xfb, 0xff, 0xbf, 0xff, 0xff, 0xa0, 0xfb, 0xfb, 0xff, 0xff, 0xfb, 
	0x80, 0x00, 0x00, 0x00, 0x00, 0x00, 0x00, 0x07, 0xff, 0xff, 0xff, 0xff, 0xf0, 0x01, 0xfc, 0xff, 
	0x00, 0x00, 0x00, 0x0e, 0x60, 0x00, 0x00, 0x07, 0xff, 0xff, 0xff, 0xff, 0x00, 0x00, 0x1f, 0xdf, 
	0xff, 0xff, 0xff, 0xff, 0xff, 0xff, 0xe1, 0xff, 0xff, 0xff, 0xff, 0xff, 0xf0, 0x00, 0x00, 0x00, 
	0x00, 0x00, 0x00, 0x03, 0xee, 0xfe, 0xae, 0xff, 0x80, 0x2a, 0xf8, 0x3e, 0xc8, 0x80, 0x08, 0x0a, 
	0xa0, 0x80, 0x00, 0x03, 0xff, 0xff, 0xff, 0xea, 0xa0, 0x00, 0xab, 0xaa, 0xee, 0xee, 0xef, 0xff, 
	0xff, 0xef, 0xe3, 0xef, 0xff, 0xff, 0xff, 0xfe, 0xbc, 0x00, 0x00, 0x00, 0x00, 0x00, 0x00, 0x01, 
	0xff, 0xff, 0xdf, 0xff, 0xc0, 0x07, 0xf8, 0x3f, 0xc4, 0x00, 0x00, 0x0c, 0x70, 0x00, 0x00, 0x07, 
	0xff, 0xff, 0xff, 0xfc, 0x00, 0x00, 0x05, 0x7d, 0xff, 0xff, 0xff, 0xff, 0xff, 0xff, 0xf7, 0xff, 
	0xff, 0xff, 0xff, 0xff, 0xfc, 0x00, 0x00, 0x00, 0x00, 0x00, 0x00, 0x00, 0x2e, 0xfa, 0xab, 0xff, 
	0x80, 0x2f, 0xe0, 0x2f, 0xa2, 0x80, 0x08, 0x3a, 0x20, 0x8a, 0x00, 0x23, 0xff, 0xff, 0xbf, 0xf8, 
	0x00, 0x00, 0x02, 0xaa, 0xae, 0xfb, 0xff, 0xff, 0xff, 0xff, 0xff, 0xff, 0xff, 0xff, 0xff, 0xfe, 
	0xae, 0x00, 0x00, 0x00, 0x00, 0x00, 0x00, 0x00, 0x0f, 0xff, 0x7f, 0xff, 0x00, 0x1f, 0xe0, 0x1f, 
	0xe0, 0x00, 0x04, 0x30, 0x10, 0x04, 0x00, 0x11, 0xff, 0xff, 0xff, 0xfc, 0x00, 0x00, 0x00, 0x1f, 
	0xdf, 0xff, 0xff, 0xff, 0xff, 0xff, 0xff, 0xff, 0xff, 0xff, 0xff, 0xff, 0xff, 0x40, 0x00, 0x00, 
	0x00, 0x00, 0x00, 0x00, 0x0b, 0xfe, 0xff, 0xee, 0x80, 0x8f, 0xa8, 0x0b, 0xea, 0x00, 0x08, 0xb8, 
	0x28, 0xa2, 0x00, 0x0a, 0xff, 0xee, 0xfe, 0xe8, 0x80, 0x00, 0x00, 0xaa, 0xee, 0xef, 0xef, 0xfe, 
	0xff, 0xff, 0xff, 0xff, 0xfe, 0xff, 0xfe, 0xee, 0xef, 0xe0, 0x00, 0x00, 0x00, 0x00, 0x00, 0x00, 
	0x01, 0xcf, 0xff, 0xfe, 0x00, 0x05, 0x80, 0x03, 0x84, 0x00, 0x04, 0x3c, 0x0c, 0x64, 0x00, 0x00, 
	0x7f, 0xff, 0xff, 0xfc, 0x00, 0x00, 0x00, 0x01, 0xff, 0xff, 0xff, 0xff, 0xff, 0xff, 0xff, 0xff, 
	0xff, 0xff, 0xff, 0xff, 0xff, 0xf0, 0x00, 0x00, 0x00, 0x00, 0x00, 0x00, 0x00, 0x02, 0xfa, 0x3e, 
	0x08, 0x8b, 0x82, 0x02, 0x82, 0x00, 0x0a, 0x38, 0x28, 0x22, 0x80, 0x08, 0xff, 0xff, 0xfe, 0xfa, 
	0x02, 0x00, 0x00, 0x2a, 0xbf, 0xfb, 0xff, 0xff, 0xfb, 0xbf, 0xff, 0xef, 0xff, 0xff, 0xff, 0xfb, 
	0xfe, 0xf8, 0x00, 0x00, 0x00, 0x00, 0x00, 0x00, 0x00, 0x01, 0xfe, 0x7c, 0x00, 0x00, 0x00, 0x00, 
	0x01, 0x00, 0x04, 0x70, 0x06, 0x70, 0x00, 0x00, 0x7f, 0xff, 0xff, 0xf0, 0x00, 0x00, 0x00, 0x10, 
	0x1f, 0xff, 0xff, 0xff, 0xff, 0xbf, 0xff, 0xff, 0xff, 0xff, 0xff, 0xff, 0xff, 0xfc, 0x00, 0x00, 
	0x00, 0x00, 0x00, 0x00, 0x00, 0x00, 0xee, 0xa8, 0x08, 0x88, 0x08, 0x00, 0x02, 0x80, 0x0c, 0x68, 
	0x0e, 0xea, 0x80, 0x08, 0x2f, 0xee, 0xfe, 0xe8, 0xa8, 0x00, 0x00, 0x0a, 0xae, 0xef, 0xef, 0xfe, 
	0xff, 0xbe, 0xef, 0xff, 0xfe, 0xff, 0xff, 0xef, 0xee, 0xef, 0x80, 0x00, 0x00, 0x00, 0x00, 0x00, 
	0x00, 0x01, 0xff, 0xfc, 0x00, 0x00, 0x04, 0x00, 0x05, 0x00, 0x0c, 0x40, 0x06, 0x50, 0x00, 0x00, 
	0x1f, 0xff, 0xfd, 0xf0, 0xc0, 0x00, 0x00, 0x04, 0x8f, 0xff, 0xff, 0xff, 0xff, 0xdf, 0xff, 0xff, 
	0xff, 0xff, 0xff, 0xff, 0xff, 0xff, 0x80, 0x00, 0x00, 0x00, 0x00, 0x00, 0x00, 0x03, 0xaf, 0xe0, 
	0x08, 0x08, 0x02, 0x00, 0x02, 0x20, 0x0e, 0xe8, 0x3e, 0x02, 0x80, 0x02, 0x0b, 0xff, 0xfa, 0xfb, 
	0x80, 0x00, 0x00, 0x2b, 0xaf, 0xff, 0xff, 0xff, 0xfb, 0x8b, 0xff, 0xff, 0xff, 0xff, 0xff, 0xff, 
	0xff, 0xfb, 0xe0, 0x00, 0x00, 0x00, 0x00, 0x00, 0x00, 0x03, 0xff, 0xf0, 0x10, 0x00, 0x00, 0x00, 
	0x03, 0x00, 0x0f, 0xe1, 0xff, 0x83, 0x00, 0x00, 0x07, 0xff, 0xfc, 0x77, 0x00, 0x00, 0x00, 0x73, 
	0x5f, 0xff, 0xff, 0xff, 0xff, 0xc5, 0xff, 0xff, 0xff, 0xff, 0xff, 0xff, 0xff, 0xff, 0xe0, 0x00, 
	0x00, 0x00, 0x00, 0x00, 0x00, 0x02, 0xef, 0xe0, 0xa8, 0x88, 0x08, 0x00, 0x00, 0x80, 0xee, 0xef, 
	0xeb, 0x83, 0xa8, 0x00, 0x88, 0xff, 0xfa, 0xea, 0x00, 0x00, 0x0a, 0xef, 0xff, 0xef, 0xef, 0xfe, 
	0xfe, 0x8f, 0xef, 0xef, 0xff, 0xff, 0xff, 0xff, 0xff, 0xee, 0xa8, 0x00, 0x00, 0x00, 0x00, 0x00, 
	0x00, 0x07, 0xff, 0xc0, 0x60, 0x00, 0x04, 0x00, 0x00, 0x00, 0x4c, 0xff, 0xc1, 0xc3, 0x80, 0x00, 
	0x1c, 0xff, 0xfd, 0xf4, 0x00, 0x00, 0x04, 0xcf, 0xff, 0xff, 0xff, 0xff, 0xff, 0xc7, 0xff, 0xff, 
	0xff, 0xff, 0xff, 0xff, 0xff, 0xff, 0xfc, 0x00, 0x00, 0x00, 0x00, 0x00, 0x00, 0x0b, 0xbf, 0x82, 
	0xe2, 0x08, 0x02, 0x00, 0x00, 0xa2, 0x8b, 0xaa, 0x2a, 0xa2, 0xa2, 0x00, 0x8a, 0xaf, 0xaa, 0xea, 
	0x00, 0xaa, 0x82, 0xbf, 0xff, 0xbf, 0xbf, 0xff, 0xff, 0x8f, 0xff, 0xbf, 0xff, 0xff, 0xff, 0xff, 
	0xff, 0xbb, 0xfa, 0x00, 0x00, 0x00, 0x00, 0x00, 0x00, 0x1d, 0xff, 0x01, 0xe0, 0x00, 0x02, 0x00, 
	0x00, 0x84, 0x01, 0x80, 0x3c, 0x60, 0x60, 0x00, 0x07, 0xc7, 0xf1, 0xc0, 0x15, 0xfc, 0x03, 0xff, 
	0xff, 0xff, 0xff, 0xff, 0xff, 0x97, 0xf7, 0xff, 0xff, 0xff, 0xff, 0xff, 0xff, 0xff, 0xff, 0x00, 
	0x00, 0x00, 0x00, 0x00, 0x00, 0x0e, 0xea, 0x0b, 0xe0, 0x08, 0x0a, 0x00, 0x00, 0x8a, 0x0b, 0xa8, 
	0x2a, 0xe0, 0xe8, 0x80, 0x8f, 0xeb, 0xe8, 0xea, 0xfe, 0x80, 0x2f, 0xbf, 0xfe, 0xef, 0xef, 0xfe, 
	0xef, 0xab, 0xea, 0xee, 0xef, 0xff, 0xff, 0xff, 0xff, 0xee, 0xee, 0x80, 0x00, 0x00, 0x00, 0x00, 
	0x00, 0x0f, 0xf8, 0x57, 0x00, 0x00, 0x00, 0x00, 0x00, 0xc0, 0x05, 0x00, 0x05, 0xf0, 0x70, 0x00, 
	0x01, 0xff, 0xe7, 0xc7, 0xf0, 0x01, 0xff, 0xff, 0xff, 0xff, 0xff, 0xff, 0xff, 0x13, 0xe5, 0xff, 
	0xff, 0xff, 0xff, 0xff, 0xff, 0xff, 0xff, 0x00, 0x00, 0x00, 0x00, 0x00, 0x00, 0x0a, 0xa0, 0xef, 
	0xa0, 0x0a, 0x02, 0x00, 0x00, 0xa0, 0x2a, 0xa0, 0x2a, 0xb8, 0xa2, 0x20, 0x02, 0xff, 0xe3, 0xae, 
	0xaa, 0xab, 0xff, 0xff, 0xbb, 0xbf, 0xff, 0xff, 0xff, 0xfb, 0xa8, 0xbf, 0xff, 0xff, 0xff, 0xff, 
	0xfe, 0xbf, 0xfe, 0x00, 0x00, 0x00, 0x00, 0x00, 0x00, 0x1c, 0x17, 0xf7, 0x40, 0x00, 0x00, 0x00, 
	0x00, 0xe0, 0x06, 0x00, 0x00, 0x10, 0x70, 0x00, 0x01, 0xff, 0xc7, 0x1c, 0x1f, 0xff, 0xff, 0xff, 
	0xff, 0xff, 0xff, 0xff, 0xff, 0xf1, 0xf0, 0x1f, 0xff, 0xff, 0xff, 0xff, 0xff, 0xff, 0xff, 0x00, 
	0x00, 0x00, 0x00, 0x00, 0x00, 0x0e, 0xbf, 0xaf, 0x80, 0x88, 0x00, 0x80, 0x80, 0xe0, 0x2e, 0x80, 
	0x00, 0xac, 0xa8, 0x80, 0x80, 0xaf, 0xee, 0xa8, 0xff, 0xfe, 0xff, 0xfe, 0xbf, 0xfe, 0xff, 0xfe, 
	0xef, 0xfe, 0xea, 0xbe, 0xef, 0xff, 0xaf, 0xff, 0xfe, 0xee, 0xee, 0x80, 0x00, 0x00, 0x00, 0x00, 
	0x00, 0x1f, 0xff, 0xcf, 0xc0, 0x00, 0x00, 0x00, 0x00, 0xe0, 0x4e, 0x40, 0x00, 0x0c, 0x5c, 0x00, 
	0x00, 0x47, 0xc7, 0x01, 0xff, 0xff, 0xff, 0xff, 0xff, 0xff, 0xff, 0xff, 0xff, 0xfd, 0x5c, 0x5f, 
	0xff, 0xff, 0xdf, 0xff, 0xff, 0xff, 0xff, 0x00, 0x00, 0x00, 0x00, 0x00, 0x00, 0x3b, 0xff, 0xbf, 
	0x80, 0x08, 0x02, 0x80, 0x00, 0xa0, 0xea, 0x80, 0x00, 0x2a, 0x2b, 0x80, 0x82, 0x2b, 0xba, 0xaf, 
	0xff, 0xff, 0xff, 0xef, 0xfb, 0xff, 0xff, 0xff, 0xff, 0xff, 0xaa, 0xbb, 0xff, 0xff, 0xff, 0xff, 
	0xfb, 0xaf, 0xfe, 0x00, 0x00, 0x00, 0x00, 0x00, 0x00, 0x7f, 0xff, 0x7f, 0x00, 0x10, 0x00, 0x00, 
	0x00, 0x60, 0x58, 0x00, 0x00, 0x03, 0x07, 0x00, 0x00, 0x1f, 0xfc, 0x1f, 0xff, 0xff, 0xff, 0xd3, 
	0x7f, 0xff, 0xff, 0xff, 0xff, 0xff, 0xff, 0x17, 0xff, 0xff, 0xff, 0xff, 0xff, 0xff, 0xff, 0x00, 
	0x00, 0x00, 0x00, 0x00, 0x00, 0xaf, 0xfe, 0xab, 0x80, 0x08, 0x0a, 0x80, 0x00, 0x28, 0xea, 0x80, 
	0x00, 0x0a, 0x8b, 0xa0, 0x80, 0x8f, 0xf8, 0xaf, 0xff, 0xff, 0xfe, 0xea, 0xee, 0xee, 0xef, 0xfe, 
	0xff, 0xff, 0xff, 0xaf, 0xfe, 0xef, 0xff, 0xff, 0xee, 0xfe, 0xee, 0x80, 0x00, 0x00, 0x00, 0x00, 
	0x00, 0xff, 0xfe, 0x43, 0x00, 0x0c, 0x04, 0xc0, 0x00, 0x70, 0x44, 0x00, 0x00, 0x04, 0xc5, 0xe0, 
	0x00, 0x0f, 0xf0, 0x5f, 0xff, 0xff, 0xfe, 0xf0, 0xff, 0xff, 0xff, 0xff, 0xff, 0xdf, 0xfd, 0xe7, 
	0xdf, 0xff, 0xff, 0xff, 0xff, 0xff, 0xff, 0x00, 0x00, 0x00, 0x00, 0x00, 0x02, 0xbf, 0xfa, 0x0a, 
	0x00, 0x08, 0x02, 0x80, 0x20, 0x28, 0xea, 0x00, 0x00, 0x0a, 0xe2, 0xe8, 0x20, 0x8f, 0xe0, 0xbf, 
	0xfb, 0xff, 0xbe, 0xaa, 0xff, 0xff, 0xff, 0xff, 0xff, 0xff, 0xba, 0xaf, 0xab, 0xff, 0xff, 0xff, 
	0xff, 0xbf, 0xfe, 0x00, 0x00, 0x00, 0x00, 0x00, 0x01, 0xff, 0xfc, 0x06, 0x00, 0x1c, 0x00, 0xc0, 
	0x00, 0x10, 0x70, 0x00, 0x00, 0x3f, 0xc2, 0xd8, 0x10, 0x03, 0xe0, 0x7e, 0x73, 0xdf, 0x1f, 0x41, 
	0xff, 0xff, 0xff, 0xff, 0xff, 0xff, 0x78, 0xc7, 0xd1, 0xf7, 0xff, 0xff, 0xff, 0xff, 0xfc, 0x00, 
	0x00, 0x00, 0x00, 0x80, 0x0a, 0xee, 0xf8, 0xaa, 0x08, 0x88, 0x08, 0x80, 0x08, 0x08, 0xaa, 0x80, 
	0x0a, 0xbe, 0xa8, 0xee, 0xaa, 0x82, 0xe8, 0x28, 0xaa, 0xae, 0xae, 0xaa, 0xef, 0xee, 0xfe, 0xfe, 
	0xff, 0xfe, 0xea, 0xef, 0xea, 0xaa, 0xff, 0xfe, 0xee, 0xef, 0xf8, 0x00, 0x00, 0x00, 0x00, 0xc0, 
	0x1f, 0xff, 0xf8, 0x06, 0x00, 0x1c, 0x04, 0x40, 0x00, 0x18, 0xf4, 0x00, 0x0f, 0xd4, 0x58, 0xc4, 
	0x44, 0x01, 0xd0, 0x00, 0x47, 0x04, 0x04, 0x05, 0xff, 0xff, 0xff, 0xff, 0xff, 0xff, 0xdc, 0x57, 
	0xdc, 0x1c, 0xff, 0xff, 0xff, 0xff, 0xfc, 0x00, 0x00, 0x00, 0x00, 0xa2, 0x3b, 0xbf, 0xf8, 0x2e, 
	0x00, 0xa8, 0x02, 0x20, 0x08, 0x0a, 0xea, 0x8a, 0xfa, 0xaa, 0xaa, 0xaa, 0xeb, 0x80, 0xb8, 0x00, 
	0xa2, 0x02, 0xaa, 0xa3, 0xff, 0xfb, 0xff, 0xff, 0xfe, 0xff, 0xba, 0xbb, 0xaa, 0xae, 0xbf, 0xfb, 
	0xbf, 0xff, 0xf8, 0x00, 0x00, 0x00, 0x00, 0x7f, 0xff, 0xff, 0xf0, 0x1c, 0x00, 0x74, 0x00, 0x40, 
	0x00, 0x1c, 0xf3, 0x07, 0xc0, 0x1f, 0xe5, 0x34, 0x7d, 0xc6, 0x1c, 0x00, 0x00, 0x00, 0x00, 0x07, 
	0xff, 0xff, 0xff, 0xff, 0xff, 0xdf, 0xdc, 0x13, 0xdc, 0x5f, 0x3f, 0xff, 0xff, 0xff, 0xfc, 0x00, 
	0x00, 0x00, 0x00, 0x3f, 0xee, 0xef, 0x80, 0x28, 0x00, 0xa8, 0x08, 0xa8, 0x08, 0x8e, 0xea, 0xaa, 
	0x80, 0xaf, 0xea, 0xa8, 0xee, 0xee, 0x8a, 0xa8, 0x00, 0x88, 0xa8, 0xaf, 0xff, 0xef, 0xef, 0xef, 
	0xff, 0xee, 0xea, 0x8a, 0xee, 0xaa, 0xbf, 0xee, 0xfe, 0xff, 0xf8, 0x00, 0x00, 0x00, 0x00, 0x01, 
	0xff, 0xff, 0x80, 0x70, 0x00, 0x4c, 0x40, 0x70, 0x04, 0x07, 0xfd, 0x00, 0x07, 0xff, 0xfd, 0xfc, 
	0x45, 0xff, 0xd7, 0xf0, 0x00, 0x00, 0x00, 0x4f, 0xff, 0xff, 0xff, 0xff, 0xff, 0xfc, 0xfc, 0x5e, 
	0x77, 0x41, 0xcf, 0xff, 0xff, 0xff, 0xf8, 0x00, 0x00, 0x00, 0x00, 0x02, 0xbf, 0xfe, 0xa0, 0xb8, 
	0x22, 0xaa, 0x82, 0x28, 0x02, 0x2b, 0xaf, 0xaa, 0xbf, 0xff, 0xea, 0xbe, 0xab, 0xeb, 0xff, 0xa0, 
	0x00, 0x02, 0x2a, 0xbf, 0xbf, 0xbb, 0xff, 0xff, 0xff, 0xfe, 0xba, 0xbe, 0xaa, 0xab, 0xaf, 0xbf, 
	0xff, 0xff, 0xf8, 0x00, 0x00, 0x00, 0x00, 0x00, 0x1f, 0xff, 0xc1, 0xf0, 0x01, 0x80, 0x00, 0x30, 
	0x00, 0x03, 0xff, 0xff, 0xff, 0xf7, 0xf0, 0x1d, 0xc3, 0xf1, 0x57, 0x00, 0x00, 0x00, 0x00, 0x3f, 
	0x7f, 0xff, 0xff, 0xff, 0xff, 0xf7, 0x1f, 0xd7, 0xde, 0x63, 0xff, 0xff, 0xff, 0xff, 0xf8, 0x00, 
	0x00, 0x00, 0x00, 0x00, 0xbf, 0xef, 0xc8, 0xe0, 0x80, 0xa2, 0x8a, 0xa8, 0x00, 0xa3, 0xff, 0xff, 
	0xef, 0xef, 0xe8, 0xa8, 0xae, 0xaa, 0x88, 0x00, 0x00, 0x08, 0x88, 0xfe, 0xbe, 0xee, 0xff, 0xff, 
	0xff, 0xee, 0xaf, 0xab, 0xfe, 0xaa, 0xee, 0xef, 0xff, 0xef, 0xf8, 0x00, 0x00, 0x00, 0x00, 0x00, 
	0xff, 0xff, 0xc1, 0xe0, 0x00, 0xc0, 0x05, 0x00, 0x00, 0x01, 0xff, 0xff, 0xff, 0xfd, 0x40, 0x1c, 
	0x4d, 0x04, 0x40, 0x00, 0x00, 0x00, 0x46, 0xfd, 0x7f, 0xff, 0xff, 0xff, 0xff, 0xdf, 0x07, 0x0f, 
	0xff, 0x85, 0xff, 0xff, 0xff, 0xff, 0xfc, 0x00, 0x00, 0x00, 0x00, 0x02, 0xff, 0xff, 0xab, 0xe2, 
	0x00, 0xa2, 0x83, 0xaa, 0x00, 0xab, 0xff, 0xff, 0xff, 0xf8, 0x02, 0xba, 0x2a, 0xa2, 0x20, 0x00, 
	0x00, 0x80, 0x8b, 0xfa, 0xbb, 0xbf, 0xff, 0xff, 0xff, 0xfb, 0xab, 0xab, 0xfa, 0xa3, 0xea, 0xff, 
	0xff, 0xff, 0xfe, 0x00, 0x00, 0x00, 0x00, 0x07, 0xff, 0xff, 0xc7, 0xc1, 0x01, 0xc1, 0x81, 0x18, 
	0x00, 0x0f, 0xff, 0xff, 0xff, 0xfc, 0x00, 0x30, 0x70, 0x00, 0x00, 0x00, 0x00, 0x00, 0x0f, 0xf8, 
	0x7f, 0xff, 0xff, 0xff, 0xff, 0x79, 0xff, 0x8f, 0xf7, 0x17, 0xff, 0xff, 0xff, 0xff, 0xff, 0x00, 
	0x00, 0x00, 0x00, 0x0e, 0xff, 0xef, 0xcf, 0x82, 0x8b, 0xa0, 0x80, 0xa8, 0x80, 0xaf, 0xff, 0xff, 
	0xff, 0xaa, 0x80, 0xea, 0x88, 0x88, 0x00, 0x00, 0x00, 0x02, 0x8a, 0xaa, 0xee, 0xef, 0xff, 0xee, 
	0xff, 0xbb, 0xaf, 0xee, 0xaa, 0x8e, 0xee, 0xee, 0xef, 0xff, 0xfe, 0x80, 0x00, 0x00, 0x00, 0x1f, 
	0xff, 0xff, 0xcf, 0x07, 0x05, 0xc1, 0x80, 0xc4, 0x01, 0xff, 0xff, 0xff, 0xf5, 0xc0, 0x01, 0xc0, 
	0x00, 0x00, 0x00, 0x00, 0x00, 0x00, 0xc1, 0xc5, 0xfd, 0xff, 0xff, 0xff, 0xff, 0x9f, 0x45, 0xfc, 
	0x5e, 0x5d, 0xfd, 0xff, 0xff, 0xff, 0xff, 0xc0, 0x00, 0x00, 0x00, 0x3f, 0xfb, 0xbf, 0x8f, 0x8e, 
	0x2b, 0xa0, 0x80, 0xa2, 0x22, 0xaa, 0xfe, 0xfb, 0xfb, 0xa8, 0x00, 0x00, 0x02, 0xa0, 0x00, 0x00, 
	0x00, 0x00, 0xab, 0xaa, 0xeb, 0xff, 0xff, 0xff, 0xff, 0xbf, 0xaa, 0xfe, 0x8a, 0xba, 0xbe, 0xfb, 
	0xbf, 0xff, 0xff, 0x80, 0x00, 0x00, 0x00, 0x3f, 0xff, 0xff, 0xcf, 0x06, 0x01, 0x81, 0x81, 0xc7, 
	0x00, 0x00, 0x7d, 0xf9, 0xf7, 0x00, 0x00, 0x00, 0x00, 0x00, 0x00, 0x00, 0x00, 0x00, 0x05, 0x05, 
	0xff, 0xff, 0xff, 0xff, 0xff, 0x7f, 0x7d, 0xff, 0x1f, 0x7f, 0xff, 0xff, 0xff, 0xff, 0xff, 0xc0, 
	0x00, 0x00, 0x00, 0x3e, 0xef, 0xef, 0x8e, 0x8e, 0x0b, 0x88, 0xe0, 0xea, 0x88, 0x08, 0xbe, 0xea, 
	0xa8, 0x88, 0x88, 0x00, 0x08, 0x80, 0x00, 0x00, 0x00, 0x00, 0x00, 0x0b, 0xea, 0xfe, 0xff, 0xef, 
	0xff, 0xaf, 0xef, 0xea, 0x8f, 0xea, 0xee, 0xee, 0xef, 0xff, 0xfe, 0xe8, 0x00, 0x00, 0x00, 0x7f, 
	0xff, 0xff, 0xce, 0x1c, 0x05, 0x81, 0xc0, 0xc1, 0xc4, 0x00, 0x3e, 0xee, 0x40, 0x00, 0x00, 0x00, 
	0x00, 0x00, 0x00, 0x00, 0x00, 0x00, 0x00, 0x07, 0xff, 0xff, 0xff, 0xff, 0xff, 0xc7, 0xe5, 0xdc, 
	0x0f, 0xdd, 0xff, 0xdf, 0xff, 0xff, 0xff, 0xf0, 0x00, 0x00, 0x00, 0x3f, 0xff, 0xff, 0xae, 0xbe, 
	0x2e, 0x8a, 0xe0, 0xaa, 0x8a, 0x00, 0xae, 0xaa, 0xaa, 0xa8, 0x00, 0x00, 0x02, 0x00, 0x00, 0x00, 
	0x00, 0x00, 0x00, 0x2b, 0xfa, 0xfb, 0xff, 0xff, 0xff, 0xab, 0xea, 0xfa, 0x0f, 0xab, 0xaa, 0xba, 
	0xff, 0xff, 0xff, 0xb0, 0x00, 0x00, 0x00, 0x3f, 0xff, 0xff, 0xc7, 0xfc, 0x1e, 0xc1, 0xc0, 0x70, 
	0x80, 0x00, 0x0f, 0x84, 0x00, 0x00, 0x00, 0x00, 0x00, 0x00, 0x00, 0x00, 0x00, 0x00, 0x00, 0x1f, 
	0xf7, 0xff, 0xff, 0xff, 0xff, 0xd7, 0x71, 0xfd, 0x1f, 0xff, 0xff, 0xff, 0xff, 0xff, 0xff, 0xf0, 
	0x00, 0x00, 0x00, 0xbe, 0xff, 0xff, 0xef, 0xfe, 0xae, 0xe2, 0xe0, 0xa8, 0xca, 0x80, 0x0b, 0x88, 
	0x88, 0xa8, 0x80, 0x00, 0x00, 0x00, 0x00, 0x00, 0x00, 0x00, 0x08, 0xbf, 0xee, 0xee, 0xff, 0xbf, 
	0xfe, 0xaa, 0xea, 0xaa, 0xae, 0xae, 0xea, 0xee, 0xee, 0xef, 0xfe, 0xe8, 0x00, 0x00, 0x00, 0xff, 
	0xff, 0xff, 0xf7, 0xfc, 0x0e, 0x47, 0x70, 0x74, 0xc0, 0x40, 0x03, 0xc0, 0x00, 0x00, 0x00, 0x00, 
	0x00, 0x00, 0x00, 0x00, 0x00, 0x00, 0x0d, 0xff, 0xff, 0xff, 0xff, 0xff, 0xfd, 0xc0, 0xff, 0x70, 
	0x7f, 0xff, 0xfd, 0xff, 0xff, 0xff, 0xff, 0xf4, 0x00, 0x00, 0x00, 0xff, 0xff, 0xff, 0xe3, 0xfe, 
	0x2e, 0x22, 0xf2, 0x3a, 0xa0, 0xa0, 0x00, 0xea, 0xaa, 0x22, 0x00, 0x00, 0x00, 0x80, 0x00, 0x00, 
	0x00, 0x00, 0x2f, 0xff, 0xff, 0xfb, 0xbe, 0xbf, 0xfb, 0xa8, 0xff, 0xe0, 0xbb, 0xfa, 0xaa, 0xab, 
	0xaa, 0xfb, 0xbf, 0xfc, 0x00, 0x00, 0x01, 0xff, 0xff, 0xff, 0xf7, 0xfc, 0x0f, 0x07, 0x71, 0x77, 
	0x30, 0x14, 0x00, 0x7c, 0x50, 0x00, 0x00, 0x00, 0x00, 0x00, 0x00, 0x00, 0x00, 0x00, 0x17, 0xff, 
	0xff, 0xff, 0xff, 0x7f, 0xfd, 0xc4, 0xff, 0xf1, 0xff, 0x7f, 0xff, 0xff, 0xff, 0xff, 0xff, 0xfc, 
	0x00, 0x00, 0x00, 0xff, 0xff, 0xfe, 0xfb, 0xfe, 0xaf, 0x8a, 0xf8, 0xae, 0x88, 0x8e, 0x80, 0x0a, 
	0xa8, 0x88, 0x00, 0x00, 0x00, 0x00, 0x00, 0x00, 0x00, 0x00, 0x00, 0x8a, 0xfe, 0xee, 0xf8, 0xff, 
	0xfe, 0xa8, 0xaf, 0xaa, 0xee, 0xea, 0xee, 0xae, 0xea, 0xee, 0xee, 0xec, 0x00, 0x00, 0x01, 0xff, 
	0xff, 0xff, 0xfd, 0xff, 0x27, 0x9c, 0x70, 0x0c, 0xd8, 0x05, 0x8d, 0x01, 0xf0, 0x00, 0x00, 0x00, 
	0x00, 0x00, 0x00, 0x00, 0x00, 0x00, 0x00, 0x07, 0xff, 0xff, 0xfd, 0xff, 0xfe, 0x70, 0x7f, 0xe7, 
	0xff, 0xfd, 0xff, 0xff, 0xff, 0xff, 0xff, 0xfc, 0x00, 0x00, 0x00, 0xff, 0xff, 0xff, 0xfe, 0xff, 
	0xaf, 0xae, 0xba, 0x2a, 0xb8, 0x02, 0xbf, 0xab, 0xa2, 0x00, 0x00, 0x00, 0x00, 0x00, 0x00, 0x00, 
	0x00, 0x00, 0x00, 0x2f, 0xab, 0xff, 0xf8, 0xff, 0xfe, 0xa8, 0xbf, 0xff, 0xaa, 0xab, 0xab, 0xba, 
	0xbb, 0xfb, 0xaf, 0xfc, 0x00, 0x00, 0x07, 0xff, 0xff, 0xff, 0xfe, 0x7f, 0x1f, 0xf5, 0x7c, 0x64, 
	0x14, 0x00, 0x7f, 0xff, 0x00, 0x00, 0x00, 0x00, 0x00, 0x00, 0x00, 0x00, 0x00, 0x00, 0x00, 0x1f, 
	0x5f, 0xff, 0xf1, 0xff, 0xff, 0x00, 0x7f, 0xff, 0xdf, 0xff, 0x7f, 0xff, 0xff, 0xff, 0xff, 0xfc, 
	0x00, 0x00, 0x0f, 0xff, 0xff, 0xee, 0xfe, 0x88, 0x8b, 0xf8, 0xfe, 0xae, 0x8e, 0x88, 0xab, 0xfe, 
	0x8a, 0x20, 0x00, 0x00, 0x00, 0x00, 0x00, 0x00, 0x00, 0x00, 0x02, 0xfe, 0xaf, 0xff, 0xfb, 0xff, 
	0xfe, 0xa8, 0xac, 0xfe, 0xaa, 0xae, 0xaa, 0xab, 0xee, 0xef, 0xee, 0xec, 0x00, 0x00, 0x1f, 0xff, 
	0xff, 0xdf, 0xff, 0x81, 0xc1, 0xfd, 0xfe, 0x67, 0x05, 0x80, 0x59, 0xfc, 0x17, 0x00, 0x00, 0x00, 
	0x00, 0x00, 0x00, 0x00, 0x00, 0x00, 0x00, 0xff, 0xff, 0xff, 0xf7, 0xff, 0xff, 0x00, 0x5c, 0xff, 
	0xff, 0xdd, 0xfd, 0xff, 0xff, 0xff, 0xff, 0xfc, 0x00, 0x00, 0x3f, 0xff, 0xfe, 0xfb, 0xaf, 0xef, 
	0xea, 0xff, 0xfe, 0xab, 0xab, 0xa2, 0xa2, 0xfa, 0xbe, 0x00, 0x00, 0x00, 0x00, 0x00, 0x00, 0x00, 
	0x00, 0x00, 0x03, 0xfb, 0xeb, 0xff, 0xbf, 0xff, 0xfb, 0xaa, 0x22, 0xfb, 0xaa, 0xaa, 0xab, 0xbf, 
	0xff, 0xbe, 0xff, 0xbc, 0x00, 0x00, 0x1f, 0xff, 0xff, 0xff, 0xff, 0xff, 0xff, 0xff, 0xff, 0x83, 
	0xc3, 0xe1, 0x00, 0x7f, 0xfc, 0x00, 0x00, 0x00, 0x00, 0x00, 0x00, 0x00, 0x00, 0x00, 0x07, 0xff, 
	0xff, 0xff, 0x7f, 0xff, 0xf9, 0xde, 0x73, 0xff, 0xff, 0xff, 0xff, 0xff, 0xff, 0xff, 0xff, 0xfc, 
	0x00, 0x00, 0xbf, 0xff, 0xee, 0xee, 0xee, 0xff, 0xff, 0xef, 0xff, 0xef, 0xea, 0xea, 0xa8, 0xae, 
	0xa8, 0xa8, 0x00, 0x00, 0x00, 0x00, 0x00, 0x00, 0x00, 0x00, 0x0f, 0xff, 0xef, 0xff, 0xff, 0xfe, 
	0xf8, 0xca, 0xe2, 0xee, 0xaa, 0xfe, 0xee, 0xff, 0xff, 0xff, 0xff, 0xfc, 0x00, 0x00, 0xff, 0xff, 
	0xff, 0xff, 0xff, 0xff, 0xff, 0xff, 0xff, 0xff, 0xfc, 0x7c, 0x1c, 0x67, 0x04, 0x40, 0x00, 0x00, 
	0x00, 0x00, 0x00, 0x00, 0x00, 0x00, 0x1f, 0xff, 0xff, 0xff, 0xff, 0xff, 0xf9, 0xc4, 0x87, 0xff, 
	0xff, 0xff, 0xdf, 0xff, 0xff, 0xff, 0xff, 0xfc, 0x00, 0x00, 0xff, 0xfb, 0xbf, 0xfb, 0xff, 0xff, 
	0xff, 0xab, 0xbf, 0xff, 0xfa, 0xfe, 0x3e, 0x3b, 0x88, 0x00, 0x00, 0x00, 0x00, 0x00, 0x20, 0x00, 
	0x00, 0x00, 0x3f, 0xff, 0xfb, 0xff, 0xff, 0xef, 0xfa, 0xa8, 0xaf, 0xba, 0xba, 0xfb, 0xff, 0xff, 
	0xff, 0xff, 0xff, 0xfc, 0x00, 0x01, 0xff, 0xff, 0xff, 0xff, 0xff, 0xff, 0xff, 0xff, 0xff, 0xff, 
	0xff, 0xff, 0x7f, 0x03, 0xf0, 0x00, 0x00, 0x00, 0x00, 0x00, 0x10, 0x00, 0x00, 0x01, 0xff, 0xff, 
	0xff, 0xff, 0xff, 0xff, 0xfb, 0x01, 0xdf, 0xff, 0xff, 0xff, 0xff, 0xff, 0xff, 0xff, 0xff, 0xfc, 
	0x00, 0x03, 0xff, 0xef, 0xff, 0xff, 0xff, 0xee, 0xee, 0xae, 0xae, 0xee, 0xff, 0xff, 0xff, 0x8b, 
	0xfa, 0x88, 0x00, 0x00, 0x00, 0x08, 0x08, 0x00, 0x00, 0x03, 0xff, 0xff, 0xef, 0xff, 0xfe, 0xef, 
	0xea, 0xa8, 0xfe, 0xef, 0xae, 0xef, 0xff, 0xff, 0xff, 0xff, 0xff, 0xfc, 0x00, 0x07, 0xff, 0xff, 
	0xff, 0xff, 0xff, 0xff, 0xff, 0xfd, 0xff, 0xff, 0xff, 0xff, 0xff, 0xff, 0xfe, 0x10, 0x00, 0x00, 
	0x00, 0x08, 0x00, 0x00, 0x00, 0x07, 0xff, 0xff, 0xff, 0xff, 0xff, 0xff, 0xe7, 0x31, 0xff, 0xff, 
	0xdf, 0xff, 0xff, 0xff, 0xff, 0xff, 0xff, 0xfc, 0x00, 0x3f, 0xfb, 0xff, 0xff, 0xff, 0xff, 0xbf, 
	0xba, 0xbb, 0xbb, 0xff, 0xff, 0xff, 0xff, 0xbf, 0xfe, 0xba, 0x00, 0x00, 0x00, 0x00, 0x00, 0x00, 
	0x00, 0x2f, 0xff, 0xbf, 0xff, 0xff, 0xfb, 0xff, 0xee, 0xa3, 0xff, 0xbf, 0xaf, 0xff, 0xff, 0xff, 
	0xff, 0xff, 0xff, 0xfc, 0x00, 0x7f, 0xff, 0xff, 0xff, 0xff, 0xff, 0xff, 0xff, 0xff, 0xff, 0xff, 
	0xff, 0xff, 0xff, 0xff, 0xff, 0xff, 0x00, 0x00, 0x00, 0x00, 0x00, 0x00, 0x00, 0x3f, 0xff, 0xff, 
	0xff, 0xff, 0xff, 0xff, 0xe7, 0x03, 0xff, 0xbf, 0xff, 0xff, 0xff, 0xff, 0xff, 0xff, 0xff, 0xfc, 
	0x00, 0xff, 0xee, 0xff, 0xfe, 0xff, 0xee, 0xee, 0xee, 0xef, 0xff, 0xef, 0xff, 0xfe, 0xef, 0xef, 
	0xff, 0xff, 0xe8, 0x00, 0x00, 0x00, 0x00, 0x00, 0x00, 0xbf, 0xff, 0xef, 0xff, 0xff, 0xff, 0xef, 
	0xee, 0xab, 0xee, 0xaa, 0xab, 0xfe, 0xee, 0xee, 0xef, 0xff, 0xff, 0xfc, 0x00, 0xff, 0xff, 0xff, 
	0xff, 0xff, 0xff, 0xfd, 0xff, 0xff, 0xff, 0xff, 0xff, 0xff, 0xff, 0xff, 0xff, 0xff, 0xfc, 0x00, 
	0x00, 0x00, 0x00, 0x00, 0x01, 0xff, 0xff, 0xff, 0xff, 0xff, 0xff, 0xff, 0xcc, 0x03, 0xff, 0xff, 
	0xff, 0xff, 0xff, 0xff, 0xff, 0xff, 0xff, 0xfc, 0x00, 0xff, 0xff, 0xff, 0xff, 0xff, 0xfa, 0xaa, 
	0xaa, 0xff, 0xff, 0xff, 0xbb, 0xab, 0xff, 0xff, 0xbf, 0xff, 0xfe, 0xaa, 0x00, 0x00, 0x00, 0x00, 
	0x0b, 0xff, 0xff, 0xbf, 0xff, 0xff, 0xfb, 0xbf, 0xea, 0xab, 0xbf, 0xbf, 0xff, 0xaf, 0xba, 0xbb, 
	0xbf, 0xbf, 0xff, 0xfc, 0x00, 0xff, 0xff, 0xff, 0xff, 0xff, 0xff, 0xff, 0xff, 0x7f, 0xff, 0xff, 
	0xff, 0xf7, 0xff, 0xff, 0xff, 0xff, 0xff, 0xfc, 0x00, 0x00, 0x00, 0x00, 0x1f, 0xff, 0xff, 0xff, 
	0xff, 0xff, 0xff, 0xff, 0xe4, 0x1f, 0xff, 0xff, 0xff, 0xff, 0xfd, 0xff, 0xff, 0xff, 0xff, 0xfc, 
	0x02, 0xff, 0xff, 0xff, 0xff, 0xee, 0xee, 0xee, 0xae, 0xff, 0xff, 0xfe, 0xee, 0xee, 0xff, 0xfe, 
	0xee, 0xee, 0xee, 0xfe, 0x80, 0x00, 0x00, 0x00, 0xbf, 0xff, 0xff, 0xff, 0xff, 0xfe, 0xee, 0xef, 
	0xea, 0x8e, 0xbe, 0xff, 0xff, 0xfe, 0xee, 0xee, 0xee, 0xff, 0xfe, 0xfc, 0x07, 0xff, 0xff, 0xff, 
	0xff, 0xff, 0xfd, 0xff, 0xff, 0xff, 0xff, 0xff, 0xff, 0xff, 0xff, 0xff, 0xff, 0xdf, 0xff, 0xff, 
	0xfc, 0x00, 0x00, 0x00, 0xff, 0xff, 0xff, 0xff, 0xff, 0xff, 0xff, 0xff, 0xfc, 0x7f, 0xff, 0xff, 
	0xff, 0xff, 0xff, 0xff, 0xff, 0xff, 0xff, 0xfc, 0x07, 0xff, 0xff, 0xff, 0xbf, 0xbe, 0xeb, 0xaa, 
	0xbf, 0xff, 0xff, 0xff, 0xea, 0xab, 0xff, 0xff, 0xff, 0xbb, 0xbb, 0xab, 0xfe, 0x00, 0x00, 0x00, 
	0xff, 0xff, 0xbf, 0xff, 0xff, 0xfb, 0xbf, 0xbf, 0xaa, 0xbf, 0xfb, 0xff, 0xff, 0xbb, 0xab, 0xab, 
	0xab, 0xff, 0xff, 0xfc, 0x07, 0xff, 0xff, 0xff, 0xff, 0xff, 0xff, 0xff, 0xff, 0xff, 0xff, 0xff, 
	0xff, 0x7f, 0xff, 0xff, 0xff, 0xff, 0xff, 0xff, 0xff, 0x10, 0x00, 0x17, 0xff, 0xff, 0xff, 0xff, 
	0xff, 0xff, 0xff, 0xff, 0x71, 0xff, 0xff, 0xff, 0xff, 0xff, 0xff, 0xff, 0xff, 0xff, 0xff, 0xfc, 
	0x0f, 0xff, 0xff, 0xff, 0xee, 0xea, 0xee, 0xae, 0xee, 0xff, 0xee, 0xae, 0xae, 0xee, 0xfe, 0xee, 
	0xee, 0xea, 0xee, 0xee, 0xef, 0xfe, 0x80, 0xbf, 0xef, 0xee, 0xff, 0xff, 0xff, 0xee, 0xea, 0xef, 
	0xa8, 0xee, 0xef, 0xbf, 0xfe, 0xfe, 0xee, 0xee, 0xee, 0xfe, 0xff, 0xfc, 0x07, 0xff, 0xff, 0xff, 
	0xff, 0xff, 0xdf, 0xdf, 0xff, 0xff, 0xff, 0xff, 0xdd, 0xff, 0xff, 0xff, 0xff, 0xfd, 0xff, 0xff, 
	0xff, 0xfc, 0x40, 0x7f, 0xff, 0xdf, 0xff, 0xff, 0xff, 0xff, 0xfd, 0xff, 0xe1, 0xfd, 0xff, 0xff, 
	0xff, 0xff, 0xff, 0xff, 0xff, 0xff, 0xff, 0xfc, 0x07, 0xff, 0xff, 0xff, 0xff, 0xab, 0xae, 0xff, 
	0xff, 0xff, 0xea, 0xae, 0xbb, 0xbf, 0xff, 0xfb, 0xaf, 0xaa, 0xbb, 0xbb, 0xbf, 0xff, 0xff, 0xff, 
	0xff, 0xbb, 0xab, 0xfb, 0xff, 0xff, 0xff, 0xfb, 0xeb, 0xeb, 0xff, 0xfb, 0xeb, 0xaa, 0xaf, 0xfb, 
	0xbf, 0xfb, 0xff, 0xfc, 0x07, 0xff, 0xff, 0xff, 0xff, 0xff, 0xff, 0xff, 0xff, 0xff, 0xff, 0xff, 
	0xff, 0xff, 0xff, 0xff, 0xf7, 0xff, 0xff, 0xff, 0xff, 0xff, 0xff, 0xff, 0xff, 0xff, 0xff, 0xff, 
	0xff, 0xff, 0xff, 0xf9, 0xef, 0xf9, 0xff, 0xff, 0xff, 0xff, 0xff, 0xff, 0xff, 0xff, 0xff, 0xfc, 
	0x0f, 0xff, 0xff, 0xfe, 0xee, 0xea, 0xea, 0xef, 0xef, 0xee, 0xea, 0xaa, 0xee, 0xef, 0xff, 0xee, 
	0xea, 0xae, 0xee, 0xee, 0xee, 0xfe, 0xff, 0xfe, 0xff, 0xee, 0xee, 0xee, 0xff, 0xee, 0xef, 0xea, 
	0xee, 0xfe, 0xff, 0xee, 0xea, 0xee, 0xef, 0xee, 0xee, 0xef, 0xff, 0xfc, 0x0f, 0xff, 0xff, 0xff, 
	0xfe, 0xdf, 0xff, 0xff, 0xff, 0xff, 0xdf, 0xfd, 0xff, 0xff, 0xff, 0xff, 0xfd, 0xfd, 0xff, 0xff, 
	0xff, 0xff, 0xff, 0xff, 0xff, 0xff, 0xfc, 0xff, 0xff, 0xff, 0xff, 0xf9, 0xdf, 0xff, 0xff, 0xff, 
	0xff, 0xff, 0xff, 0xff, 0xff, 0xff, 0xff, 0xfc, 0x3f, 0xff, 0xff, 0xff, 0xba, 0xaf, 0xaf, 0xff, 
	0xff, 0xbb, 0xaa, 0xba, 0xbf, 0xff, 0xff, 0xfa, 0xfa, 0xeb, 0xeb, 0xbb, 0xaf, 0xff, 0xff, 0xff, 
	0xff, 0xfe, 0xba, 0xbf, 0xff, 0xfb, 0xbf, 0xfb, 0xbf, 0xff, 0xff, 0xab, 0xba, 0xbf, 0xff, 0xff, 
	0xbf, 0xbb, 0xff, 0xfc, 0x3f, 0xff, 0xff, 0xff, 0xf7, 0xff, 0xff, 0xff, 0xff, 0xff, 0xff, 0xff, 
	0xff, 0xff, 0xff, 0xff, 0xff, 0xff, 0xff, 0xff, 0xff, 0xff, 0xff, 0xff, 0xff, 0xff, 0xf7, 0xff, 
	0xdf, 0xff, 0xff, 0xf9, 0xff, 0xff, 0xff, 0xff, 0xff, 0xff, 0xff, 0xff, 0xff, 0xff, 0xff, 0xfc, 
	0x3f, 0xff, 0xfe, 0xee, 0xae, 0xee, 0xff, 0xfe, 0xee, 0xee, 0xae, 0xae, 0xfe, 0xfe, 0xeb, 0xea, 
	0xae, 0xee, 0xaa, 0xee, 0xff, 0xef, 0xff, 0xff, 0xfe, 0xee, 0xea, 0xaf, 0x8f, 0xff, 0xef, 0xf8, 
	0xff, 0xfe, 0xfe, 0xae, 0xfe, 0xff, 0xee, 0xff, 0xee, 0xef, 0xef, 0xfc, 0x1f, 0xff, 0xff, 0xff, 
	0xff, 0xff, 0xff, 0xff, 0xdf, 0xfd, 0xff, 0xff, 0xff, 0xff, 0xff, 0xff, 0xdf, 0xdf, 0xff, 0xff, 
	0xff, 0xff, 0xff, 0xff, 0xff, 0xdf, 0xff, 0xdf, 0x01, 0xff, 0xff, 0xfc, 0xff, 0xff, 0xff, 0xff, 
	0xff, 0xff, 0xff, 0xff, 0xff, 0xff, 0xff, 0xfc, 0x3f, 0xff, 0xfb, 0xbb, 0xba, 0xbf, 0xbf, 0xfb, 
	0xab, 0xaa, 0xea, 0xeb, 0xfb, 0xff, 0xfe, 0xab, 0xaa, 0xaf, 0xbb, 0xff, 0xbb, 0xfb, 0xff, 0xff, 
	0xff, 0xba, 0xba, 0xef, 0x80, 0xff, 0xff, 0xf8, 0xff, 0xfb, 0xfb, 0xff, 0xff, 0xff, 0xff, 0xff, 
	0xff, 0xff, 0xff, 0xfc, 0x1f, 0xff, 0xff, 0xff, 0xff, 0xff, 0xff, 0xff, 0xff, 0xff, 0xff, 0xff, 
	0xff, 0xff, 0xff, 0xff, 0xff, 0xff, 0xff, 0xff, 0xff, 0xff, 0xff, 0xff, 0xff, 0xdf, 0xff, 0xff, 
	0xc1, 0xff, 0xff, 0xf1, 0xff, 0xff, 0xff, 0xff, 0xff, 0xff, 0xff, 0xff, 0xff, 0xff, 0xff, 0xfc, 
	0x3f, 0xfe, 0xee, 0xee, 0xea, 0xee, 0xee, 0xea, 0xae, 0xee, 0xae, 0xbf, 0xee, 0xee, 0xaa, 0xaa, 
	0xee, 0xee, 0xae, 0xee, 0xee, 0xef, 0xff, 0xfe, 0xea, 0xae, 0xee, 0xff, 0xe3, 0xfe, 0xff, 0xef, 
	0xff, 0xff, 0xff, 0xff, 0xff, 0xff, 0xff, 0xff, 0xff, 0xfe, 0xff, 0xfc, 0x1f, 0xff, 0xff, 0xff, 
	0xff, 0xff, 0xff, 0xfd, 0xfd, 0xdf, 0xdf, 0x7f, 0xff, 0xff, 0xff, 0xdf, 0xff, 0xff, 0xff, 0xff, 
	0xff, 0xff, 0xff, 0xff, 0xfd, 0xdf, 0xff, 0xff, 0xe3, 0xff, 0xff, 0xef, 0xff, 0xff, 0xff, 0xff, 
	0xff, 0xff, 0xff, 0xff, 0xff, 0xff, 0xff, 0xfc, 0x3f, 0xff, 0xff, 0xbb, 0xab, 0xff, 0xff, 0xab, 
	0xaa, 0xaa, 0xaa, 0xbf, 0xff, 0xfb, 0xaa, 0xaa, 0xaf, 0xaa, 0xab, 0xff, 0xff, 0xff, 0xff, 0xbf, 
	0xea, 0xab, 0xfb, 0xea, 0xe3, 0xff, 0xff, 0xaf, 0xff, 0xff, 0xff, 0xff, 0xff, 0xff, 0xff, 0xff, 
	0xff, 0xfe, 0xff, 0xfc, 0x1f, 0xff, 0xff, 0xff, 0xff, 0xff, 0xff, 0xff, 0x7f, 0xfd, 0xf7, 0xff, 
	0xff, 0xff, 0xdf, 0xff, 0xff, 0xff, 0xff, 0xff, 0xff, 0xff, 0xff, 0xff, 0xff, 0xff, 0xff, 0xe0, 
	0x77, 0xff, 0xff, 0x7f, 0xff, 0xff, 0xff, 0xff, 0xff, 0xff, 0xff, 0xff, 0xff, 0xff, 0xff, 0xfc, 
	0x3e, 0xfe, 0xee, 0xea, 0xea, 0xee, 0xee, 0xee, 0xae, 0xaa, 0xeb, 0xee, 0xef, 0xea, 0xaa, 0xee, 
	0xee, 0xee, 0xee, 0xee, 0xef, 0xff, 0xfe, 0xfe, 0xee, 0xee, 0xef, 0xe8, 0xae, 0xee, 0xef, 0xfb, 
	0xff, 0xee, 0xee, 0xab, 0xaa, 0xee, 0xee, 0xfe, 0xef, 0xff, 0xff, 0xfc, 0x1f, 0xff, 0xff, 0xff, 
	0xff, 0xff, 0xff, 0xdf, 0xdf, 0xdf, 0xdd, 0xfd, 0xff, 0xdf, 0xff, 0xff, 0xff, 0xff, 0xff, 0xff, 
	0xff, 0xff, 0xff, 0xff, 0xff, 0xff, 0xff, 0xc0, 0x1f, 0xff, 0xff, 0xff, 0xff, 0xff, 0xff, 0xff, 
	0xff, 0xff, 0xff, 0xff, 0xff, 0xff, 0xff, 0xfc, 0x3f, 0xfb, 0xfb, 0xbf, 0xbf, 0xff, 0xeb, 0xba, 
	0xab, 0xaa, 0xae, 0xbb, 0xbb, 0xae, 0xea, 0xaa, 0xfa, 0xfb, 0xff, 0xbb, 0xff, 0xff, 0xff, 0xfb, 
	0xbf, 0xfe, 0xab, 0xe8, 0xbf, 0xbf, 0xbf, 0xff, 0xff, 0xfb, 0xba, 0xfa, 0xaa, 0xbe, 0xbf, 0xbf, 
	0xff, 0xbf, 0xff, 0xfc, 0x1f, 0xff, 0xff, 0xff, 0xff, 0xff, 0xff, 0xff, 0xff, 0xff, 0xff, 0x7f, 
	0xff, 0xff, 0xf7, 0x7f, 0xff, 0xff, 0xff, 0xff, 0xff, 0xff, 0xff, 0xff, 0xff, 0xfe, 0x7f, 0xf0, 
	0xff, 0xff, 0xff, 0xff, 0xff, 0xff, 0xff, 0xff, 0xff, 0xff, 0xff, 0xff, 0xff, 0xff, 0xff, 0xfc, 
	0x3f, 0xef, 0xee, 0xfa, 0xae, 0xee, 0xea, 0xea, 0xaa, 0xea, 0xef, 0xee, 0xae, 0xea, 0xea, 0xfa, 
	0xae, 0xee, 0xff, 0xef, 0xff, 0xef, 0xfe, 0xfe, 0xee, 0xee, 0xef, 0xe0, 0xee, 0xee, 0xef, 0xef, 
	0xef, 0xef, 0xef, 0xee, 0xae, 0xee, 0xff, 0xef, 0xff, 0xff, 0xfe, 0xfc, 0x7f, 0xff, 0xff, 0xff, 
	0xff, 0xff, 0xfd, 0xff, 0xdd, 0xfd, 0xff, 0xff, 0xdd, 0xfd, 0xff, 0xfd, 0xdf, 0xff, 0xff, 0xff, 
	0xff, 0xff, 0xff, 0xff, 0xff, 0xff, 0xff, 0xf9, 0xff, 0xff, 0xff, 0xff, 0xff, 0xff, 0xff, 0xff, 
	0xfd, 0xff, 0xff, 0xff, 0xff, 0xff, 0xff, 0xfc, 0xff, 0xff, 0xbb, 0xbb, 0xbb, 0xfb, 0xea, 0xae, 
	0xaa, 0xaa, 0xbb, 0xbb, 0xba, 0xaa, 0xaa, 0xab, 0xab, 0xbf, 0xff, 0xbf, 0xff, 0xff, 0xff, 0xfb, 
	0xff, 0xfa, 0xbe, 0xfb, 0xfb, 0xbf, 0xff, 0xbf, 0xff, 0xff, 0xff, 0xee, 0xbb, 0xfa, 0xff, 0xfb, 
	0xff, 0xff, 0xfe, 0xfc, 0xff, 0xff, 0xff, 0xfd, 0xff, 0xff, 0xff, 0xff, 0x7f, 0xff, 0xff, 0xf7, 
	0xff, 0x7f, 0xf7, 0xff, 0xff, 0xff, 0xff, 0xff, 0xff, 0xff, 0xff, 0xff, 0xff, 0xff, 0xfc, 0x7f, 
	0xff, 0xff, 0xff, 0xff, 0xff, 0xff, 0xff, 0xff, 0xff, 0xff, 0xff, 0xff, 0xff, 0xff, 0xff, 0xfc, 
	0xfe, 0xfe, 0xee, 0xee, 0xee, 0xee, 0xea, 0xae, 0xee, 0xae, 0xaa, 0xea, 0xee, 0xaa, 0xea, 0xae, 
	0xaa, 0xef, 0xee, 0xef, 0xff, 0xff, 0xff, 0xff, 0xff, 0xfe, 0xfc, 0xaf, 0xee, 0xef, 0xff, 0xff, 
	0xfe, 0xef, 0xfe, 0xff, 0xee, 0xee, 0xef, 0xef, 0xff, 0xff, 0xff, 0xfc, 0xff, 0xff, 0xff, 0xff, 
	0xff, 0xff, 0xfd, 0xff, 0xdf, 0xdf, 0xdf, 0xfd, 0xff, 0xf5, 0xff, 0xdf, 0x7d, 0xff, 0xff, 0xff, 
	0xff, 0xff, 0xff, 0xff, 0xff, 0xff, 0xfc, 0x1f, 0xff, 0xff, 0xff, 0xff, 0xff, 0xff, 0xff, 0xff, 
	0xff, 0xff, 0xff, 0xff, 0xff, 0xff, 0xff, 0xfc, 0xff, 0xff, 0xfb, 0xff, 0xfb, 0xbb, 0xaa, 0xbb, 
	0xaa, 0xab, 0xaa, 0xba, 0xba, 0xaa, 0xaa, 0xaa, 0xaa, 0xbf, 0xff, 0xff, 0xff, 0xff, 0xff, 0xff, 
	0xff, 0xfa, 0xfa, 0x2f, 0xff, 0xbf, 0xff, 0xff, 0xfb, 0xfa, 0xab, 0xff, 0xfb, 0xbb, 0xbb, 0xbb, 
	0xff, 0xff, 0xff, 0xfc, 0xff, 0xff, 0xff, 0xff, 0xff, 0xff, 0xff, 0xff, 0xff, 0xff, 0xff, 0xff, 
	0xff, 0xff, 0xff, 0xff, 0xff, 0xff, 0xff, 0xff, 0xff, 0xff, 0xff, 0xff, 0xff, 0xf0, 0x78, 0x0f, 
	0xff, 0xff, 0xff, 0xff, 0xff, 0xff, 0xff, 0xff, 0xff, 0xff, 0xff, 0xff, 0xff, 0xff, 0xff, 0xfc, 
	0xff, 0xfe, 0xee, 0xee, 0xee, 0xee, 0xee, 0xee, 0xeb, 0xee, 0xea, 0xee, 0xae, 0xae, 0xee, 0xee, 
	0xee, 0xef, 0xff, 0xff, 0xff, 0xff, 0xff, 0xff, 0xff, 0xe8, 0xf8, 0x0f, 0xff, 0xff, 0xff, 0xff, 
	0xee, 0xee, 0xfa, 0xea, 0xef, 0xfe, 0xea, 0xfe, 0xff, 0xff, 0xfe, 0xfc, 0xff, 0xff, 0xff, 0xff, 
	0xff, 0xff, 0xff, 0xff, 0xdf, 0xdf, 0xfd, 0xff, 0xdf, 0xdf, 0xff, 0xff, 0xff, 0xff, 0xff, 0xff, 
	0xff, 0xff, 0xff, 0xff, 0xff, 0xc0, 0x5c, 0x1f, 0xff, 0xff, 0xff, 0xff, 0xff, 0xff, 0xfd, 0xdf, 
	0xdf, 0xff, 0xff, 0xff, 0xff, 0xff, 0xff, 0xfc, 0xff, 0xff, 0xff, 0xbb, 0xbb, 0xbf, 0xbf, 0xbf, 
	0xbb, 0xab, 0xaa, 0xaa, 0xaa, 0xab, 0xaa, 0xab, 0xbb, 0xff, 0xff, 0xff, 0xff, 0xff, 0xff, 0xfb, 
	0xbf, 0xe8, 0x0e, 0xaf, 0xff, 0xfb, 0xff, 0xff, 0xff, 0xfb, 0xeb, 0xab, 0xae, 0xff, 0xfb, 0xfb, 
	0xbf, 0xff, 0xff, 0xfc, 0xff, 0xff, 0xff, 0xff, 0xff, 0xff, 0xff, 0xff, 0x7f, 0x7f, 0xff, 0x7f, 
	0xff, 0xff, 0xff, 0xff, 0xff, 0xff, 0xff, 0xff, 0xff, 0xff, 0xff, 0xff, 0xff, 0xfc, 0x07, 0xff, 
	0xff, 0xff, 0xff, 0xff, 0xff, 0xff, 0xff, 0xff, 0x7f, 0xff, 0xff, 0xff, 0xff, 0xff, 0xff, 0xfc, 
	0xff, 0xfe, 0xfe, 0xee, 0xfe, 0xee, 0xee, 0xee, 0xee, 0xea, 0xea, 0xea, 0xea, 0xea, 0xea, 0xee, 
	0xef, 0xff, 0xff, 0xff, 0xfe, 0xff, 0xff, 0xee, 0xff, 0xfe, 0xae, 0xff, 0xff, 0xfe, 0xee, 0xef, 
	0xff, 0xff, 0xee, 0xee, 0xae, 0xee, 0xfe, 0xef, 0xff, 0xff, 0xff, 0xfc, 0xff, 0xff, 0xff, 0xff, 
	0xff, 0xff, 0xff, 0xff, 0xfd, 0xff, 0xff, 0xfd, 0xfd, 0xff, 0xdf, 0xff, 0xff, 0xff, 0xff, 0xff, 
	0xff, 0xff, 0xff, 0xff, 0xff, 0xff, 0xff, 0xff, 0xff, 0xff, 0xff, 0xff, 0xff, 0xff, 0xff, 0xff, 
	0xff, 0xdf, 0xff, 0xff, 0xff, 0xff, 0xff, 0xfc, 0xff, 0xff, 0xfb, 0xbb, 0xfb, 0xbb, 0xbb, 0xbb, 
	0xbb, 0xbf, 0xaa, 0xaa, 0xaa, 0xbb, 0xaa, 0xbb, 0xbf, 0xff, 0xff, 0xff, 0xfb, 0xff, 0xfb, 0xff, 
	0xff, 0xbf, 0xff, 0xff, 0xff, 0xff, 0xbb, 0xfb, 0xbf, 0xff, 0xff, 0xfa, 0xba, 0xab, 0xbf, 0xfb, 
	0xbb, 0xff, 0xff, 0xfc, 0xff, 0xff, 0xff, 0xff, 0xff, 0xff, 0xff, 0xff, 0xff, 0xff, 0xff, 0xff, 
	0xff, 0xff, 0xff, 0xff, 0xff, 0xff, 0xff, 0xff, 0xff, 0xff, 0xff, 0xff, 0xff, 0xff, 0xff, 0xff, 
	0xff, 0xff, 0xff, 0xff, 0xff, 0xff, 0xff, 0xff, 0xff, 0xff, 0xff, 0xff, 0xff, 0xff, 0xff, 0xfc, 
	0xff, 0xfe, 0xee, 0xee, 0xee, 0xee, 0xee, 0xee, 0xee, 0xee, 0xae, 0xee, 0xee, 0xae, 0xee, 0xee, 
	0xff, 0xff, 0xff, 0xfe, 0xef, 0xff, 0xee, 0xee, 0xfe, 0xee, 0xff, 0xee, 0xfe, 0xff, 0xea, 0xee, 
	0xee, 0xff, 0xff, 0xfe, 0xee, 0xee, 0xee, 0xef, 0xef, 0xef, 0xef, 0xfc, 0xff, 0xff, 0xff, 0xff, 
	0xff, 0xff, 0xff, 0xff, 0xff, 0xff, 0xfd, 0xff, 0xdf, 0xdf, 0xff, 0xff, 0xff, 0xff, 0xff, 0xff, 
	0xff, 0xff, 0xff, 0xff, 0xff, 0xff, 0xff, 0xff, 0xff, 0xff, 0xfd, 0xff, 0xff, 0xff, 0xff, 0xff, 
	0xdf, 0xff, 0xff, 0xff, 0xff, 0xff, 0xff, 0xfc, 0xff, 0xbf, 0xff, 0xbb, 0xbf, 0xbf, 0xbf, 0xff, 
	0xff, 0xbf, 0xbb, 0xbb, 0xba, 0xff, 0xff, 0xbf, 0xff, 0xff, 0xff, 0xff, 0xff, 0xff, 0xba, 0xbf, 
	0xea, 0xbf, 0xff, 0xff, 0xbf, 0xff, 0xfb, 0xff, 0xfb, 0xbf, 0xff, 0xff, 0xaa, 0xbb, 0xff, 0xfb, 
	0xff, 0xff, 0xff, 0xfc, 0xff, 0xff, 0xff, 0xff, 0xff, 0xff, 0xff, 0xff, 0xff, 0xff, 0xff, 0xff, 
	0xff, 0xff, 0xff, 0xff, 0xff, 0xff, 0xff, 0xff, 0xff, 0xff, 0xff, 0xff, 0xf7, 0xff, 0xff, 0xff, 
	0xff, 0xff, 0xff, 0xff, 0xff, 0xff, 0xff, 0xff, 0xf7, 0xff, 0xff, 0xff, 0xff, 0xff, 0xff, 0xfc, 
	0xff, 0xfe, 0xee, 0xee, 0xee, 0xee, 0xff, 0xee, 0xee, 0xfe, 0xee, 0xae, 0xee, 0xee, 0xfa, 0xef, 
	0xff, 0xff, 0xff, 0xef, 0xff, 0xee, 0xee, 0xee, 0xee, 0xee, 0xef, 0xfe, 0xef, 0xff, 0xfe, 0xee, 
	0xee, 0xfe, 0xff, 0xfe, 0xea, 0xee, 0xee, 0xef, 0xef, 0xff, 0xef, 0xfc, 0xff, 0xff, 0xff, 0xff, 
	0xff, 0xff, 0xff, 0xff, 0xff, 0xff, 0xff, 0xff, 0xff, 0xdf, 0xff, 0xff, 0xff, 0xff, 0xff, 0xff, 
	0xff, 0xff, 0xff, 0xff, 0xff, 0xff, 0xff, 0xff, 0xff, 0xff, 0xff, 0xff, 0xff, 0xff, 0xff, 0xff, 
	0xff, 0xff, 0xff, 0xff, 0xff, 0xff, 0xff, 0xfc, 0xff, 0xff, 0xff, 0xff, 0xff, 0xff, 0xff, 0xff, 
	0xff, 0xff, 0xfa, 0xfb, 0xff, 0xbb, 0xff, 0xff, 0xff, 0xff, 0xff, 0xff, 0xfb, 0xbb, 0xaa, 0xba, 
	0xaa, 0xab, 0xff, 0xfb, 0xff, 0xff, 0xff, 0xfb, 0xbb, 0xfb, 0xbf, 0xff, 0xfa, 0xbb, 0xbf, 0xbf, 
	0xff, 0xff, 0xbf, 0xfc, 0xff, 0xff, 0xff, 0xff, 0xff, 0xff, 0xff, 0xff, 0xff, 0xff, 0xff, 0xff, 
	0xff, 0xff, 0xff, 0xff, 0xff, 0xff, 0xff, 0xff, 0xff, 0xff, 0xff, 0xf7, 0x7f, 0xff, 0xff, 0xff, 
	0xff, 0xff, 0xff, 0xff, 0xff, 0xff, 0xff, 0xff, 0xff, 0xff, 0xff, 0xff, 0xff, 0xff, 0xff, 0xfc, 
	0xff, 0xff, 0xff, 0xee, 0xff, 0xff, 0xff, 0xff, 0xff, 0xff, 0xff, 0xee, 0xfe, 0xee, 0xee, 0xff, 
	0xff, 0xff, 0xfe, 0xee, 0xee, 0xee, 0xee, 0xae, 0xea, 0xae, 0xee, 0xee, 0xee, 0xff, 0xff, 0xee, 
	0xee, 0xee, 0xef, 0xff, 0xfe, 0xee, 0xee, 0xff, 0xff, 0xff, 0xff, 0xe8, 0xff, 0xff, 0xff, 0xff, 
	0xff, 0xff, 0xff, 0xff, 0xff, 0xff, 0xff, 0xff, 0xff, 0xff, 0xff, 0xff, 0xff, 0xff, 0xff, 0xff, 
	0xff, 0xfd, 0xfd, 0xff, 0xdf, 0xdf, 0xdf, 0xff, 0xff, 0xff, 0xff, 0xff, 0xff, 0xff, 0xff, 0xff, 
	0xff, 0x7f, 0xff, 0xff, 0xff, 0xff, 0xff, 0xf4, 0xff, 0xff, 0xff, 0xff, 0xff, 0xff, 0xff, 0xff, 
	0xff, 0xff, 0xff, 0xbb, 0xfb, 0xbf, 0xbf, 0xff, 0xff, 0xff, 0xfb, 0xff, 0xba, 0xea, 0xab, 0xba, 
	0xab, 0xaa, 0xab, 0xbf, 0xfb, 0xbf, 0xff, 0xfb, 0xba, 0xbf, 0xbf, 0xff, 0xfe, 0xfb, 0xfb, 0xff, 
	0xff, 0xff, 0xff, 0xa8, 0x7f, 0xff, 0xff, 0xff, 0xff, 0xff, 0xff, 0xff, 0xff, 0xff, 0xff, 0xff, 
	0xff, 0xff, 0xff, 0xff, 0xff, 0xff, 0xff, 0xff, 0xff, 0xff, 0xff, 0xff, 0xf7, 0xff, 0xff, 0xff, 
	0xff, 0xff, 0xff, 0xff, 0xff, 0xff, 0xff, 0xff, 0xff, 0xff, 0xff, 0xff, 0xff, 0xff, 0xff, 0x50, 
	0x3f, 0xff, 0xff, 0xff, 0xff, 0xff, 0xff, 0xff, 0xff, 0xfe, 0xff, 0xee, 0xfe, 0xff, 0xff, 0xff, 
	0xff, 0xff, 0xfe, 0xee, 0xaa, 0xae, 0xae, 0xee, 0xaa, 0xae, 0xea, 0xee, 0xef, 0xff, 0xff, 0xee, 
	0xee, 0xee, 0xfe, 0xee, 0xfe, 0xef, 0xef, 0xff, 0xff, 0xfe, 0xfe, 0xa8, 0x7f, 0xff, 0xff, 0xff, 
	0xff, 0xff, 0xff, 0xff, 0xff, 0xff, 0xff, 0xff, 0xff, 0xff, 0xff, 0xff, 0xff, 0xff, 0xff, 0xff, 
	0xff, 0xff, 0xff, 0xfd, 0xdf, 0xfd, 0xff, 0xff, 0xff, 0xff, 0xff, 0xff, 0xff, 0xff, 0xff, 0xff, 
	0xff, 0xff, 0xff, 0xff, 0xff, 0xff, 0xff, 0x4c, 0x3f, 0xff, 0xff, 0xff, 0xff, 0xff, 0xff, 0xff, 
	0xff, 0xff, 0xff, 0xff, 0xff, 0xff, 0xff, 0xff, 0xff, 0xff, 0xfb, 0xba, 0xff, 0xbb, 0xaa, 0xba, 
	0xfb, 0xab, 0xaa, 0xab, 0xff, 0xff, 0xff, 0xfe, 0xff, 0xaa, 0xbb, 0xfb, 0xff, 0xbf, 0xff, 0xff, 
	0xff, 0xff, 0xfa, 0xa8, 0x3f, 0xff, 0xff, 0xff, 0xff, 0xff, 0xff, 0xff, 0xff, 0xff, 0xff, 0xff, 
	0xff, 0xff, 0xff, 0xff, 0xff, 0xff, 0xff, 0xff, 0xff, 0x7f, 0xff, 0x7f, 0xff, 0xff, 0xff, 0xff, 
	0xff, 0xff, 0xff, 0xff, 0xff, 0xfd, 0xff, 0xff, 0xff, 0xff, 0xff, 0xff, 0xff, 0xff, 0xfd, 0x04, 
	0xbf, 0xff, 0xff, 0xff, 0xff, 0xff, 0xff, 0xff, 0xff, 0xff, 0xff, 0xff, 0xff, 0xff, 0xff, 0xff, 
	0xff, 0xff, 0xff, 0xee, 0xee, 0xea, 0xee, 0xee, 0xea, 0xee, 0xaa, 0xee, 0xfe, 0xee, 0xff, 0xff, 
	0xee, 0xee, 0xee, 0xee, 0xee, 0xee, 0xef, 0xff, 0xff, 0xfe, 0xea, 0xa8, 0x7f, 0xff, 0xff, 0xff, 
	0xff, 0xff, 0xff, 0xff, 0xff, 0xff, 0xff, 0xff, 0xff, 0xff, 0xff, 0xff, 0xff, 0xff, 0xff, 0xff, 
	0xff, 0xff, 0xff, 0xff, 0xff, 0xff, 0xfd, 0xff, 0xff, 0xff, 0xff, 0xff, 0xff, 0xff, 0xff, 0xff, 
	0xff, 0xff, 0xff, 0xff, 0xff, 0xff, 0xe7, 0x50, 0xbf, 0xff, 0xff, 0xff, 0xff, 0xff, 0xff, 0xff, 
	0xff, 0xff, 0xff, 0xff, 0xff, 0xff, 0xff, 0xff, 0xff, 0xff, 0xff, 0xbb, 0xbf, 0xfb, 0xbb, 0xef, 
	0xbf, 0xaa, 0xaa, 0xaa, 0xbf, 0xff, 0xbf, 0xff, 0xfb, 0xbb, 0xab, 0xbf, 0xfb, 0xbb, 0xff, 0xff, 
	0xff, 0xff, 0xea, 0xa0, 0x7f, 0xff, 0xff, 0xff, 0xff, 0xff, 0xff, 0xff, 0xff, 0xff, 0xff, 0xff, 
	0xff, 0xff, 0xff, 0xff, 0xff, 0xff, 0xff, 0xff, 0xff, 0xff, 0xff, 0xff, 0xff, 0xff, 0xff, 0xff, 
	0xff, 0xff, 0xff, 0xff, 0xff, 0xfd, 0xf7, 0xff, 0xff, 0xff, 0xff, 0xff, 0xff, 0xff, 0xd8, 0x40, 
	0xaf, 0xff, 0xff, 0xff, 0xff, 0xff, 0xff, 0xff, 0xff, 0xff, 0xff, 0xff, 0xff, 0xff, 0xff, 0xff, 
	0xff, 0xff, 0xef, 0xfe, 0xee, 0xee, 0xee, 0xee, 0xee, 0xea, 0xae, 0xae, 0xee, 0xee, 0xef, 0xfe, 
	0xee, 0xaa, 0xee, 0xee, 0xee, 0xee, 0xff, 0xff, 0xff, 0xff, 0xaa, 0xa0, 0xcf, 0xff, 0xff, 0xff, 
	0xff, 0xff, 0xff, 0xff, 0xff, 0xff, 0xff, 0xff, 0xff, 0xff, 0xff, 0xff, 0xff, 0xff, 0xff, 0xff, 
	0xff, 0xff, 0xff, 0xff, 0xff, 0xff, 0xdf, 0xff, 0xff, 0xff, 0xff, 0xff, 0xff, 0xfc, 0xf7, 0xff, 
	0xff, 0xff, 0xff, 0xff, 0xff, 0xff, 0xe7, 0x40, 0xaf, 0xff, 0xff, 0xff, 0xff, 0xff, 0xff, 0xff, 
	0xff, 0xff, 0xff, 0xff, 0xff, 0xff, 0xff, 0xff, 0xff, 0xff, 0xff, 0xbf, 0xbb, 0xbf, 0xbb, 0xff, 
	0xbf, 0xbb, 0xaa, 0xaa, 0xaa, 0xff, 0xbf, 0xff, 0xff, 0xba, 0xab, 0xbf, 0xbb, 0xab, 0xff, 0xff, 
	0xff, 0xff, 0xaa, 0x80, 0x31, 0xff, 0xff, 0xff, 0xff, 0xff, 0xff, 0xff, 0xff, 0xff, 0xff, 0xff, 
	0xff, 0xff, 0xff, 0xff, 0xff, 0xff, 0xff, 0xff, 0xff, 0xff, 0xff, 0xff, 0xff, 0xff, 0xff, 0xff, 
	0xff, 0xff, 0xff, 0xff, 0xff, 0xff, 0xdf, 0xff, 0xff, 0xff, 0xff, 0xff, 0xff, 0xff, 0x18, 0x00, 
	0xab, 0xff, 0xff, 0xff, 0xff, 0xff, 0xff, 0xff, 0xff, 0xff, 0xff, 0xff, 0xff, 0xff, 0xff, 0xff, 
	0xff, 0xff, 0xef, 0xee, 0xfe, 0xee, 0xee, 0xee, 0xee, 0xee, 0xea, 0xea, 0xee, 0xae, 0xee, 0xfe, 
	0xef, 0xae, 0xae, 0xee, 0xee, 0xee, 0xff, 0xff, 0xff, 0xff, 0xaa, 0x80, 0xc7, 0xff, 0xff, 0xff, 
	0xff, 0xff, 0xff, 0xff, 0xff, 0xff, 0xff, 0xff, 0xff, 0xff, 0xff, 0xff, 0xff, 0xff, 0xff, 0xff, 
	0xff, 0xff, 0xff, 0xff, 0xff, 0xff, 0xff, 0xff, 0xdf, 0xff, 0xff, 0xff, 0xff, 0xff, 0xff, 0xff, 
	0xff, 0xff, 0xff, 0xff, 0xff, 0xff, 0xc7, 0x00, 0xaa, 0xbf, 0xff, 0xff, 0xff, 0xff, 0xff, 0xff, 
	0xff, 0xff, 0xff, 0xff, 0xff, 0xff, 0xff, 0xff, 0xff, 0xff, 0xff, 0xff, 0xff, 0xff, 0xbb, 0xff, 
	0xbf, 0xbf, 0xff, 0xff, 0xba, 0xfb, 0xbb, 0xff, 0xfa, 0xff, 0xfb, 0xbb, 0xbb, 0xbf, 0xff, 0xff, 
	0xff, 0xff, 0xaa, 0x80, 0x10, 0x3f, 0xff, 0xff, 0xff, 0xff, 0xff, 0xff, 0xff, 0xff, 0xff, 0xff, 
	0xff, 0xff, 0xff, 0xff, 0xff, 0xff, 0xff, 0xff, 0xff, 0xff, 0xff, 0xff, 0xff, 0xff, 0xff, 0xff, 
	0xff, 0xff, 0xff, 0xff, 0xff, 0xff, 0xff, 0xff, 0xff, 0xff, 0xff, 0xff, 0xff, 0xff, 0x18, 0x00, 
	0x2a, 0xaa, 0xff, 0xff, 0xff, 0xff, 0xff, 0xff, 0xff, 0xff, 0xff, 0xff, 0xff, 0xff, 0xff, 0xff, 
	0xff, 0xff, 0xfe, 0xef, 0xee, 0xee, 0xee, 0xee, 0xee, 0xee, 0xee, 0xee, 0xee, 0xee, 0xee, 0xee, 
	0xee, 0xee, 0xee, 0xee, 0xee, 0xef, 0xff, 0xfe, 0xff, 0xfe, 0xa8, 0x00, 0x00, 0xe4, 0xff, 0xff, 
	0xff, 0xff, 0xff, 0xff, 0xff, 0xff, 0xff, 0xff, 0xff, 0xff, 0xff, 0xff, 0xff, 0xff, 0xff, 0xff, 
	0xff, 0xff, 0xff, 0xff, 0xff, 0xff, 0xff, 0xff, 0xff, 0xff, 0xff, 0xff, 0xff, 0xff, 0xff, 0xff, 
	0xff, 0xdf, 0xff, 0xff, 0xff, 0xfc, 0xd4, 0x00, 0x02, 0xaa, 0xff, 0xff, 0xff, 0xff, 0xff, 0xfb, 
	0xfe, 0xbf, 0xff, 0xff, 0xff, 0xff, 0xff, 0xff, 0xff, 0xff, 0xff, 0xbf, 0xff, 0xff, 0xff, 0xfb, 
	0xfb, 0xff, 0xfb, 0xff, 0xef, 0xbb, 0xbb, 0xff, 0xff, 0xfb, 0xbb, 0xbf, 0xbb, 0xff, 0xff, 0xff, 
	0xff, 0xfa, 0xaa, 0x00, 0x01, 0xd4, 0x7f, 0xff, 0xff, 0xff, 0xff, 0xff, 0xff, 0xff, 0xff, 0xff, 
	0xff, 0xff, 0xff, 0xff, 0xff, 0xff, 0xff, 0xff, 0xff, 0xff, 0xff, 0xff, 0xff, 0xff, 0xff, 0xff, 
	0xff, 0xff, 0xff, 0xff, 0xff, 0xff, 0xff, 0xff, 0xff, 0xff, 0xff, 0xff, 0xff, 0xfd, 0x40, 0x00, 
	0x00, 0x8a, 0xaa, 0xaf, 0xff, 0xff, 0xff, 0xff, 0xef, 0xff, 0xee, 0xef, 0xef, 0xfe, 0xff, 0xff, 
	0xff, 0xff, 0xff, 0xef, 0xff, 0xfe, 0xff, 0xff, 0xff, 0xff, 0xee, 0xee, 0xee, 0xea, 0xee, 0xee, 
	0xee, 0xee, 0xee, 0xee, 0xef, 0xff, 0xff, 0xff, 0xff, 0xfa, 0xa8, 0x00, 0x00, 0x1c, 0xd8, 0xdf, 
	0xff, 0xff, 0xff, 0xff, 0xff, 0xff, 0xff, 0xff, 0xff, 0xff, 0xff, 0xff, 0xff, 0xff, 0xff, 0xff, 
	0xff, 0xff, 0xff, 0xff, 0xff, 0xff, 0xff, 0xff, 0xff, 0xff, 0xff, 0xff, 0xff, 0xff, 0xff, 0xff, 
	0xff, 0xff, 0xff, 0xff, 0xff, 0xfd, 0x1c, 0x00, 0x00, 0x0a, 0xaa, 0xae, 0xbb, 0xae, 0xef, 0xfb, 
	0xab, 0xae, 0xbf, 0xff, 0xff, 0xff, 0xff, 0xff, 0xff, 0xff, 0xff, 0xff, 0xff, 0xff, 0xff, 0xff, 
	0xff, 0xff, 0xff, 0xfb, 0xbb, 0xaa, 0xbe, 0xff, 0xbb, 0xef, 0xff, 0xbb, 0xfb, 0xff, 0xff, 0xff, 
	0xff, 0xea, 0xa8, 0x00, 0x00, 0x00, 0x01, 0x24, 0x11, 0x84, 0xc7, 0x71, 0x19, 0xc6, 0x7f, 0xff, 
	0xff, 0xff, 0xff, 0xff, 0xff, 0xff, 0xff, 0xff, 0xff, 0xff, 0xff, 0xff, 0xff, 0xff, 0xff, 0xff, 
	0xff, 0xff, 0xff, 0x7f, 0xff, 0xff, 0xff, 0xff, 0xff, 0xff, 0xff, 0xff, 0xff, 0xe4, 0x40, 0x00, 
	0x00, 0x00, 0x08, 0xaa, 0xaa, 0xaa, 0xaa, 0xaa, 0xaa, 0xaa, 0xbf, 0xff, 0xff, 0xff, 0xff, 0xff, 
	0xff, 0xff, 0xff, 0xff, 0xff, 0xff, 0xff, 0xff, 0xff, 0xff, 0xee, 0xfe, 0xee, 0xee, 0xee, 0xee, 
	0xee, 0xee, 0xee, 0xef, 0xff, 0xff, 0xff, 0xff, 0xff, 0xea, 0x80, 0x00, 0x00, 0x00, 0x10, 0xd1, 
	0xfc, 0x71, 0x39, 0xdc, 0x77, 0x71, 0xdf, 0xff, 0xff, 0xff, 0xff, 0xff, 0xff, 0xff, 0xff, 0xff, 
	0xff, 0xff, 0xff, 0xff, 0xff, 0xff, 0xff, 0xff, 0xff, 0xff, 0xfd, 0xdf, 0xff, 0xff, 0xff, 0xff, 
	0xff, 0xff, 0xff, 0xff, 0xff, 0xff, 0x40, 0x00, 0x00, 0x00, 0x00, 0x00, 0x2a, 0xaa, 0xaa, 0xaa, 
	0xaa, 0xaa, 0xaa, 0xbb, 0xff, 0xff, 0xff, 0xff, 0xff, 0xff, 0xff, 0xff, 0xff, 0xff, 0xff, 0xbf, 
	0xff, 0xff, 0xff, 0xfb, 0xbf, 0xff, 0xbb, 0xfb, 0xab, 0xff, 0xff, 0xff, 0xff, 0xff, 0xff, 0xff, 
	0xff, 0xea, 0xe0, 0x00, 0x00, 0x00, 0x00, 0x00, 0x00, 0x06, 0xc7, 0x73, 0x1d, 0xc7, 0x71, 0xc7, 
	0xff, 0xff, 0xff, 0xff, 0xff, 0xff, 0xff, 0xff, 0xff, 0xff, 0xff, 0xff, 0xff, 0xff, 0xff, 0xff, 
	0xff, 0xff, 0xff, 0xff, 0xff, 0xff, 0xff, 0xff, 0xff, 0xff, 0xff, 0xff, 0xff, 0xf1, 0x00, 0x00, 
	0x00, 0x00, 0x00, 0x00, 0x08, 0x8e, 0xee, 0xaa, 0xaa, 0x8e, 0xba, 0x8f, 0xff, 0xff, 0xff, 0xff, 
	0xff, 0xff, 0xff, 0xff, 0xff, 0xff, 0xff, 0xff, 0xff, 0xff, 0xfe, 0xfe, 0xee, 0xfe, 0xee, 0xee, 
	0xee, 0xee, 0xee, 0xef, 0xff, 0xff, 0xff, 0xff, 0xff, 0xea, 0x80, 0x00, 0x00, 0x00, 0x00, 0x00, 
	0x00, 0x00, 0x04, 0x41, 0x04, 0x44, 0xd5, 0x5d, 0xdd, 0xff, 0xff, 0xff, 0xff, 0xff, 0xff, 0xff, 
	0xff, 0xff, 0xff, 0xff, 0xff, 0xff, 0xff, 0xff, 0xff, 0xff, 0xff, 0xff, 0xff, 0xff, 0xff, 0xff, 
	0xff, 0xff, 0xff, 0xff, 0xff, 0xd4, 0x00, 0x00, 0x00, 0x00, 0x00, 0x00, 0x00, 0x00, 0x08, 0x2a, 
	0xaa, 0x2a, 0xae, 0xba, 0xaa, 0xfe, 0xaf, 0xff, 0xff, 0xff, 0xff, 0xff, 0xff, 0xfb, 0xff, 0xff, 
	0xff, 0xff, 0xff, 0xff, 0xff, 0xff, 0xff, 0xfb, 0xff, 0xff, 0xbf, 0xff, 0xff, 0xff, 0xff, 0xff, 
	0xff, 0xa8, 0x00, 0x00, 0x00, 0x00, 0x00, 0x00, 0x00, 0x00, 0x00, 0x00, 0x00, 0x01, 0xd4, 0x75, 
	0x57, 0x5f, 0x53, 0xdf, 0xff, 0xff, 0xff, 0xff, 0xff, 0xff, 0xff, 0xff, 0xff, 0xff, 0xff, 0xff, 
	0xff, 0xff, 0xff, 0xff, 0xff, 0xff, 0xff, 0xff, 0xff, 0xff, 0xff, 0xff, 0xff, 0x10, 0x00, 0x00, 
	0x00, 0x00, 0x00, 0x00, 0x00, 0x00, 0x00, 0x00, 0x00, 0x02, 0xa8, 0x8e, 0xaa, 0xaa, 0xaa, 0x8f, 
	0xff, 0xff, 0xff, 0xff, 0xff, 0xff, 0xff, 0xff, 0xff, 0xff, 0xff, 0xff, 0xff, 0xef, 0xff, 0xfe, 
	0xef, 0xee, 0xff, 0xff, 0xff, 0xff, 0xff, 0xff, 0xfe, 0xa8, 0x00, 0x00, 0x00, 0x00, 0x00, 0x00, 
	0x00, 0x00, 0x00, 0x00, 0x00, 0x01, 0x55, 0xcc, 0x75, 0xc5, 0xfc, 0xef, 0xff, 0xff, 0xff, 0xff, 
	0xff, 0xff, 0xff, 0xff, 0xff, 0xff, 0xff, 0xff, 0xff, 0xff, 0xff, 0xff, 0xff, 0xff, 0xff, 0xff, 
	0xff, 0xff, 0xff, 0xff, 0xfc, 0x40, 0x00, 0x00
};
// 'nyxsmoking', 350x350px
const unsigned char nyxsmoking [] PROGMEM = {
	0x00, 0x00, 0x00, 0x00, 0x00, 0x00, 0x00, 0x00, 0x00, 0x00, 0x00, 0x00, 0x00, 0x3f, 0xfc, 0xa8, 
	0x00, 0x00, 0x00, 0x00, 0x00, 0x00, 0x00, 0x00, 0x00, 0x00, 0x00, 0x00, 0x00, 0x00, 0x00, 0x00, 
	0x00, 0x00, 0x00, 0x00, 0x00, 0x00, 0x00, 0x00, 0x00, 0x00, 0x00, 0x00, 0x00, 0x00, 0x00, 0x00, 
	0x00, 0x00, 0x00, 0x00, 0x00, 0x00, 0x00, 0x00, 0x00, 0x7f, 0xff, 0x1c, 0x00, 0x00, 0x00, 0x00, 
	0x00, 0x00, 0x00, 0x00, 0x00, 0x00, 0x00, 0x00, 0x00, 0x00, 0x00, 0x00, 0x00, 0x00, 0x00, 0x00, 
	0x00, 0x00, 0x00, 0x00, 0x00, 0x00, 0x00, 0x00, 0x00, 0x00, 0x00, 0x00, 0x00, 0x00, 0x00, 0x00, 
	0x00, 0x00, 0x00, 0x00, 0x00, 0x3f, 0xff, 0x8a, 0x80, 0x00, 0x00, 0x00, 0x00, 0x00, 0x00, 0x00, 
	0x00, 0x00, 0x00, 0x00, 0x00, 0x00, 0x00, 0x00, 0x00, 0xbf, 0xe0, 0x00, 0x00, 0x00, 0x00, 0x00, 
	0x00, 0x00, 0x00, 0x00, 0x00, 0x00, 0x00, 0x00, 0x00, 0x00, 0x00, 0x00, 0x00, 0x00, 0x00, 0x00, 
	0x00, 0x3f, 0xff, 0xc1, 0x00, 0x00, 0x00, 0x00, 0x00, 0x00, 0x00, 0x00, 0x00, 0x00, 0x00, 0x00, 
	0x00, 0x00, 0x00, 0x01, 0x50, 0x7f, 0xf0, 0x00, 0x00, 0x00, 0x00, 0x00, 0x00, 0x00, 0x00, 0x00, 
	0x00, 0x00, 0x00, 0x00, 0x00, 0x00, 0x00, 0x00, 0x00, 0x00, 0x00, 0x00, 0x00, 0x2f, 0xef, 0xe8, 
	0xa0, 0x00, 0x00, 0x00, 0x00, 0x00, 0x00, 0x00, 0x00, 0x00, 0x00, 0x00, 0x00, 0x00, 0x00, 0x0a, 
	0xef, 0xee, 0xf8, 0x00, 0x00, 0x00, 0x00, 0x00, 0x00, 0x00, 0x00, 0x00, 0x00, 0x00, 0x00, 0x00, 
	0x00, 0x00, 0x00, 0x00, 0x00, 0x00, 0x00, 0x00, 0x00, 0x1f, 0xff, 0xf0, 0x60, 0x00, 0x00, 0x00, 
	0x00, 0x00, 0x00, 0x00, 0x00, 0x00, 0x00, 0x00, 0x00, 0x00, 0x00, 0x1e, 0x4f, 0xff, 0xfc, 0x00, 
	0x00, 0x00, 0x00, 0x00, 0x00, 0x00, 0x00, 0x00, 0x00, 0x00, 0x00, 0x00, 0x00, 0x00, 0x00, 0x00, 
	0x00, 0x00, 0x00, 0x00, 0x00, 0x0f, 0xff, 0xf8, 0xb8, 0x00, 0x00, 0x00, 0x00, 0x00, 0x00, 0x00, 
	0x00, 0x00, 0x00, 0x00, 0x00, 0x00, 0x02, 0xaa, 0xff, 0xff, 0xb8, 0x00, 0x00, 0x00, 0x00, 0x00, 
	0x00, 0x00, 0x00, 0x00, 0x00, 0x00, 0x00, 0x00, 0x00, 0x00, 0x00, 0x00, 0x00, 0x00, 0x00, 0x00, 
	0x00, 0x1f, 0xff, 0xfc, 0x1c, 0x00, 0x00, 0x00, 0x00, 0x00, 0x00, 0x00, 0x00, 0x00, 0x00, 0x00, 
	0x00, 0x00, 0x01, 0xe5, 0xff, 0xff, 0xf8, 0x00, 0x00, 0x00, 0x00, 0x00, 0x00, 0x00, 0x00, 0x00, 
	0x00, 0x00, 0x00, 0x00, 0x00, 0x00, 0x00, 0x00, 0x00, 0x00, 0x00, 0x00, 0x00, 0x0e, 0xee, 0xfe, 
	0xae, 0x00, 0x00, 0x00, 0x00, 0x00, 0x00, 0x00, 0x00, 0x00, 0x00, 0x00, 0x00, 0x00, 0x2e, 0xaf, 
	0xfe, 0xee, 0xe8, 0x00, 0x00, 0x00, 0x00, 0x00, 0x00, 0x00, 0x00, 0x00, 0x00, 0x00, 0x00, 0x00, 
	0x00, 0x00, 0x00, 0x00, 0x00, 0x00, 0x00, 0x00, 0x00, 0x07, 0xff, 0xff, 0x05, 0x00, 0x00, 0x00, 
	0x00, 0x00, 0x00, 0x00, 0x00, 0x00, 0x00, 0x00, 0x00, 0x00, 0x3c, 0xff, 0xff, 0xff, 0xf0, 0x00, 
	0x00, 0x00, 0x00, 0x00, 0x00, 0x00, 0x00, 0x00, 0x00, 0x00, 0x00, 0x00, 0x00, 0x00, 0x00, 0x00, 
	0x00, 0x00, 0x00, 0x00, 0x00, 0x0b, 0xbf, 0xbf, 0xab, 0x80, 0x00, 0x00, 0x00, 0x00, 0x00, 0x00, 
	0x00, 0x00, 0x00, 0x00, 0x00, 0x00, 0xaa, 0xff, 0xfb, 0xfb, 0xe0, 0x00, 0x00, 0x00, 0x00, 0x00, 
	0x00, 0x00, 0x00, 0x00, 0x00, 0x00, 0x00, 0x00, 0x00, 0x00, 0x00, 0x00, 0x00, 0x00, 0x00, 0x00, 
	0x00, 0x1d, 0xff, 0xff, 0xc1, 0x40, 0x00, 0x00, 0x00, 0x00, 0x00, 0x00, 0x00, 0x00, 0x00, 0x00, 
	0x00, 0x31, 0xc7, 0xff, 0xff, 0xff, 0xe0, 0x00, 0x00, 0x00, 0x00, 0x00, 0x00, 0x00, 0x00, 0x00, 
	0x00, 0x00, 0x00, 0x00, 0x00, 0x00, 0x00, 0x00, 0x00, 0x00, 0x00, 0x00, 0x00, 0x0e, 0xee, 0xef, 
	0xea, 0xe0, 0x00, 0x00, 0x00, 0x00, 0x00, 0x00, 0x00, 0x00, 0x00, 0x00, 0x00, 0xa2, 0x8f, 0xfe, 
	0xee, 0xef, 0xe0, 0x00, 0x00, 0x00, 0x00, 0x00, 0x00, 0x00, 0x00, 0x00, 0x00, 0x00, 0x00, 0x00, 
	0x00, 0x00, 0x00, 0x00, 0x00, 0x00, 0x00, 0x00, 0x00, 0x0f, 0xfd, 0xff, 0xe0, 0xc0, 0x00, 0x00, 
	0x00, 0x00, 0x00, 0x00, 0x00, 0x00, 0x00, 0x00, 0x00, 0xc6, 0x1f, 0xff, 0xff, 0xff, 0xc0, 0x00, 
	0x00, 0x00, 0x00, 0x00, 0x00, 0x00, 0x00, 0x00, 0x00, 0x00, 0x00, 0x00, 0x00, 0x00, 0x00, 0x00, 
	0x00, 0x00, 0x00, 0x00, 0x00, 0x0b, 0xba, 0xbf, 0xe2, 0x20, 0x00, 0x00, 0x00, 0x00, 0x00, 0x00, 
	0x00, 0x00, 0x00, 0x00, 0x03, 0xea, 0xff, 0xff, 0xbf, 0xfa, 0x80, 0x00, 0x00, 0x00, 0x00, 0x00, 
	0x00, 0x00, 0x00, 0x00, 0x00, 0x00, 0x00, 0x00, 0x00, 0x00, 0x00, 0x00, 0x00, 0x00, 0x00, 0x00, 
	0x00, 0x07, 0xff, 0xff, 0xf0, 0x10, 0x00, 0x00, 0x00, 0x00, 0x00, 0x00, 0x00, 0x00, 0x00, 0x00, 
	0x05, 0xd1, 0xff, 0xff, 0xff, 0xfe, 0x00, 0x00, 0x00, 0x00, 0x00, 0x00, 0x00, 0x00, 0x00, 0x00, 
	0x00, 0x00, 0x00, 0x00, 0x00, 0x00, 0x00, 0x00, 0x00, 0x00, 0x00, 0x00, 0x00, 0x02, 0xea, 0xbf, 
	0xf8, 0x88, 0x00, 0x00, 0x00, 0x00, 0x00, 0x00, 0x00, 0x00, 0x00, 0x00, 0x0e, 0xa3, 0xfe, 0xef, 
	0xea, 0xe8, 0x00, 0x00, 0x00, 0x00, 0x00, 0x00, 0x00, 0x00, 0x00, 0x00, 0x00, 0x00, 0x00, 0x00, 
	0x00, 0x00, 0x00, 0x00, 0x00, 0x00, 0x00, 0x00, 0x00, 0x00, 0xff, 0xff, 0xf8, 0x0c, 0x00, 0x00, 
	0x00, 0x00, 0x00, 0x00, 0x00, 0x00, 0x00, 0x00, 0x19, 0x87, 0xff, 0xff, 0xff, 0xf1, 0x00, 0x00, 
	0x00, 0x00, 0x00, 0x00, 0x00, 0x00, 0x00, 0x00, 0x00, 0x00, 0x00, 0x00, 0x00, 0x00, 0x00, 0x00, 
	0x00, 0x00, 0x00, 0x00, 0x00, 0x02, 0xbf, 0xfb, 0xf8, 0x8b, 0x80, 0x00, 0x00, 0x00, 0x00, 0x00, 
	0x00, 0x00, 0x00, 0x00, 0x3b, 0x8f, 0xff, 0xfb, 0xbb, 0xab, 0x80, 0x00, 0x00, 0x00, 0x00, 0x00, 
	0x00, 0x00, 0x00, 0x00, 0x00, 0x00, 0x00, 0x00, 0x00, 0x00, 0x00, 0x00, 0x00, 0x00, 0x00, 0x00, 
	0x00, 0x03, 0x7f, 0xff, 0xfc, 0x01, 0x00, 0x00, 0x00, 0x00, 0x00, 0x00, 0x00, 0x00, 0x00, 0x00, 
	0x21, 0x1f, 0xff, 0xff, 0xff, 0x5f, 0x00, 0x00, 0x00, 0x00, 0x00, 0x00, 0x00, 0x00, 0x00, 0x00, 
	0x00, 0x00, 0x00, 0x00, 0x00, 0x00, 0x00, 0x00, 0x00, 0x00, 0x00, 0x00, 0x00, 0x02, 0xee, 0xee, 
	0xee, 0x08, 0x80, 0x00, 0x00, 0x00, 0x00, 0x00, 0x00, 0x00, 0x00, 0x00, 0xa0, 0xbf, 0xff, 0xee, 
	0xaf, 0xee, 0x80, 0x00, 0x00, 0x00, 0x00, 0x00, 0x00, 0x00, 0x00, 0x00, 0x00, 0x00, 0x00, 0x00, 
	0x00, 0x00, 0x00, 0x00, 0x00, 0x00, 0x00, 0x00, 0x00, 0x01, 0xff, 0xff, 0xfe, 0x05, 0x80, 0x00, 
	0x00, 0x00, 0x00, 0x00, 0x00, 0x00, 0x00, 0x01, 0xc4, 0x7f, 0xff, 0xff, 0xff, 0xfe, 0x00, 0x00, 
	0x00, 0x00, 0x00, 0x00, 0x00, 0x00, 0x00, 0x00, 0x00, 0x00, 0x00, 0x00, 0x00, 0x00, 0x00, 0x00, 
	0x00, 0x00, 0x00, 0x00, 0x00, 0x02, 0xff, 0xaf, 0xfe, 0x82, 0x80, 0x00, 0x00, 0x00, 0x00, 0x00, 
	0x00, 0x00, 0x00, 0x02, 0xe8, 0xff, 0xff, 0xfb, 0xfb, 0xfe, 0x00, 0x00, 0x00, 0x00, 0x00, 0x00, 
	0x00, 0x00, 0x00, 0x00, 0x00, 0x00, 0x00, 0x00, 0x00, 0x00, 0x00, 0x00, 0x00, 0x00, 0x00, 0x00, 
	0x00, 0x00, 0xff, 0xff, 0xff, 0x80, 0x40, 0x00, 0x00, 0x00, 0x00, 0x00, 0x00, 0x00, 0x00, 0x06, 
	0x41, 0xff, 0xfd, 0xff, 0xff, 0xfc, 0x00, 0x00, 0x00, 0x00, 0x00, 0x00, 0x00, 0x00, 0x00, 0x00, 
	0x00, 0x00, 0x00, 0x00, 0x00, 0x00, 0x00, 0x00, 0x00, 0x00, 0x00, 0x00, 0x00, 0x00, 0xee, 0xef, 
	0xbf, 0x8a, 0xa0, 0x00, 0x00, 0x00, 0x00, 0x00, 0x00, 0x00, 0x00, 0x02, 0xa3, 0xfe, 0xee, 0xee, 
	0xee, 0xf8, 0x00, 0x00, 0x00, 0x00, 0x00, 0x00, 0x00, 0x00, 0x00, 0x00, 0x00, 0x00, 0x00, 0x00, 
	0x00, 0x00, 0x00, 0x00, 0x00, 0x00, 0x00, 0x00, 0x00, 0x00, 0xff, 0xff, 0xff, 0xc0, 0x00, 0x00, 
	0x00, 0x00, 0x00, 0x00, 0x00, 0x00, 0x00, 0x04, 0x47, 0xff, 0xff, 0xdf, 0xff, 0xf8, 0x00, 0x00, 
	0x00, 0x00, 0x00, 0x00, 0x00, 0x00, 0x00, 0x00, 0x00, 0x00, 0x00, 0x0a, 0x00, 0x00, 0x00, 0x00, 
	0x00, 0x00, 0x00, 0x00, 0x00, 0x00, 0xaa, 0xab, 0xef, 0xe2, 0x20, 0x00, 0x00, 0x00, 0x00, 0x00, 
	0x00, 0x00, 0x00, 0x08, 0xaf, 0xff, 0xff, 0xbf, 0xbf, 0xa8, 0x00, 0x00, 0x00, 0x00, 0x00, 0x00, 
	0x00, 0x00, 0x00, 0x00, 0x00, 0x00, 0x00, 0x07, 0x00, 0x00, 0x00, 0x00, 0x00, 0x00, 0x00, 0x00, 
	0x00, 0x00, 0x3f, 0xff, 0xff, 0x00, 0x10, 0x00, 0x00, 0x00, 0x00, 0x00, 0x00, 0x00, 0x00, 0x1c, 
	0x0f, 0xff, 0xff, 0xff, 0xff, 0x00, 0x00, 0x00, 0x00, 0x00, 0x00, 0x00, 0x00, 0x00, 0x00, 0x00, 
	0x00, 0x00, 0x08, 0x08, 0xa8, 0x80, 0x00, 0x00, 0x00, 0x00, 0x00, 0x00, 0x00, 0x00, 0xae, 0xee, 
	0xff, 0xa0, 0x08, 0x00, 0x00, 0x00, 0x00, 0x00, 0x00, 0x00, 0x00, 0x28, 0xaf, 0xfe, 0xee, 0xee, 
	0xea, 0x00, 0x00, 0x00, 0x00, 0x00, 0x00, 0x00, 0x00, 0x00, 0x00, 0x00, 0x00, 0x00, 0x1c, 0x00, 
	0x0c, 0x40, 0x00, 0x00, 0x00, 0x00, 0x00, 0x00, 0x00, 0x00, 0xdd, 0xff, 0xff, 0xe0, 0x10, 0x00, 
	0x00, 0x00, 0x00, 0x00, 0x00, 0x00, 0x00, 0x60, 0x1f, 0xff, 0xdf, 0xdf, 0xf0, 0x00, 0x00, 0x00, 
	0x00, 0x00, 0x00, 0x00, 0x00, 0x00, 0x00, 0x00, 0x00, 0x00, 0x28, 0x00, 0x0a, 0xa0, 0x20, 0x00, 
	0x00, 0x00, 0x00, 0x00, 0x00, 0x00, 0xba, 0xab, 0xff, 0xe2, 0x08, 0x00, 0x00, 0x00, 0x00, 0x00, 
	0x00, 0x00, 0x00, 0xa8, 0x3f, 0xfa, 0xbb, 0xea, 0xaa, 0xa0, 0x00, 0x00, 0x00, 0x00, 0x00, 0x00, 
	0x00, 0x00, 0x00, 0x00, 0x00, 0x00, 0x00, 0x00, 0x00, 0x00, 0x00, 0x00, 0x00, 0x00, 0x00, 0x00, 
	0x00, 0x00, 0x3f, 0x7f, 0xff, 0xf0, 0x0c, 0x00, 0x00, 0x00, 0x00, 0x00, 0x00, 0x00, 0x00, 0x40, 
	0x3f, 0xff, 0xff, 0xfd, 0xff, 0xc0, 0x00, 0x00, 0x00, 0x00, 0x00, 0x00, 0x00, 0x00, 0x00, 0x00, 
	0x00, 0x02, 0x80, 0x00, 0x08, 0x80, 0x80, 0x00, 0x00, 0x00, 0x80, 0x00, 0x00, 0x00, 0x3e, 0xea, 
	0xef, 0xf8, 0x28, 0x00, 0x00, 0x00, 0x00, 0x00, 0x00, 0xaa, 0x02, 0xe8, 0xbf, 0xff, 0xee, 0xae, 
	0xef, 0x80, 0x00, 0x00, 0x00, 0x00, 0x00, 0x00, 0x00, 0x00, 0x00, 0x00, 0x00, 0x00, 0x00, 0x00, 
	0x00, 0x00, 0x00, 0x00, 0x00, 0x00, 0x00, 0x00, 0x00, 0x00, 0x1f, 0xff, 0xff, 0xf8, 0x0c, 0x00, 
	0x00, 0x00, 0x00, 0x00, 0x05, 0xfe, 0x01, 0xc0, 0xff, 0xff, 0xdf, 0xdf, 0xff, 0x80, 0x00, 0x00, 
	0x00, 0x00, 0x00, 0x00, 0x00, 0x00, 0x00, 0x00, 0x00, 0x00, 0x00, 0x00, 0x00, 0xa0, 0x80, 0x00, 
	0x00, 0x00, 0x00, 0x00, 0x00, 0x00, 0x3e, 0xab, 0xff, 0xe0, 0x22, 0x00, 0x00, 0x00, 0x00, 0x00, 
	0x2e, 0xaf, 0xa3, 0x83, 0xff, 0xfb, 0xaf, 0xbf, 0xbe, 0x00, 0x00, 0x00, 0x00, 0x00, 0x00, 0x00, 
	0x00, 0x00, 0x00, 0x00, 0x00, 0x00, 0x00, 0x00, 0x00, 0x00, 0x00, 0x00, 0x00, 0x00, 0x00, 0x00, 
	0x00, 0x00, 0x1f, 0xff, 0xff, 0xf0, 0x07, 0x00, 0x00, 0x00, 0x00, 0x00, 0x1c, 0x07, 0xe1, 0x03, 
	0xff, 0xff, 0xf7, 0xff, 0xff, 0x00, 0x00, 0x00, 0x00, 0x00, 0x00, 0x00, 0x00, 0x00, 0x00, 0x00, 
	0x00, 0x00, 0x00, 0x00, 0x00, 0x08, 0x00, 0x00, 0x00, 0x00, 0x08, 0x00, 0x00, 0x00, 0x0b, 0xee, 
	0xff, 0xf8, 0xaa, 0x00, 0x00, 0x00, 0x2a, 0xa0, 0x38, 0x08, 0xee, 0x83, 0xfe, 0xea, 0xee, 0xfe, 
	0xfa, 0x00, 0x00, 0x00, 0x00, 0x00, 0x00, 0x00, 0x00, 0x00, 0x00, 0x00, 0x00, 0x00, 0x00, 0x00, 
	0x00, 0x00, 0x00, 0x00, 0x00, 0x00, 0x04, 0x00, 0x00, 0x00, 0x07, 0xff, 0xff, 0xfc, 0x46, 0x00, 
	0x00, 0x00, 0x7f, 0xf0, 0x70, 0x00, 0xe4, 0x07, 0xff, 0xff, 0xdd, 0xff, 0xf0, 0x00, 0x00, 0x00, 
	0x00, 0x00, 0x00, 0x00, 0x00, 0x00, 0x00, 0x00, 0x00, 0x20, 0x00, 0x00, 0x00, 0x00, 0x00, 0x00, 
	0x00, 0x00, 0x02, 0x00, 0x00, 0x00, 0x03, 0xba, 0xfb, 0xfe, 0xa2, 0x00, 0x00, 0x03, 0xaa, 0xba, 
	0xe0, 0x00, 0xee, 0x8f, 0xff, 0xbe, 0xbe, 0xaf, 0xa0, 0x00, 0x00, 0x00, 0x00, 0x00, 0x00, 0x00, 
	0x00, 0x00, 0x00, 0x00, 0x00, 0x00, 0x00, 0x00, 0x00, 0x00, 0x00, 0x00, 0x00, 0x00, 0x00, 0x00, 
	0x00, 0x00, 0x00, 0x7f, 0xf7, 0xfe, 0x03, 0x00, 0x7f, 0x07, 0xc7, 0x5e, 0x7f, 0x40, 0x7c, 0x1f, 
	0xff, 0xff, 0xff, 0xff, 0x00, 0x00, 0x00, 0x00, 0x00, 0x00, 0x00, 0x00, 0x00, 0x00, 0x00, 0x00, 
	0x00, 0x00, 0x00, 0x00, 0x00, 0x00, 0x00, 0x00, 0x00, 0x00, 0x00, 0x00, 0x00, 0x00, 0x02, 0xbf, 
	0xee, 0xfa, 0xa2, 0x82, 0xee, 0xa8, 0xaf, 0xea, 0xbf, 0xea, 0xbe, 0x8f, 0xfe, 0xaf, 0xae, 0xf8, 
	0xa0, 0x00, 0x00, 0x00, 0x00, 0x00, 0x00, 0x00, 0x00, 0x00, 0x00, 0x00, 0x00, 0x00, 0x00, 0x00, 
	0x00, 0x00, 0x00, 0x00, 0x00, 0x00, 0x00, 0x00, 0x00, 0x00, 0x01, 0xdf, 0xff, 0xfc, 0x01, 0x07, 
	0xc1, 0xf9, 0xff, 0xff, 0xff, 0xff, 0xfc, 0x1f, 0xff, 0xff, 0xff, 0xff, 0xf0, 0x00, 0x00, 0x00, 
	0x00, 0x00, 0x00, 0x00, 0x00, 0x00, 0x00, 0x00, 0x00, 0xa2, 0x00, 0x00, 0x00, 0x00, 0x00, 0x00, 
	0x00, 0x00, 0x00, 0x00, 0x00, 0x00, 0x02, 0xff, 0xaf, 0xfe, 0x23, 0xae, 0x3b, 0xfa, 0xbf, 0xff, 
	0xff, 0xff, 0xe2, 0x3f, 0xfb, 0xfb, 0xea, 0xbf, 0xe0, 0x00, 0x00, 0x00, 0x00, 0x00, 0x00, 0x00, 
	0x00, 0x00, 0x00, 0x00, 0x01, 0x00, 0x00, 0x00, 0x00, 0x00, 0x00, 0x00, 0x00, 0x00, 0x00, 0x00, 
	0x00, 0x00, 0x00, 0xff, 0xff, 0xff, 0x07, 0xf7, 0xff, 0xff, 0xff, 0xff, 0xff, 0xff, 0xf4, 0x7f, 
	0xff, 0xff, 0xff, 0xff, 0xc0, 0x00, 0x00, 0x00, 0x00, 0x00, 0x00, 0x00, 0x00, 0x00, 0x00, 0x00, 
	0x02, 0x08, 0x88, 0x80, 0x00, 0x00, 0x00, 0x00, 0x00, 0x88, 0x88, 0x00, 0x00, 0x00, 0x00, 0xff, 
	0xfb, 0xfe, 0xae, 0xef, 0xfe, 0xff, 0xff, 0xff, 0xff, 0xff, 0xe8, 0xff, 0xfe, 0xee, 0xeb, 0xee, 
	0xc0, 0x00, 0x00, 0x00, 0x00, 0x00, 0x00, 0x00, 0x00, 0x00, 0x00, 0x00, 0x00, 0x00, 0x00, 0x40, 
	0x00, 0x00, 0x00, 0x00, 0x00, 0x40, 0x10, 0x00, 0x00, 0x00, 0x00, 0x1f, 0xff, 0xff, 0x04, 0xdf, 
	0xff, 0xdf, 0x1f, 0xff, 0xff, 0xff, 0xf0, 0xff, 0xff, 0xff, 0xff, 0xff, 0x00, 0x00, 0x00, 0x00, 
	0x00, 0x00, 0x00, 0x00, 0x00, 0x00, 0x00, 0x00, 0x00, 0x22, 0x20, 0x00, 0x00, 0x00, 0x00, 0x00, 
	0x00, 0x02, 0x08, 0x00, 0x00, 0x00, 0x00, 0x2f, 0xaf, 0xff, 0xae, 0xff, 0xef, 0x82, 0xaf, 0xff, 
	0xff, 0xff, 0xa0, 0xff, 0xff, 0xbe, 0xff, 0xfe, 0x00, 0x00, 0x00, 0x00, 0x00, 0x00, 0x00, 0x00, 
	0x00, 0x00, 0x00, 0x00, 0x01, 0x00, 0x00, 0x00, 0x00, 0x00, 0x00, 0x00, 0x00, 0x01, 0x10, 0x00, 
	0x00, 0x00, 0x00, 0x1f, 0xff, 0xff, 0xc4, 0xff, 0xe0, 0x60, 0x07, 0xff, 0xff, 0xff, 0xb1, 0xff, 
	0xff, 0xff, 0xff, 0xfc, 0x00, 0x00, 0x00, 0x00, 0x00, 0x00, 0x00, 0x00, 0x00, 0x00, 0x00, 0x00, 
	0x08, 0x88, 0x88, 0x08, 0x00, 0x00, 0x00, 0x82, 0x8a, 0x88, 0xa8, 0x00, 0x00, 0x00, 0x00, 0x3e, 
	0xef, 0xfe, 0xca, 0xe8, 0x88, 0xa8, 0xaf, 0xff, 0xff, 0xff, 0xaa, 0xaf, 0xee, 0xae, 0xea, 0xbe, 
	0x00, 0x00, 0x00, 0x00, 0x00, 0x00, 0x00, 0x00, 0x00, 0x00, 0x00, 0x00, 0x10, 0x00, 0x00, 0x40, 
	0x00, 0x00, 0x00, 0x00, 0x00, 0x04, 0x50, 0x00, 0x00, 0x00, 0x00, 0x1f, 0xff, 0xfe, 0x40, 0xc0, 
	0x00, 0x04, 0x17, 0xff, 0xff, 0xff, 0x80, 0x7f, 0xff, 0xff, 0xff, 0xf8, 0x00, 0x00, 0x00, 0x00, 
	0x00, 0x00, 0x00, 0x00, 0x00, 0x00, 0x00, 0x00, 0x20, 0xa2, 0x22, 0x20, 0x00, 0x00, 0xaa, 0x88, 
	0xa8, 0xaa, 0xa8, 0x00, 0x00, 0x00, 0x00, 0x0f, 0xff, 0xfe, 0x0a, 0xaa, 0x00, 0x0b, 0xab, 0xff, 
	0xff, 0xfe, 0x22, 0xff, 0xff, 0xbb, 0xff, 0xe8, 0x00, 0x00, 0x00, 0x00, 0x00, 0x00, 0x00, 0x00, 
	0x00, 0x00, 0x00, 0x00, 0x00, 0x00, 0x00, 0x00, 0x00, 0x04, 0x00, 0x00, 0x00, 0x41, 0x00, 0x00, 
	0x00, 0x00, 0x00, 0x07, 0xff, 0xff, 0x04, 0xc0, 0x00, 0x07, 0x97, 0xff, 0xff, 0xff, 0x01, 0xff, 
	0xff, 0xff, 0xff, 0xc0, 0x00, 0x00, 0x00, 0x00, 0x00, 0x00, 0x00, 0x00, 0x00, 0x00, 0x00, 0x00, 
	0x8a, 0x88, 0x88, 0x08, 0x88, 0xa8, 0x28, 0x2a, 0x88, 0xaa, 0x88, 0x00, 0x00, 0x00, 0x00, 0x03, 
	0xff, 0xef, 0x8e, 0xe8, 0x00, 0x83, 0x8f, 0xff, 0xee, 0xee, 0x8b, 0xff, 0xee, 0xfe, 0xef, 0xc8, 
	0x00, 0x00, 0x00, 0x00, 0x00, 0x00, 0x00, 0x00, 0x00, 0x00, 0x00, 0x00, 0x45, 0x16, 0x00, 0x00, 
	0x00, 0x00, 0x04, 0xcd, 0x84, 0x34, 0x40, 0x00, 0x00, 0x00, 0x00, 0x01, 0xff, 0xff, 0xc5, 0xc0, 
	0x00, 0x01, 0xdf, 0xff, 0xff, 0xff, 0x0f, 0xff, 0xff, 0xff, 0xff, 0xd0, 0x00, 0x00, 0x00, 0x00, 
	0x00, 0x00, 0x00, 0x00, 0x00, 0x00, 0x00, 0x00, 0x82, 0xaa, 0x82, 0x22, 0x00, 0x08, 0x8a, 0xaa, 
	0xaa, 0x2a, 0xa0, 0x00, 0x00, 0x00, 0x00, 0x02, 0xff, 0xff, 0xea, 0x80, 0x0a, 0xab, 0xff, 0xff, 
	0xff, 0xfb, 0x0f, 0xff, 0xff, 0xba, 0xae, 0xba, 0x82, 0x00, 0x00, 0x00, 0x00, 0x00, 0x00, 0x00, 
	0x00, 0x00, 0x00, 0x00, 0x40, 0x00, 0x00, 0x00, 0x00, 0x00, 0x10, 0x40, 0x09, 0x01, 0x44, 0x00, 
	0x00, 0x00, 0x00, 0x00, 0xff, 0xff, 0xe5, 0xc0, 0x1f, 0xe3, 0xff, 0xff, 0xff, 0xfb, 0x1f, 0xff, 
	0xff, 0xff, 0xff, 0x87, 0xf1, 0x00, 0x00, 0x00, 0x00, 0x00, 0x00, 0x00, 0x00, 0x00, 0x00, 0x00, 
	0x8a, 0xaa, 0x88, 0x88, 0x88, 0xa2, 0xa8, 0xaa, 0xaa, 0xaa, 0x8a, 0x00, 0x00, 0x00, 0x00, 0x00, 
	0xbf, 0xef, 0xef, 0x80, 0xeb, 0xeb, 0xff, 0xff, 0xff, 0xfa, 0xbf, 0xee, 0xee, 0xfe, 0xff, 0xea, 
	0xaa, 0x80, 0x00, 0x00, 0x00, 0x00, 0x00, 0x00, 0x00, 0x00, 0x00, 0x00, 0x84, 0x49, 0x10, 0x40, 
	0x84, 0x04, 0x45, 0x15, 0x45, 0x4d, 0x00, 0x00, 0x00, 0x00, 0x00, 0x00, 0x7f, 0xff, 0x87, 0xc1, 
	0x01, 0xf7, 0xff, 0xff, 0xff, 0xf9, 0x3f, 0xff, 0xff, 0xff, 0xff, 0xf8, 0x0f, 0xc0, 0x00, 0x00, 
	0x00, 0x00, 0x00, 0x00, 0x00, 0x00, 0x00, 0x00, 0x8a, 0xaa, 0xaa, 0xa2, 0x0a, 0x0a, 0xaa, 0xaa, 
	0xaa, 0xaa, 0x08, 0x00, 0x00, 0x00, 0x00, 0x02, 0xff, 0xff, 0xa3, 0xaa, 0x82, 0xfb, 0xff, 0xff, 
	0xff, 0xfa, 0x2b, 0xff, 0xfe, 0xff, 0xff, 0xfa, 0x80, 0xe0, 0x00, 0x00, 0x00, 0x00, 0x00, 0x00, 
	0x00, 0x00, 0x00, 0x00, 0x04, 0x14, 0xc4, 0x40, 0x49, 0x1b, 0x65, 0x15, 0x56, 0x90, 0x00, 0x00, 
	0x00, 0x00, 0x00, 0x03, 0xdf, 0xff, 0xe3, 0xd1, 0x7c, 0xff, 0xff, 0xff, 0xff, 0xf0, 0x07, 0xff, 
	0xff, 0xff, 0xff, 0xff, 0xc0, 0x70, 0x00, 0x00, 0x00, 0x00, 0x00, 0x00, 0x00, 0x00, 0x00, 0x00, 
	0x8a, 0xaa, 0x8a, 0x88, 0xa8, 0xaa, 0xaa, 0xaa, 0xaa, 0xa8, 0x20, 0x00, 0x00, 0x00, 0x00, 0x0a, 
	0xae, 0xef, 0xeb, 0xea, 0xfe, 0xff, 0xff, 0xff, 0xff, 0xe8, 0x2f, 0xee, 0xff, 0xee, 0xff, 0xff, 
	0xe8, 0xb8, 0x00, 0x00, 0x00, 0x00, 0x00, 0x00, 0x00, 0x00, 0x00, 0x00, 0xcd, 0x54, 0x40, 0x10, 
	0x00, 0xc0, 0x4c, 0xdc, 0xed, 0xd0, 0x40, 0x00, 0x00, 0x00, 0x00, 0x0c, 0x7f, 0xff, 0xf3, 0xf8, 
	0x7f, 0xff, 0xff, 0xff, 0xff, 0xf4, 0x7f, 0xff, 0xff, 0xff, 0xff, 0xff, 0xdc, 0x1c, 0x00, 0x00, 
	0x00, 0x00, 0x00, 0x00, 0x00, 0x00, 0x00, 0x00, 0x8a, 0xaa, 0x8a, 0x2a, 0x2a, 0xaa, 0xaa, 0xaa, 
	0xaa, 0x80, 0x80, 0x00, 0x00, 0x00, 0x00, 0x3b, 0xff, 0xff, 0xfb, 0xa0, 0xaa, 0xff, 0xff, 0xff, 
	0xff, 0xf8, 0xff, 0xff, 0xff, 0xff, 0xff, 0xff, 0xfa, 0x08, 0x00, 0x00, 0x00, 0x00, 0x00, 0x00, 
	0x00, 0x00, 0x00, 0x00, 0xc5, 0x4b, 0x40, 0x40, 0x51, 0x15, 0x5a, 0x70, 0x03, 0x06, 0x00, 0x00, 
	0x00, 0x00, 0x00, 0x77, 0xff, 0xff, 0xff, 0x01, 0x01, 0xff, 0xff, 0xff, 0xff, 0xf0, 0xff, 0xff, 
	0xff, 0xff, 0xff, 0xff, 0xfd, 0x8c, 0x00, 0x00, 0x00, 0x00, 0x00, 0x00, 0x00, 0x00, 0x00, 0x00, 
	0x8a, 0xaa, 0xaa, 0xaa, 0xae, 0xaa, 0xaa, 0xa0, 0x00, 0x8a, 0x00, 0x00, 0x00, 0x00, 0x02, 0xee, 
	0xfe, 0xaf, 0xf8, 0x08, 0x8f, 0xff, 0xff, 0xef, 0xee, 0xe8, 0xff, 0xfe, 0xee, 0xff, 0xff, 0xff, 
	0xfe, 0xae, 0x00, 0x00, 0x00, 0x00, 0x00, 0x00, 0x00, 0x00, 0x00, 0x00, 0xc5, 0xcd, 0x80, 0x44, 
	0x5c, 0x49, 0x4d, 0x00, 0x05, 0x80, 0x00, 0x00, 0x00, 0x00, 0x03, 0x9d, 0xfc, 0x4f, 0xf0, 0x00, 
	0x1f, 0xff, 0xff, 0xff, 0xff, 0xf1, 0xff, 0xff, 0xff, 0xff, 0xff, 0xff, 0xff, 0x64, 0x00, 0x00, 
	0x00, 0x00, 0x00, 0x00, 0x00, 0x00, 0x00, 0x00, 0xaa, 0xaa, 0xaa, 0xaa, 0xaa, 0xaa, 0xaa, 0x00, 
	0x08, 0x80, 0x00, 0x00, 0x00, 0x00, 0x02, 0x3f, 0xfa, 0xbb, 0xa0, 0xa0, 0xbf, 0xff, 0xff, 0xff, 
	0xff, 0xfb, 0xff, 0xff, 0xff, 0xff, 0xff, 0xff, 0xff, 0xbe, 0x00, 0x00, 0x00, 0x00, 0x00, 0x00, 
	0x00, 0x00, 0x00, 0x00, 0x47, 0x55, 0x55, 0x15, 0x25, 0x01, 0x54, 0x00, 0x00, 0x00, 0x00, 0x00, 
	0x00, 0x00, 0x0c, 0x7f, 0xf0, 0x11, 0x00, 0x00, 0x7f, 0xff, 0xff, 0xff, 0xff, 0xf3, 0xff, 0xff, 
	0xff, 0xff, 0xff, 0xff, 0xff, 0xfe, 0x00, 0x00, 0x00, 0x00, 0x00, 0x00, 0x00, 0x00, 0x00, 0x00, 
	0xce, 0xaa, 0xaa, 0xea, 0xaa, 0xaa, 0xa8, 0x80, 0x00, 0x00, 0x00, 0x00, 0x00, 0x00, 0x08, 0xef, 
	0xaa, 0xa8, 0x08, 0x00, 0xff, 0xff, 0xff, 0xef, 0xfe, 0xe3, 0xfe, 0xfe, 0xff, 0xff, 0xff, 0xff, 
	0xff, 0xfe, 0x80, 0x00, 0x00, 0x00, 0x00, 0x00, 0x00, 0x00, 0x00, 0x00, 0x45, 0x5d, 0x7d, 0x65, 
	0x45, 0x55, 0x70, 0x80, 0x00, 0x00, 0x00, 0x00, 0x00, 0x00, 0x10, 0xff, 0xc4, 0x10, 0x00, 0x01, 
	0xff, 0xff, 0xff, 0xff, 0xff, 0xc7, 0xff, 0xff, 0xff, 0xff, 0xff, 0xff, 0xff, 0xff, 0x00, 0x00, 
	0x00, 0x00, 0x00, 0x00, 0x00, 0x00, 0x00, 0x00, 0x02, 0xaa, 0xaa, 0xaa, 0xaa, 0xaa, 0xa0, 0x80, 
	0x00, 0x00, 0x00, 0x00, 0x00, 0x00, 0xe3, 0xbf, 0xa0, 0x28, 0x20, 0x03, 0xff, 0xff, 0xff, 0xff, 
	0xff, 0xee, 0xff, 0xff, 0xff, 0xff, 0xff, 0xff, 0xff, 0xfb, 0x80, 0x00, 0x00, 0x00, 0x00, 0x00, 
	0x00, 0x00, 0x00, 0x00, 0x05, 0x57, 0x15, 0x75, 0x43, 0x55, 0x01, 0x00, 0x00, 0x00, 0x00, 0x00, 
	0x00, 0x00, 0x43, 0x7c, 0x40, 0x40, 0x00, 0x07, 0xff, 0xff, 0xff, 0xff, 0xff, 0xc4, 0xff, 0xff, 
	0xff, 0xff, 0xff, 0xff, 0xff, 0xfd, 0xc0, 0x00, 0x00, 0x00, 0x00, 0x00, 0x00, 0x00, 0x00, 0x00, 
	0x0a, 0xaa, 0xaa, 0xaa, 0xaa, 0xaa, 0xa0, 0x80, 0x00, 0x00, 0x00, 0x00, 0x00, 0x00, 0x82, 0xe8, 
	0x82, 0x82, 0x80, 0x0f, 0xff, 0xef, 0xff, 0xfe, 0xef, 0xea, 0xff, 0xff, 0xff, 0xff, 0xff, 0xff, 
	0xff, 0xfe, 0xe8, 0x00, 0x00, 0x00, 0x00, 0x00, 0x00, 0x00, 0x00, 0x00, 0x01, 0xd5, 0xd5, 0xd4, 
	0xc5, 0x55, 0x40, 0x00, 0x00, 0x00, 0x00, 0x00, 0x00, 0x01, 0x84, 0xf8, 0x00, 0x04, 0x00, 0x1f, 
	0xff, 0xff, 0xff, 0xff, 0xff, 0xcf, 0xff, 0xff, 0xff, 0xff, 0xff, 0xff, 0xff, 0xff, 0x78, 0x00, 
	0x00, 0x00, 0x00, 0x00, 0x00, 0x00, 0x00, 0x00, 0x03, 0xaa, 0xaa, 0xae, 0xaa, 0xaa, 0x82, 0x00, 
	0x00, 0x00, 0x00, 0x00, 0x00, 0x03, 0x8e, 0xaa, 0x0a, 0x0a, 0x00, 0x3f, 0xff, 0xff, 0xff, 0xff, 
	0xfb, 0xef, 0xff, 0xff, 0xff, 0xff, 0xff, 0xff, 0xff, 0xff, 0xba, 0x00, 0x00, 0x00, 0x00, 0x00, 
	0x00, 0x00, 0x00, 0x00, 0x01, 0x35, 0x7b, 0xd7, 0x55, 0x55, 0x00, 0x00, 0x00, 0x00, 0x00, 0x00, 
	0x00, 0x03, 0x0d, 0xc0, 0x00, 0x10, 0x00, 0x3f, 0xff, 0xff, 0xff, 0xff, 0xff, 0xff, 0xff, 0xff, 
	0xff, 0xff, 0xff, 0xff, 0xff, 0xff, 0xde, 0x00, 0x00, 0x00, 0x00, 0x00, 0x00, 0x00, 0x00, 0x00, 
	0x08, 0xaa, 0xaa, 0xaa, 0xaa, 0xaa, 0x88, 0x00, 0x00, 0x00, 0x00, 0x00, 0x00, 0x0e, 0x2a, 0x80, 
	0x88, 0x28, 0x02, 0x3f, 0xff, 0xef, 0xff, 0xfe, 0xee, 0xff, 0xff, 0xff, 0xff, 0xff, 0xff, 0xff, 
	0xff, 0xff, 0xee, 0x80, 0x00, 0x00, 0x00, 0x00, 0x00, 0x00, 0x00, 0x00, 0x18, 0x5d, 0x5e, 0xd5, 
	0x54, 0xc4, 0x4c, 0x00, 0x00, 0x00, 0x00, 0x00, 0x00, 0x0c, 0x17, 0x00, 0x00, 0x40, 0x00, 0x7f, 
	0xff, 0xff, 0xff, 0xff, 0xff, 0xff, 0xff, 0xff, 0xff, 0xff, 0xff, 0xff, 0xff, 0xff, 0xfd, 0x80, 
	0x00, 0x00, 0x00, 0x00, 0x00, 0x00, 0x00, 0x00, 0x0a, 0x2a, 0xaa, 0xaa, 0xaa, 0xaa, 0x88, 0x00, 
	0x00, 0x00, 0x00, 0x00, 0x00, 0x08, 0x2e, 0x00, 0x80, 0xa0, 0x00, 0xbf, 0xff, 0xff, 0xff, 0xff, 
	0xff, 0xbf, 0xff, 0xff, 0xff, 0xff, 0xff, 0xff, 0xff, 0xff, 0xee, 0xa0, 0x00, 0x00, 0x00, 0x00, 
	0x00, 0x00, 0x00, 0x00, 0x06, 0x17, 0x57, 0xd7, 0xd3, 0x11, 0x5c, 0x00, 0x00, 0x00, 0x00, 0x00, 
	0x00, 0x18, 0x7c, 0x00, 0x00, 0x00, 0x04, 0xff, 0xff, 0xff, 0xff, 0xff, 0xff, 0xff, 0xff, 0xff, 
	0xff, 0xff, 0xff, 0xff, 0xff, 0xff, 0xf6, 0x70, 0x00, 0x00, 0x00, 0x00, 0x00, 0x00, 0x00, 0x00, 
	0x0a, 0x8a, 0xaa, 0xaa, 0xaa, 0xaa, 0x8c, 0x00, 0x00, 0x00, 0x00, 0x00, 0x00, 0x28, 0xe8, 0x02, 
	0x80, 0x80, 0x0e, 0xff, 0xff, 0xef, 0xfe, 0xfe, 0xee, 0xef, 0xff, 0xff, 0xff, 0xfe, 0xff, 0xff, 
	0xff, 0xff, 0xfa, 0xa8, 0x00, 0x00, 0x00, 0x00, 0x00, 0x00, 0x00, 0x00, 0x01, 0x06, 0x5d, 0xed, 
	0xdd, 0xcc, 0x44, 0x00, 0x00, 0x00, 0x00, 0x00, 0x00, 0x70, 0xc0, 0x00, 0x00, 0x00, 0x1d, 0xff, 
	0xff, 0xff, 0xff, 0xff, 0xff, 0xff, 0xff, 0xff, 0xff, 0xff, 0xff, 0xff, 0xff, 0xff, 0xff, 0x1c, 
	0x00, 0x00, 0x00, 0x00, 0x00, 0x00, 0x00, 0x00, 0x00, 0xa2, 0x00, 0x2a, 0xaa, 0xaa, 0x80, 0x00, 
	0x00, 0x00, 0x00, 0x00, 0x00, 0x23, 0x80, 0x80, 0x02, 0x00, 0x08, 0xff, 0xff, 0xff, 0xbf, 0xff, 
	0xff, 0xfb, 0xfb, 0xff, 0xfb, 0xff, 0xbf, 0xff, 0xff, 0xff, 0xff, 0x8e, 0x00, 0x00, 0x00, 0x00, 
	0x00, 0x00, 0x00, 0x00, 0x00, 0x70, 0x00, 0x19, 0x7f, 0x35, 0x40, 0x00, 0x00, 0x00, 0x00, 0x00, 
	0x00, 0x24, 0x00, 0x00, 0x00, 0x00, 0x19, 0xff, 0xff, 0xff, 0xff, 0xff, 0xff, 0xfb, 0xff, 0xff, 
	0xff, 0xff, 0xff, 0xff, 0xff, 0xff, 0xff, 0xc7, 0x00, 0x00, 0x00, 0x00, 0x00, 0x00, 0x00, 0x00, 
	0x00, 0x2a, 0x80, 0x2a, 0xaa, 0xaa, 0xa0, 0x00, 0x00, 0x00, 0x00, 0x00, 0x00, 0x2e, 0x00, 0x08, 
	0x08, 0x00, 0x3b, 0xee, 0xee, 0xef, 0xee, 0xef, 0xfe, 0xee, 0xee, 0xef, 0xee, 0xfe, 0xef, 0xff, 
	0xef, 0xff, 0xff, 0xe2, 0x80, 0x00, 0x00, 0x00, 0x00, 0x00, 0x00, 0x00, 0x00, 0x0f, 0xc0, 0x67, 
	0xdd, 0xc4, 0x51, 0x00, 0x00, 0x00, 0x00, 0x00, 0x00, 0x7c, 0x40, 0x00, 0x00, 0x00, 0x7b, 0xff, 
	0xff, 0xff, 0xff, 0xff, 0xff, 0xff, 0xff, 0xff, 0xff, 0xff, 0xff, 0xff, 0xff, 0xff, 0xff, 0xc3, 
	0x80, 0x00, 0x00, 0x00, 0x00, 0x00, 0x00, 0x00, 0x00, 0x00, 0x00, 0x2a, 0xaa, 0xaa, 0xaa, 0x00, 
	0x00, 0x00, 0x00, 0x00, 0x00, 0xaa, 0xa8, 0x20, 0x20, 0x00, 0xfb, 0xff, 0xbf, 0xbf, 0xfb, 0xbf, 
	0xff, 0xfa, 0xbf, 0xff, 0xff, 0xbf, 0xbb, 0xff, 0xbf, 0xff, 0xff, 0xe2, 0x80, 0x00, 0x00, 0x00, 
	0x00, 0x00, 0x00, 0x00, 0x00, 0x00, 0x00, 0x00, 0x7f, 0x51, 0x14, 0x40, 0x00, 0x00, 0x00, 0x00, 
	0x01, 0xc4, 0xc0, 0x00, 0x00, 0x00, 0x73, 0xff, 0xff, 0xff, 0xff, 0xff, 0xff, 0xff, 0xff, 0xff, 
	0xff, 0xff, 0xff, 0xff, 0xff, 0xff, 0xff, 0xf0, 0xc0, 0x00, 0x00, 0x00, 0x00, 0x00, 0x00, 0x00, 
	0x00, 0x00, 0x00, 0x08, 0xaa, 0xaa, 0xaa, 0x00, 0x00, 0x00, 0x02, 0x00, 0x0a, 0xaa, 0xa0, 0x80, 
	0x20, 0x00, 0xfb, 0xfe, 0xfe, 0xef, 0xee, 0xef, 0xee, 0xee, 0xfe, 0xff, 0xee, 0xee, 0xee, 0xef, 
	0xff, 0xef, 0xff, 0xf8, 0xe0, 0x00, 0x00, 0x00, 0x00, 0x00, 0x00, 0x00, 0x00, 0x00, 0x00, 0x04, 
	0x3d, 0xc5, 0x4c, 0x00, 0x00, 0x00, 0x06, 0x00, 0x0f, 0x77, 0x40, 0x00, 0x00, 0x00, 0xf7, 0xff, 
	0xff, 0xff, 0xff, 0xff, 0xff, 0xdf, 0xff, 0xff, 0xff, 0xff, 0xff, 0xff, 0xff, 0xff, 0xff, 0xf8, 
	0xc0, 0x00, 0x00, 0x00, 0x00, 0x00, 0x00, 0x00, 0x00, 0x00, 0x00, 0x02, 0x2a, 0xaa, 0xa2, 0x88, 
	0x00, 0x00, 0x03, 0x80, 0xea, 0xee, 0x80, 0x00, 0x80, 0x00, 0xfb, 0xff, 0xbb, 0xbf, 0xbf, 0xbf, 
	0xff, 0xab, 0xbf, 0xff, 0xff, 0xff, 0xbb, 0xbf, 0xff, 0xff, 0xff, 0xfe, 0x20, 0x00, 0x00, 0x00, 
	0x00, 0x00, 0x00, 0x00, 0x00, 0x00, 0x00, 0x07, 0x15, 0x75, 0x09, 0x44, 0x00, 0x00, 0x01, 0xd5, 
	0xf7, 0xff, 0x00, 0x00, 0x00, 0x01, 0xf7, 0xff, 0xff, 0xff, 0xff, 0xff, 0xff, 0x6f, 0xff, 0xff, 
	0xff, 0xff, 0xff, 0xff, 0xff, 0xff, 0xff, 0xfc, 0x30, 0x00, 0x00, 0x00, 0x00, 0x00, 0x00, 0x00, 
	0x00, 0x00, 0x00, 0x02, 0x0e, 0xaa, 0xaa, 0x88, 0x00, 0x00, 0x00, 0xff, 0xee, 0xfe, 0x80, 0x00, 
	0x80, 0x02, 0xee, 0xee, 0xee, 0xef, 0xee, 0xee, 0xea, 0xae, 0xee, 0xef, 0xee, 0xef, 0xee, 0xef, 
	0xfe, 0xff, 0xff, 0xfe, 0xa8, 0x00, 0x00, 0x00, 0x00, 0x00, 0x00, 0x00, 0x00, 0x00, 0x00, 0x00, 
	0x0d, 0x54, 0x45, 0x00, 0x00, 0x00, 0x00, 0x7f, 0xff, 0xfc, 0x40, 0x00, 0x00, 0x03, 0xf7, 0xff, 
	0xff, 0xff, 0xff, 0xff, 0xf9, 0xff, 0xff, 0xff, 0xfd, 0xff, 0xff, 0xff, 0xff, 0xff, 0xff, 0xfe, 
	0x18, 0x00, 0x00, 0x00, 0x00, 0x00, 0x00, 0x00, 0x00, 0x00, 0x00, 0x00, 0x8a, 0xaa, 0xaa, 0x80, 
	0x00, 0x00, 0x00, 0x3f, 0xfe, 0xfe, 0x82, 0x02, 0x00, 0x03, 0xeb, 0xfb, 0xff, 0xff, 0xbf, 0xff, 
	0xeb, 0xaf, 0xbb, 0xbb, 0xfb, 0xff, 0xbb, 0xbf, 0xff, 0xff, 0xff, 0xfe, 0xb8, 0x00, 0x00, 0x00, 
	0x00, 0x00, 0x00, 0x00, 0x00, 0x00, 0x00, 0x00, 0xc5, 0xf4, 0x10, 0x80, 0x00, 0x00, 0x00, 0x07, 
	0xfd, 0xfc, 0x00, 0x00, 0x00, 0x07, 0xfb, 0xff, 0xff, 0xff, 0xff, 0xff, 0xf7, 0xff, 0xff, 0xdd, 
	0xff, 0xff, 0xff, 0xff, 0xff, 0xff, 0xff, 0xff, 0x0c, 0x00, 0x00, 0x00, 0x00, 0x00, 0x00, 0x00, 
	0x00, 0x00, 0x00, 0x00, 0x82, 0xaa, 0xaa, 0xa0, 0x00, 0x00, 0x00, 0x02, 0xab, 0xfa, 0x08, 0x08, 
	0x00, 0x03, 0xfb, 0xee, 0xee, 0xef, 0xee, 0x8e, 0xee, 0xee, 0xef, 0xea, 0xfe, 0xef, 0xee, 0xee, 
	0xee, 0xff, 0xff, 0xfe, 0x8e, 0x00, 0x00, 0x00, 0x00, 0x00, 0x00, 0x00, 0x00, 0x00, 0x00, 0x00, 
	0xc3, 0x56, 0x44, 0x40, 0x00, 0x00, 0x00, 0x00, 0x0f, 0xf0, 0x00, 0x00, 0x00, 0x07, 0xfd, 0x7f, 
	0xff, 0xff, 0xff, 0xdf, 0xff, 0xff, 0xff, 0xfd, 0xff, 0xff, 0xff, 0xff, 0xff, 0xff, 0xff, 0xff, 
	0xcc, 0x00, 0x00, 0x00, 0x00, 0x00, 0x00, 0x00, 0x00, 0x00, 0x00, 0x00, 0x22, 0xaa, 0xaa, 0xa0, 
	0x00, 0x00, 0x00, 0x00, 0x2e, 0xe0, 0x00, 0x08, 0x00, 0x0f, 0xfb, 0xbb, 0xff, 0xbf, 0xba, 0x2b, 
	0xfb, 0xbf, 0xff, 0xaa, 0xbe, 0xbf, 0xff, 0xff, 0xff, 0xff, 0xff, 0xff, 0xee, 0x00, 0x00, 0x00, 
	0x00, 0x00, 0x00, 0x00, 0x00, 0x00, 0x00, 0x00, 0x31, 0x77, 0x15, 0x50, 0x00, 0x00, 0x00, 0x00, 
	0x3c, 0xe0, 0x00, 0x00, 0x00, 0x07, 0xfd, 0xff, 0xff, 0xff, 0xf7, 0x7f, 0xff, 0xff, 0xff, 0xff, 
	0x7f, 0xff, 0xff, 0xff, 0xff, 0xff, 0xff, 0xff, 0xcc, 0x00, 0x00, 0x00, 0x00, 0x00, 0x00, 0x00, 
	0x00, 0x00, 0x00, 0x00, 0x22, 0xae, 0xaa, 0xa0, 0x00, 0x00, 0x00, 0x00, 0xfa, 0x88, 0x20, 0x08, 
	0x00, 0x0e, 0xee, 0xeb, 0xe8, 0xef, 0xaa, 0xee, 0xfe, 0xee, 0xef, 0xee, 0xae, 0xee, 0xfe, 0xee, 
	0xff, 0xff, 0xff, 0xef, 0xea, 0x80, 0x00, 0x00, 0x00, 0x00, 0x00, 0x00, 0x00, 0x00, 0x00, 0x00, 
	0x05, 0xc7, 0x45, 0x40, 0x00, 0x00, 0x00, 0x00, 0xf7, 0xc0, 0x00, 0x10, 0x00, 0x1f, 0xff, 0xff, 
	0xdf, 0xff, 0xff, 0xff, 0xff, 0xff, 0xff, 0xff, 0xff, 0xff, 0xff, 0xff, 0xff, 0xff, 0xff, 0xff, 
	0xf7, 0x00, 0x00, 0x00, 0x00, 0x00, 0x00, 0x00, 0x00, 0x00, 0x00, 0x00, 0xaa, 0xaa, 0xaa, 0xa0, 
	0x80, 0x00, 0x00, 0x03, 0xa3, 0x80, 0x00, 0x00, 0x00, 0x0f, 0xfe, 0xfb, 0xff, 0xff, 0xbb, 0xbb, 
	0xff, 0xff, 0xff, 0xae, 0xff, 0xfb, 0xff, 0xff, 0xff, 0xff, 0xff, 0xff, 0xfa, 0x00, 0x00, 0x00, 
	0x00, 0x00, 0x00, 0x00, 0x00, 0x00, 0x00, 0x00, 0x45, 0x55, 0x15, 0xe1, 0x00, 0x00, 0x00, 0x07, 
	0x87, 0x00, 0x00, 0x00, 0x00, 0x1f, 0xff, 0xff, 0xff, 0xff, 0xff, 0xff, 0xff, 0xff, 0xff, 0xff, 
	0xff, 0xff, 0xff, 0xff, 0xff, 0xff, 0xff, 0xff, 0xff, 0x00, 0x00, 0x00, 0x00, 0x00, 0x00, 0x00, 
	0x00, 0x00, 0x00, 0x00, 0xea, 0xaa, 0xaa, 0xa0, 0x80, 0x00, 0x00, 0x0f, 0x8e, 0x00, 0x80, 0x20, 
	0x80, 0x0e, 0xfe, 0xee, 0xee, 0xee, 0xee, 0xee, 0xfe, 0xee, 0xfe, 0xee, 0xef, 0xee, 0xff, 0xee, 
	0xfe, 0xff, 0xff, 0xfe, 0xee, 0x80, 0x00, 0x00, 0x00, 0x00, 0x00, 0x00, 0x00, 0x00, 0x00, 0x00, 
	0xcd, 0xd4, 0x45, 0x41, 0x00, 0x00, 0x00, 0x06, 0x04, 0x00, 0x00, 0x00, 0x00, 0x1f, 0xff, 0xff, 
	0xff, 0xff, 0xff, 0xff, 0xff, 0xff, 0xff, 0xff, 0xff, 0xff, 0xff, 0xff, 0xff, 0xff, 0xff, 0xff, 
	0xff, 0x00, 0x00, 0x00, 0x00, 0x00, 0x00, 0x00, 0x00, 0x00, 0x00, 0x02, 0xba, 0xaa, 0xaa, 0xa2, 
	0x80, 0x00, 0x00, 0x0e, 0x0e, 0x20, 0x80, 0x20, 0x00, 0x2b, 0xff, 0xbf, 0xbb, 0xbf, 0xfb, 0xbb, 
	0xbe, 0xff, 0xff, 0xbf, 0xbb, 0xbf, 0xbf, 0xff, 0xff, 0xff, 0xff, 0xff, 0xff, 0x00, 0x00, 0x00, 
	0x00, 0x00, 0x00, 0x00, 0x00, 0x00, 0x00, 0x03, 0x35, 0x53, 0x55, 0x41, 0x00, 0x00, 0x00, 0x1c, 
	0x0c, 0x00, 0x00, 0x00, 0x00, 0x1f, 0xff, 0xff, 0xff, 0xff, 0xff, 0xff, 0xff, 0xff, 0xff, 0xff, 
	0xff, 0xff, 0xff, 0xff, 0xff, 0xff, 0xff, 0xff, 0xff, 0x00, 0x00, 0x00, 0x00, 0x00, 0x00, 0x00, 
	0x00, 0x00, 0x88, 0x02, 0xaa, 0xaa, 0xaa, 0xa8, 0x80, 0x00, 0x00, 0x28, 0x08, 0x82, 0x0a, 0x80, 
	0x00, 0xbe, 0xee, 0xee, 0xee, 0xee, 0xee, 0xee, 0xee, 0xee, 0xee, 0xee, 0xee, 0xee, 0xef, 0xef, 
	0xef, 0xff, 0xff, 0xff, 0xfe, 0xc0, 0x00, 0x00, 0x00, 0x00, 0x00, 0x00, 0x00, 0x00, 0xfc, 0x00, 
	0xdd, 0x56, 0xdd, 0xc4, 0x00, 0x00, 0x00, 0x30, 0x18, 0x04, 0x00, 0x80, 0x00, 0x3f, 0xff, 0xff, 
	0xff, 0xff, 0xff, 0xff, 0xff, 0xff, 0xff, 0xff, 0xff, 0xff, 0xff, 0xff, 0xff, 0xff, 0xff, 0xff, 
	0xff, 0xc0, 0x00, 0x00, 0x00, 0x00, 0x00, 0x00, 0x00, 0x02, 0xaa, 0xa2, 0xaa, 0xaa, 0xaa, 0xae, 
	0x00, 0x00, 0x00, 0x30, 0x28, 0xaa, 0x00, 0x82, 0x00, 0x3f, 0xff, 0xff, 0xff, 0xbf, 0xff, 0xff, 
	0xff, 0xff, 0xff, 0xff, 0xfb, 0xff, 0xbf, 0xff, 0xff, 0xff, 0xff, 0xff, 0xff, 0xe0, 0x00, 0x00, 
	0x00, 0x00, 0x00, 0x00, 0x00, 0x07, 0x01, 0xe7, 0x1d, 0x75, 0x55, 0x44, 0x00, 0x00, 0x00, 0x30, 
	0x21, 0x14, 0x00, 0x80, 0x01, 0x3f, 0xff, 0xff, 0xff, 0xff, 0xff, 0xff, 0xff, 0xff, 0xff, 0xff, 
	0xff, 0xff, 0xff, 0xff, 0xff, 0xff, 0xff, 0xff, 0xff, 0xf0, 0x00, 0x00, 0x00, 0x00, 0x00, 0x00, 
	0x00, 0x0a, 0x00, 0xaa, 0xaa, 0xaa, 0xaa, 0x88, 0x00, 0x00, 0x00, 0xa8, 0x2a, 0xa8, 0x00, 0x80, 
	0x08, 0xbe, 0xee, 0xee, 0xee, 0xfe, 0xee, 0xef, 0xee, 0xee, 0xee, 0xee, 0xee, 0xfe, 0xee, 0xee, 
	0xee, 0xff, 0xff, 0xff, 0xff, 0xfa, 0x00, 0x00, 0x00, 0x00, 0x00, 0x00, 0x00, 0x10, 0x74, 0xd6, 
	0xdd, 0x5d, 0x4d, 0x10, 0x00, 0x00, 0x00, 0xc0, 0x65, 0xb0, 0x00, 0x00, 0x00, 0x1f, 0xff, 0xff, 
	0xff, 0xff, 0xff, 0xff, 0xff, 0xff, 0xff, 0xff, 0xff, 0xff, 0xff, 0xff, 0xff, 0xff, 0xff, 0xff, 
	0xff, 0xfc, 0x00, 0x00, 0x00, 0x00, 0x00, 0x00, 0x00, 0x20, 0xaa, 0xaa, 0xaa, 0xaa, 0xaa, 0x38, 
	0x00, 0x00, 0x00, 0xe0, 0xa3, 0xa0, 0x02, 0x80, 0x08, 0x3f, 0xff, 0xff, 0xbb, 0xff, 0xff, 0xff, 
	0xbf, 0xbf, 0xfb, 0xff, 0xff, 0xff, 0xff, 0xff, 0xff, 0xff, 0xff, 0xff, 0xff, 0xfe, 0x80, 0x00, 
	0x00, 0x00, 0x00, 0x00, 0x00, 0x60, 0xd5, 0x57, 0x55, 0x75, 0x50, 0x40, 0x00, 0x00, 0x00, 0xc0, 
	0x43, 0xc0, 0x01, 0x00, 0x00, 0x1f, 0xff, 0xff, 0xff, 0xff, 0xff, 0xff, 0xff, 0xf7, 0xff, 0xff, 
	0xff, 0xff, 0xff, 0xff, 0xff, 0xff, 0xff, 0xff, 0xff, 0xff, 0x80, 0x00, 0x00, 0x00, 0x00, 0x00, 
	0x00, 0xa0, 0xaa, 0xaa, 0xaa, 0xaa, 0xa8, 0xe0, 0x00, 0x00, 0x00, 0xc0, 0x8b, 0xe0, 0x82, 0x88, 
	0x08, 0xaf, 0xee, 0xef, 0xfe, 0xfe, 0xfe, 0xee, 0xee, 0xe2, 0xee, 0xeb, 0xee, 0xef, 0xef, 0xfe, 
	0xef, 0xff, 0xff, 0xff, 0xff, 0xfe, 0xe0, 0x00, 0x00, 0x00, 0x00, 0x00, 0x01, 0xc0, 0x4d, 0x4d, 
	0xdd, 0xd4, 0xc0, 0x40, 0x00, 0x00, 0x00, 0xc0, 0x8f, 0x40, 0x01, 0x04, 0x00, 0xdf, 0xff, 0xff, 
	0xff, 0xff, 0xff, 0xff, 0xff, 0xc1, 0xff, 0xf7, 0xff, 0xff, 0xff, 0xff, 0xff, 0xff, 0xff, 0xff, 
	0xff, 0xff, 0xf4, 0x01, 0x80, 0x00, 0x00, 0x00, 0x00, 0x82, 0xaa, 0xaa, 0xaa, 0xaa, 0x80, 0x80, 
	0x00, 0x00, 0x00, 0xe2, 0xae, 0x38, 0x8a, 0x80, 0x00, 0xbf, 0xfb, 0xbf, 0xff, 0xef, 0xff, 0xfb, 
	0xff, 0x80, 0xff, 0xa3, 0xbf, 0xff, 0xff, 0xfb, 0xff, 0xff, 0xff, 0xff, 0xff, 0xff, 0xfe, 0x00, 
	0x80, 0x00, 0x00, 0x00, 0x01, 0x05, 0x57, 0x57, 0x5f, 0x60, 0x01, 0x00, 0x00, 0x00, 0x00, 0xc3, 
	0x0f, 0x78, 0x01, 0x00, 0x00, 0xdf, 0xff, 0xff, 0xff, 0xf7, 0xff, 0xff, 0xff, 0xd0, 0xff, 0xc1, 
	0xff, 0xff, 0xff, 0xff, 0xff, 0xff, 0xff, 0xff, 0xff, 0xff, 0xff, 0x55, 0x80, 0x00, 0x00, 0x00, 
	0x0a, 0x8a, 0xaa, 0xaa, 0xaa, 0xb8, 0x28, 0x00, 0x00, 0x00, 0x00, 0xee, 0xae, 0xa8, 0x8a, 0x08, 
	0x08, 0xbe, 0xef, 0xfe, 0xfe, 0xee, 0xfe, 0xfe, 0xef, 0xe0, 0x3f, 0x8b, 0xee, 0xfe, 0xfe, 0xfe, 
	0xef, 0xef, 0xef, 0xff, 0xfe, 0xff, 0xff, 0xfe, 0x80, 0x00, 0x00, 0x00, 0x06, 0x15, 0x55, 0xd5, 
	0xde, 0x10, 0x78, 0x00, 0x00, 0x00, 0x00, 0xcc, 0x7f, 0x00, 0x07, 0x00, 0x00, 0xdf, 0xff, 0xff, 
	0xff, 0xff, 0xff, 0xff, 0xff, 0xfc, 0x1f, 0x07, 0xff, 0xff, 0xff, 0xff, 0xff, 0xff, 0xff, 0xff, 
	0xff, 0xff, 0xff, 0xfc, 0x00, 0x00, 0x00, 0x00, 0x02, 0x2a, 0xaa, 0xaa, 0xaa, 0x0a, 0xe0, 0x00, 
	0x00, 0x00, 0x00, 0x2a, 0xbf, 0x82, 0x0a, 0x08, 0x08, 0x8f, 0xff, 0xff, 0xff, 0xfb, 0xff, 0xbf, 
	0xff, 0xf8, 0x0e, 0x0f, 0xff, 0xff, 0xfb, 0xff, 0xfb, 0xff, 0xff, 0xff, 0xff, 0xff, 0xff, 0xf8, 
	0x00, 0x00, 0x00, 0x00, 0x04, 0x15, 0x55, 0x55, 0x44, 0x00, 0x40, 0x00, 0x00, 0x00, 0x00, 0x70, 
	0xff, 0x80, 0x03, 0x00, 0x00, 0xef, 0xff, 0xff, 0xff, 0xf7, 0xff, 0xff, 0xff, 0xff, 0x0c, 0x1f, 
	0xff, 0xff, 0xff, 0xff, 0xff, 0xff, 0xff, 0xff, 0xff, 0xff, 0xff, 0xf0, 0x00, 0x00, 0x00, 0x00, 
	0x0a, 0x2a, 0xaa, 0xaa, 0x88, 0x00, 0x00, 0x00, 0x00, 0x00, 0x00, 0xe8, 0xfe, 0x82, 0x0a, 0x08, 
	0x0a, 0xef, 0xff, 0xfe, 0xfe, 0xeb, 0xff, 0xee, 0xff, 0xee, 0x88, 0xae, 0xef, 0xfe, 0xff, 0xfe, 
	0xef, 0xff, 0xff, 0xff, 0xff, 0xfb, 0xff, 0xe0, 0x00, 0x00, 0x00, 0x00, 0x04, 0x55, 0x55, 0x54, 
	0x80, 0x00, 0x00, 0x00, 0x00, 0x00, 0x01, 0xd9, 0xfd, 0xc4, 0x03, 0x00, 0x00, 0xef, 0xff, 0xff, 
	0xff, 0xc5, 0xff, 0xff, 0xff, 0xff, 0xc0, 0x7f, 0xff, 0xff, 0xff, 0xff, 0xff, 0xff, 0xff, 0xff, 
	0xff, 0xf8, 0x44, 0x40, 0x00, 0x00, 0x00, 0x00, 0x00, 0x2a, 0xaa, 0xaa, 0x88, 0x00, 0x00, 0x00, 
	0x00, 0x00, 0x02, 0xab, 0xf8, 0xa2, 0x2a, 0x0a, 0x0a, 0xff, 0xff, 0xfb, 0xfb, 0xab, 0xff, 0xbf, 
	0xff, 0xfb, 0xe0, 0xfb, 0xff, 0xff, 0xff, 0xff, 0xff, 0xff, 0xff, 0xff, 0xff, 0xfa, 0x00, 0x00, 
	0x00, 0x00, 0x00, 0x00, 0x00, 0x15, 0x55, 0x55, 0x0c, 0x00, 0x00, 0x00, 0x00, 0x00, 0x16, 0x57, 
	0xf9, 0xe4, 0x03, 0x00, 0x00, 0xf3, 0xff, 0xff, 0xff, 0xc1, 0xff, 0xff, 0xff, 0xff, 0xc0, 0x7f, 
	0xff, 0xff, 0xff, 0xff, 0xff, 0xff, 0xff, 0xff, 0xff, 0xfe, 0x00, 0x00, 0x00, 0x00, 0x00, 0x00, 
	0x08, 0xaa, 0xaa, 0xaa, 0x88, 0x00, 0x00, 0x00, 0x00, 0x80, 0xac, 0xaf, 0xf8, 0xe8, 0x8a, 0x28, 
	0x0a, 0xfb, 0xfe, 0xff, 0xff, 0xaa, 0xef, 0xee, 0xff, 0xee, 0x88, 0xae, 0xfe, 0xfe, 0xef, 0xfe, 
	0xff, 0xff, 0xfe, 0xff, 0xff, 0xee, 0x80, 0x00, 0x00, 0x00, 0x00, 0x00, 0x00, 0x55, 0x55, 0xd9, 
	0x00, 0x00, 0x00, 0x00, 0x00, 0xc1, 0xfd, 0xf7, 0xf8, 0x44, 0x41, 0x00, 0x04, 0xfd, 0xff, 0xff, 
	0xff, 0xc0, 0xff, 0xff, 0xff, 0xff, 0x0c, 0x1f, 0xff, 0xff, 0xff, 0xff, 0xff, 0xff, 0xff, 0xff, 
	0xff, 0xcf, 0x80, 0x00, 0x00, 0x00, 0x00, 0x00, 0x00, 0x2a, 0xab, 0xaa, 0x20, 0x00, 0x00, 0x00, 
	0x00, 0xab, 0xea, 0xe7, 0xb8, 0x08, 0xba, 0x2a, 0x0a, 0xfb, 0xff, 0xff, 0xff, 0xa2, 0xff, 0xff, 
	0xff, 0xfa, 0x0e, 0x0b, 0xff, 0xff, 0xff, 0xbf, 0xff, 0xff, 0xff, 0xff, 0xff, 0xef, 0x80, 0x00, 
	0x00, 0x00, 0x00, 0x00, 0x00, 0x14, 0x55, 0x54, 0x20, 0x00, 0x00, 0x00, 0x00, 0x7f, 0xff, 0xf7, 
	0x70, 0x05, 0x9f, 0x10, 0x04, 0xfe, 0xff, 0xff, 0xff, 0x01, 0xff, 0xff, 0xff, 0xf4, 0x1f, 0x03, 
	0xff, 0xff, 0xff, 0xff, 0xff, 0xff, 0xff, 0xff, 0xff, 0xf7, 0x80, 0x00, 0x00, 0x00, 0x00, 0x00, 
	0x00, 0xaa, 0xaa, 0xa8, 0x20, 0x00, 0x00, 0x00, 0x00, 0x2e, 0xfe, 0xef, 0xe8, 0x0c, 0xaa, 0xa8, 
	0x00, 0xfe, 0xff, 0xff, 0xee, 0x80, 0xbe, 0xff, 0xff, 0xe8, 0x3f, 0xa2, 0xee, 0xff, 0xef, 0xfe, 
	0xff, 0xff, 0xfe, 0xff, 0xff, 0xfb, 0xa0, 0x00, 0x00, 0x00, 0x00, 0x00, 0x00, 0x4d, 0x55, 0xd4, 
	0x00, 0x00, 0x00, 0x00, 0x00, 0x0f, 0xff, 0xf7, 0xe0, 0x04, 0x07, 0x7c, 0x00, 0xff, 0xff, 0xff, 
	0xff, 0x00, 0x7f, 0xff, 0xff, 0xc0, 0x7f, 0xc0, 0xff, 0xff, 0xff, 0xff, 0xff, 0xff, 0xff, 0xff, 
	0xff, 0xf1, 0xc0, 0x00, 0x00, 0x00, 0x00, 0x00, 0x00, 0xaa, 0xaa, 0xaa, 0x20, 0x00, 0x00, 0x00, 
	0x00, 0x0b, 0xba, 0xa3, 0xe2, 0x0a, 0x22, 0xb8, 0x02, 0xff, 0xff, 0xff, 0xfe, 0x00, 0xbf, 0xff, 
	0xff, 0xe0, 0xff, 0xe2, 0xff, 0xbf, 0xff, 0xfb, 0xff, 0xff, 0xff, 0xff, 0xff, 0xfa, 0xe0, 0x00, 
	0x00, 0x00, 0x00, 0x00, 0x00, 0x15, 0x55, 0x54, 0x20, 0x00, 0x00, 0x00, 0x00, 0x01, 0xff, 0xf3, 
	0xe0, 0x04, 0x07, 0x30, 0x00, 0xff, 0xff, 0xff, 0xff, 0xd0, 0x3f, 0xff, 0xff, 0xc1, 0xff, 0xf3, 
	0xff, 0xff, 0xff, 0xff, 0xff, 0xff, 0xff, 0xff, 0xff, 0xf0, 0xc0, 0x00, 0x00, 0x00, 0x00, 0x00, 
	0x00, 0x2a, 0xaa, 0xaa, 0xa0, 0x00, 0x00, 0x00, 0x00, 0x00, 0xae, 0xeb, 0xc0, 0x0e, 0xaf, 0xa8, 
	0x82, 0xff, 0xff, 0xef, 0xff, 0xfe, 0xbf, 0xfe, 0xff, 0xeb, 0xef, 0xfb, 0xfe, 0xff, 0xfe, 0xee, 
	0xff, 0xff, 0xff, 0xff, 0xff, 0xe8, 0xe8, 0x00, 0x00, 0x00, 0x00, 0x00, 0x00, 0x0d, 0x5d, 0xcc, 
	0x40, 0x00, 0x00, 0x00, 0x00, 0x00, 0x1f, 0xfb, 0xc0, 0x04, 0x17, 0x90, 0x00, 0xff, 0xff, 0xff, 
	0xff, 0xff, 0xff, 0xff, 0xff, 0xff, 0xff, 0xff, 0xff, 0xff, 0xff, 0xff, 0xff, 0xff, 0xff, 0xff, 
	0xff, 0xfc, 0x70, 0x00, 0x00, 0x00, 0x00, 0x00, 0x00, 0x0a, 0xaa, 0xaa, 0x20, 0x00, 0x00, 0x00, 
	0x00, 0x00, 0x2a, 0xab, 0x82, 0x0a, 0x2e, 0xa2, 0x02, 0xff, 0xff, 0xff, 0xfe, 0xaa, 0xaf, 0xfb, 
	0xff, 0xff, 0xfb, 0xff, 0xbf, 0xff, 0xbf, 0xbf, 0xff, 0xff, 0xff, 0xff, 0xff, 0xf8, 0x20, 0x00, 
	0x00, 0x00, 0x00, 0x00, 0x04, 0x05, 0x55, 0x55, 0x30, 0x00, 0x00, 0x00, 0x00, 0x00, 0x00, 0x0f, 
	0xc0, 0x04, 0x1f, 0x80, 0x01, 0x3f, 0xff, 0xff, 0xfd, 0x00, 0x07, 0xff, 0xff, 0xff, 0xff, 0xff, 
	0xff, 0xff, 0xff, 0xff, 0xff, 0xff, 0xff, 0xff, 0xff, 0xf8, 0x70, 0x00, 0x00, 0x00, 0x00, 0x00, 
	0x02, 0x02, 0xaa, 0xaa, 0x88, 0x00, 0x00, 0x00, 0x00, 0x00, 0x00, 0xaa, 0x88, 0x0e, 0xee, 0x8a, 
	0x82, 0xbf, 0xff, 0xff, 0xfe, 0x80, 0x0e, 0xee, 0xff, 0xee, 0xef, 0xee, 0xff, 0xff, 0xfe, 0xfe, 
	0xee, 0xff, 0xff, 0xfe, 0xff, 0xf8, 0x28, 0x00, 0x00, 0x00, 0x00, 0x00, 0x04, 0x01, 0x7d, 0xc5, 
	0x00, 0x00, 0x00, 0x00, 0x00, 0x00, 0x00, 0x39, 0x04, 0x04, 0xdc, 0x46, 0x01, 0x3f, 0xff, 0xff, 
	0xfc, 0x40, 0x07, 0xff, 0xff, 0xff, 0xff, 0xff, 0xff, 0xff, 0xff, 0xff, 0xff, 0xff, 0xff, 0xff, 
	0xff, 0xfc, 0x1c, 0x00, 0x00, 0x00, 0x00, 0x00, 0x02, 0x82, 0xaa, 0xaa, 0xa0, 0x00, 0x00, 0x00, 
	0x00, 0x00, 0x00, 0x3b, 0x8a, 0x02, 0xfe, 0xa2, 0x02, 0xbf, 0xff, 0xfb, 0xfa, 0x80, 0x0b, 0xbf, 
	0xff, 0xfb, 0xaf, 0xff, 0xff, 0xff, 0xff, 0xff, 0xff, 0xff, 0xff, 0xff, 0xff, 0xfe, 0x38, 0x00, 
	0x00, 0x00, 0x00, 0x00, 0x01, 0x80, 0xb5, 0x55, 0x70, 0x00, 0x00, 0x00, 0x00, 0x00, 0x00, 0x7b, 
	0x00, 0x06, 0xdf, 0x46, 0x00, 0x1f, 0xff, 0xff, 0xf9, 0x00, 0x01, 0xff, 0xff, 0xff, 0xff, 0xff, 
	0xff, 0xff, 0xff, 0xff, 0xff, 0xff, 0xff, 0xff, 0xff, 0xff, 0x1c, 0x00, 0x00, 0x00, 0x00, 0x00, 
	0x00, 0x80, 0xaa, 0xaa, 0xa8, 0x00, 0x00, 0x00, 0x00, 0x00, 0x00, 0xea, 0x88, 0x8e, 0xee, 0xea, 
	0x80, 0x2f, 0xee, 0xee, 0xea, 0x00, 0x02, 0xae, 0xff, 0xee, 0xef, 0xee, 0xff, 0xff, 0xff, 0xef, 
	0xee, 0xef, 0xff, 0xff, 0xfe, 0xfe, 0xb8, 0x00, 0x00, 0x00, 0x00, 0x00, 0x00, 0x40, 0x6d, 0xd4, 
	0x48, 0x00, 0x00, 0x00, 0x00, 0x00, 0x00, 0xcc, 0x04, 0x06, 0xff, 0xc4, 0x81, 0x6f, 0xff, 0xfc, 
	0xf0, 0x00, 0x00, 0xdf, 0xff, 0xff, 0xff, 0xff, 0xff, 0xff, 0xff, 0xff, 0xff, 0xff, 0xff, 0xff, 
	0xff, 0xff, 0xdc, 0x00, 0x00, 0x00, 0x00, 0x00, 0x00, 0x20, 0xaa, 0xaa, 0xaa, 0x80, 0x00, 0x00, 
	0x00, 0x00, 0x00, 0x8e, 0x2a, 0xa3, 0xbf, 0xa3, 0x82, 0xaf, 0xff, 0xfa, 0xe2, 0x00, 0x02, 0xef, 
	0xff, 0xff, 0xbf, 0xbf, 0xbf, 0xbf, 0xff, 0xff, 0xff, 0xff, 0xff, 0xff, 0xff, 0xff, 0xa8, 0x00, 
	0x00, 0x00, 0x00, 0x00, 0x00, 0x30, 0x3b, 0x57, 0x74, 0x50, 0x00, 0x00, 0x00, 0x00, 0x01, 0xc6, 
	0x30, 0x07, 0x3f, 0xb7, 0x01, 0x13, 0xff, 0xfd, 0xf4, 0x00, 0x00, 0x77, 0xff, 0xff, 0xff, 0xff, 
	0xff, 0xff, 0xff, 0xff, 0xff, 0xff, 0xff, 0xff, 0xff, 0xff, 0xcc, 0x00, 0x00, 0x00, 0x00, 0x00, 
	0x00, 0x28, 0x2a, 0xaa, 0xaa, 0x88, 0x28, 0x00, 0x00, 0x00, 0x00, 0x8a, 0xaa, 0x8b, 0xbf, 0xeb, 
	0x8a, 0xaa, 0xff, 0xeb, 0xfe, 0xa0, 0x00, 0xab, 0xff, 0xee, 0xfe, 0xee, 0xff, 0xef, 0xfe, 0xfe, 
	0xee, 0xee, 0xff, 0xff, 0xef, 0xef, 0xe8, 0x00, 0x00, 0x00, 0x00, 0x00, 0x00, 0x1c, 0x05, 0x55, 
	0xd5, 0x00, 0x1c, 0x00, 0x00, 0x00, 0x01, 0x80, 0x70, 0x05, 0xff, 0xf3, 0x80, 0x1d, 0xff, 0xf7, 
	0xfd, 0xd4, 0x00, 0x17, 0xff, 0xff, 0xff, 0xff, 0xff, 0xff, 0xff, 0xff, 0xff, 0xff, 0xff, 0xff, 
	0xff, 0xff, 0xf8, 0x00, 0x00, 0x00, 0x00, 0x00, 0x00, 0x0a, 0x02, 0xaa, 0xaa, 0xaa, 0x8a, 0x00, 
	0x00, 0x00, 0x00, 0x8a, 0xea, 0x2f, 0xff, 0xfa, 0x82, 0x0f, 0xff, 0xfb, 0xe8, 0x0a, 0xaa, 0x2b, 
	0xff, 0xfb, 0xbf, 0xbf, 0xfb, 0xff, 0xff, 0xff, 0xff, 0xff, 0xff, 0xff, 0xff, 0xff, 0xf8, 0x00, 
	0x00, 0x00, 0x00, 0x00, 0x00, 0x07, 0x05, 0x75, 0x71, 0x05, 0x41, 0x00, 0x00, 0x00, 0x01, 0x89, 
	0xf1, 0x17, 0xff, 0xf9, 0xc0, 0x07, 0xff, 0xf7, 0xc7, 0x00, 0x07, 0x1e, 0xff, 0xff, 0xff, 0xff, 
	0xff, 0xff, 0xff, 0xff, 0xff, 0xff, 0xff, 0xff, 0xff, 0xff, 0xfc, 0x00, 0x00, 0x00, 0x00, 0x00, 
	0x00, 0x00, 0xc0, 0xea, 0xae, 0xaa, 0xa8, 0x80, 0x00, 0x00, 0x00, 0x88, 0xea, 0x8b, 0xff, 0xfa, 
	0x8a, 0x8b, 0xfe, 0xef, 0xaf, 0xe8, 0x8a, 0xae, 0xef, 0xee, 0xee, 0xef, 0xff, 0xef, 0xff, 0xff, 
	0xee, 0xfe, 0xef, 0xff, 0xfe, 0xff, 0xff, 0x80, 0x00, 0x00, 0x00, 0x00, 0x00, 0x00, 0x14, 0x40, 
	0x4d, 0x45, 0x00, 0x00, 0x00, 0x00, 0x01, 0xd1, 0xf0, 0x04, 0xff, 0xfd, 0xc4, 0x0d, 0xff, 0xcf, 
	0xff, 0xff, 0xd5, 0xdf, 0x7f, 0xff, 0xff, 0xff, 0xff, 0xff, 0xff, 0xff, 0xff, 0xff, 0xff, 0xff, 
	0xff, 0xff, 0xff, 0xc0, 0x00, 0x00, 0x00, 0x00, 0x00, 0x00, 0x3a, 0x00, 0x3b, 0xaa, 0xa8, 0x20, 
	0x00, 0x00, 0x00, 0xa2, 0xfb, 0xaa, 0xff, 0xfe, 0xe2, 0xae, 0xff, 0xae, 0xff, 0xff, 0xff, 0xa2, 
	0xbb, 0xff, 0xff, 0xff, 0xff, 0xff, 0xff, 0xff, 0xff, 0xfb, 0xff, 0xff, 0xff, 0xff, 0xff, 0xe0, 
	0x00, 0x00, 0x00, 0x00, 0x00, 0x00, 0x00, 0x00, 0x7f, 0xd3, 0x50, 0x10, 0x00, 0x00, 0x00, 0x77, 
	0xf3, 0x06, 0x7f, 0xfe, 0x60, 0x07, 0xff, 0x1f, 0xff, 0xff, 0xff, 0xdf, 0xff, 0xff, 0xff, 0xff, 
	0xff, 0xff, 0xff, 0xff, 0xff, 0xff, 0xff, 0xff, 0xff, 0xff, 0xff, 0xf4, 0x01, 0x00, 0x00, 0x00, 
	0x00, 0x00, 0x00, 0x00, 0xf8, 0xaa, 0xa8, 0x88, 0x00, 0x00, 0x00, 0x2e, 0xea, 0xaa, 0xff, 0xbe, 
	0xaa, 0x8f, 0xfe, 0xbf, 0xff, 0xff, 0xff, 0xfe, 0xaf, 0xee, 0xef, 0xef, 0xff, 0xef, 0xfe, 0xef, 
	0xff, 0xfe, 0xee, 0xef, 0xff, 0xff, 0xee, 0xfe, 0x03, 0x80, 0x00, 0x00, 0x00, 0x00, 0x00, 0x00, 
	0x00, 0x50, 0x48, 0x00, 0x00, 0x00, 0x00, 0x7f, 0xf3, 0xc7, 0x7f, 0xdf, 0xe7, 0x07, 0xfe, 0x7f, 
	0xff, 0xff, 0xff, 0xff, 0x47, 0xff, 0xff, 0xff, 0xff, 0xff, 0xf0, 0x7f, 0xff, 0xff, 0xff, 0xff, 
	0xff, 0xff, 0xff, 0xff, 0xff, 0x80, 0x00, 0x00, 0x00, 0x00, 0x00, 0x00, 0x02, 0x2a, 0xaa, 0x88, 
	0x00, 0x00, 0x00, 0x3f, 0xfa, 0xa3, 0xbf, 0xee, 0xe3, 0xa3, 0xfe, 0xea, 0xff, 0xff, 0xff, 0xff, 
	0xfb, 0xbb, 0xff, 0xbb, 0xff, 0xff, 0xa0, 0x2f, 0xff, 0xff, 0xff, 0xff, 0xff, 0xff, 0xff, 0xff, 
	0xfe, 0x80, 0x00, 0x00, 0x00, 0x00, 0x00, 0x00, 0x03, 0x17, 0x10, 0x04, 0x00, 0x00, 0x00, 0x3f, 
	0xf9, 0xc1, 0x7f, 0xff, 0xf3, 0x93, 0xfd, 0xe1, 0xff, 0xff, 0xff, 0xff, 0xff, 0xff, 0xff, 0xff, 
	0xff, 0xff, 0x00, 0x1f, 0xff, 0xff, 0xff, 0xff, 0xff, 0xff, 0xff, 0xff, 0xfe, 0x00, 0x00, 0x00, 
	0x00, 0x00, 0x00, 0x00, 0x02, 0x8a, 0xaa, 0x88, 0x00, 0x00, 0x80, 0xbf, 0x8a, 0xa8, 0xff, 0xef, 
	0xea, 0xaa, 0xfb, 0x8b, 0xaa, 0xfe, 0xff, 0xff, 0xff, 0xee, 0xff, 0xef, 0xff, 0xee, 0x0a, 0x8e, 
	0xff, 0xff, 0xff, 0xfe, 0xff, 0xff, 0xff, 0xff, 0xfe, 0x00, 0x00, 0x00, 0x00, 0x00, 0x00, 0x00, 
	0x00, 0xc7, 0x50, 0xc0, 0x00, 0x01, 0xc1, 0xff, 0x08, 0xe5, 0xff, 0xe7, 0xf6, 0xc5, 0xff, 0x04, 
	0x05, 0xff, 0x7f, 0xff, 0xff, 0xff, 0xff, 0xff, 0xff, 0xfd, 0x0f, 0xc7, 0xff, 0xff, 0xff, 0xff, 
	0xff, 0xff, 0xff, 0xff, 0xf8, 0x00, 0x00, 0x00, 0x00, 0x00, 0x00, 0x00, 0x00, 0x03, 0xaa, 0xa2, 
	0x00, 0x00, 0xab, 0xfe, 0x0a, 0xaa, 0xef, 0xea, 0xbb, 0xea, 0xfe, 0xaa, 0x0a, 0xff, 0xaf, 0xfb, 
	0xff, 0xff, 0xff, 0xff, 0xfb, 0xfa, 0x3f, 0xe3, 0xff, 0xff, 0xff, 0xff, 0xff, 0xff, 0xff, 0xff, 
	0xe8, 0x00, 0x00, 0x00, 0x00, 0x00, 0x00, 0x00, 0x00, 0x03, 0xd0, 0x02, 0x00, 0x00, 0x3f, 0xfc, 
	0x09, 0x10, 0x75, 0xf3, 0x3d, 0xf8, 0x7e, 0x00, 0x00, 0xff, 0xff, 0xf9, 0x7f, 0xff, 0xff, 0xff, 
	0xff, 0xfd, 0xff, 0x77, 0xff, 0xff, 0xff, 0xff, 0xff, 0xff, 0xff, 0xff, 0xe0, 0x00, 0x00, 0x00, 
	0x00, 0x00, 0x00, 0x00, 0x00, 0x02, 0xaa, 0x82, 0x00, 0x00, 0x2a, 0xb8, 0x08, 0xa8, 0xfa, 0xeb, 
	0xae, 0xee, 0xbe, 0x80, 0x08, 0xeb, 0xea, 0xea, 0xff, 0xef, 0xef, 0xef, 0xff, 0xe8, 0xff, 0xab, 
	0xee, 0xfe, 0xef, 0xff, 0xfe, 0xff, 0xff, 0xfe, 0x80, 0x00, 0x00, 0x00, 0x00, 0x00, 0x00, 0x00, 
	0x00, 0x05, 0xd4, 0x00, 0x00, 0x00, 0x00, 0x70, 0x04, 0xb0, 0x7f, 0xfd, 0xe7, 0xdf, 0x3d, 0xc0, 
	0x00, 0x5d, 0xed, 0xe0, 0xff, 0xff, 0xff, 0xff, 0xff, 0xfd, 0xff, 0xd3, 0xff, 0xff, 0xff, 0xff, 
	0xff, 0xff, 0xff, 0xfe, 0x00, 0x00, 0x00, 0x00, 0x00, 0x00, 0x00, 0x00, 0x00, 0x0e, 0xaa, 0xa2, 
	0x00, 0x00, 0x00, 0x38, 0x02, 0xba, 0xff, 0xff, 0xeb, 0xbb, 0xaa, 0xa0, 0x00, 0x2a, 0xea, 0xe8, 
	0xfb, 0xff, 0xfb, 0xff, 0xff, 0xff, 0xfb, 0xfb, 0xff, 0xff, 0xff, 0xff, 0xff, 0xff, 0xff, 0xba, 
	0x00, 0x00, 0x00, 0x00, 0x00, 0x00, 0x00, 0x00, 0x00, 0x00, 0x41, 0x00, 0x00, 0x00, 0x00, 0x30, 
	0x03, 0x7b, 0x7f, 0xd7, 0x7f, 0xf1, 0xfe, 0x70, 0x00, 0x31, 0x01, 0xc1, 0xd7, 0xff, 0xff, 0xff, 
	0xff, 0xff, 0xf4, 0xf9, 0xff, 0xff, 0xff, 0xff, 0xff, 0xff, 0xff, 0x00, 0x00, 0x00, 0x00, 0x00, 
	0x00, 0x00, 0x00, 0x00, 0x00, 0x08, 0xaa, 0xa2, 0x00, 0x00, 0x00, 0x28, 0x02, 0xf8, 0xbf, 0xee, 
	0xfe, 0xaa, 0xfe, 0x80, 0x08, 0xa8, 0x0a, 0x8a, 0xaf, 0xef, 0xef, 0xfe, 0xff, 0xef, 0xfe, 0xb8, 
	0xff, 0xef, 0xff, 0xee, 0xff, 0xfe, 0xfe, 0x00, 0x00, 0x00, 0x00, 0x00, 0x00, 0x00, 0x00, 0x00, 
	0x00, 0x04, 0xc0, 0x43, 0x00, 0x00, 0x00, 0x70, 0x02, 0x7c, 0x9f, 0xf8, 0x1c, 0x00, 0x1f, 0xc0, 
	0x07, 0xdc, 0x46, 0x0d, 0x4f, 0xff, 0xff, 0xff, 0xff, 0xff, 0x7c, 0xd9, 0xff, 0xff, 0xff, 0xff, 
	0xff, 0xfc, 0x00, 0x00, 0x00, 0x00, 0x00, 0x00, 0x00, 0x00, 0x00, 0x00, 0x00, 0x0e, 0x2a, 0xaa, 
	0x00, 0x00, 0x00, 0x38, 0x03, 0xbe, 0xaf, 0xe0, 0x08, 0x22, 0xab, 0xf8, 0x02, 0xfe, 0xaa, 0x3a, 
	0xaf, 0xff, 0xff, 0xbf, 0xff, 0xff, 0xa8, 0xa8, 0xff, 0xff, 0xff, 0xff, 0xff, 0xfe, 0x00, 0x00, 
	0x00, 0x00, 0x00, 0x00, 0x00, 0x00, 0x00, 0x00, 0x00, 0x04, 0x51, 0x0c, 0x00, 0x00, 0x00, 0x30, 
	0x01, 0xbf, 0x47, 0x00, 0x00, 0x00, 0x01, 0xf0, 0x00, 0x3f, 0xfd, 0xf4, 0x0f, 0xff, 0xff, 0xff, 
	0xff, 0xff, 0x95, 0x59, 0xff, 0xff, 0xff, 0xff, 0xff, 0xff, 0x00, 0x00, 0x00, 0x00, 0x00, 0x00, 
	0x00, 0x00, 0x00, 0x00, 0x00, 0x08, 0xaa, 0xac, 0x00, 0x00, 0x00, 0x28, 0x00, 0xaf, 0xa8, 0x80, 
	0x02, 0x80, 0x08, 0x80, 0x00, 0x8a, 0xef, 0xea, 0xae, 0xff, 0xef, 0xee, 0xff, 0xfe, 0xa8, 0xa8, 
	0xff, 0xff, 0xef, 0xff, 0xff, 0xee, 0x00, 0x00, 0x00, 0x00, 0x00, 0x00, 0x00, 0x00, 0x00, 0x00, 
	0x00, 0x00, 0x55, 0x44, 0x00, 0x00, 0x00, 0x1c, 0x00, 0xc7, 0xdc, 0x00, 0x00, 0x00, 0x00, 0x00, 
	0x00, 0x01, 0x5e, 0xe0, 0x1f, 0xff, 0xff, 0xff, 0xff, 0xff, 0xc0, 0x1d, 0xff, 0xff, 0xff, 0xff, 
	0xff, 0xff, 0x80, 0x00, 0x00, 0x00, 0x00, 0x00, 0x00, 0x00, 0x00, 0x00, 0x00, 0x0a, 0xaa, 0xa0, 
	0x00, 0x00, 0x00, 0x0e, 0x00, 0xab, 0xee, 0x00, 0x00, 0x22, 0x00, 0x00, 0x00, 0x2a, 0xba, 0xa2, 
	0xaf, 0xff, 0xff, 0xbf, 0xff, 0xfe, 0xea, 0x0b, 0xfb, 0xff, 0xfb, 0xff, 0xff, 0xff, 0x80, 0x00, 
	0x00, 0x00, 0x00, 0x00, 0x00, 0x00, 0x00, 0x00, 0x00, 0x15, 0x15, 0x90, 0x00, 0x00, 0x00, 0x0c, 
	0x00, 0xdd, 0xfc, 0x00, 0x00, 0x00, 0x00, 0x00, 0x00, 0x00, 0x38, 0x00, 0x1f, 0xff, 0xff, 0xff, 
	0xff, 0xff, 0xf1, 0x11, 0xff, 0xff, 0xff, 0xff, 0xff, 0xff, 0xc0, 0x00, 0x00, 0x00, 0x00, 0x00, 
	0x00, 0x00, 0x00, 0x00, 0x00, 0x0a, 0xaa, 0xa8, 0x00, 0x00, 0x00, 0x0e, 0x00, 0xce, 0xfe, 0x00, 
	0x00, 0x08, 0x00, 0x00, 0x08, 0xaa, 0xaa, 0x8a, 0xbe, 0xff, 0xee, 0xfe, 0xef, 0xff, 0xfa, 0xa2, 
	0xfe, 0xff, 0xfe, 0xff, 0xff, 0xff, 0xe0, 0x00, 0x00, 0x00, 0x00, 0x00, 0x00, 0x00, 0x00, 0x00, 
	0x00, 0x05, 0x46, 0x40, 0x00, 0x00, 0x00, 0x07, 0x01, 0xdf, 0x7f, 0x00, 0x00, 0x00, 0x00, 0x00, 
	0x00, 0x00, 0x00, 0x00, 0x3f, 0xff, 0xff, 0xff, 0xff, 0xff, 0xfc, 0x07, 0xff, 0xff, 0xff, 0xff, 
	0xff, 0xff, 0xc0, 0x00, 0x00, 0x00, 0x00, 0x00, 0x00, 0x00, 0x00, 0x00, 0x00, 0x02, 0xaa, 0x20, 
	0x00, 0x00, 0x00, 0x03, 0x80, 0xaf, 0xbe, 0x80, 0x00, 0x00, 0x00, 0x00, 0x02, 0xaa, 0xaa, 0xa2, 
	0x3f, 0xfb, 0xff, 0xff, 0xff, 0xbf, 0xbe, 0xa3, 0xff, 0xbf, 0xff, 0xff, 0xff, 0xff, 0xe8, 0x00, 
	0x00, 0x00, 0x00, 0x00, 0x00, 0x00, 0x00, 0x00, 0x00, 0x05, 0x08, 0x00, 0x00, 0x00, 0x00, 0x00, 
	0xc1, 0xef, 0xdf, 0x80, 0x00, 0x00, 0x00, 0x00, 0x00, 0x00, 0x00, 0x00, 0xff, 0xff, 0xff, 0xff, 
	0xff, 0x7f, 0x5c, 0x47, 0xff, 0xff, 0xff, 0xff, 0xff, 0xff, 0xfc, 0x00, 0x00, 0x00, 0x00, 0x00, 
	0x00, 0x00, 0x00, 0x00, 0x00, 0xca, 0xa8, 0x80, 0x00, 0x00, 0x00, 0x00, 0x80, 0xee, 0xeb, 0x80, 
	0x00, 0x00, 0x00, 0x00, 0x08, 0x8a, 0x88, 0x88, 0xef, 0xfe, 0xfe, 0xee, 0xee, 0xfe, 0xae, 0x8f, 
	0xff, 0xff, 0xff, 0xff, 0xfe, 0xff, 0xfe, 0x08, 0x00, 0x00, 0x00, 0x00, 0x00, 0x00, 0x00, 0x00, 
	0x00, 0xd4, 0x4d, 0x00, 0x00, 0x00, 0x00, 0x00, 0x01, 0xf1, 0x7f, 0xc0, 0x00, 0x00, 0x00, 0x00, 
	0x00, 0x00, 0x00, 0x01, 0xff, 0xff, 0xff, 0xff, 0xff, 0xff, 0xc7, 0x0f, 0xff, 0xff, 0xff, 0xff, 
	0xff, 0x5f, 0xff, 0x0c, 0x00, 0x00, 0x00, 0x00, 0x00, 0x00, 0x00, 0x00, 0x00, 0xaa, 0xab, 0x80, 
	0x00, 0x00, 0x00, 0x00, 0x03, 0xfa, 0xab, 0xa0, 0x00, 0x00, 0x00, 0x00, 0x00, 0x22, 0xaa, 0x2b, 
	0xff, 0xff, 0xff, 0xff, 0xbf, 0xff, 0xaa, 0x3f, 0xff, 0xff, 0xff, 0xff, 0xfe, 0x0f, 0xff, 0xa8, 
	0x00, 0x00, 0x00, 0x00, 0x00, 0x00, 0x00, 0x00, 0x00, 0x00, 0x01, 0x00, 0x00, 0x00, 0x00, 0x00, 
	0x07, 0xfd, 0x5f, 0xe0, 0x00, 0x00, 0x00, 0x00, 0x00, 0x00, 0x00, 0x07, 0xff, 0xff, 0xff, 0xff, 
	0xff, 0xff, 0xfc, 0x7f, 0xff, 0xff, 0xff, 0xff, 0xff, 0x05, 0xff, 0xf0, 0x00, 0x00, 0x00, 0x00, 
	0x00, 0x00, 0x00, 0x00, 0x00, 0x88, 0x88, 0x80, 0x00, 0x00, 0x00, 0x00, 0x2f, 0xba, 0xaf, 0xa0, 
	0x00, 0x00, 0x00, 0x00, 0x00, 0x88, 0x88, 0x8e, 0xff, 0xfe, 0xff, 0xfe, 0xef, 0xfe, 0xf8, 0xff, 
	0xff, 0xff, 0xef, 0xff, 0xfe, 0x00, 0x3f, 0xe8, 0x00, 0x00, 0x00, 0x00, 0x00, 0x00, 0x00, 0x00, 
	0x00, 0xc4, 0x40, 0x00, 0x00, 0x00, 0x00, 0x04, 0x7f, 0x9e, 0x7f, 0xc0, 0x00, 0x00, 0x00, 0x00, 
	0x00, 0x00, 0x00, 0x1f, 0xff, 0xff, 0xff, 0xff, 0xff, 0xff, 0xf1, 0xff, 0xff, 0xff, 0xff, 0xff, 
	0xff, 0x00, 0x54, 0x40, 0x00, 0x00, 0x00, 0x00, 0x00, 0x00, 0x00, 0x00, 0x00, 0xa2, 0xa8, 0x80, 
	0x00, 0x00, 0x00, 0x0e, 0xba, 0x3e, 0xab, 0xe0, 0x00, 0x00, 0x00, 0x00, 0x00, 0x08, 0x02, 0x3f, 
	0xff, 0xfe, 0xff, 0xff, 0xfe, 0xa0, 0xab, 0xff, 0xff, 0xff, 0xff, 0xff, 0xfe, 0x00, 0x00, 0x00, 
	0x00, 0x00, 0x00, 0x00, 0x00, 0x00, 0x00, 0x00, 0x00, 0x40, 0x11, 0x00, 0x00, 0x00, 0x00, 0x03, 
	0xf0, 0x1f, 0x1f, 0xc0, 0x00, 0x00, 0x00, 0x00, 0x00, 0x00, 0x01, 0x7f, 0xff, 0xff, 0xff, 0xff, 
	0xfc, 0x71, 0xc7, 0xff, 0xff, 0xff, 0xff, 0xff, 0xff, 0x00, 0x00, 0x00, 0x00, 0x00, 0x00, 0x00, 
	0x00, 0x00, 0x00, 0x00, 0x00, 0x3a, 0xa8, 0x80, 0x00, 0x00, 0x00, 0x02, 0xa8, 0x2f, 0xab, 0xe0, 
	0x00, 0x00, 0x00, 0x00, 0x00, 0x00, 0xe8, 0xff, 0xae, 0xee, 0xef, 0xfe, 0xec, 0xfe, 0x8f, 0xff, 
	0xff, 0xff, 0xff, 0xfe, 0xbe, 0x00, 0x00, 0x00, 0x00, 0x00, 0x00, 0x00, 0x00, 0x00, 0x00, 0x00, 
	0x00, 0x31, 0x44, 0x80, 0x00, 0x00, 0x00, 0x00, 0x00, 0x3f, 0xdf, 0xc0, 0x00, 0x00, 0x00, 0x00, 
	0x00, 0x00, 0x5f, 0xfd, 0xdf, 0xff, 0xff, 0xff, 0xfc, 0xde, 0x1f, 0xff, 0xff, 0xff, 0xff, 0xff, 
	0x7e, 0x00, 0x00, 0x00, 0x00, 0x00, 0x00, 0x00, 0x00, 0x00, 0x00, 0x00, 0x00, 0x28, 0xaa, 0xa0, 
	0x00, 0x00, 0x00, 0x00, 0x00, 0x2f, 0xea, 0xa0, 0x00, 0x00, 0x00, 0x00, 0x00, 0x00, 0x3f, 0xfa, 
	0xbb, 0xef, 0xff, 0xff, 0xbe, 0xfa, 0x3f, 0xff, 0xff, 0xff, 0xff, 0xfe, 0xbe, 0x00, 0x00, 0x00, 
	0x00, 0x00, 0x00, 0x00, 0x00, 0x00, 0x00, 0x00, 0x00, 0x10, 0x41, 0x40, 0x00, 0x00, 0x00, 0x00, 
	0x00, 0x3f, 0xf7, 0xe0, 0x00, 0x00, 0x00, 0x00, 0x00, 0x00, 0x05, 0xf1, 0x3f, 0xff, 0xff, 0xff, 
	0xfc, 0xf7, 0x7f, 0xff, 0xff, 0xff, 0xff, 0xfc, 0x7c, 0x00, 0x00, 0x00, 0x00, 0x00, 0x00, 0x00, 
	0x00, 0x00, 0x00, 0x00, 0x00, 0x0a, 0x2a, 0x80, 0x00, 0x00, 0x00, 0x00, 0x00, 0x3f, 0xea, 0xe0, 
	0x00, 0x00, 0x00, 0x00, 0x00, 0x00, 0xaa, 0xaa, 0xae, 0xef, 0xff, 0xfe, 0xf8, 0xeb, 0xff, 0xff, 
	0xff, 0xff, 0xff, 0xfc, 0xfc, 0x00, 0x00, 0x00, 0x00, 0x00, 0x00, 0x00, 0x00, 0x00, 0x00, 0x00, 
	0x00, 0x06, 0x04, 0x40, 0x40, 0x00, 0x00, 0x00, 0x00, 0x7e, 0xdd, 0xf0, 0x00, 0x00, 0x00, 0x00, 
	0x00, 0x00, 0x51, 0x00, 0x7f, 0x7f, 0xff, 0xff, 0xff, 0x77, 0xff, 0xff, 0xff, 0xff, 0xff, 0xf8, 
	0xfc, 0x00, 0x00, 0x00, 0x00, 0x00, 0x00, 0x00, 0x00, 0x00, 0x00, 0x00, 0x00, 0x00, 0xa2, 0xa8, 
	0xa0, 0x00, 0x00, 0x00, 0x00, 0x3e, 0xea, 0xba, 0x00, 0x00, 0x00, 0x00, 0x00, 0x00, 0x00, 0xa2, 
	0xbe, 0xbf, 0xff, 0xff, 0xfe, 0xef, 0xbb, 0xff, 0xff, 0xff, 0xff, 0xe8, 0xf8, 0x00, 0x00, 0x00, 
	0x00, 0x00, 0x00, 0x00, 0x00, 0x00, 0x00, 0x00, 0x00, 0x00, 0x01, 0x94, 0x00, 0x00, 0x00, 0x00, 
	0x00, 0x7c, 0x4d, 0x79, 0x00, 0x00, 0x00, 0x00, 0x00, 0x00, 0x00, 0x00, 0xff, 0xff, 0xff, 0xff, 
	0xff, 0xdf, 0xf7, 0xff, 0xff, 0xff, 0xff, 0xe0, 0x70, 0x00, 0x00, 0x00, 0x00, 0x00, 0x00, 0x00, 
	0x00, 0x00, 0x00, 0x00, 0x00, 0x00, 0x00, 0x8a, 0x88, 0x00, 0x00, 0x00, 0x0a, 0xf8, 0xea, 0xbf, 
	0x80, 0x00, 0x00, 0x00, 0x00, 0x00, 0x00, 0x02, 0xee, 0xff, 0xff, 0xff, 0xff, 0xef, 0xfb, 0xff, 
	0xff, 0xff, 0xff, 0xe8, 0xe0, 0x00, 0x00, 0x00, 0x00, 0x00, 0x00, 0x00, 0x00, 0x00, 0x00, 0x00, 
	0x00, 0x00, 0x00, 0x01, 0x84, 0x00, 0x00, 0x00, 0x07, 0xf0, 0x65, 0xfd, 0xc0, 0x00, 0x00, 0x00, 
	0x00, 0x00, 0x00, 0x03, 0xff, 0xff, 0xff, 0xff, 0xff, 0xcf, 0xfd, 0xff, 0xff, 0xff, 0xff, 0xf9, 
	0xc0, 0x00, 0x00, 0x00, 0x00, 0x00, 0x00, 0x00, 0x00, 0x00, 0x00, 0x00, 0x00, 0x00, 0x00, 0x02, 
	0xaa, 0x00, 0x00, 0x00, 0x0a, 0xa0, 0xeb, 0xba, 0xe0, 0x00, 0x00, 0x00, 0x00, 0x00, 0x00, 0x0b, 
	0xfb, 0xff, 0xbf, 0xff, 0xff, 0xef, 0xbb, 0xff, 0xff, 0xff, 0xff, 0xfa, 0x80, 0x00, 0x00, 0x00, 
	0x00, 0x00, 0x00, 0x00, 0x00, 0x00, 0x00, 0x00, 0x00, 0x00, 0x00, 0x01, 0x00, 0x00, 0x00, 0x00, 
	0x00, 0x10, 0x7f, 0x1d, 0x78, 0x00, 0x00, 0x00, 0x00, 0x00, 0x00, 0x1f, 0xff, 0xff, 0xff, 0xff, 
	0xff, 0xde, 0x71, 0xff, 0xff, 0xff, 0xff, 0xfc, 0x00, 0x00, 0x00, 0x00, 0x00, 0x00, 0x00, 0x00, 
	0x00, 0x00, 0x00, 0x00, 0x00, 0x00, 0x00, 0x00, 0x88, 0x00, 0x00, 0x00, 0x00, 0x08, 0xe8, 0x8a, 
	0xea, 0x00, 0x00, 0x00, 0x00, 0x00, 0xa0, 0xae, 0xef, 0xfe, 0xff, 0xef, 0xff, 0xfe, 0xaa, 0xbf, 
	0xff, 0xff, 0xff, 0xfe, 0x00, 0x00, 0x00, 0x00, 0x00, 0x00, 0x00, 0x00, 0x00, 0x00, 0x00, 0x00, 
	0x00, 0x00, 0x00, 0x00, 0x04, 0x00, 0x00, 0x00, 0x00, 0x0d, 0xc0, 0x07, 0xc6, 0x00, 0x00, 0x00, 
	0x00, 0x00, 0x44, 0x7f, 0xff, 0xff, 0xff, 0xff, 0xdf, 0xff, 0x5d, 0x9f, 0xff, 0xff, 0xff, 0xff, 
	0x00, 0x00, 0x00, 0x00, 0x00, 0x00, 0x00, 0x00, 0x00, 0x00, 0x00, 0x00, 0x00, 0x00, 0x00, 0x00, 
	0x0a, 0x00, 0x00, 0x00, 0x00, 0x2e, 0x80, 0x2f, 0x80, 0x00, 0x00, 0x00, 0x00, 0x00, 0x3f, 0xff, 
	0xff, 0xff, 0xff, 0xff, 0xbf, 0xee, 0xba, 0x9f, 0xff, 0xff, 0xff, 0xff, 0x80, 0x20, 0x00, 0x00, 
	0x00, 0x00, 0x00, 0x00, 0x00, 0x00, 0x00, 0x00, 0x00, 0x00, 0x00, 0x00, 0x00, 0x00, 0x00, 0x00, 
	0x01, 0x74, 0x01, 0xff, 0x00, 0x00, 0x00, 0x00, 0x00, 0x00, 0x01, 0x75, 0xff, 0xff, 0xff, 0xff, 
	0xf7, 0x7b, 0x1d, 0x9f, 0xff, 0xff, 0xff, 0xff, 0xc0, 0x30, 0x00, 0x00, 0x00, 0x00, 0x00, 0x00, 
	0x00, 0x00, 0x00, 0x00, 0x00, 0x00, 0x00, 0x00, 0x0a, 0x00, 0x00, 0x00, 0x0f, 0xa0, 0x0a, 0xff, 
	0x80, 0x00, 0x00, 0x00, 0x00, 0x00, 0x00, 0xaa, 0xff, 0xef, 0xff, 0xef, 0xee, 0xfa, 0x8a, 0xef, 
	0xfe, 0xff, 0xfb, 0xef, 0xe8, 0xa0, 0x00, 0x00, 0x00, 0x00, 0x00, 0x00, 0x00, 0x00, 0x00, 0x00, 
	0x00, 0x00, 0x00, 0x00, 0x00, 0x00, 0x00, 0x00, 0x1c, 0x00, 0x5f, 0xff, 0xc0, 0x00, 0x00, 0x00, 
	0x00, 0x00, 0x01, 0x5d, 0xff, 0xff, 0xff, 0xff, 0xfd, 0xff, 0x41, 0xc7, 0xff, 0xff, 0xff, 0x7f, 
	0xff, 0xe0, 0x00, 0x00, 0x00, 0x00, 0x00, 0x00, 0x00, 0x00, 0x00, 0x00, 0x00, 0x00, 0x00, 0x00, 
	0x20, 0x00, 0x00, 0x03, 0xa8, 0x00, 0xaf, 0xab, 0xa0, 0x00, 0x00, 0x00, 0x00, 0x00, 0x00, 0x2a, 
	0xbf, 0xff, 0xff, 0xff, 0xbf, 0xff, 0xab, 0xeb, 0xff, 0xff, 0xfe, 0x2f, 0xff, 0xe0, 0x02, 0x20, 
	0x00, 0x00, 0x00, 0x00, 0x00, 0x00, 0x00, 0x00, 0x00, 0x00, 0x00, 0x00, 0x00, 0x00, 0x00, 0x07, 
	0x40, 0x05, 0x7f, 0xf7, 0xe0, 0x00, 0x00, 0x00, 0x00, 0x00, 0x00, 0x01, 0xff, 0xff, 0xff, 0xff, 
	0xdf, 0xff, 0x01, 0xff, 0xff, 0xff, 0xff, 0x4f, 0xff, 0xff, 0xff, 0xff, 0xc0, 0x00, 0x00, 0x00, 
	0x00, 0x00, 0x00, 0x00, 0x00, 0x00, 0x00, 0x00, 0x2a, 0x00, 0x00, 0xaa, 0x00, 0x0b, 0xee, 0xaa, 
	0xe0, 0x00, 0x00, 0x00, 0x00, 0x00, 0x00, 0x0a, 0xee, 0xef, 0xef, 0xff, 0xbe, 0xfe, 0xaa, 0xfe, 
	0xff, 0xfe, 0xef, 0xaf, 0xff, 0xff, 0xfe, 0xff, 0xe8, 0x80, 0x00, 0x00, 0x00, 0x00, 0x00, 0x00, 
	0x00, 0x00, 0x00, 0x00, 0x00, 0x00, 0x05, 0xe0, 0x00, 0x1f, 0xe7, 0xdd, 0xf0, 0x00, 0x00, 0x00, 
	0x00, 0x00, 0x00, 0x07, 0xff, 0xff, 0xcf, 0xfd, 0xdf, 0xfe, 0x00, 0xff, 0xff, 0xff, 0xff, 0xff, 
	0xff, 0xff, 0xfd, 0xff, 0x7f, 0x00, 0x00, 0x00, 0x00, 0x00, 0x00, 0x00, 0x00, 0x00, 0x00, 0x00, 
	0x00, 0x20, 0x2f, 0xa0, 0x0a, 0xaa, 0xe2, 0xae, 0xb8, 0x00, 0x00, 0x00, 0x00, 0x00, 0x0a, 0x2b, 
	0xff, 0xff, 0xef, 0xfb, 0xaf, 0xba, 0x8a, 0xff, 0xbf, 0xff, 0xbf, 0xff, 0xff, 0xff, 0xff, 0xfa, 
	0xbb, 0xa0, 0x00, 0x00, 0x00, 0x00, 0x00, 0x00, 0x00, 0x00, 0x00, 0x00, 0x00, 0x10, 0x7e, 0xc0, 
	0x17, 0xe0, 0x47, 0xff, 0x70, 0x00, 0x00, 0x00, 0x00, 0x00, 0x06, 0x3f, 0xff, 0xff, 0xf7, 0xff, 
	0xdf, 0xfc, 0x00, 0xff, 0x1f, 0xff, 0xff, 0xff, 0xff, 0xff, 0xff, 0xff, 0xd1, 0xe0, 0x00, 0x00, 
	0x00, 0x00, 0x00, 0x00, 0x00, 0x00, 0x00, 0x00, 0x00, 0x0a, 0xfe, 0xea, 0xaa, 0xa0, 0xe2, 0xae, 
	0xa8, 0x00, 0x00, 0x00, 0x00, 0x00, 0x0a, 0xfe, 0xff, 0xfe, 0xff, 0xea, 0xff, 0xf8, 0xae, 0xff, 
	0xee, 0xbf, 0xef, 0xff, 0xff, 0xff, 0xff, 0xff, 0xea, 0xa8, 0x00, 0x00, 0x00, 0x00, 0x00, 0x00, 
	0x00, 0x00, 0x00, 0x00, 0x00, 0x01, 0xdf, 0x7d, 0xf8, 0x00, 0x47, 0xdf, 0xf8, 0x00, 0x00, 0x00, 
	0x00, 0x00, 0x07, 0xff, 0xff, 0xff, 0xff, 0xff, 0xff, 0xfc, 0x67, 0x7f, 0xff, 0xff, 0xff, 0xff, 
	0xff, 0xff, 0xff, 0xff, 0xff, 0xd8, 0x00, 0x00, 0x00, 0x00, 0x00, 0x00, 0x00, 0x00, 0x00, 0x00, 
	0x00, 0x03, 0xbf, 0xeb, 0xa0, 0x02, 0xe3, 0xae, 0xa8, 0x00, 0x00, 0x00, 0x00, 0x00, 0xaf, 0xff, 
	0xff, 0xff, 0xff, 0xea, 0xbf, 0xe8, 0xae, 0xbf, 0xff, 0xff, 0xfb, 0xff, 0xff, 0xff, 0xff, 0xff, 
	0xab, 0xaa, 0x00, 0x00, 0x00, 0x00, 0x00, 0x00, 0x00, 0x00, 0x00, 0x00, 0x00, 0x03, 0xff, 0xff, 
	0x00, 0x01, 0xc3, 0x5f, 0x7c, 0x00, 0x00, 0x00, 0x00, 0x01, 0xff, 0xff, 0xff, 0xff, 0xff, 0xf4, 
	0x1f, 0xfc, 0x0f, 0x7f, 0xff, 0xff, 0xff, 0xff, 0xff, 0xff, 0xff, 0xff, 0xff, 0xee, 0x00, 0x00, 
	0x00, 0x00, 0x00, 0x00, 0x00, 0x00, 0x00, 0x00, 0x00, 0x03, 0xbf, 0xea, 0x80, 0x02, 0x82, 0xfe, 
	0xac, 0x00, 0x00, 0x00, 0x00, 0x8f, 0xff, 0xef, 0xff, 0xff, 0xff, 0xee, 0xbe, 0xe8, 0x8f, 0xbf, 
	0xff, 0xff, 0xff, 0xff, 0xff, 0xff, 0xff, 0xfa, 0xab, 0xee, 0x00, 0x00, 0x00, 0x00, 0x00, 0x00, 
	0x00, 0x00, 0x00, 0x00, 0x00, 0x01, 0xff, 0xc0, 0x00, 0x07, 0x07, 0xff, 0xdc, 0x00, 0x00, 0x00, 
	0x01, 0xff, 0xff, 0xff, 0xff, 0xff, 0xff, 0xfc, 0x3f, 0x5c, 0x1f, 0x9f, 0xff, 0xff, 0xff, 0xff, 
	0xff, 0xff, 0xff, 0xfd, 0xff, 0xfc, 0x00, 0x00, 0x00, 0x00, 0x00, 0x00, 0x00, 0x00, 0x00, 0x00, 
	0x00, 0x00, 0xfe, 0xa0, 0x00, 0x0e, 0x02, 0xbe, 0xae, 0x00, 0x00, 0x00, 0x2b, 0xff, 0xff, 0xbf, 
	0xbf, 0xff, 0xfe, 0xba, 0xaf, 0xba, 0x3f, 0xaf, 0xff, 0xff, 0xff, 0xff, 0xff, 0xff, 0xaa, 0xff, 
	0xff, 0xee, 0x00, 0x00, 0x00, 0x00, 0x00, 0x00, 0x00, 0x00, 0x00, 0x00, 0x00, 0x00, 0x7c, 0x00, 
	0x00, 0x06, 0x03, 0xfe, 0xdf, 0x00, 0x00, 0x00, 0x7f, 0xff, 0xff, 0xff, 0x7f, 0xff, 0xfe, 0x70, 
	0x1f, 0xfc, 0x7f, 0xc7, 0xff, 0xff, 0xff, 0xff, 0xff, 0xff, 0xff, 0xff, 0xff, 0xf7, 0x00, 0x00, 
	0x00, 0x00, 0x00, 0x00, 0x00, 0x00, 0x00, 0x00, 0x00, 0x00, 0x00, 0x00, 0x00, 0x00, 0x02, 0xfe, 
	0xee, 0x80, 0x00, 0x0f, 0xff, 0xff, 0xfe, 0xff, 0xff, 0xff, 0xff, 0xe8, 0xaf, 0xea, 0xbf, 0xef, 
	0xff, 0xff, 0xee, 0xee, 0xee, 0xee, 0xef, 0xef, 0xee, 0xee, 0x00, 0x00, 0x00, 0x00, 0x00, 0x00, 
	0x00, 0x00, 0x00, 0x00, 0x00, 0x00, 0x00, 0x00, 0x00, 0x00, 0x07, 0xff, 0x57, 0xc0, 0x1d, 0xff, 
	0xff, 0xff, 0xff, 0xff, 0x7f, 0xff, 0xff, 0x44, 0xdf, 0xe7, 0xff, 0xff, 0xff, 0xff, 0xff, 0xff, 
	0xff, 0xff, 0xff, 0xff, 0xff, 0xff, 0x00, 0x00, 0x00, 0x00, 0x00, 0x00, 0x00, 0x00, 0x00, 0x00, 
	0x00, 0x00, 0x00, 0x00, 0x00, 0x00, 0x0b, 0xfe, 0xaa, 0xea, 0xbf, 0xeb, 0xff, 0xff, 0xff, 0xff, 
	0xff, 0xff, 0xbe, 0x22, 0xaf, 0xaf, 0xff, 0xbf, 0xfa, 0xba, 0xaa, 0xbb, 0xeb, 0xbf, 0xff, 0xef, 
	0xff, 0xfe, 0x00, 0x00, 0x00, 0x00, 0x00, 0x00, 0x00, 0x00, 0x00, 0x00, 0x00, 0x00, 0x00, 0x00, 
	0x00, 0x00, 0x07, 0xff, 0x53, 0x7f, 0xff, 0xe3, 0xff, 0xff, 0xff, 0xff, 0xff, 0xff, 0xfd, 0x01, 
	0xf7, 0xff, 0xff, 0xff, 0x7f, 0xff, 0xff, 0xff, 0xff, 0xff, 0xff, 0xff, 0xff, 0xff, 0x00, 0x00, 
	0x00, 0x00, 0x00, 0x00, 0x00, 0x00, 0x00, 0x00, 0x00, 0x00, 0x00, 0x00, 0x00, 0x20, 0xae, 0xea, 
	0xaa, 0xae, 0xaa, 0xe2, 0xff, 0xff, 0xff, 0xef, 0xfe, 0xff, 0xfa, 0xa0, 0xff, 0xee, 0xee, 0xae, 
	0xee, 0xee, 0xee, 0xee, 0xee, 0xee, 0xee, 0xee, 0xfe, 0xee, 0x00, 0x00, 0x00, 0x00, 0x00, 0x00, 
	0x00, 0x00, 0x00, 0x00, 0x00, 0x00, 0x00, 0x00, 0x00, 0x30, 0x67, 0xf7, 0xcd, 0xdd, 0x4d, 0xc1, 
	0xff, 0xff, 0xff, 0xff, 0xff, 0xff, 0x7c, 0xff, 0xff, 0xff, 0xff, 0xff, 0xff, 0xff, 0xff, 0xff, 
	0xdf, 0xff, 0xff, 0xff, 0xff, 0xff, 0x00, 0x00, 0x00, 0x00, 0x00, 0x00, 0x00, 0x00, 0x00, 0x00, 
	0x00, 0x00, 0x00, 0x00, 0x00, 0x2a, 0xab, 0xe3, 0xaa, 0xaa, 0xaa, 0xe3, 0xbf, 0xff, 0xfe, 0xff, 
	0xff, 0xfe, 0xea, 0xff, 0xba, 0xfa, 0xbb, 0xff, 0xab, 0xab, 0xba, 0xfb, 0xfb, 0xfb, 0xff, 0xfb, 
	0xff, 0xfe, 0x00, 0x00, 0x00, 0x00, 0x00, 0x00, 0x00, 0x00, 0x00, 0x00, 0x00, 0x00, 0x00, 0x00, 
	0x00, 0x1f, 0x0f, 0xf3, 0x75, 0x5d, 0x77, 0xc1, 0xff, 0xff, 0xff, 0xdf, 0xff, 0xfd, 0xff, 0xff, 
	0xff, 0xff, 0xff, 0xff, 0xf7, 0xf7, 0xff, 0xff, 0xff, 0xff, 0xff, 0xff, 0xff, 0xff, 0x00, 0x00, 
	0x00, 0x00, 0x00, 0x00, 0x00, 0x00, 0x00, 0x00, 0x00, 0x00, 0x00, 0x00, 0x00, 0x08, 0x8e, 0xe3, 
	0xaa, 0xaa, 0xaa, 0xe0, 0xff, 0xff, 0xfe, 0xff, 0xee, 0xfa, 0xff, 0xef, 0xee, 0xee, 0xee, 0xee, 
	0xee, 0xea, 0xee, 0xfe, 0xee, 0xee, 0xee, 0xee, 0xff, 0xee, 0x00, 0x00, 0x00, 0x00, 0x00, 0x00, 
	0x00, 0x00, 0x00, 0x00, 0x00, 0x00, 0x00, 0x00, 0x00, 0x00, 0x07, 0xc1, 0x85, 0xd4, 0xef, 0xc0, 
	0x7f, 0xff, 0xff, 0xff, 0xff, 0xff, 0xff, 0xff, 0xff, 0xfd, 0xf7, 0xdf, 0xff, 0xff, 0xff, 0xff, 
	0xff, 0xff, 0xff, 0xff, 0xff, 0xff, 0x00, 0x00, 0x00, 0x00, 0x00, 0x00, 0x00, 0x00, 0x00, 0x00, 
	0x00, 0x00, 0x00, 0x00, 0x00, 0x00, 0x0b, 0x83, 0xba, 0xaa, 0xaa, 0xe0, 0x3e, 0xbf, 0xef, 0xff, 
	0xff, 0xff, 0xff, 0xbb, 0xff, 0xfb, 0xbb, 0xba, 0xba, 0xba, 0xaa, 0xbb, 0xbe, 0xbb, 0xfa, 0xff, 
	0xff, 0xfe, 0x00, 0x00, 0x00, 0x00, 0x00, 0x00, 0x00, 0x00, 0x00, 0x00, 0x00, 0x00, 0x00, 0x00, 
	0x00, 0x00, 0x07, 0x81, 0xb5, 0x77, 0x7e, 0x60, 0x3d, 0xff, 0xdf, 0xff, 0xff, 0xff, 0xff, 0xff, 
	0xff, 0xff, 0xff, 0xff, 0xff, 0xff, 0x7f, 0xff, 0xff, 0xff, 0xff, 0xff, 0xff, 0xff, 0x00, 0x00, 
	0x00, 0x00, 0x00, 0x00, 0x00, 0x00, 0x00, 0x00, 0x00, 0x00, 0x00, 0x00, 0x00, 0x00, 0x0f, 0x80, 
	0xaa, 0xaa, 0xaa, 0xe0, 0xb8, 0xff, 0xef, 0xff, 0xff, 0xee, 0xee, 0xfe, 0xee, 0xee, 0xee, 0xee, 
	0xee, 0xea, 0xaf, 0xee, 0xee, 0xee, 0xee, 0xee, 0xef, 0xfe, 0x00, 0x00, 0x00, 0x00, 0x00, 0x00, 
	0x00, 0x00, 0x00, 0x00, 0x00, 0x00, 0x00, 0x00, 0x00, 0x00, 0x1f, 0x00, 0xcf, 0xfd, 0x4f, 0x70, 
	0x38, 0x7f, 0xff, 0xff, 0xff, 0xff, 0xff, 0xff, 0xff, 0xff, 0xff, 0xff, 0xff, 0xdd, 0xff, 0xff, 
	0xff, 0xff, 0xff, 0xff, 0xff, 0xff, 0x00, 0x00, 0x00, 0x00, 0x00, 0x00, 0x00, 0x00, 0x00, 0x00, 
	0x00, 0x00, 0x00, 0x00, 0x00, 0x00, 0x0f, 0x80, 0xeb, 0xaa, 0xaa, 0x20, 0x38, 0x3f, 0xff, 0xff, 
	0xeb, 0xbb, 0xff, 0xfb, 0xbf, 0xba, 0xfb, 0xab, 0xaf, 0xaa, 0xbe, 0xba, 0xfb, 0xff, 0xbf, 0xff, 
	0xff, 0xfe, 0x00, 0x00, 0x00, 0x00, 0x00, 0x00, 0x00, 0x00, 0x00, 0x00, 0x00, 0x00, 0x00, 0x00, 
	0x00, 0x00, 0x1e, 0x00, 0x43, 0xd5, 0x77, 0x00, 0x78, 0x07, 0xff, 0xff, 0xff, 0xff, 0xff, 0xff, 
	0xff, 0xff, 0xfd, 0xff, 0xff, 0xff, 0xff, 0xff, 0xff, 0xff, 0xff, 0xff, 0xff, 0xff, 0x00, 0x00, 
	0x00, 0x00, 0x00, 0x00, 0x00, 0x00, 0x00, 0x00, 0x00, 0x00, 0x00, 0x00, 0x00, 0x00, 0x0e, 0x80, 
	0xea, 0xaa, 0xee, 0x20, 0xe8, 0x0f, 0xff, 0xfe, 0xee, 0xfe, 0xee, 0xee, 0xea, 0xee, 0xee, 0xae, 
	0xea, 0xee, 0xea, 0xee, 0xee, 0xee, 0xef, 0xfe, 0xee, 0xee, 0x00, 0x00, 0x00, 0x00, 0x00, 0x00, 
	0x00, 0x00, 0x00, 0x00, 0x00, 0x00, 0x00, 0x00, 0x00, 0x00, 0x1e, 0x00, 0x65, 0xfd, 0xdf, 0x00, 
	0xc4, 0x1f, 0xff, 0xff, 0xff, 0xff, 0xff, 0xff, 0xff, 0xff, 0xff, 0xff, 0xfd, 0xff, 0xfd, 0xff, 
	0xff, 0xff, 0xff, 0xff, 0xff, 0xfc, 0x00, 0x00, 0x00, 0x00, 0x00, 0x00, 0x00, 0x00, 0x00, 0x00, 
	0x00, 0x00, 0x00, 0x00, 0x00, 0x00, 0x0e, 0x00, 0x2b, 0xea, 0xbf, 0x8a, 0xa0, 0xff, 0xff, 0xff, 
	0xfb, 0xff, 0xbf, 0xfb, 0xff, 0xaf, 0xbf, 0xbb, 0xab, 0xbf, 0xbb, 0xae, 0xfb, 0xff, 0xbf, 0xff, 
	0xff, 0xf8, 0x00, 0x00, 0x00, 0x00, 0x00, 0x00, 0x00, 0x00, 0x00, 0x00, 0x00, 0x00, 0x00, 0x00, 
	0x00, 0x00, 0x1e, 0x00, 0x35, 0xf5, 0xbf, 0x07, 0x00, 0xff, 0xff, 0xff, 0xff, 0xff, 0xff, 0xff, 
	0xff, 0xff, 0xff, 0xff, 0xff, 0xff, 0xff, 0xff, 0xff, 0xff, 0xff, 0xff, 0xff, 0xfc, 0x00, 0x00, 
	0x00, 0x00, 0x00, 0x00, 0x00, 0x00, 0x00, 0x00, 0x00, 0x00, 0x00, 0x00, 0x00, 0x00, 0x0e, 0x00, 
	0x2a, 0xea, 0xef, 0x8a, 0x02, 0xff, 0xef, 0xff, 0xfe, 0xee, 0xee, 0xee, 0xee, 0xee, 0xef, 0xee, 
	0xee, 0xea, 0xee, 0xee, 0xee, 0xee, 0xee, 0xff, 0xff, 0xec, 0x00, 0x00, 0x00, 0x00, 0x00, 0x00, 
	0x00, 0x00, 0x00, 0x00, 0x00, 0x00, 0x00, 0x00, 0x00, 0x00, 0x0c, 0x00, 0x1f, 0xdd, 0xdf, 0xc0, 
	0x07, 0xff, 0xff, 0xff, 0xff, 0xff, 0xff, 0xff, 0xff, 0xff, 0xff, 0xff, 0xdf, 0xff, 0xff, 0xff, 
	0xff, 0xff, 0xff, 0xff, 0xff, 0xfc, 0x00, 0x00, 0x00, 0x00, 0x00, 0x00, 0x00, 0x00, 0x00, 0x00, 
	0x00, 0x00, 0x00, 0x00, 0x00, 0x00, 0x0e, 0x00, 0x0a, 0xea, 0xaf, 0xa0, 0x0f, 0xff, 0xff, 0xff, 
	0xff, 0xff, 0xff, 0xfb, 0xfb, 0xbb, 0xfb, 0xbb, 0xab, 0xab, 0xbe, 0xbb, 0xbb, 0xbf, 0xbf, 0xff, 
	0xff, 0xf8, 0x00, 0x00, 0x00, 0x00, 0x00, 0x00, 0x00, 0x00, 0x00, 0x00, 0x00, 0x00, 0x00, 0x00, 
	0x00, 0x00, 0x0f, 0x00, 0x0d, 0xfd, 0xfc, 0xf0, 0x07, 0xff, 0xff, 0xff, 0xff, 0xff, 0xff, 0xff, 
	0xff, 0xff, 0xff, 0xff, 0xff, 0xff, 0xff, 0xff, 0xff, 0xff, 0xff, 0xff, 0xff, 0xf8, 0x00, 0x00, 
	0x00, 0x00, 0x00, 0x00, 0x00, 0x00, 0x00, 0x00, 0x00, 0x00, 0x00, 0x00, 0x00, 0x00, 0x0b, 0x80, 
	0x0e, 0xea, 0xee, 0xe8, 0x2e, 0xfe, 0xee, 0xfe, 0xfe, 0xff, 0xef, 0xee, 0xfe, 0xee, 0xee, 0xee, 
	0xea, 0xea, 0xee, 0xee, 0xef, 0xee, 0xee, 0xee, 0xff, 0xfa, 0x00, 0x00, 0x00, 0x00, 0x00, 0x00, 
	0x00, 0x00, 0x00, 0x00, 0x00, 0x00, 0x00, 0x00, 0x00, 0x00, 0x07, 0x00, 0x07, 0xfd, 0xfc, 0x7c, 
	0x3c, 0xff, 0xff, 0xff, 0xff, 0xff, 0xff, 0xff, 0xff, 0xff, 0xff, 0xff, 0xdf, 0xfd, 0xff, 0xff, 
	0xff, 0xff, 0xff, 0xff, 0xff, 0xfc, 0x00, 0x00, 0x00, 0x00, 0x00, 0x00, 0x00, 0x00, 0x00, 0x00, 
	0x00, 0x00, 0x00, 0x00, 0x00, 0x00, 0x03, 0x80, 0x0b, 0xea, 0xfe, 0x3f, 0xfb, 0xff, 0xff, 0xff, 
	0xff, 0xff, 0xff, 0xff, 0xff, 0xff, 0xfb, 0xbf, 0xfe, 0xbf, 0xff, 0xfb, 0xff, 0xff, 0xff, 0xfb, 
	0xff, 0xfb, 0x80, 0x00, 0x00, 0x00, 0x00, 0x00, 0x00, 0x00, 0x00, 0x00, 0x00, 0x00, 0x00, 0x00, 
	0x00, 0x00, 0x01, 0xc0, 0x03, 0xfd, 0xff, 0x1f, 0xff, 0xff, 0xff, 0xff, 0xff, 0xff, 0xff, 0xff, 
	0xff, 0xff, 0xff, 0xff, 0xff, 0xff, 0xff, 0xff, 0xff, 0xff, 0xff, 0xff, 0xff, 0xf7, 0xc0, 0x00, 
	0x00, 0x00, 0x00, 0x00, 0x00, 0x00, 0x00, 0x00, 0x00, 0x00, 0x00, 0x00, 0x00, 0x00, 0x00, 0xe0, 
	0x02, 0xea, 0xee, 0x0e, 0xfe, 0xef, 0xff, 0xff, 0xff, 0xff, 0xff, 0xee, 0xff, 0xfe, 0xfe, 0xee, 
	0xae, 0xee, 0xae, 0xee, 0xee, 0xee, 0xee, 0xff, 0xef, 0xbe, 0xe0, 0x00, 0x00, 0x00, 0x00, 0x00, 
	0x00, 0x00, 0x00, 0x00, 0x00, 0x00, 0x00, 0x00, 0x00, 0x00, 0x00, 0xf0, 0x03, 0xff, 0xdf, 0x00, 
	0x7f, 0xff, 0xff, 0xff, 0xff, 0xff, 0xff, 0xff, 0xff, 0xff, 0xff, 0xff, 0xff, 0xff, 0xff, 0xff, 
	0xff, 0xff, 0xff, 0xff, 0xff, 0xff, 0x60, 0x00, 0x00, 0x00, 0x00, 0x00, 0x00, 0x00, 0x00, 0x00, 
	0x00, 0x00, 0x00, 0x00, 0x00, 0x00, 0x00, 0x28, 0xa3, 0xea, 0xaa, 0x00, 0xfb, 0xff, 0xff, 0xff, 
	0xff, 0xff, 0xff, 0xff, 0xff, 0xaf, 0xfb, 0xfa, 0xff, 0xfb, 0xfb, 0xbb, 0xff, 0xff, 0xff, 0xff, 
	0xff, 0xff, 0xb8, 0x00, 0x00, 0x00, 0x00, 0x00, 0x00, 0x00, 0x00, 0x00, 0x00, 0x00, 0x00, 0x00, 
	0x00, 0x00, 0x00, 0x7d, 0xc3, 0xff, 0x7f, 0x01, 0xff, 0xff, 0xff, 0xff, 0xff, 0xff, 0xff, 0xff, 
	0xff, 0xff, 0xff, 0xff, 0xff, 0xff, 0xff, 0xff, 0xff, 0xff, 0xff, 0xff, 0xff, 0xff, 0xd8, 0x00, 
	0x00, 0x00, 0x00, 0x00, 0x00, 0x00, 0x00, 0x00, 0x00, 0x00, 0x00, 0x00, 0x00, 0x00, 0x00, 0x2f, 
	0x83, 0xea, 0xab, 0x8b, 0xff, 0xff, 0xff, 0xff, 0xff, 0xff, 0xef, 0xff, 0xee, 0xfe, 0xae, 0xee, 
	0xef, 0xaa, 0xeb, 0xee, 0xef, 0xee, 0xef, 0xff, 0xff, 0xfe, 0xea, 0x00, 0x00, 0x00, 0x00, 0x00, 
	0x00, 0x00, 0x00, 0x00, 0x00, 0x00, 0x00, 0x00, 0x00, 0x00, 0x00, 0x0d, 0x03, 0xdd, 0xfd, 0xc7, 
	0xff, 0xff, 0xff, 0xff, 0xff, 0xff, 0xff, 0xff, 0xff, 0xff, 0xff, 0xff, 0xff, 0xff, 0xff, 0xff, 
	0xff, 0xff, 0xff, 0xff, 0xff, 0xff, 0xf6, 0x00, 0x00, 0x00, 0x00, 0x00, 0x00, 0x00, 0x00, 0x00, 
	0x00, 0x00, 0x00, 0x00, 0x00, 0x00, 0x00, 0x00, 0x03, 0x8a, 0xab, 0x8f, 0xff, 0xff, 0xff, 0xff, 
	0xff, 0xff, 0xbf, 0xff, 0xff, 0xfb, 0xbe, 0xbf, 0xea, 0xbf, 0xfb, 0xff, 0xff, 0xff, 0xff, 0xff, 
	0xff, 0xff, 0xea, 0x80, 0x00, 0x00, 0x00, 0x00, 0x00, 0x00, 0x00, 0x00, 0x00, 0x00, 0x00, 0x00, 
	0x00, 0x00, 0x00, 0x00, 0x03, 0xc7, 0xfd, 0xff, 0xff, 0xff, 0xff, 0xff, 0xff, 0xff, 0xff, 0xff, 
	0xff, 0xff, 0xff, 0xff, 0xff, 0xff, 0xff, 0xff, 0xff, 0xff, 0xff, 0xff, 0xff, 0xff, 0xfb, 0x00, 
	0x00, 0x00, 0x00, 0x00, 0x00, 0x00, 0x00, 0x00, 0x00, 0x00, 0x00, 0x00, 0x00, 0x00, 0x00, 0x00, 
	0x03, 0x8e, 0xaa, 0xff, 0xff, 0xee, 0xef, 0xff, 0xff, 0xee, 0xee, 0xee, 0xff, 0xee, 0xee, 0xee, 
	0xee, 0xbe, 0xee, 0xee, 0xfe, 0xfe, 0xff, 0xef, 0xff, 0xff, 0xef, 0x80, 0x00, 0x00, 0x00, 0x00, 
	0x00, 0x00, 0x00, 0x00, 0x00, 0x00, 0x00, 0x00, 0x00, 0x00, 0x00, 0x00, 0x03, 0xc5, 0xfd, 0xff, 
	0xff, 0xff, 0xff, 0xff, 0xff, 0xff, 0xff, 0xff, 0xff, 0xff, 0xff, 0xff, 0xff, 0xff, 0xff, 0xff, 
	0xff, 0xff, 0xff, 0xff, 0xff, 0xff, 0xff, 0xc0, 0x00, 0x00, 0x00, 0x00, 0x00, 0x00, 0x00, 0x00, 
	0x00, 0x00, 0x00, 0x00, 0x00, 0x00, 0x00, 0x00, 0x03, 0x83, 0xeb, 0xff, 0xff, 0xff, 0xff, 0xff, 
	0xff, 0xff, 0xbf, 0xbf, 0xbf, 0xff, 0xbf, 0xfb, 0xbf, 0xfb, 0xfb, 0xbf, 0xff, 0xff, 0xff, 0xff, 
	0xff, 0xff, 0xfa, 0xe0, 0x00, 0x00, 0x00, 0x00, 0x00, 0x00, 0x00, 0x00, 0x00, 0x00, 0x00, 0x00, 
	0x00, 0x00, 0x00, 0x00, 0x03, 0x01, 0xf7, 0xff, 0xff, 0xff, 0xff, 0xff, 0xff, 0xff, 0xff, 0xff, 
	0xff, 0xff, 0xff, 0xff, 0xff, 0xf7, 0x7f, 0xff, 0xff, 0xff, 0xff, 0xff, 0xff, 0xff, 0xff, 0xc0, 
	0x00, 0x00, 0x00, 0x00, 0x00, 0x00, 0x00, 0x00, 0x00, 0x00, 0x00, 0x00, 0x00, 0x00, 0x00, 0x00, 
	0x03, 0x80, 0xef, 0xff, 0xee, 0xee, 0xee, 0xee, 0xee, 0xff, 0xfe, 0xee, 0xee, 0xff, 0xee, 0xee, 
	0xfe, 0xee, 0xee, 0xee, 0xee, 0xff, 0xff, 0xef, 0xff, 0xfe, 0xee, 0xe8, 0x00, 0x00, 0x00, 0x00, 
	0x00, 0x00, 0x00, 0x00, 0x00, 0x00, 0x00, 0x00, 0x00, 0x00, 0x00, 0x00, 0x03, 0x00, 0xff, 0xff, 
	0xff, 0xff, 0xff, 0xff, 0xff, 0xff, 0xff, 0xff, 0xff, 0xff, 0xff, 0xff, 0xff, 0xff, 0xff, 0xff, 
	0xff, 0xff, 0xff, 0xff, 0xff, 0xff, 0xff, 0xf0, 0x00, 0x00, 0x00, 0x00, 0x00, 0x00, 0x00, 0x00, 
	0x00, 0x00, 0x00, 0x00, 0x00, 0x00, 0x00, 0x00, 0x0b, 0x80, 0xab, 0xff, 0xff, 0xff, 0xbb, 0xee, 
	0xff, 0xfb, 0xff, 0xbf, 0xef, 0xab, 0xff, 0xbb, 0xff, 0xfb, 0xbb, 0xbf, 0xfb, 0xff, 0xff, 0xff, 
	0xff, 0xff, 0xff, 0xb8, 0x00, 0x00, 0x00, 0x00, 0x00, 0x00, 0x00, 0x00, 0x00, 0x00, 0x00, 0x00, 
	0x00, 0x00, 0x00, 0x00, 0x0f, 0x00, 0x3f, 0xff, 0xff, 0xff, 0xff, 0xff, 0xff, 0xff, 0xff, 0xff, 
	0xff, 0xff, 0xff, 0xff, 0xff, 0xff, 0xff, 0xff, 0xff, 0xff, 0xff, 0xff, 0xff, 0xff, 0xff, 0xf0, 
	0x00, 0x00, 0x00, 0x00, 0x00, 0x00, 0x00, 0x00, 0x00, 0x00, 0x00, 0x00, 0x00, 0x00, 0x00, 0x00, 
	0x0e, 0x00, 0x3f, 0xfe, 0xee, 0xea, 0xae, 0xae, 0xfa, 0xee, 0xef, 0xee, 0xee, 0xee, 0xef, 0xee, 
	0xee, 0xee, 0xee, 0xea, 0xee, 0xee, 0xef, 0xff, 0xff, 0xee, 0xee, 0xf8, 0x00, 0x00, 0x00, 0x00, 
	0x00, 0x00, 0x00, 0x00, 0x00, 0x00, 0x00, 0x00, 0x00, 0x00, 0x00, 0x00, 0x04, 0x00, 0x3f, 0xff, 
	0xff, 0xff, 0xff, 0xdf, 0xdf, 0xff, 0xff, 0xff, 0xfd, 0xff, 0xff, 0xff, 0xff, 0xff, 0xff, 0xff, 
	0xff, 0xff, 0xff, 0xff, 0xff, 0xff, 0xff, 0xf0, 0x00, 0x00, 0x00, 0x00, 0x00, 0x00, 0x00, 0x00, 
	0x00, 0x00, 0x00, 0x00, 0x00, 0x00, 0x00, 0x00, 0x0a, 0x00, 0x3f, 0xff, 0xfb, 0xbb, 0xbf, 0xab, 
	0xab, 0xff, 0xff, 0xff, 0xbf, 0xbb, 0xbe, 0xff, 0xff, 0xfb, 0xfb, 0xfb, 0xbb, 0xbf, 0xff, 0xfb, 
	0xff, 0xff, 0xff, 0xb8, 0x00, 0x00, 0x00, 0x00, 0x00, 0x00, 0x00, 0x00, 0x00, 0x00, 0x00, 0x00, 
	0x00, 0x00, 0x00, 0x00, 0x18, 0x00, 0x7f, 0xff, 0xff, 0xff, 0xff, 0xff, 0xff, 0xff, 0xff, 0xff, 
	0xff, 0xff, 0xff, 0xff, 0xff, 0xff, 0xff, 0xff, 0xff, 0xff, 0xff, 0xff, 0xff, 0xff, 0xff, 0xf0, 
	0x00, 0x00, 0x00, 0x00, 0x00, 0x00, 0x00, 0x00, 0x00, 0x00, 0x00, 0x00, 0x00, 0x00, 0x00, 0x00, 
	0x28, 0x00, 0xfe, 0xee, 0xee, 0xee, 0xee, 0xee, 0xee, 0xea, 0xee, 0xff, 0xff, 0xee, 0xee, 0xee, 
	0xee, 0xee, 0xee, 0xee, 0xee, 0xee, 0xee, 0xee, 0xee, 0xee, 0xff, 0xf8, 0x00, 0x00, 0x00, 0x00, 
	0x00, 0x00, 0x00, 0x00, 0x00, 0x00, 0x00, 0x00, 0x00, 0x00, 0x00, 0x00, 0x10, 0x00, 0xff, 0xff, 
	0xff, 0xfd, 0xff, 0xff, 0xff, 0xff, 0xff, 0xff, 0xff, 0xff, 0xff, 0xff, 0xff, 0xff, 0xff, 0xff, 
	0xff, 0xff, 0xff, 0xff, 0xff, 0xff, 0xff, 0xf0, 0x00, 0x00, 0x00, 0x00, 0x00, 0x00, 0x00, 0x00, 
	0x00, 0x00, 0x00, 0x00, 0x00, 0x00, 0x00, 0x00, 0x00, 0x00, 0xff, 0xff, 0xbf, 0xfe, 0xfa, 0xba, 
	0xfa, 0xff, 0xff, 0xbf, 0xff, 0xff, 0xff, 0xfb, 0xeb, 0xbf, 0xff, 0xbb, 0xff, 0xff, 0xff, 0xfb, 
	0xff, 0xff, 0xff, 0xb8, 0x00, 0x00, 0x00, 0x00, 0x00, 0x00, 0x00, 0x00, 0x00, 0x00, 0x00, 0x00, 
	0x00, 0x00, 0x00, 0x00, 0x00, 0x03, 0xff, 0xff, 0xff, 0xff, 0xff, 0xff, 0xff, 0xff, 0xff, 0xff, 
	0xff, 0xff, 0xff, 0xff, 0xff, 0xff, 0xff, 0xff, 0xff, 0xff, 0xff, 0xff, 0xff, 0xff, 0xff, 0xf0, 
	0x00, 0x00, 0x00, 0x00, 0x00, 0x00, 0x00, 0x00, 0x00, 0x00, 0x00, 0x00, 0x00, 0x00, 0x00, 0x00, 
	0x00, 0x03, 0xfe, 0xee, 0xef, 0xee, 0xae, 0xee, 0xfa, 0xee, 0xee, 0xef, 0xff, 0xee, 0xee, 0xfe, 
	0xee, 0xee, 0xee, 0xee, 0xef, 0xfe, 0xee, 0xee, 0xef, 0xfe, 0xff, 0xf8, 0x00, 0x00, 0x00, 0x00, 
	0x00, 0x00, 0x00, 0x00, 0x00, 0x00, 0x00, 0x00, 0x00, 0x00, 0x00, 0x00, 0x00, 0x07, 0xff, 0xff, 
	0xff, 0xff, 0xff, 0xff, 0xff, 0xff, 0xff, 0xff, 0xff, 0xff, 0xff, 0xff, 0xff, 0xff, 0xff, 0xff, 
	0xff, 0xff, 0xff, 0xff, 0xff, 0xff, 0xff, 0xd0, 0x00, 0x00, 0x00, 0x00, 0x00, 0x00, 0x00, 0x00, 
	0x00, 0x00, 0x00, 0x00, 0x00, 0x00, 0x00, 0x00, 0x00, 0x03, 0xff, 0xff, 0xff, 0xbf, 0xab, 0xab, 
	0xaa, 0xbb, 0xef, 0xff, 0xff, 0xff, 0xbb, 0xfb, 0xbf, 0xff, 0xfb, 0xff, 0xff, 0xff, 0xfb, 0xbf, 
	0xbf, 0xff, 0xff, 0xe0, 0x00, 0x00, 0x00, 0x00, 0x00, 0x00, 0x00, 0x00, 0x00, 0x00, 0x00, 0x00, 
	0x00, 0x00, 0x00, 0x00, 0x00, 0x07, 0xff, 0xff, 0xff, 0xff, 0xff, 0xd7, 0xff, 0x7f, 0xff, 0xff, 
	0xff, 0xff, 0xff, 0xff, 0xff, 0xff, 0xff, 0xff, 0xff, 0xff, 0xff, 0xff, 0xff, 0xff, 0xff, 0xc0, 
	0x00, 0x00, 0x00, 0x00, 0x00, 0x00, 0x00, 0x00, 0x00, 0x00, 0x00, 0x00, 0x00, 0x00, 0x00, 0x00, 
	0x00, 0x0e, 0xff, 0xff, 0xff, 0xfe, 0xee, 0xee, 0xee, 0xee, 0xee, 0xee, 0xef, 0xff, 0xee, 0xee, 
	0xfe, 0xee, 0xef, 0xee, 0xee, 0xee, 0xee, 0xef, 0xef, 0xff, 0xff, 0xe0, 0x00, 0x00, 0x00, 0x00, 
	0x00, 0x00, 0x00, 0x00, 0x00, 0x00, 0x00, 0x00, 0x00, 0x00, 0x00, 0x00, 0x00, 0x1f, 0xff, 0xff, 
	0xff, 0xff, 0xff, 0xff, 0xff, 0xff, 0xff, 0xff, 0xff, 0xff, 0xff, 0xff, 0xff, 0xff, 0xff, 0xff, 
	0xff, 0xff, 0xff, 0xff, 0xff, 0xff, 0xff, 0xc0, 0x00, 0x00, 0x00, 0x00, 0x00, 0x00, 0x00, 0x00, 
	0x00, 0x00, 0x00, 0x00, 0x00, 0x00, 0x00, 0x20, 0x00, 0x3f, 0xff, 0xff, 0xff, 0xff, 0xfb, 0xea, 
	0xab, 0xaa, 0xba, 0xbf, 0xff, 0xff, 0xff, 0xbb, 0xbb, 0xbf, 0xfb, 0xbf, 0xff, 0xfb, 0xff, 0xff, 
	0xff, 0xff, 0xff, 0x80, 0x00, 0x00, 0x00, 0x00, 0x00, 0x00, 0x00, 0x00, 0x00, 0x00, 0x00, 0x00, 
	0x00, 0x00, 0x00, 0x60, 0x00, 0x7f, 0xff, 0xff, 0xff, 0xff, 0xff, 0xff, 0xff, 0xff, 0xff, 0xff, 
	0xff, 0xff, 0xff, 0xff, 0xff, 0xff, 0xff, 0xff, 0xff, 0xff, 0xff, 0xff, 0xff, 0xff, 0xff, 0x00, 
	0x00, 0x00, 0x00, 0x00, 0x00, 0x00, 0x00, 0x00, 0x00, 0x00, 0x00, 0x00, 0x00, 0x00, 0x00, 0xe0, 
	0x02, 0xfe, 0xff, 0xfe, 0xee, 0xea, 0xfe, 0xee, 0xee, 0xee, 0xee, 0xfe, 0xef, 0xff, 0xfe, 0xee, 
	0xee, 0xee, 0xee, 0xee, 0xee, 0xee, 0xee, 0xfe, 0xef, 0xff, 0xef, 0x80, 0x00, 0x00, 0x00, 0x00, 
	0x00, 0x00, 0x00, 0x00, 0x00, 0x00, 0x00, 0x00, 0x00, 0x00, 0x00, 0x60, 0x07, 0xff, 0xff, 0xff, 
	0xff, 0xff, 0xff, 0xff, 0xff, 0xff, 0xff, 0xff, 0xff, 0xff, 0xff, 0xff, 0xff, 0xff, 0xff, 0xff, 
	0xff, 0xff, 0xff, 0xff, 0xff, 0xff, 0xff, 0x00, 0x00, 0x00, 0x00, 0x00, 0x00, 0x00, 0x00, 0x00, 
	0x00, 0x00, 0x00, 0x00, 0x00, 0x00, 0x00, 0x28, 0x2e, 0xff, 0xff, 0xff, 0xfe, 0xaf, 0xab, 0xff, 
	0xba, 0xae, 0xaf, 0xef, 0xbb, 0xfb, 0xff, 0xbf, 0xbf, 0xef, 0xbf, 0xff, 0xff, 0xff, 0xfb, 0xfb, 
	0xff, 0xff, 0xfa, 0x00, 0x00, 0x00, 0x00, 0x00, 0x00, 0x00, 0x00, 0x00, 0x00, 0x00, 0x00, 0x00, 
	0x00, 0x00, 0x00, 0x78, 0x1f, 0xff, 0xff, 0xff, 0xff, 0xff, 0xff, 0xff, 0xff, 0xff, 0xff, 0xff, 
	0xff, 0xff, 0xff, 0xff, 0xff, 0xff, 0xff, 0xff, 0xff, 0xff, 0xff, 0xff, 0xff, 0xff, 0xfc, 0x00, 
	0x00, 0x00, 0x00, 0x00, 0x00, 0x00, 0x00, 0x00, 0x00, 0x00, 0x00, 0x00, 0x00, 0x00, 0x00, 0xbe, 
	0xea, 0xef, 0xff, 0xfe, 0xef, 0xee, 0xee, 0xef, 0xee, 0xae, 0xea, 0xef, 0xee, 0xef, 0xff, 0xff, 
	0xee, 0xee, 0xee, 0xfe, 0xfe, 0xee, 0xff, 0xff, 0xff, 0xff, 0xee, 0x00, 0x00, 0x00, 0x00, 0x00, 
	0x00, 0x00, 0x00, 0x00, 0x00, 0x00, 0x00, 0x00, 0x00, 0x00, 0x00, 0x1f, 0xff, 0xff, 0xff, 0xff, 
	0xff, 0xff, 0xff, 0xff, 0xff, 0xdf, 0xff, 0xff, 0xff, 0xff, 0xff, 0xff, 0xff, 0xff, 0xff, 0xff, 
	0xff, 0xff, 0xff, 0xff, 0xff, 0xff, 0xfc, 0x00, 0x00, 0x00, 0x00, 0x00, 0x00, 0x00, 0x00, 0x00, 
	0x00, 0x00, 0x00, 0x00, 0x00, 0x00, 0x00, 0x0f, 0xfb, 0xbf, 0xff, 0xbf, 0xfe, 0xea, 0xbe, 0xff, 
	0xfa, 0xeb, 0xae, 0xff, 0xfb, 0xbf, 0xff, 0xff, 0xfb, 0xff, 0xff, 0xbb, 0xfb, 0xbf, 0xff, 0xff, 
	0xff, 0xff, 0xf8, 0x00, 0x00, 0x00, 0x00, 0x00, 0x00, 0x00, 0x00, 0x00, 0x00, 0x00, 0x00, 0x00, 
	0x00, 0x00, 0x00, 0x03, 0xff, 0xff, 0xff, 0xff, 0xff, 0xff, 0xff, 0xdf, 0xff, 0xff, 0xff, 0xff, 
	0xff, 0xff, 0xff, 0xff, 0xff, 0xff, 0xff, 0xff, 0xff, 0xff, 0xff, 0xff, 0xff, 0xff, 0xf8, 0x00, 
	0x00, 0x00, 0x00, 0x00, 0x00, 0x00, 0x00, 0x00, 0x00, 0x00, 0x00, 0x00, 0x00, 0x00, 0x00, 0x02, 
	0xef, 0xff, 0xee, 0xfe, 0xbe, 0xee, 0xee, 0xee, 0xfe, 0xee, 0xef, 0xaf, 0xfe, 0xef, 0xff, 0xfe, 
	0xff, 0xfe, 0xef, 0xfe, 0xee, 0xfe, 0xef, 0xff, 0xff, 0xff, 0xf8, 0x00, 0x00, 0x00, 0x00, 0x00, 
	0x00, 0x00, 0x00, 0x00, 0x00, 0x00, 0x00, 0x00, 0x00, 0x00, 0x00, 0x00, 0x07, 0xff, 0xff, 0xff, 
	0xff, 0xfd, 0xff, 0xff, 0xff, 0xff, 0xff, 0xff, 0xff, 0xff, 0xff, 0xff, 0xff, 0xff, 0xff, 0xff, 
	0xff, 0xff, 0xff, 0xff, 0xff, 0xff, 0xe0, 0x00, 0x00, 0x00, 0x00, 0x00, 0x00, 0x00, 0x00, 0x00, 
	0x00, 0x00, 0x00, 0x00, 0x00, 0x00, 0x00, 0x00, 0x0f, 0xff, 0xff, 0xbf, 0xfe, 0xba, 0xfb, 0xfb, 
	0xfe, 0xbb, 0xae, 0xbf, 0xbb, 0xff, 0xff, 0xff, 0xff, 0xff, 0xfb, 0xff, 0xbf, 0xbf, 0xff, 0xff, 
	0xff, 0xff, 0xe0, 0x00, 0x00, 0x00, 0x00, 0x00, 0x00, 0x00, 0x00, 0x00, 0x00, 0x00, 0x00, 0x00, 
	0x00, 0x00, 0x00, 0x00, 0x0f, 0xff, 0xff, 0xff, 0xff, 0xff, 0xff, 0xff, 0xff, 0xff, 0xff, 0xff, 
	0xff, 0xff, 0xff, 0xff, 0xff, 0xff, 0xff, 0xff, 0xff, 0xff, 0xff, 0xff, 0xff, 0xff, 0xe0, 0x00, 
	0x00, 0x00, 0x00, 0x00, 0x00, 0x00, 0x00, 0x00, 0x00, 0x00, 0x00, 0x00, 0x00, 0x00, 0x00, 0x00, 
	0x2f, 0xff, 0xee, 0xee, 0xab, 0xee, 0xea, 0xee, 0xff, 0xee, 0xfe, 0xfe, 0xee, 0xee, 0xee, 0xff, 
	0xff, 0xff, 0xee, 0xee, 0xff, 0xfe, 0xef, 0xff, 0xff, 0xfe, 0xa0, 0x00, 0x00, 0x00, 0x00, 0x00, 
	0x00, 0x00, 0x00, 0x00, 0x00, 0x00, 0x00, 0x00, 0x00, 0x00, 0x00, 0x00, 0x3f, 0xff, 0xff, 0xff, 
	0xff, 0xff, 0xff, 0xff, 0xff, 0xff, 0xff, 0xff, 0xff, 0xff, 0xff, 0xff, 0xff, 0xff, 0xff, 0xff, 
	0xff, 0xff, 0xff, 0xff, 0xff, 0xff, 0xc0, 0x00, 0x00, 0x00, 0x00, 0x00, 0x00, 0x00, 0x00, 0x00, 
	0x00, 0x00, 0x00, 0x00, 0x00, 0x00, 0x00, 0x00, 0x3f, 0xff, 0xfb, 0xff, 0xee, 0xfb, 0xfe, 0xff, 
	0xff, 0xfb, 0xef, 0xef, 0xff, 0xff, 0xff, 0xff, 0xff, 0xff, 0xff, 0xff, 0xff, 0xff, 0xff, 0xff, 
	0xff, 0xff, 0x80, 0x00, 0x00, 0x00, 0x00, 0x00, 0x00, 0x00, 0x00, 0x00, 0x00, 0x00, 0x00, 0x00, 
	0x00, 0x00, 0x00, 0x00, 0x3f, 0xff, 0xff, 0xff, 0xff, 0xff, 0xff, 0xff, 0xff, 0xff, 0xff, 0xff, 
	0xff, 0xff, 0xff, 0xf7, 0xff, 0xff, 0xff, 0xff, 0xff, 0xff, 0xff, 0xff, 0xff, 0xff, 0x80, 0x00, 
	0x00, 0x00, 0x00, 0x00, 0x00, 0x00, 0x00, 0x00, 0x00, 0x00, 0x00, 0x00, 0x00, 0x00, 0x00, 0x00, 
	0xef, 0xff, 0xee, 0xee, 0xff, 0xae, 0xae, 0xef, 0xef, 0xfe, 0xea, 0xaa, 0xee, 0xee, 0xee, 0xeb, 
	0xff, 0xff, 0xff, 0xef, 0xee, 0xfe, 0xff, 0xfe, 0xff, 0xee, 0x80, 0x00, 0x00, 0x00, 0x00, 0x00, 
	0x00, 0x00, 0x00, 0x00, 0x00, 0x00, 0x00, 0x00, 0x00, 0x00, 0x00, 0x00, 0xff, 0xff, 0xff, 0xff, 
	0xff, 0xff, 0xff, 0xff, 0xff, 0xff, 0xff, 0xff, 0xff, 0xff, 0xff, 0xfb, 0xff, 0xff, 0xff, 0xff, 
	0xff, 0xff, 0xff, 0xff, 0xff, 0xff, 0x00, 0x00, 0x00, 0x00, 0x00, 0x00, 0x00, 0x00, 0x00, 0x00, 
	0x00, 0x00, 0x00, 0x00, 0x00, 0x00, 0x00, 0x03, 0xff, 0xff, 0xff, 0xff, 0xfb, 0xfb, 0xef, 0xbf, 
	0xff, 0xff, 0xff, 0xff, 0xaf, 0xfb, 0xaf, 0xfb, 0xff, 0xfb, 0xff, 0xff, 0xff, 0xff, 0xff, 0xff, 
	0xff, 0xfe, 0x00, 0x00, 0x00, 0x00, 0x00, 0x00, 0x00, 0x00, 0x00, 0x00, 0x00, 0x00, 0x00, 0x00, 
	0x00, 0x00, 0xc0, 0x07, 0xff, 0xff, 0xff, 0xff, 0xff, 0xff, 0xff, 0xff, 0xff, 0xff, 0xff, 0xff, 
	0xff, 0xff, 0xff, 0xf3, 0xff, 0xff, 0xff, 0xff, 0xff, 0xff, 0xff, 0xff, 0xff, 0xfc, 0x00, 0x00, 
	0x00, 0x00, 0x00, 0x00, 0x00, 0x00, 0x00, 0x00, 0x00, 0x00, 0x00, 0x00, 0x00, 0x00, 0xa0, 0xae, 
	0xfe, 0xfe, 0xfe, 0xee, 0xee, 0xee, 0xfe, 0xee, 0xee, 0xff, 0xee, 0xeb, 0xff, 0xee, 0xee, 0x88, 
	0xbf, 0xff, 0xff, 0xff, 0xff, 0xff, 0xff, 0xff, 0xff, 0xf8, 0x00, 0x00, 0x00, 0x00, 0x00, 0x00, 
	0x00, 0x00, 0x00, 0x00, 0x00, 0x00, 0x00, 0x00, 0x00, 0x00, 0xf0, 0x7f, 0xff, 0xff, 0xff, 0xff, 
	0xff, 0xff, 0xff, 0xff, 0xff, 0xff, 0xff, 0xff, 0xff, 0xff, 0xff, 0x40, 0x5f, 0xff, 0xff, 0xff, 
	0xff, 0xff, 0xff, 0xff, 0xff, 0xfc, 0x00, 0x00, 0x00, 0x00, 0x00, 0x00, 0x00, 0x00, 0x00, 0x00, 
	0x00, 0x00, 0x00, 0x00, 0x00, 0x00, 0xbf, 0xff, 0xff, 0xff, 0xff, 0xfb, 0xfb, 0xff, 0xff, 0xbf, 
	0xff, 0xff, 0xbf, 0xbb, 0xff, 0xff, 0xff, 0xfb, 0xef, 0xff, 0xff, 0xff, 0xff, 0xff, 0xff, 0xff, 
	0xff, 0xf8, 0x00, 0x00, 0x00, 0x00, 0x00, 0x00, 0x00, 0x00, 0x00, 0x00, 0x00, 0x00, 0x00, 0x00, 
	0x00, 0x00, 0x7f, 0xff, 0xff, 0xff, 0xff, 0xff, 0xff, 0xff, 0xff, 0xff, 0xff, 0xff, 0xff, 0xff, 
	0xff, 0xff, 0xff, 0xf9, 0xf7, 0xff, 0xff, 0xff, 0xff, 0xff, 0xff, 0xff, 0xff, 0xfc, 0x00, 0x00, 
	0x00, 0x00, 0x00, 0x00, 0x00, 0x00, 0x00, 0x00, 0x00, 0x00, 0x00, 0x00, 0x00, 0x00, 0x2e, 0xef, 
	0xfe, 0xfe, 0xee, 0xee, 0xee, 0xee, 0xee, 0xee, 0xfe, 0xff, 0xee, 0xee, 0xee, 0xfe, 0xfe, 0xf8, 
	0xff, 0xff, 0xff, 0xfe, 0xff, 0xef, 0xff, 0xff, 0xff, 0xfe, 0x00, 0x00, 0x00, 0x00, 0x00, 0x00, 
	0x00, 0x00, 0x00, 0x00, 0x00, 0x00, 0x00, 0x00, 0x00, 0x00, 0x1f, 0xff, 0xff, 0xff, 0xff, 0xff, 
	0xff, 0xff, 0xff, 0xff, 0xff, 0xff, 0xff, 0xff, 0xff, 0xff, 0xff, 0xf1, 0xfd, 0xff, 0xff, 0xff, 
	0xff, 0xff, 0xff, 0xff, 0xff, 0xfe, 0x00, 0x00, 0x00, 0x00, 0x00, 0x00, 0x00, 0x00, 0x00, 0x00, 
	0x00, 0x00, 0x00, 0x00, 0x00, 0x00, 0x0b, 0xff, 0xff, 0xff, 0xff, 0xbe, 0xbf, 0xff, 0xbb, 0xff, 
	0xbf, 0xff, 0xff, 0xfb, 0xff, 0xff, 0xff, 0xaa, 0xff, 0xff, 0xff, 0xbf, 0xff, 0xff, 0xff, 0xff, 
	0xfb, 0xfe, 0x00, 0x00, 0x00, 0x00, 0x00, 0x00, 0x00, 0x00, 0x00, 0x00, 0x00, 0x00, 0x00, 0x00, 
	0x00, 0x00, 0x01, 0xff, 0xff, 0xff, 0xff, 0xff, 0xff, 0xff, 0xff, 0xff, 0xff, 0xff, 0xff, 0xff, 
	0xff, 0xff, 0xff, 0xe7, 0x7f, 0xff, 0xff, 0xff, 0xff, 0xff, 0xff, 0xff, 0xff, 0xff, 0x00, 0x00, 
	0x00, 0x00, 0x00, 0x00, 0x00, 0x00, 0x00, 0x00, 0x00, 0x00, 0x00, 0x00, 0x00, 0x00, 0x00, 0xab, 
	0xff, 0xef, 0xfe, 0xee, 0xee, 0xee, 0xee, 0xee, 0xee, 0xff, 0xff, 0xee, 0xee, 0xff, 0xfe, 0xef, 
	0xbf, 0xff, 0xff, 0xff, 0xff, 0xff, 0xff, 0xff, 0xef, 0xff, 0x80, 0x00, 0x00, 0x00, 0x00, 0x00, 
	0x00, 0x00, 0x00, 0x00, 0x00, 0x00, 0x00, 0x00, 0x00, 0x00, 0x00, 0x07, 0xff, 0xff, 0xff, 0xff, 
	0xff, 0xff, 0xff, 0xff, 0xff, 0xff, 0xff, 0xff, 0xff, 0xff, 0xff, 0xff, 0xff, 0xff, 0xff, 0xff, 
	0xff, 0xff, 0xff, 0xff, 0xff, 0xff, 0xc0, 0x00, 0x00, 0x00, 0x00, 0x00, 0x00, 0x00, 0x00, 0x00, 
	0x00, 0x00, 0x00, 0x00, 0x00, 0x00, 0x00, 0x0f, 0xff, 0xff, 0xff, 0xbb, 0xaf, 0xfb, 0xbb, 0xff, 
	0xff, 0xff, 0xff, 0xfb, 0xfb, 0xff, 0xfb, 0xff, 0xff, 0xff, 0xff, 0xff, 0xff, 0xff, 0xff, 0xff, 
	0xff, 0xff, 0x80, 0x00, 0x00, 0x00, 0x00, 0x00, 0x00, 0x00, 0x00, 0x00, 0x00, 0x00, 0x00, 0x00, 
	0x00, 0x00, 0x00, 0x07, 0xff, 0xff, 0xff, 0xff, 0xff, 0xff, 0xff, 0xff, 0xff, 0xff, 0xff, 0xff, 
	0xff, 0xff, 0xff, 0xff, 0xff, 0xff, 0xff, 0xff, 0xff, 0xff, 0xff, 0xff, 0xff, 0xff, 0xc0, 0x00, 
	0x00, 0x00, 0x00, 0x00, 0x00, 0x00, 0x00, 0x00, 0x00, 0x00, 0x00, 0x00, 0x00, 0x00, 0x00, 0x0f, 
	0xef, 0xee, 0xfe, 0xee, 0xee, 0xee, 0xee, 0xee, 0xee, 0xff, 0xff, 0xee, 0xee, 0xff, 0xee, 0xee, 
	0xee, 0xef, 0xff, 0xff, 0xfe, 0xff, 0xff, 0xef, 0xff, 0xff, 0xe0, 0x00, 0x00, 0x00, 0x00, 0x00, 
	0x00, 0x00, 0x00, 0x00, 0x00, 0x00, 0x00, 0x00, 0x00, 0x00, 0x00, 0x1f, 0xff, 0xff, 0xff, 0xff, 
	0xff, 0xff, 0xff, 0xff, 0xff, 0xff, 0xff, 0xff, 0xff, 0xff, 0xff, 0xff, 0xff, 0xff, 0xff, 0xff, 
	0xff, 0xff, 0xff, 0xff, 0xff, 0xff, 0xf0, 0x00, 0x00, 0x00, 0x00, 0x00, 0x00, 0x00, 0x00, 0x00, 
	0x00, 0x00, 0x00, 0x00, 0x00, 0x00, 0x00, 0x1f, 0xff, 0xff, 0xff, 0xfb, 0xff, 0xbf, 0xfb, 0xff, 
	0xff, 0xff, 0xff, 0xfb, 0xfb, 0xff, 0xfb, 0xff, 0xff, 0xff, 0xff, 0xff, 0xff, 0xff, 0xff, 0xff, 
	0xff, 0xff, 0xe0, 0x00, 0x00, 0x00, 0x00, 0x00, 0x00, 0x00, 0x00, 0x00, 0x00, 0x00, 0x00, 0x00, 
	0x00, 0x00, 0x00, 0x1f, 0xff, 0xff, 0xff, 0xff, 0xff, 0xff, 0xff, 0xff, 0xff, 0xff, 0xff, 0xff, 
	0xff, 0xff, 0xff, 0xff, 0xff, 0xff, 0xff, 0xff, 0xff, 0xff, 0xff, 0xff, 0xff, 0xff, 0xe0, 0x00, 
	0x00, 0x00, 0x00, 0x00, 0x00, 0x00, 0x00, 0x00, 0x00, 0x00, 0x00, 0x00, 0x00, 0x00, 0x00, 0x2f, 
	0xef, 0xef, 0xef, 0xee, 0xee, 0xee, 0xee, 0xee, 0xee, 0xef, 0xff, 0xfe, 0xef, 0xef, 0xee, 0xfe, 
	0xee, 0xef, 0xfe, 0xef, 0xff, 0xff, 0xff, 0xff, 0xfb, 0xff, 0xe8, 0x00, 0x00, 0x00, 0x00, 0x00, 
	0x00, 0x00, 0x00, 0x00, 0x00, 0x00, 0x00, 0x00, 0x00, 0x00, 0x00, 0x7f, 0xff, 0xff, 0xff, 0xff, 
	0xff, 0xff, 0xff, 0xff, 0xff, 0xff, 0xff, 0xff, 0xff, 0xff, 0xff, 0xff, 0xff, 0xdf, 0xfc, 0xff, 
	0xff, 0xff, 0xff, 0xff, 0xfd, 0xff, 0xfc, 0x00, 0x00, 0x00, 0x00, 0x00, 0x00, 0x00, 0x00, 0x00, 
	0x00, 0x00, 0x00, 0x00, 0x00, 0x00, 0x00, 0x3f, 0xff, 0xff, 0xfb, 0xff, 0xff, 0xff, 0xff, 0xff, 
	0xff, 0xff, 0xff, 0xfb, 0xff, 0xbf, 0xff, 0xff, 0xbf, 0x8f, 0xfa, 0xff, 0xff, 0xff, 0xff, 0xfe, 
	0xba, 0xff, 0xb8, 0x00, 0x00, 0x00, 0x00, 0x00, 0x00, 0x00, 0x00, 0x00, 0x00, 0x00, 0x00, 0x00, 
	0x00, 0x00, 0x00, 0x7f, 0xff, 0xff, 0xff, 0xff, 0xff, 0xff, 0xff, 0xff, 0xff, 0xff, 0xff, 0xff, 
	0xff, 0xff, 0xff, 0xff, 0x1f, 0x1f, 0xff, 0x7f, 0xff, 0xff, 0xff, 0xff, 0x5d, 0xff, 0xfc, 0x00, 
	0x00, 0x00, 0x00, 0x00, 0x00, 0x00, 0x00, 0x00, 0x00, 0x00, 0x00, 0x00, 0x00, 0x00, 0x00, 0x3f, 
	0xfe, 0xef, 0xff, 0xee, 0xee, 0xee, 0xee, 0xee, 0xee, 0xfe, 0xff, 0xfe, 0xee, 0xff, 0xee, 0xee, 
	0x8e, 0x0e, 0xff, 0xbf, 0xff, 0xff, 0xff, 0xff, 0xab, 0xff, 0xe8, 0x00, 0x00, 0x00, 0x00, 0x00, 
	0x00, 0x00, 0x00, 0x00, 0x00, 0x00, 0x00, 0x00, 0x00, 0x00, 0x00, 0xff, 0xff, 0xff, 0xff, 0xff, 
	0xff, 0xff, 0xff, 0xff, 0xff, 0xff, 0xff, 0xff, 0xff, 0xff, 0xff, 0xff, 0x06, 0x1f, 0xfe, 0x5f, 
	0xff, 0x7f, 0xff, 0xff, 0xd7, 0xff, 0xfc, 0x00, 0x00, 0x00, 0x00, 0x00, 0x00, 0x00, 0x00, 0x00, 
	0x00, 0x00, 0x00, 0x00, 0x00, 0x00, 0x02, 0xff, 0xfb, 0xff, 0xff, 0xff, 0xff, 0xff, 0xff, 0xff, 
	0xff, 0xff, 0xff, 0xff, 0xbf, 0xff, 0xff, 0xfa, 0xa2, 0x3f, 0xfe, 0xab, 0xfe, 0xfb, 0xff, 0xff, 
	0xeb, 0xff, 0xee, 0x00, 0x00, 0x00, 0x00, 0x00, 0x00, 0x00, 0x00, 0x00, 0x00, 0x00, 0x00, 0x00, 
	0x00, 0x00, 0x03, 0xff, 0xff, 0xff, 0xff, 0xff, 0xff, 0xff, 0xff, 0xff, 0xff, 0xff, 0xff, 0xff, 
	0xff, 0xff, 0xff, 0xff, 0xc0, 0x7f, 0xf0, 0x05, 0xfd, 0xfb, 0xff, 0xff, 0xff, 0xff, 0xff, 0x00, 
	0x00, 0x00, 0x00, 0x00, 0x00, 0x00, 0x00, 0x00, 0x00, 0x00, 0x00, 0x00, 0x00, 0x00, 0x03, 0xff, 
	0xfe, 0xef, 0xee, 0xee, 0xee, 0xee, 0xee, 0xee, 0xee, 0xff, 0xff, 0xfe, 0xee, 0xff, 0xee, 0xae, 
	0xe8, 0xee, 0xea, 0xaa, 0xfe, 0xfe, 0xee, 0xff, 0xea, 0xff, 0xfe, 0x80, 0x00, 0x00, 0x00, 0x00, 
	0x00, 0x00, 0x00, 0x00, 0x00, 0x00, 0x00, 0x00, 0x00, 0x00, 0x03, 0xff, 0xff, 0xff, 0xff, 0xff, 
	0xff, 0xff, 0xff, 0xff, 0xff, 0xff, 0xff, 0xff, 0xff, 0xff, 0xff, 0xff, 0xf8, 0x5f, 0xff, 0xcd, 
	0xff, 0xff, 0xdf, 0x7f, 0xfc, 0xff, 0xff, 0x00, 0x00, 0x00, 0x00, 0x00, 0x00, 0x00, 0x00, 0x00, 
	0x00, 0x00, 0x00, 0x00, 0x00, 0x00, 0x03, 0xff, 0xff, 0xff, 0xff, 0xff, 0xfb, 0xff, 0xff, 0xff, 
	0xfb, 0xbf, 0xff, 0xff, 0xbf, 0xff, 0xfb, 0xbf, 0xf8, 0x0b, 0xfb, 0x8e, 0xbf, 0xbf, 0xbf, 0xff, 
	0xee, 0xff, 0xfe, 0x80, 0x00, 0x00, 0x00, 0x00, 0x00, 0x00, 0x00, 0x00, 0x00, 0x00, 0x00, 0x00, 
	0x00, 0x00, 0x0f, 0xff, 0xff, 0xff, 0xff, 0xff, 0xff, 0xff, 0xff, 0xff, 0xff, 0xff, 0xff, 0xff, 
	0xff, 0xff, 0xff, 0xff, 0xf0, 0x07, 0xff, 0x8f, 0x3f, 0xff, 0x7f, 0xff, 0xdf, 0x7f, 0xff, 0xc0, 
	0x00, 0x00, 0x00, 0x00, 0x00, 0x00, 0x00, 0x00, 0x00, 0x00, 0x00, 0x00, 0x00, 0x00, 0x0f, 0xfe, 
	0xfe, 0xff, 0xee, 0xee, 0xee, 0xee, 0xee, 0xee, 0xee, 0xfe, 0xff, 0xfe, 0xef, 0xef, 0xff, 0xfe, 
	0xe8, 0x82, 0xef, 0xaf, 0xbf, 0xae, 0xfa, 0xff, 0xae, 0xff, 0xef, 0x80, 0x00, 0x00, 0x00, 0x00, 
	0x00, 0x00, 0x00, 0x00, 0x00, 0x00, 0x00, 0x00, 0x00, 0x00, 0x1f, 0xff, 0xff, 0xff, 0xff, 0xff, 
	0xff, 0xff, 0xff, 0xff, 0xff, 0xff, 0xff, 0xff, 0xff, 0xff, 0xff, 0xff, 0xc5, 0xc1, 0xff, 0x1f, 
	0xff, 0xdf, 0x7c, 0xff, 0xdc, 0xff, 0xff, 0xc0, 0x00, 0x00, 0x00, 0x00, 0x00, 0x00, 0x00, 0x00, 
	0x00, 0x00, 0x00, 0x00, 0x00, 0x00, 0x0f, 0xff, 0xff, 0xff, 0xff, 0xff, 0xfb, 0xbf, 0xff, 0xff, 
	0xbf, 0xff, 0xff, 0xff, 0xfb, 0xff, 0xfb, 0xff, 0xa3, 0xe3, 0xff, 0xaf, 0xff, 0xef, 0xff, 0xff, 
	0xfe, 0xff, 0xff, 0x80, 0x00, 0x00, 0x00, 0x00, 0x00, 0x00, 0x00, 0x00, 0x00, 0x00, 0x00, 0x00, 
	0x00, 0x00, 0x1f, 0xff, 0xff, 0xff, 0xff, 0xff, 0xff, 0xff, 0xff, 0xff, 0xff, 0xff, 0xff, 0xff, 
	0xff, 0xff, 0xff, 0xff, 0x83, 0xf3, 0xff, 0xdf, 0xff, 0xff, 0xff, 0xff, 0xff, 0xff, 0xff, 0xc0, 
	0x00, 0x00, 0x00, 0x00, 0x00, 0x00, 0x00, 0x00, 0x00, 0x00, 0x00, 0x00, 0x00, 0x00, 0xbf, 0xfe, 
	0xef, 0xfe, 0xee, 0xee, 0xee, 0xee, 0xee, 0xee, 0xee, 0xee, 0xfe, 0xff, 0xee, 0xef, 0xff, 0xfe, 
	0x8e, 0xea, 0xef, 0xfe, 0xef, 0xff, 0xff, 0xff, 0xff, 0xff, 0xfe, 0xe8, 0x00, 0x00, 0x00, 0x00, 
	0x00, 0x00, 0x00, 0x00, 0x00, 0x00, 0x00, 0x00, 0x00, 0x00, 0x7f, 0xff, 0xff, 0xff, 0xff, 0xff, 
	0xff, 0xff, 0xff, 0xff, 0xff, 0xff, 0xff, 0xff, 0xff, 0xff, 0xff, 0xff, 0xc7, 0xff, 0xff, 0xff, 
	0xff, 0xff, 0xff, 0xff, 0xff, 0xff, 0xff, 0xf0, 0x00, 0x00, 0x00, 0x00, 0x00, 0x00, 0x00, 0x00, 
	0x00, 0x00, 0x00, 0x00, 0x00, 0x00, 0xff, 0xff, 0xff, 0xff, 0xfb, 0xff, 0xbf, 0xbb, 0xbb, 0xbf, 
	0xff, 0xff, 0xff, 0xff, 0xff, 0xff, 0xff, 0xff, 0xfb, 0xfb, 0xbf, 0xff, 0xff, 0xff, 0xff, 0xff, 
	0xff, 0xff, 0xff, 0xf8, 0x00, 0x00, 0x00, 0x00, 0x00, 0x00, 0x00, 0x00, 0x00, 0x00, 0x00, 0x00, 
	0x00, 0x00, 0x7f, 0xff, 0xff, 0xff, 0xff, 0xff, 0xff, 0xff, 0xff, 0xff, 0xff, 0xff, 0xff, 0xff, 
	0xff, 0xff, 0xff, 0xff, 0xff, 0xff, 0xff, 0xff, 0xff, 0xff, 0xff, 0xff, 0xff, 0xff, 0xff, 0xf0, 
	0x00, 0x00, 0x00, 0x00, 0x00, 0x00, 0x00, 0x00, 0x00, 0x00, 0x00, 0x00, 0x00, 0x00, 0xff, 0xff, 
	0xef, 0xfe, 0xee, 0xee, 0xee, 0xee, 0xee, 0xee, 0xee, 0xff, 0xff, 0xff, 0xee, 0xff, 0xff, 0xef, 
	0xee, 0xee, 0xee, 0xee, 0xff, 0xff, 0xef, 0xff, 0xff, 0xff, 0xff, 0xf8, 0x00, 0x00, 0x00, 0x00, 
	0x00, 0x00, 0x00, 0x00, 0x00, 0x00, 0x00, 0x00, 0x00, 0x01, 0xff, 0xff, 0xff, 0xff, 0xff, 0xff, 
	0xff, 0xff, 0xff, 0xff, 0xff, 0xff, 0xff, 0xff, 0xff, 0xff, 0xff, 0xff, 0xff, 0xff, 0xff, 0xff, 
	0xff, 0xff, 0xff, 0xff, 0xff, 0xff, 0xff, 0xf0, 0x00, 0x00, 0x00, 0x00, 0x00, 0x00, 0x00, 0x00, 
	0x00, 0x00, 0x00, 0x00, 0x00, 0x03, 0xff, 0xff, 0xff, 0xff, 0xbb, 0xfb, 0xff, 0xfb, 0xbb, 0xbf, 
	0xfb, 0xff, 0xff, 0xff, 0xff, 0xbf, 0xfb, 0xff, 0xff, 0xff, 0xff, 0xff, 0xff, 0xff, 0xff, 0xff, 
	0xfe, 0xff, 0xff, 0xfc, 0x00, 0x00, 0x00, 0x00, 0x00, 0x00, 0x00, 0x00, 0x00, 0x00, 0x00, 0x00, 
	0x00, 0x07, 0xff, 0xff, 0xff, 0xff, 0xff, 0xff, 0xff, 0xff, 0xff, 0xff, 0xff, 0xff, 0xff, 0xff, 
	0xff, 0xff, 0xff, 0xff, 0xff, 0xff, 0xff, 0xff, 0xff, 0xff, 0xff, 0x7f, 0xff, 0x7f, 0xff, 0xfc, 
	0x00, 0x00, 0x00, 0x00, 0x00, 0x00, 0x00, 0x00, 0x00, 0x00, 0x00, 0x00, 0x00, 0x0f, 0xff, 0xff, 
	0xff, 0xfe, 0xee, 0xee, 0xee, 0xee, 0xee, 0xee, 0xee, 0xfe, 0xef, 0xef, 0xfe, 0xef, 0xff, 0xff, 
	0xee, 0xee, 0xfe, 0xfa, 0xfe, 0xff, 0xff, 0xaf, 0xef, 0xae, 0xff, 0xfc, 0x00, 0x00, 0x00, 0x00, 
	0x00, 0x00, 0x00, 0x00, 0x00, 0x00, 0x00, 0x00, 0x00, 0x07, 0xff, 0xff, 0xff, 0xff, 0xff, 0xff, 
	0xff, 0xff, 0xff, 0xff, 0xff, 0xff, 0xff, 0xff, 0xff, 0xff, 0xff, 0xff, 0xff, 0xff, 0xff, 0xf0, 
	0xff, 0xff, 0xff, 0xdd, 0xff, 0x7f, 0xff, 0xfc, 0x00, 0x00, 0x00, 0x00, 0x00, 0x00, 0x00, 0x00, 
	0x00, 0x00, 0x00, 0x00, 0x00, 0x0f, 0xff, 0xff, 0xff, 0xff, 0xbf, 0xff, 0xbb, 0xfb, 0xbf, 0xbf, 
	0xff, 0xff, 0xff, 0xff, 0xff, 0xff, 0xff, 0xff, 0xff, 0xfb, 0xff, 0xe0, 0xef, 0xff, 0xfa, 0xa9, 
	0xfe, 0xeb, 0xff, 0xfc, 0x00, 0x00, 0x00, 0x00, 0x00, 0x00, 0x00, 0x00, 0x00, 0x00, 0x00, 0x00, 
	0x00, 0x07, 0xff, 0xff, 0xff, 0xff, 0xff, 0xff, 0xff, 0xff, 0xff, 0xff, 0xff, 0xff, 0xff, 0xff, 
	0xff, 0xff, 0xff, 0xff, 0xff, 0xf9, 0xff, 0xc0, 0x4f, 0xff, 0xff, 0x05, 0xfc, 0x77, 0xff, 0xfc, 
	0x00, 0x00, 0x00, 0x00, 0x00, 0x00, 0x00, 0x00, 0x00, 0x00, 0x00, 0x00, 0x00, 0x0e, 0xff, 0xff, 
	0xff, 0xee, 0xee, 0xee, 0xee, 0xee, 0xee, 0xee, 0xee, 0xef, 0xff, 0xff, 0xff, 0xff, 0xff, 0xff, 
	0xfc, 0xb8, 0xee, 0xea, 0xaa, 0xef, 0xff, 0xaa, 0xfe, 0xef, 0xff, 0xfc, 0x00, 0x00, 0x00, 0x00, 
	0x00, 0x00, 0x00, 0x00, 0x00, 0x00, 0x00, 0x00, 0x00, 0x1f, 0xff, 0xff, 0xff, 0xff, 0xff, 0xff, 
	0xff, 0xff, 0xff, 0xff, 0xff, 0xff, 0xff, 0xff, 0xff, 0xff, 0xff, 0xff, 0xf8, 0x10, 0xff, 0xcf, 
	0x07, 0xff, 0xdf, 0xfd, 0xff, 0x5f, 0xff, 0xfc, 0x00, 0x00, 0x00, 0x00, 0x00, 0x00, 0x00, 0x00, 
	0x00, 0x00, 0x00, 0x00, 0x00, 0x3f, 0xff, 0xff, 0xff, 0xff, 0xff, 0xff, 0xff, 0xbb, 0xbb, 0xbb, 
	0xff, 0xff, 0xff, 0xff, 0xff, 0xff, 0xff, 0xff, 0xf8, 0x00, 0xfb, 0xea, 0xaf, 0xef, 0xff, 0xbb, 
	0xff, 0xbf, 0xff, 0xfc, 0x00, 0x00, 0x00, 0x00, 0x00, 0x00, 0x00, 0x00, 0x00, 0x00, 0x00, 0x00, 
	0x00, 0x3f, 0xff, 0xff, 0xff, 0xff, 0xff, 0xff, 0xff, 0xff, 0xff, 0xff, 0xff, 0xff, 0xff, 0xff, 
	0xff, 0xff, 0xff, 0xff, 0xfe, 0x05, 0xff, 0xf0, 0xff, 0xff, 0xff, 0xbd, 0xff, 0x7f, 0xff, 0xfc, 
	0x00, 0x00, 0x00, 0x00, 0x00, 0x00, 0x00, 0x00, 0x00, 0x00, 0x00, 0x00, 0x00, 0xbf, 0xff, 0xff, 
	0xff, 0xee, 0xee, 0xee, 0xee, 0xee, 0xee, 0xee, 0xee, 0xee, 0xfe, 0xff, 0xff, 0xff, 0xff, 0xff, 
	0xee, 0xaf, 0xee, 0xf8, 0xff, 0xff, 0xee, 0xba, 0xff, 0xaf, 0xff, 0xfc, 0x00, 0x00, 0x00, 0x00, 
	0x00, 0x00, 0x00, 0x00, 0x00, 0x00, 0x00, 0x00, 0x00, 0x3f, 0xff, 0xff, 0xff, 0xff, 0xff, 0xff, 
	0xff, 0xff, 0xff, 0xff, 0xff, 0xff, 0xff, 0xff, 0xff, 0xff, 0xff, 0xff, 0xff, 0x8d, 0xff, 0xfc, 
	0xff, 0xff, 0xff, 0xfd, 0xff, 0xb7, 0xff, 0xfc
};
// 'nyxtalk', 350x350px
const unsigned char nyxtalk [] PROGMEM = {
	0xa8, 0x88, 0x88, 0x8b, 0xff, 0x8f, 0xaa, 0x88, 0x88, 0x88, 0x88, 0x88, 0x88, 0x88, 0x88, 0x88, 
	0x88, 0x88, 0x88, 0x88, 0x88, 0x88, 0x88, 0x88, 0x88, 0x88, 0x88, 0x88, 0x88, 0x88, 0x88, 0xaa, 
	0xaa, 0x8f, 0xff, 0xe8, 0x88, 0x88, 0x88, 0x88, 0x88, 0x88, 0x88, 0x88, 0x00, 0x00, 0x00, 0x03, 
	0xff, 0x8f, 0x80, 0x00, 0x00, 0x00, 0x00, 0x00, 0x00, 0x00, 0x00, 0x00, 0x00, 0x00, 0x00, 0x00, 
	0x00, 0x00, 0x00, 0x00, 0x00, 0x00, 0x00, 0x00, 0x00, 0x00, 0x00, 0x00, 0x01, 0x87, 0xff, 0xc0, 
	0x00, 0x00, 0x00, 0x00, 0x00, 0x00, 0x00, 0x00, 0x00, 0x00, 0x00, 0x0b, 0xff, 0xa2, 0xa0, 0x00, 
	0x00, 0x00, 0x00, 0x00, 0x00, 0x00, 0x00, 0x00, 0x00, 0x00, 0x00, 0x00, 0x00, 0x00, 0x00, 0x00, 
	0x00, 0x00, 0x00, 0x00, 0x00, 0x00, 0x00, 0x00, 0x2a, 0xa3, 0xff, 0xe0, 0x00, 0x00, 0x00, 0x00, 
	0x00, 0x00, 0x00, 0x00, 0x00, 0x00, 0x00, 0x07, 0xff, 0xfc, 0x3e, 0x00, 0x00, 0x00, 0x00, 0x00, 
	0x00, 0x00, 0x00, 0x00, 0x00, 0x00, 0x00, 0x00, 0x00, 0x00, 0x00, 0x00, 0x00, 0x00, 0x00, 0x00, 
	0x00, 0x00, 0x00, 0x00, 0x7f, 0x7f, 0xff, 0xc0, 0x00, 0x00, 0x00, 0x00, 0x00, 0x00, 0x00, 0x00, 
	0x00, 0x00, 0x00, 0x0e, 0xaf, 0xfe, 0xbe, 0x00, 0x00, 0x00, 0x00, 0x00, 0x00, 0x00, 0x00, 0x00, 
	0x00, 0x00, 0x00, 0x00, 0x00, 0x00, 0x00, 0x00, 0x00, 0x00, 0x00, 0x00, 0x00, 0x00, 0x00, 0x00, 
	0xfb, 0xee, 0xee, 0xe0, 0x00, 0x00, 0x00, 0x00, 0x00, 0x00, 0x00, 0x00, 0x00, 0x00, 0x00, 0x07, 
	0xff, 0xff, 0xf0, 0xc0, 0x00, 0x00, 0x00, 0x00, 0x00, 0x00, 0x00, 0x00, 0x00, 0x00, 0x00, 0x00, 
	0x00, 0x00, 0x00, 0x00, 0x00, 0x00, 0x00, 0x00, 0x00, 0x00, 0x00, 0x01, 0xc1, 0xff, 0xff, 0xc0, 
	0x00, 0x00, 0x00, 0x00, 0x00, 0x00, 0x00, 0x00, 0x00, 0x00, 0x00, 0x0f, 0xef, 0xbb, 0xf8, 0xe0, 
	0x20, 0x00, 0x00, 0x00, 0x00, 0x00, 0x00, 0x00, 0x00, 0x00, 0x00, 0x00, 0x00, 0x00, 0x00, 0x00, 
	0x00, 0x00, 0x00, 0x00, 0x00, 0x00, 0x00, 0x0b, 0x8f, 0xfb, 0xbf, 0xe0, 0x00, 0x00, 0x00, 0x00, 
	0x00, 0x00, 0x00, 0x00, 0x00, 0x00, 0x00, 0x07, 0xf7, 0xff, 0xfc, 0x5c, 0x70, 0x00, 0x00, 0x00, 
	0x00, 0x00, 0x00, 0x00, 0x00, 0x00, 0x00, 0x00, 0x00, 0x00, 0x00, 0x00, 0x00, 0x00, 0x00, 0x00, 
	0x00, 0x00, 0x00, 0x1f, 0x1f, 0xff, 0xff, 0xc0, 0x00, 0x00, 0x00, 0x00, 0x00, 0x00, 0x00, 0x00, 
	0x00, 0x00, 0x00, 0x0b, 0xee, 0xae, 0xee, 0x8e, 0xa8, 0x20, 0x00, 0x00, 0x00, 0x00, 0x00, 0x00, 
	0x00, 0x00, 0x00, 0x00, 0x00, 0x00, 0x00, 0x00, 0x00, 0x00, 0x00, 0x00, 0x00, 0x00, 0x0e, 0xaa, 
	0xee, 0xee, 0xef, 0x80, 0x00, 0x00, 0x00, 0x00, 0x00, 0x00, 0x00, 0x00, 0x00, 0x00, 0x00, 0x03, 
	0xff, 0xdf, 0xff, 0x83, 0x90, 0x60, 0x00, 0x00, 0x00, 0x00, 0x00, 0x00, 0x00, 0x00, 0x00, 0x00, 
	0x00, 0x00, 0x00, 0x00, 0x00, 0x00, 0x00, 0x00, 0x00, 0x00, 0x1c, 0xf1, 0xff, 0xff, 0xff, 0x80, 
	0x00, 0x00, 0x00, 0x00, 0x00, 0x00, 0x00, 0x00, 0x00, 0x00, 0x00, 0x03, 0xfb, 0xff, 0xff, 0xaa, 
	0xa0, 0x28, 0x00, 0x00, 0x00, 0x00, 0x00, 0x00, 0x00, 0x00, 0x00, 0x00, 0x00, 0x00, 0x00, 0x00, 
	0x00, 0x00, 0x00, 0x00, 0x00, 0x00, 0xaa, 0xab, 0xfe, 0xfb, 0xfe, 0x00, 0x00, 0x00, 0x00, 0x00, 
	0x00, 0x00, 0x00, 0x00, 0x00, 0x00, 0x00, 0x01, 0xff, 0xff, 0xff, 0xf0, 0x70, 0x18, 0x00, 0x00, 
	0x00, 0x00, 0x00, 0x00, 0x00, 0x00, 0x00, 0x00, 0x00, 0x00, 0x00, 0x00, 0x00, 0x00, 0x00, 0x00, 
	0x00, 0x00, 0xe3, 0x1f, 0xfd, 0xf7, 0xff, 0x00, 0x00, 0x00, 0x00, 0x00, 0x00, 0x00, 0x00, 0x00, 
	0x00, 0x00, 0x00, 0x00, 0xee, 0xff, 0xff, 0xfa, 0xaa, 0x0a, 0x00, 0x00, 0x00, 0x00, 0x00, 0x00, 
	0x00, 0x00, 0x00, 0x00, 0x00, 0x00, 0x00, 0x00, 0x00, 0x00, 0x00, 0x00, 0x00, 0x00, 0xaa, 0xaf, 
	0xfa, 0xae, 0xee, 0x00, 0x00, 0x00, 0x00, 0x00, 0x00, 0x00, 0x00, 0x00, 0x00, 0x00, 0x00, 0x00, 
	0x7f, 0xff, 0xff, 0xfe, 0x0c, 0x07, 0x00, 0x00, 0x00, 0x00, 0x00, 0x00, 0x00, 0x00, 0x00, 0x00, 
	0x00, 0x00, 0x00, 0x00, 0x00, 0x00, 0x00, 0x00, 0x00, 0x01, 0x9c, 0x7f, 0xff, 0xff, 0xfc, 0x00, 
	0x00, 0x00, 0x00, 0x00, 0x00, 0x00, 0x00, 0x00, 0x00, 0x00, 0x00, 0x00, 0x3b, 0xaf, 0xaa, 0xbe, 
	0x83, 0x83, 0x80, 0x00, 0x00, 0x00, 0x00, 0x00, 0x00, 0x00, 0x00, 0x00, 0x00, 0x00, 0x00, 0x00, 
	0x00, 0x00, 0x00, 0x00, 0x00, 0x0b, 0xa2, 0xff, 0xeb, 0xba, 0xb8, 0x00, 0x00, 0x00, 0x00, 0x00, 
	0x00, 0x00, 0x00, 0x00, 0x00, 0x00, 0x00, 0x00, 0x1f, 0xff, 0xff, 0xff, 0xc1, 0xc7, 0x80, 0x00, 
	0x00, 0x00, 0x00, 0x00, 0x00, 0x00, 0x00, 0x00, 0x00, 0x00, 0x00, 0x00, 0x00, 0x00, 0x00, 0x00, 
	0x00, 0x11, 0x73, 0xff, 0xff, 0xff, 0xf0, 0x00, 0x00, 0x00, 0x00, 0x00, 0x00, 0x00, 0x00, 0x00, 
	0x00, 0x00, 0x00, 0x00, 0x8e, 0xee, 0xee, 0xff, 0xe0, 0xaa, 0x80, 0x00, 0x00, 0x00, 0x00, 0x00, 
	0x00, 0x00, 0x00, 0x00, 0x00, 0x00, 0x00, 0x00, 0x00, 0x00, 0x00, 0x00, 0x00, 0xea, 0x8b, 0xaa, 
	0xef, 0xee, 0xe8, 0x00, 0x00, 0x00, 0x00, 0x00, 0x00, 0x00, 0x00, 0x00, 0x00, 0x00, 0x00, 0x00, 
	0xe5, 0xff, 0xff, 0xff, 0xf0, 0x04, 0xc0, 0x00, 0x00, 0x00, 0x00, 0x00, 0x00, 0x00, 0x00, 0x00, 
	0x00, 0x00, 0x00, 0x00, 0x00, 0x00, 0x00, 0x00, 0x01, 0xf7, 0x8f, 0xff, 0xff, 0xff, 0xdc, 0x00, 
	0x00, 0x00, 0x00, 0x00, 0x00, 0x00, 0x00, 0x00, 0x00, 0x00, 0x00, 0x00, 0xea, 0xea, 0xab, 0xbf, 
	0xe8, 0x0a, 0xa0, 0x00, 0x00, 0x00, 0x00, 0x00, 0x00, 0x00, 0x00, 0x00, 0x00, 0x00, 0x00, 0x00, 
	0x00, 0x00, 0x00, 0x00, 0x03, 0xa6, 0xaf, 0xfb, 0xaa, 0xaa, 0xb8, 0x00, 0x00, 0x00, 0x00, 0x00, 
	0x00, 0x00, 0x00, 0x00, 0x00, 0x00, 0x00, 0x00, 0xff, 0xdf, 0xff, 0x7f, 0xfc, 0x04, 0x60, 0x00, 
	0x00, 0x00, 0x00, 0x00, 0x00, 0x00, 0x00, 0x00, 0x00, 0x00, 0x00, 0x00, 0x00, 0x00, 0x00, 0x00, 
	0x06, 0x46, 0x7f, 0xff, 0xff, 0xfd, 0xfc, 0x00, 0x00, 0x00, 0x00, 0x00, 0x00, 0x00, 0x00, 0x00, 
	0x00, 0x00, 0x00, 0x00, 0xef, 0xaa, 0xee, 0xef, 0xfe, 0x0a, 0x20, 0x00, 0x00, 0x00, 0x00, 0x00, 
	0x00, 0x00, 0x00, 0x00, 0x00, 0x00, 0x00, 0x00, 0x00, 0x00, 0x00, 0x00, 0x0e, 0xe8, 0xff, 0xee, 
	0xee, 0xaf, 0xe8, 0x00, 0x00, 0x00, 0x00, 0x00, 0x00, 0x00, 0x00, 0x00, 0x00, 0x00, 0x00, 0x00, 
	0x7f, 0xfd, 0xdd, 0xff, 0xff, 0x00, 0x00, 0x00, 0x00, 0x00, 0x00, 0x00, 0x00, 0x00, 0x00, 0x00, 
	0x00, 0x00, 0x00, 0x00, 0x00, 0x00, 0x00, 0x00, 0x0c, 0xf8, 0xff, 0xff, 0xff, 0xff, 0xf8, 0x00, 
	0x00, 0x00, 0x00, 0x00, 0x00, 0x00, 0x00, 0x00, 0x00, 0x00, 0x00, 0x00, 0x3f, 0xaa, 0xaa, 0xae, 
	0xff, 0x82, 0x08, 0x80, 0x00, 0x00, 0x00, 0x00, 0x00, 0x00, 0x00, 0x00, 0x00, 0x00, 0x00, 0x00, 
	0x00, 0x00, 0x00, 0x00, 0x08, 0xe3, 0xff, 0xef, 0xaa, 0xff, 0xe0, 0x00, 0x00, 0x00, 0x00, 0x00, 
	0x00, 0x00, 0x00, 0x00, 0x00, 0x00, 0x00, 0x00, 0x3f, 0xff, 0xf7, 0xff, 0x7f, 0x80, 0x19, 0xc0, 
	0x00, 0x00, 0x00, 0x00, 0x00, 0x00, 0x00, 0x00, 0x00, 0x00, 0x00, 0x00, 0x00, 0x00, 0x00, 0x00, 
	0x18, 0xc3, 0xff, 0xff, 0xff, 0xff, 0xe0, 0x00, 0x00, 0x00, 0x00, 0x00, 0x00, 0x00, 0x00, 0x00, 
	0x00, 0x00, 0x00, 0x00, 0x0e, 0xee, 0xea, 0xee, 0xef, 0xe0, 0x0a, 0xa2, 0x00, 0x00, 0x00, 0x00, 
	0x00, 0x00, 0x00, 0x00, 0x00, 0x00, 0x00, 0x00, 0x00, 0x00, 0x00, 0x00, 0x28, 0x8b, 0xfe, 0xbe, 
	0xef, 0xee, 0xe0, 0x00, 0x00, 0x00, 0x00, 0x00, 0x00, 0x00, 0x00, 0x00, 0x00, 0x00, 0x00, 0x00, 
	0x1f, 0xff, 0xff, 0xff, 0xff, 0xf0, 0x04, 0x77, 0x00, 0x00, 0x00, 0x00, 0x00, 0x00, 0x00, 0x00, 
	0x00, 0x00, 0x00, 0x00, 0x00, 0x00, 0x00, 0x00, 0x74, 0x07, 0xff, 0xdf, 0xff, 0xff, 0xc0, 0x00, 
	0x00, 0x00, 0x00, 0x00, 0x00, 0x00, 0x00, 0x00, 0x00, 0x00, 0x00, 0x00, 0x03, 0xeb, 0xaf, 0xbb, 
	0xfb, 0xf8, 0x02, 0x23, 0x80, 0x00, 0x00, 0x00, 0x00, 0x00, 0x00, 0x00, 0x00, 0x00, 0x00, 0x00, 
	0x00, 0x00, 0x00, 0x00, 0x2a, 0x2f, 0xbe, 0xaa, 0xab, 0xbf, 0x80, 0x00, 0x00, 0x00, 0x00, 0x00, 
	0x00, 0x00, 0x00, 0x00, 0x00, 0x00, 0x00, 0x00, 0x00, 0x7f, 0xff, 0xff, 0xff, 0xfc, 0x00, 0x11, 
	0xc0, 0x00, 0x00, 0x00, 0x00, 0x00, 0x00, 0x00, 0x00, 0x00, 0x00, 0x00, 0x00, 0x00, 0x00, 0x01, 
	0x34, 0x7f, 0xff, 0xff, 0xff, 0xfc, 0x00, 0x00, 0x00, 0x00, 0x00, 0x00, 0x00, 0x00, 0x00, 0x00, 
	0x00, 0x00, 0x00, 0x00, 0x02, 0xaf, 0xae, 0xee, 0xee, 0xfe, 0x00, 0x88, 0xe0, 0x00, 0x00, 0x00, 
	0x00, 0x00, 0x00, 0x00, 0x00, 0x00, 0x00, 0x00, 0x00, 0x00, 0x00, 0x00, 0xa8, 0xfe, 0xea, 0xaa, 
	0xee, 0xe8, 0x80, 0x00, 0x00, 0x00, 0x00, 0x00, 0x00, 0x00, 0x00, 0x00, 0x00, 0x00, 0x00, 0x00, 
	0x07, 0x8f, 0xfd, 0xff, 0xff, 0xfc, 0x00, 0x1d, 0xc0, 0x00, 0x00, 0x00, 0x00, 0x00, 0x00, 0x00, 
	0x00, 0x00, 0x00, 0x00, 0x00, 0x00, 0x00, 0x01, 0x30, 0x7f, 0xff, 0xfd, 0xff, 0xc1, 0x00, 0x00, 
	0x00, 0x00, 0x00, 0x00, 0x00, 0x00, 0x00, 0x00, 0x00, 0x00, 0x00, 0x00, 0x03, 0xae, 0xaa, 0xaa, 
	0xaa, 0xff, 0x80, 0x83, 0x80, 0x00, 0x00, 0x00, 0x00, 0x00, 0x00, 0x00, 0x00, 0x00, 0x00, 0x00, 
	0x00, 0x00, 0x00, 0x02, 0x20, 0xfb, 0xbb, 0xae, 0xab, 0xab, 0x80, 0x00, 0x00, 0x00, 0x00, 0x00, 
	0x00, 0x00, 0x00, 0x00, 0x00, 0x00, 0x00, 0x00, 0x07, 0xff, 0x7f, 0x5f, 0x77, 0x7f, 0x00, 0x03, 
	0x80, 0x00, 0x00, 0x00, 0x00, 0x00, 0x00, 0x00, 0x00, 0x00, 0x00, 0x00, 0x00, 0x00, 0x00, 0x07, 
	0x00, 0xff, 0xff, 0xdf, 0xf7, 0xff, 0x00, 0x00, 0x00, 0x00, 0x00, 0x00, 0x00, 0x00, 0x00, 0x00, 
	0x00, 0x00, 0x00, 0x00, 0x02, 0xfe, 0xfe, 0xea, 0xaf, 0xaf, 0x80, 0x82, 0x80, 0x00, 0x00, 0x00, 
	0x00, 0x00, 0x02, 0xaa, 0x80, 0x00, 0x00, 0x00, 0x00, 0x00, 0x00, 0x0a, 0x82, 0xff, 0xee, 0xee, 
	0xee, 0xee, 0x80, 0x00, 0x00, 0x00, 0x00, 0x00, 0x00, 0x00, 0x00, 0x00, 0x00, 0x00, 0x00, 0x00, 
	0x01, 0xff, 0xff, 0xfd, 0xdf, 0xff, 0xc0, 0x00, 0x00, 0x00, 0x00, 0x00, 0x00, 0x00, 0x07, 0xff, 
	0xc0, 0x00, 0x00, 0x00, 0x00, 0x00, 0x00, 0x07, 0x87, 0xff, 0xff, 0xfd, 0xff, 0xfc, 0x00, 0x00, 
	0x00, 0x00, 0x00, 0x00, 0x00, 0x00, 0x00, 0x00, 0x00, 0x00, 0x00, 0x00, 0x00, 0xea, 0xba, 0xbb, 
	0xff, 0xff, 0xe0, 0x82, 0xa0, 0x00, 0x00, 0x00, 0x00, 0x00, 0x23, 0xfa, 0xa8, 0x00, 0x00, 0x00, 
	0x00, 0x00, 0x00, 0x0a, 0x8f, 0xff, 0xfb, 0xfa, 0xaa, 0xbe, 0x00, 0x00, 0x00, 0x00, 0x00, 0x00, 
	0x00, 0x00, 0x00, 0x00, 0x00, 0x00, 0x00, 0x00, 0x00, 0x7f, 0xff, 0x7f, 0xff, 0xff, 0xf0, 0x00, 
	0x10, 0x00, 0x00, 0x00, 0x00, 0x00, 0x7f, 0xff, 0xfc, 0x00, 0x00, 0x00, 0x00, 0x00, 0x00, 0x1c, 
	0x1f, 0xff, 0xff, 0xff, 0x77, 0xf8, 0x00, 0x00, 0x00, 0x00, 0x00, 0x00, 0x00, 0x00, 0x00, 0x00, 
	0x00, 0x00, 0x00, 0x00, 0x00, 0x2a, 0xae, 0xea, 0xaf, 0xea, 0x28, 0x80, 0xa8, 0x00, 0x00, 0x00, 
	0x00, 0x00, 0xe8, 0x0e, 0xee, 0x00, 0x00, 0x00, 0x00, 0x00, 0x00, 0x28, 0x0f, 0xef, 0xea, 0xaa, 
	0xae, 0xf8, 0x00, 0x00, 0x00, 0x00, 0x00, 0x00, 0x00, 0x00, 0x00, 0x00, 0x00, 0x00, 0x00, 0x00, 
	0x00, 0x1f, 0xff, 0xdd, 0xdf, 0xfd, 0x00, 0x00, 0x10, 0x00, 0x00, 0x00, 0x00, 0x01, 0xc0, 0x07, 
	0xff, 0x00, 0x00, 0x00, 0x00, 0x00, 0x00, 0x18, 0x0f, 0xff, 0xff, 0xdf, 0xff, 0xf0, 0x00, 0x00, 
	0x00, 0x00, 0x00, 0x00, 0x00, 0x00, 0x00, 0x00, 0x00, 0x00, 0x00, 0x00, 0x00, 0x2b, 0xaa, 0xaa, 
	0xab, 0xab, 0xe0, 0x00, 0x08, 0x00, 0x00, 0x00, 0x00, 0x03, 0x80, 0x02, 0xab, 0x80, 0x00, 0x00, 
	0x00, 0x00, 0x00, 0xa8, 0x0b, 0xfa, 0xaa, 0xaf, 0xff, 0xe0, 0x00, 0x00, 0x00, 0x00, 0x00, 0x00, 
	0x00, 0x00, 0x00, 0x00, 0x00, 0x00, 0x00, 0x00, 0x00, 0x07, 0xff, 0xff, 0x7f, 0xff, 0xfc, 0x00, 
	0x04, 0x00, 0x00, 0x00, 0x00, 0x07, 0x00, 0x01, 0xff, 0xc0, 0x00, 0x00, 0x00, 0x00, 0x02, 0xe0, 
	0x7f, 0xff, 0xff, 0xff, 0xff, 0xc0, 0x00, 0x00, 0x00, 0x00, 0x00, 0x00, 0x00, 0x00, 0x00, 0x00, 
	0x00, 0x00, 0x00, 0x00, 0x00, 0x00, 0xbe, 0xaa, 0xae, 0xaf, 0xfe, 0x00, 0x88, 0x00, 0x00, 0x00, 
	0x00, 0x08, 0x00, 0x00, 0xae, 0x80, 0x00, 0x00, 0x00, 0x00, 0x02, 0xe8, 0xfe, 0xaf, 0xea, 0xee, 
	0xfe, 0x80, 0x00, 0x00, 0x00, 0x00, 0x00, 0x00, 0x00, 0x00, 0x00, 0x00, 0x00, 0x00, 0x00, 0x00, 
	0x00, 0x00, 0x1d, 0xdd, 0xdf, 0xff, 0xff, 0x00, 0x06, 0x00, 0x00, 0x00, 0x00, 0x18, 0x00, 0x00, 
	0x7f, 0xc0, 0x00, 0x00, 0x00, 0x00, 0x0e, 0x40, 0xff, 0xff, 0xfd, 0xff, 0xfc, 0x00, 0x00, 0x00, 
	0x00, 0x00, 0x00, 0x00, 0x00, 0x00, 0x00, 0x00, 0x00, 0x00, 0x00, 0x00, 0x00, 0x02, 0xaa, 0xaa, 
	0xab, 0xef, 0xbf, 0x80, 0x82, 0x00, 0x00, 0x00, 0x00, 0x38, 0x00, 0x00, 0x3a, 0xe0, 0x00, 0x00, 
	0x00, 0x00, 0x0e, 0xa8, 0xff, 0xfb, 0xea, 0xaf, 0xe0, 0x00, 0x00, 0x00, 0x00, 0x00, 0x00, 0x00, 
	0x00, 0x00, 0x00, 0x00, 0x00, 0x00, 0x00, 0x00, 0x00, 0x07, 0xff, 0xff, 0xf7, 0xff, 0xff, 0x80, 
	0x02, 0x00, 0x00, 0x00, 0x00, 0x10, 0x00, 0x00, 0x3f, 0xf0, 0x00, 0x00, 0x00, 0x00, 0x0f, 0x01, 
	0xff, 0xff, 0xff, 0x7f, 0xf6, 0x00, 0x00, 0x00, 0x00, 0x00, 0x00, 0x00, 0x00, 0x00, 0x00, 0x00, 
	0x00, 0x00, 0x00, 0x00, 0x00, 0x02, 0xee, 0xeb, 0xae, 0xaa, 0xff, 0x80, 0x8a, 0x80, 0x00, 0x00, 
	0x00, 0xe0, 0x00, 0x00, 0x2e, 0xe0, 0x00, 0x00, 0x00, 0x00, 0x0e, 0x82, 0xbf, 0xeb, 0xee, 0xaa, 
	0xfe, 0x00, 0x00, 0x00, 0x00, 0x00, 0x00, 0x00, 0x00, 0x00, 0x00, 0x00, 0x00, 0x00, 0x00, 0x00, 
	0x00, 0x01, 0xff, 0xff, 0xdf, 0xff, 0xff, 0xc0, 0x01, 0x80, 0x00, 0x00, 0x00, 0x60, 0x00, 0x00, 
	0x1f, 0xf0, 0x00, 0x00, 0x00, 0x00, 0x1d, 0x00, 0x7f, 0xff, 0xff, 0xfd, 0xfc, 0x00, 0x00, 0x00, 
	0x00, 0x00, 0x00, 0x00, 0x00, 0x00, 0x00, 0x00, 0x00, 0x00, 0x00, 0x00, 0x00, 0x00, 0xfa, 0xaa, 
	0xaa, 0xae, 0xbf, 0xa2, 0x82, 0x80, 0x00, 0x00, 0x00, 0xe0, 0xaa, 0x80, 0x0b, 0xe2, 0xaa, 0x00, 
	0x00, 0x00, 0x0a, 0x82, 0xff, 0xba, 0xbf, 0xbb, 0xb8, 0x00, 0x00, 0x00, 0x00, 0x00, 0x00, 0x00, 
	0x00, 0x00, 0x00, 0x00, 0x00, 0x00, 0x00, 0x00, 0x00, 0x00, 0x77, 0xfd, 0xff, 0xdf, 0xff, 0x00, 
	0x01, 0xc0, 0x00, 0x00, 0x00, 0x41, 0xff, 0xc0, 0x1f, 0xf1, 0xfe, 0x00, 0x00, 0x00, 0x1d, 0x07, 
	0xff, 0xf7, 0xff, 0xfd, 0x70, 0x00, 0x00, 0x00, 0x00, 0x00, 0x00, 0x00, 0x00, 0x00, 0x00, 0x00, 
	0x00, 0x00, 0x00, 0x00, 0x00, 0x00, 0x2a, 0xaa, 0xaa, 0xeb, 0xee, 0x80, 0x82, 0xe0, 0x00, 0x00, 
	0x00, 0xee, 0xfe, 0xee, 0xfe, 0xff, 0xff, 0xe0, 0x00, 0x00, 0x2a, 0x8f, 0xee, 0xee, 0xea, 0xe8, 
	0xe0, 0x00, 0x00, 0x00, 0x00, 0x00, 0x00, 0x00, 0x00, 0x00, 0x00, 0x00, 0x00, 0x00, 0x00, 0x00, 
	0x00, 0x00, 0x1d, 0xdd, 0xdf, 0xff, 0xdf, 0xe0, 0x40, 0x60, 0x04, 0x00, 0x14, 0x7f, 0x1f, 0xfc, 
	0x7f, 0xff, 0xfd, 0xf4, 0x00, 0x00, 0x77, 0x0f, 0xff, 0xff, 0xdf, 0xf4, 0xc0, 0x00, 0x00, 0x00, 
	0x00, 0x00, 0x00, 0x00, 0x00, 0x00, 0x00, 0x00, 0x00, 0x00, 0x00, 0x00, 0x00, 0x00, 0x0b, 0xaa, 
	0xaa, 0xaa, 0xab, 0xe8, 0x02, 0x28, 0x2f, 0xaa, 0xbf, 0xba, 0xbf, 0xbe, 0x3f, 0xfb, 0xaa, 0xbf, 
	0xa8, 0x00, 0xe2, 0x2f, 0xff, 0xaa, 0xfa, 0xaf, 0xa0, 0x00, 0x00, 0x00, 0x00, 0x00, 0x00, 0x00, 
	0x00, 0x00, 0x00, 0x00, 0x00, 0x00, 0x00, 0x00, 0x00, 0x00, 0x03, 0xff, 0xff, 0x7f, 0xff, 0xfc, 
	0x01, 0x10, 0x7f, 0xff, 0xc0, 0x1f, 0xff, 0xff, 0xff, 0xff, 0xff, 0xff, 0xfc, 0x00, 0x44, 0x3f, 
	0xff, 0x77, 0xff, 0xff, 0x80, 0x00, 0x00, 0x00, 0x00, 0x00, 0x00, 0x00, 0x00, 0x00, 0x00, 0x00, 
	0x00, 0x00, 0x00, 0x00, 0x00, 0x00, 0x02, 0xae, 0xee, 0xae, 0xfe, 0xfc, 0x22, 0xa8, 0xfa, 0xfe, 
	0x80, 0x2e, 0xff, 0xef, 0xff, 0xef, 0xff, 0xea, 0xee, 0x80, 0xe8, 0xbf, 0xea, 0xea, 0xff, 0xea, 
	0x80, 0x00, 0x00, 0x00, 0x00, 0x00, 0x00, 0x00, 0x00, 0x00, 0x00, 0x00, 0x00, 0x00, 0x00, 0x00, 
	0x00, 0x00, 0x00, 0x0f, 0xfd, 0xff, 0xff, 0xfe, 0x00, 0x1d, 0xe0, 0xf0, 0x5c, 0x7f, 0xff, 0xff, 
	0xff, 0xff, 0xff, 0xff, 0xff, 0xf1, 0xe0, 0xff, 0xdf, 0xdd, 0xff, 0xc0, 0x00, 0x00, 0x00, 0x00, 
	0x00, 0x00, 0x00, 0x00, 0x00, 0x00, 0x00, 0x00, 0x00, 0x00, 0x00, 0x00, 0x00, 0x00, 0x00, 0x0b, 
	0xab, 0xeb, 0xbf, 0xfe, 0x02, 0xbf, 0x82, 0xaa, 0xbe, 0xbf, 0xff, 0xff, 0xff, 0xff, 0xff, 0xff, 
	0xbf, 0xfb, 0xa0, 0xff, 0xbf, 0xea, 0xaa, 0xa0, 0x00, 0x00, 0x00, 0x00, 0x00, 0x00, 0x00, 0x00, 
	0x00, 0x00, 0x00, 0x00, 0x00, 0x00, 0x00, 0x00, 0x00, 0x00, 0x00, 0xdf, 0xf7, 0xf7, 0xff, 0xfe, 
	0x01, 0x1f, 0xc7, 0x0f, 0xff, 0xff, 0xff, 0xff, 0xff, 0xff, 0xff, 0xff, 0xff, 0xff, 0xe0, 0x77, 
	0xff, 0xff, 0xff, 0xe0, 0x00, 0x00, 0x00, 0x00, 0x00, 0x00, 0x00, 0x00, 0x00, 0x00, 0x00, 0x00, 
	0x00, 0x00, 0x00, 0x00, 0x00, 0x00, 0x00, 0xee, 0xae, 0xaa, 0xfa, 0xfe, 0x82, 0xaa, 0xa8, 0xae, 
	0xef, 0xef, 0xff, 0xff, 0xff, 0xff, 0xff, 0xff, 0xfe, 0xae, 0xe0, 0xae, 0xee, 0xee, 0xee, 0xe8, 
	0x00, 0x00, 0x00, 0x00, 0x00, 0x00, 0x00, 0x00, 0x00, 0x00, 0x00, 0x00, 0x00, 0x00, 0x00, 0x00, 
	0x00, 0x00, 0x00, 0x7f, 0xdf, 0xfd, 0xff, 0xff, 0x80, 0x77, 0xe1, 0xff, 0xff, 0xf7, 0xff, 0xff, 
	0xff, 0xff, 0xff, 0xff, 0xff, 0xfe, 0xe0, 0x1f, 0xff, 0xff, 0xff, 0xf0, 0x00, 0x00, 0x00, 0x00, 
	0x00, 0x00, 0x00, 0x00, 0x00, 0x00, 0x00, 0x00, 0x00, 0x00, 0x00, 0x00, 0x00, 0x00, 0x00, 0x2b, 
	0xba, 0xaa, 0xfa, 0xab, 0xa2, 0x22, 0xab, 0xff, 0xff, 0xfb, 0xff, 0xff, 0xff, 0xff, 0xff, 0xff, 
	0xff, 0xfe, 0xe2, 0xff, 0xeb, 0xbf, 0xff, 0xa0, 0x00, 0x00, 0x00, 0x00, 0x00, 0x00, 0x00, 0x00, 
	0x00, 0x00, 0x00, 0x00, 0x00, 0x00, 0x00, 0x00, 0x00, 0x00, 0x00, 0x00, 0x7f, 0xff, 0xff, 0xf8, 
	0x40, 0x33, 0x1f, 0xff, 0xff, 0xf9, 0x0f, 0xff, 0xff, 0xff, 0xff, 0xff, 0xff, 0xfe, 0xc3, 0xff, 
	0xff, 0xff, 0xfc, 0x00, 0x00, 0x00, 0x00, 0x00, 0x00, 0x00, 0x00, 0x00, 0x00, 0x00, 0x00, 0x00, 
	0x00, 0x00, 0x00, 0x00, 0x00, 0x00, 0x00, 0x02, 0x2e, 0xee, 0xee, 0xfe, 0x80, 0x22, 0xff, 0xee, 
	0xfe, 0xe8, 0x8f, 0xff, 0xff, 0xea, 0xee, 0xff, 0xff, 0xfe, 0x8b, 0xfe, 0xea, 0xeb, 0xf8, 0x00, 
	0x00, 0x00, 0x00, 0x00, 0x00, 0x00, 0x00, 0x00, 0x00, 0x00, 0x00, 0x00, 0x00, 0x00, 0x00, 0x00, 
	0x00, 0x00, 0x00, 0x01, 0xff, 0xfd, 0xff, 0xdf, 0xc0, 0x03, 0xff, 0xff, 0xc0, 0x00, 0x00, 0xff, 
	0xff, 0xff, 0xff, 0xff, 0xff, 0xfc, 0x47, 0xff, 0xff, 0xfd, 0xf4, 0x00, 0x00, 0x00, 0x00, 0x00, 
	0x00, 0x00, 0x00, 0x00, 0x00, 0x00, 0x00, 0x00, 0x00, 0x00, 0x00, 0x00, 0x00, 0x00, 0x00, 0x00, 
	0xfb, 0xfb, 0xbf, 0xff, 0xf8, 0xab, 0xfb, 0xfe, 0xa0, 0x00, 0x28, 0x3f, 0xfe, 0xbf, 0xff, 0xfb, 
	0xff, 0xfa, 0x83, 0xbb, 0xff, 0xaa, 0xb8, 0x00, 0x00, 0x00, 0x00, 0x00, 0x00, 0x00, 0x00, 0x00, 
	0x00, 0x00, 0x00, 0x00, 0x00, 0x00, 0x00, 0x00, 0x00, 0x00, 0x00, 0x01, 0xff, 0xf7, 0xff, 0xff, 
	0xf0, 0x03, 0xff, 0xfe, 0x00, 0x00, 0x00, 0x3f, 0xff, 0xff, 0xff, 0xff, 0xff, 0xf8, 0x40, 0xff, 
	0xff, 0xff, 0xfc, 0x00, 0x00, 0x00, 0x00, 0x00, 0x00, 0x00, 0x00, 0x00, 0x00, 0x00, 0x00, 0x00, 
	0x00, 0x00, 0x00, 0x00, 0x00, 0x00, 0x00, 0x00, 0xae, 0xea, 0xef, 0xef, 0xfc, 0x0b, 0xff, 0xea, 
	0x00, 0x00, 0x08, 0x0f, 0xff, 0xff, 0xff, 0xfe, 0xef, 0xf8, 0x8a, 0xee, 0xee, 0xea, 0xf8, 0x00, 
	0x00, 0x00, 0x00, 0x00, 0x00, 0x00, 0x00, 0x00, 0x00, 0x00, 0x00, 0x00, 0x00, 0x00, 0x00, 0x00, 
	0x00, 0x00, 0x00, 0x00, 0x3f, 0xdf, 0xfd, 0xff, 0xfc, 0x04, 0xff, 0x00, 0x00, 0x00, 0x78, 0x0f, 
	0xff, 0xff, 0xff, 0xff, 0xff, 0xf8, 0x1f, 0xff, 0xff, 0xff, 0xf0, 0x00, 0x00, 0x00, 0x00, 0x00, 
	0x00, 0x00, 0x00, 0x00, 0x00, 0x00, 0x00, 0x00, 0x00, 0x00, 0x00, 0x00, 0x00, 0x00, 0x00, 0x00, 
	0x2a, 0xaa, 0xab, 0xff, 0xfe, 0x2a, 0xfa, 0x20, 0x02, 0x22, 0xfa, 0x03, 0xff, 0xff, 0xfb, 0xbb, 
	0xfb, 0xf8, 0x3f, 0xbf, 0xeb, 0xff, 0xe0, 0x00, 0x00, 0x00, 0x00, 0x00, 0x00, 0x00, 0x00, 0x00, 
	0x00, 0x00, 0x00, 0x00, 0x00, 0x00, 0x00, 0x00, 0x00, 0x00, 0x00, 0x00, 0x0f, 0xff, 0xff, 0xff, 
	0xdc, 0x06, 0xf8, 0x00, 0x00, 0x00, 0x7e, 0x03, 0xff, 0xff, 0xff, 0xff, 0xff, 0xc8, 0x1f, 0xff, 
	0xff, 0xff, 0xc0, 0x00, 0x00, 0x00, 0x00, 0x00, 0x00, 0x00, 0x00, 0x00, 0x00, 0x00, 0x00, 0x00, 
	0x00, 0x00, 0x00, 0x00, 0x00, 0x00, 0x00, 0x00, 0x0a, 0xea, 0xef, 0xef, 0xe8, 0x0a, 0xea, 0x08, 
	0x80, 0x00, 0x0f, 0x8b, 0xbf, 0xff, 0xff, 0xee, 0xef, 0x88, 0x3f, 0xff, 0xfe, 0xff, 0x80, 0x00, 
	0x00, 0x00, 0x00, 0x00, 0x00, 0x00, 0x00, 0x00, 0x00, 0x00, 0x00, 0x00, 0x00, 0x00, 0x00, 0x00, 
	0x00, 0x00, 0x00, 0x00, 0x07, 0xff, 0xff, 0xff, 0xf8, 0x06, 0xf0, 0x00, 0x00, 0x00, 0x07, 0x87, 
	0xff, 0xff, 0xff, 0xff, 0xff, 0xc8, 0x1f, 0xff, 0xff, 0xff, 0x00, 0x00, 0x00, 0x00, 0x00, 0x00, 
	0x00, 0x00, 0x00, 0x00, 0x00, 0x00, 0x00, 0x00, 0x00, 0x00, 0x00, 0x00, 0x00, 0x00, 0x00, 0x00, 
	0x03, 0xff, 0xbb, 0xbb, 0xfe, 0x0a, 0xf8, 0x20, 0x00, 0x00, 0x02, 0xef, 0xff, 0xff, 0xff, 0xff, 
	0xbf, 0x88, 0xff, 0xfb, 0xee, 0xba, 0x00, 0x00, 0x00, 0x00, 0x00, 0x00, 0x00, 0x00, 0x00, 0x00, 
	0x00, 0x00, 0x00, 0x00, 0x00, 0x00, 0x00, 0x00, 0x00, 0x00, 0x00, 0x00, 0x00, 0xff, 0xff, 0xff, 
	0xff, 0x0c, 0xf0, 0x00, 0x00, 0x00, 0x00, 0xff, 0xff, 0xff, 0xff, 0xff, 0xff, 0xc0, 0xff, 0xff, 
	0xff, 0xfc, 0x00, 0x00, 0x00, 0x00, 0x00, 0x00, 0x00, 0x00, 0x00, 0x00, 0x00, 0x00, 0x00, 0x00, 
	0x00, 0x00, 0x00, 0x00, 0x00, 0x00, 0x00, 0x00, 0x00, 0x7e, 0xba, 0xee, 0xff, 0x8e, 0xfa, 0x80, 
	0x00, 0x00, 0xa0, 0xff, 0xff, 0xff, 0xef, 0xef, 0xef, 0x80, 0xfe, 0xee, 0xef, 0xf8, 0x00, 0x00, 
	0x00, 0x00, 0x00, 0x00, 0x00, 0x00, 0x00, 0x00, 0x00, 0x00, 0x00, 0x00, 0x00, 0x00, 0x00, 0x00, 
	0x00, 0x00, 0x00, 0x00, 0x00, 0x7f, 0xfd, 0xff, 0xff, 0x8c, 0xf0, 0x00, 0x00, 0x07, 0xf0, 0xff, 
	0xff, 0xff, 0xff, 0xff, 0xff, 0xc0, 0xff, 0xff, 0xff, 0xf0, 0x00, 0x00, 0x00, 0x00, 0x00, 0x00, 
	0x00, 0x00, 0x00, 0x00, 0x00, 0x00, 0x00, 0x00, 0x00, 0x00, 0x00, 0x00, 0x00, 0x00, 0x00, 0x00, 
	0x00, 0x0e, 0xbb, 0xbb, 0xff, 0xa0, 0xfa, 0x00, 0x00, 0x2f, 0xf8, 0x3f, 0xff, 0xff, 0xff, 0xff, 
	0xff, 0xa0, 0xbf, 0xff, 0xeb, 0xe0, 0x00, 0x00, 0x00, 0x00, 0x00, 0x00, 0x00, 0x00, 0x00, 0x00, 
	0x00, 0x00, 0x00, 0x00, 0x00, 0x00, 0x00, 0x00, 0x00, 0x00, 0x00, 0x00, 0x00, 0x1f, 0xff, 0xff, 
	0xff, 0xe0, 0xfc, 0x00, 0x00, 0x3f, 0xfc, 0x3f, 0xff, 0xff, 0xff, 0xff, 0xff, 0xc0, 0x7f, 0xff, 
	0xff, 0xfc, 0x00, 0x00, 0x00, 0x00, 0x00, 0x00, 0x00, 0x00, 0x00, 0x00, 0x00, 0x00, 0x00, 0x00, 
	0x00, 0x00, 0x00, 0x00, 0x00, 0x00, 0x00, 0x00, 0x00, 0x0b, 0xef, 0xfe, 0xff, 0xe0, 0xfa, 0x00, 
	0x00, 0xea, 0xfe, 0xbf, 0xff, 0xfe, 0xef, 0xff, 0xef, 0xa0, 0xfe, 0xee, 0xef, 0xea, 0x00, 0x00, 
	0x00, 0x00, 0x00, 0x00, 0x00, 0x00, 0x00, 0x00, 0x00, 0x00, 0x00, 0x00, 0x00, 0x00, 0x00, 0x00, 
	0x00, 0x00, 0x00, 0x00, 0x00, 0x01, 0xff, 0xfd, 0xfc, 0x71, 0xfc, 0x00, 0x01, 0xf0, 0x7f, 0xff, 
	0xff, 0xff, 0xff, 0xff, 0xff, 0xc1, 0xff, 0xff, 0xff, 0xff, 0x00, 0x00, 0x00, 0x00, 0x00, 0x00, 
	0x00, 0x00, 0x00, 0x00, 0x00, 0x00, 0x00, 0x00, 0x00, 0x00, 0x00, 0x00, 0x00, 0x00, 0x00, 0x00, 
	0x00, 0x00, 0x3f, 0xef, 0xfe, 0xa3, 0xfa, 0x00, 0x0a, 0xaa, 0xbf, 0xff, 0xff, 0xff, 0xff, 0xff, 
	0xff, 0xa3, 0xff, 0xff, 0xff, 0xff, 0x80, 0x00, 0x00, 0x00, 0x00, 0x00, 0x00, 0x00, 0x00, 0x00, 
	0x00, 0x00, 0x00, 0x00, 0x00, 0x00, 0x00, 0x00, 0x00, 0x00, 0x00, 0x00, 0x00, 0x00, 0x7f, 0xff, 
	0xff, 0xc1, 0xfc, 0x00, 0x00, 0x07, 0xff, 0xff, 0xff, 0xff, 0xff, 0xff, 0xff, 0x83, 0xff, 0xff, 
	0xff, 0xff, 0x80, 0x00, 0x00, 0x00, 0x00, 0x00, 0x00, 0x00, 0x00, 0x00, 0x00, 0x00, 0x00, 0x00, 
	0x00, 0x00, 0x00, 0x00, 0x00, 0x00, 0x00, 0x00, 0x00, 0x00, 0x8e, 0xee, 0xff, 0xe0, 0xee, 0x00, 
	0x80, 0x2f, 0xff, 0xff, 0xff, 0xef, 0xfe, 0xef, 0xff, 0x8f, 0xfe, 0xff, 0xff, 0xfe, 0xe0, 0x00, 
	0x00, 0x00, 0x00, 0x00, 0x00, 0x00, 0x00, 0x00, 0x00, 0x00, 0x00, 0x00, 0x00, 0x00, 0x00, 0x00, 
	0x00, 0x00, 0x00, 0x00, 0x00, 0x01, 0x8f, 0xff, 0xff, 0xf0, 0xfe, 0x00, 0x00, 0x3f, 0xff, 0xff, 
	0xff, 0xff, 0xff, 0xff, 0xff, 0xcf, 0xff, 0xff, 0xff, 0xff, 0xf0, 0x00, 0x00, 0x00, 0x00, 0x00, 
	0x00, 0x00, 0x00, 0x00, 0x00, 0x00, 0x00, 0x00, 0x00, 0x00, 0x00, 0x00, 0x00, 0x00, 0x00, 0x00, 
	0x00, 0x02, 0x3f, 0xba, 0xbf, 0xfe, 0xfe, 0x00, 0x03, 0xea, 0x03, 0xff, 0xff, 0xfb, 0xff, 0xbe, 
	0xff, 0x8e, 0xff, 0xbf, 0xff, 0xff, 0xb8, 0x00, 0x00, 0x00, 0x00, 0x00, 0x00, 0x00, 0x00, 0x00, 
	0x00, 0x00, 0x00, 0x00, 0x00, 0x00, 0x00, 0x00, 0x00, 0x00, 0x00, 0x00, 0x00, 0x04, 0x7f, 0xff, 
	0xff, 0xfe, 0x7e, 0x00, 0x01, 0x70, 0x01, 0xff, 0xff, 0xff, 0xff, 0xff, 0xff, 0x9c, 0x7f, 0xff, 
	0xff, 0xff, 0xfc, 0x00, 0x00, 0x00, 0x00, 0x00, 0x00, 0x00, 0x00, 0x00, 0x00, 0x00, 0x00, 0x00, 
	0x00, 0x00, 0x00, 0x00, 0x00, 0x00, 0x00, 0x00, 0x00, 0x08, 0xff, 0xff, 0xef, 0xee, 0x3e, 0x08, 
	0x28, 0x20, 0x08, 0xef, 0xff, 0xff, 0xee, 0xfe, 0xfe, 0x0a, 0xff, 0xff, 0xff, 0xff, 0xea, 0x00, 
	0x00, 0x00, 0x00, 0x00, 0x00, 0x00, 0x00, 0x00, 0x00, 0x00, 0x00, 0x00, 0x00, 0x00, 0x00, 0x00, 
	0x00, 0x00, 0x00, 0x00, 0x00, 0x19, 0xff, 0xff, 0xff, 0xfc, 0x3f, 0x00, 0x00, 0x40, 0x01, 0xff, 
	0xff, 0xff, 0xff, 0xff, 0xfe, 0x07, 0xff, 0xff, 0xff, 0xff, 0xff, 0x00, 0x00, 0x00, 0x00, 0x00, 
	0x00, 0x00, 0x00, 0x00, 0x00, 0x00, 0x00, 0x00, 0x00, 0x00, 0x00, 0x00, 0x00, 0x00, 0x00, 0x00, 
	0x00, 0x2b, 0xff, 0xfb, 0xef, 0xfa, 0x3f, 0x82, 0x80, 0x80, 0x03, 0xfb, 0xff, 0xff, 0xfb, 0xff, 
	0xbe, 0x0f, 0xff, 0xff, 0xff, 0xff, 0xfb, 0x80, 0x00, 0x00, 0x00, 0x00, 0x00, 0x00, 0x00, 0x00, 
	0x00, 0x00, 0x00, 0x00, 0x00, 0x00, 0x00, 0x00, 0x00, 0x00, 0x00, 0x00, 0x00, 0x67, 0xff, 0xf0, 
	0x7f, 0xff, 0x1f, 0x84, 0x00, 0x00, 0x03, 0xff, 0xff, 0xff, 0xff, 0xff, 0xfe, 0x3f, 0xff, 0xff, 
	0xff, 0xff, 0xfc, 0xc0, 0x00, 0x00, 0x00, 0x00, 0x00, 0x00, 0x00, 0x00, 0x00, 0x00, 0x00, 0x00, 
	0x00, 0x00, 0x00, 0x00, 0x00, 0x00, 0x00, 0x00, 0x00, 0xef, 0xff, 0xea, 0xfe, 0xff, 0xaf, 0x8e, 
	0x00, 0x80, 0x03, 0xbe, 0xff, 0xff, 0xee, 0xee, 0xfe, 0x2f, 0xff, 0xff, 0xff, 0xfe, 0xfe, 0xc0, 
	0x00, 0x00, 0x00, 0x00, 0x00, 0x00, 0x00, 0x00, 0x00, 0x00, 0x00, 0x00, 0x00, 0x00, 0x00, 0x00, 
	0x00, 0x00, 0x00, 0x00, 0x01, 0x9f, 0xff, 0xc1, 0xff, 0xff, 0xcf, 0xc0, 0x00, 0x00, 0x07, 0xff, 
	0xff, 0xff, 0xff, 0xff, 0xfc, 0x0f, 0xff, 0xff, 0xff, 0xff, 0xff, 0x60, 0x00, 0x00, 0x00, 0x00, 
	0x00, 0x00, 0x00, 0x00, 0x00, 0x00, 0x00, 0x00, 0x00, 0x00, 0x00, 0x00, 0x00, 0x00, 0x00, 0x00, 
	0x03, 0xbf, 0xbf, 0xaa, 0xab, 0xff, 0x8f, 0xe0, 0x08, 0x00, 0x0f, 0xff, 0xbf, 0xff, 0xff, 0xff, 
	0xfa, 0x3f, 0xff, 0xff, 0xff, 0xfb, 0xbe, 0x38, 0x00, 0x00, 0x00, 0x00, 0x00, 0x00, 0x00, 0x00, 
	0x00, 0x00, 0x00, 0x00, 0x00, 0x00, 0x00, 0x00, 0x00, 0x00, 0x00, 0x00, 0x01, 0x1f, 0xff, 0xd0, 
	0x17, 0xff, 0xef, 0xe0, 0x00, 0x00, 0x0f, 0xff, 0xff, 0xff, 0xff, 0xff, 0xff, 0x7f, 0xff, 0xff, 
	0xff, 0xff, 0xff, 0x30, 0x00, 0x00, 0x00, 0x00, 0x00, 0x00, 0x00, 0x00, 0x00, 0x00, 0x00, 0x00, 
	0x00, 0x00, 0x00, 0x00, 0x00, 0x00, 0x00, 0x00, 0x0a, 0xbe, 0xfe, 0xa8, 0xaa, 0xef, 0xef, 0x80, 
	0x20, 0x00, 0x0f, 0xff, 0xef, 0xff, 0xfe, 0xee, 0xee, 0xff, 0xff, 0xff, 0xff, 0xee, 0xef, 0xa8, 
	0x00, 0x00, 0x00, 0x00, 0x00, 0x00, 0x00, 0x00, 0x00, 0x00, 0x00, 0x00, 0x00, 0x00, 0x00, 0x00, 
	0x00, 0x00, 0x00, 0x00, 0x0c, 0xfd, 0xfe, 0x40, 0x44, 0x5f, 0xf7, 0x80, 0x00, 0x00, 0x1f, 0xff, 
	0xff, 0xff, 0xff, 0xff, 0xff, 0xff, 0xff, 0xff, 0xff, 0xff, 0xff, 0xdc, 0x00, 0x00, 0x00, 0x00, 
	0x00, 0x00, 0x00, 0x00, 0x00, 0x00, 0x00, 0x00, 0x00, 0x00, 0x00, 0x00, 0x00, 0x00, 0x00, 0x00, 
	0x0e, 0xff, 0xfe, 0xaa, 0xaa, 0xaf, 0xfe, 0x00, 0x80, 0x00, 0x3f, 0xff, 0xef, 0xff, 0xff, 0xfb, 
	0xff, 0xff, 0xff, 0xff, 0xbf, 0xff, 0xbf, 0xee, 0x00, 0x00, 0x00, 0x00, 0x00, 0x00, 0x00, 0x00, 
	0x00, 0x00, 0x00, 0x00, 0x00, 0x00, 0x00, 0x00, 0x00, 0x00, 0x00, 0x00, 0x11, 0xff, 0x70, 0x00, 
	0x00, 0x7f, 0xfc, 0x00, 0x00, 0x00, 0x3f, 0xff, 0xff, 0xff, 0xff, 0xff, 0xff, 0xff, 0xff, 0xff, 
	0xff, 0xff, 0xff, 0xfd, 0x00, 0x00, 0x00, 0x00, 0x00, 0x00, 0x00, 0x00, 0x00, 0x00, 0x00, 0x00, 
	0x00, 0x00, 0x00, 0x00, 0x00, 0x00, 0x00, 0x00, 0x3b, 0xee, 0xf8, 0x88, 0xaa, 0x8b, 0xf8, 0x00, 
	0x80, 0x00, 0xbf, 0xff, 0xff, 0xff, 0xef, 0xfe, 0xee, 0xef, 0xff, 0xff, 0xee, 0xfe, 0xee, 0xfb, 
	0x80, 0x00, 0x00, 0x00, 0x00, 0x00, 0x00, 0x00, 0x00, 0x00, 0x00, 0x00, 0x00, 0x00, 0x00, 0x00, 
	0x00, 0x00, 0x00, 0x00, 0x11, 0xf9, 0xf0, 0x00, 0x40, 0x0d, 0xf0, 0x00, 0x00, 0x00, 0x3f, 0xff, 
	0xff, 0xff, 0xff, 0xff, 0xff, 0xdf, 0xff, 0xff, 0xff, 0xff, 0xff, 0xf9, 0x00, 0x00, 0x00, 0x00, 
	0x00, 0x00, 0x00, 0x00, 0x00, 0x00, 0x00, 0x00, 0x00, 0x00, 0x00, 0x00, 0x00, 0x00, 0x00, 0x00, 
	0x23, 0xeb, 0xe0, 0x22, 0xa0, 0x2a, 0xe0, 0x02, 0x00, 0x00, 0x3f, 0xff, 0xff, 0xff, 0xff, 0xfb, 
	0xbf, 0xef, 0xff, 0xff, 0xff, 0xff, 0xbf, 0xbb, 0x80, 0x00, 0x00, 0x00, 0x00, 0x00, 0x00, 0x00, 
	0x00, 0x00, 0x00, 0x00, 0x00, 0x00, 0x00, 0x00, 0x00, 0x00, 0x00, 0x00, 0x63, 0xcf, 0xe0, 0x01, 
	0x00, 0x1c, 0x40, 0x00, 0x00, 0x00, 0x3f, 0xff, 0xff, 0xff, 0xff, 0xff, 0xff, 0xf7, 0xff, 0xff, 
	0xff, 0xff, 0xff, 0xff, 0xc0, 0x00, 0x00, 0x00, 0x00, 0x00, 0x00, 0x00, 0x00, 0x00, 0x00, 0x00, 
	0x00, 0x00, 0x00, 0x00, 0x00, 0x00, 0x00, 0x00, 0xae, 0x8f, 0xe0, 0x0a, 0x80, 0xaa, 0x80, 0x08, 
	0x00, 0x00, 0x3f, 0xfe, 0xfe, 0xff, 0xee, 0xee, 0xee, 0xee, 0xef, 0xef, 0xee, 0xff, 0xfe, 0xef, 
	0x80, 0x00, 0x00, 0x00, 0x00, 0x00, 0x00, 0x00, 0x00, 0x00, 0x00, 0x00, 0x00, 0x00, 0x00, 0x00, 
	0x00, 0x00, 0x00, 0x01, 0x9e, 0x37, 0x80, 0x00, 0x00, 0x00, 0x00, 0x00, 0x00, 0x00, 0x3f, 0xff, 
	0xff, 0xff, 0xff, 0xff, 0xff, 0xff, 0xff, 0xff, 0xff, 0xff, 0xff, 0xff, 0xe0, 0x00, 0x00, 0x00, 
	0x00, 0x00, 0x00, 0x00, 0x00, 0x00, 0x00, 0x00, 0x00, 0x00, 0x00, 0x00, 0x00, 0x00, 0x00, 0x02, 
	0x8a, 0xaf, 0x8a, 0x08, 0x00, 0x82, 0x00, 0x00, 0x00, 0x00, 0x3f, 0xfb, 0xff, 0xbf, 0xbb, 0xbf, 
	0xbb, 0xa3, 0xff, 0xeb, 0xfe, 0xbf, 0xef, 0xfe, 0xe0, 0x00, 0x00, 0x00, 0x00, 0x00, 0x00, 0x00, 
	0x00, 0x00, 0x00, 0x00, 0x00, 0x00, 0x00, 0x00, 0x00, 0x00, 0x00, 0x01, 0x10, 0xff, 0x00, 0x00, 
	0x00, 0x00, 0x00, 0x00, 0x00, 0x00, 0x3f, 0xff, 0xff, 0xff, 0xff, 0xff, 0xff, 0xf7, 0xff, 0xff, 
	0xff, 0xff, 0xff, 0xff, 0xf8, 0x00, 0x00, 0x00, 0x00, 0x00, 0x00, 0x00, 0x00, 0x00, 0x00, 0x00, 
	0x00, 0x00, 0x00, 0x00, 0x00, 0x00, 0x00, 0x0a, 0xaa, 0xee, 0x08, 0x00, 0x00, 0x08, 0xa0, 0x00, 
	0x00, 0x02, 0xbf, 0xfe, 0xff, 0xfe, 0xee, 0xee, 0xee, 0xee, 0xef, 0xee, 0xee, 0xef, 0xff, 0xee, 
	0xe8, 0x00, 0x00, 0x08, 0x00, 0x00, 0x00, 0x00, 0x00, 0x00, 0x00, 0x00, 0x00, 0x00, 0x00, 0x00, 
	0x00, 0x00, 0x00, 0x06, 0x7f, 0xdc, 0x00, 0x00, 0x00, 0x00, 0xc0, 0x00, 0x00, 0x01, 0x3f, 0xff, 
	0xff, 0xff, 0xff, 0xff, 0xff, 0xdf, 0xff, 0xff, 0xff, 0xff, 0xff, 0xff, 0xfc, 0x00, 0x00, 0x1c, 
	0x00, 0x00, 0x00, 0x00, 0x00, 0x00, 0x00, 0x00, 0x00, 0x00, 0x00, 0x00, 0x00, 0x00, 0x00, 0x0a, 
	0x3f, 0xaa, 0x00, 0x00, 0x02, 0x20, 0x80, 0x20, 0x00, 0x02, 0x3f, 0xbf, 0xbf, 0xbf, 0xbb, 0xbf, 
	0xbb, 0xab, 0xbf, 0xfb, 0xfb, 0xbf, 0xff, 0xfb, 0xfe, 0x00, 0x00, 0x08, 0x00, 0x00, 0x00, 0x00, 
	0x00, 0x00, 0x00, 0x00, 0x00, 0x00, 0x00, 0x00, 0x00, 0x00, 0x00, 0x10, 0xff, 0x70, 0x00, 0x00, 
	0x00, 0x01, 0x00, 0x00, 0x00, 0x03, 0x3f, 0xff, 0xff, 0xff, 0xff, 0xff, 0xff, 0xff, 0xff, 0xff, 
	0xff, 0xff, 0xff, 0xff, 0xff, 0x40, 0x00, 0x18, 0x00, 0x00, 0x00, 0x00, 0x00, 0x00, 0x00, 0x00, 
	0x00, 0x00, 0x00, 0x00, 0x00, 0x00, 0x00, 0x20, 0xfe, 0xe8, 0x80, 0x00, 0x02, 0x82, 0x00, 0x20, 
	0x00, 0x02, 0xbe, 0xee, 0xff, 0xee, 0xee, 0xee, 0xee, 0xce, 0xee, 0xee, 0xfe, 0xff, 0xff, 0xff, 
	0xfe, 0xe8, 0x00, 0xe8, 0x00, 0x00, 0x00, 0x00, 0x00, 0x00, 0x00, 0x00, 0x00, 0x00, 0x00, 0x00, 
	0x00, 0x00, 0x00, 0x41, 0xfd, 0xf0, 0x00, 0x00, 0x00, 0x04, 0x00, 0x00, 0x00, 0x03, 0x3f, 0xff, 
	0xff, 0xff, 0xff, 0xff, 0xff, 0xdf, 0xff, 0xff, 0xff, 0xff, 0xff, 0xff, 0xff, 0xf0, 0x00, 0xf0, 
	0x00, 0x00, 0x00, 0x00, 0x00, 0x00, 0x00, 0x00, 0x00, 0x00, 0x00, 0x00, 0x00, 0x00, 0x00, 0xab, 
	0xfb, 0xa0, 0x02, 0x00, 0x0a, 0x08, 0x00, 0x00, 0x00, 0x03, 0xbf, 0xfb, 0xbb, 0xbf, 0xbb, 0xbb, 
	0xfb, 0xab, 0xfb, 0xff, 0xff, 0xfb, 0xff, 0xff, 0xff, 0xea, 0xab, 0xe0, 0x00, 0x00, 0x00, 0x00, 
	0x00, 0x00, 0x00, 0x00, 0x00, 0x00, 0x00, 0x00, 0x00, 0x00, 0x01, 0x17, 0xff, 0xf0, 0x00, 0x00, 
	0x00, 0x00, 0x00, 0x00, 0x00, 0x03, 0x1f, 0xff, 0xff, 0xff, 0xff, 0xff, 0xff, 0xcf, 0xff, 0xff, 
	0xff, 0xff, 0xff, 0xff, 0xff, 0xff, 0xff, 0xc0, 0x00, 0x00, 0x00, 0x00, 0x00, 0x00, 0x00, 0x00, 
	0x00, 0x00, 0x00, 0x00, 0x00, 0x00, 0x0a, 0xaa, 0xee, 0xea, 0x08, 0x00, 0x0a, 0x08, 0x00, 0x80, 
	0x00, 0x0b, 0x8e, 0xfe, 0xff, 0xee, 0xee, 0xee, 0xfe, 0xae, 0xee, 0xfe, 0xff, 0xef, 0xef, 0xff, 
	0xff, 0xfe, 0xef, 0x80, 0x00, 0x00, 0x00, 0x00, 0x00, 0x00, 0x00, 0x00, 0x00, 0x00, 0x00, 0x00, 
	0x00, 0x00, 0x0c, 0xe7, 0xff, 0xc0, 0x00, 0x00, 0x04, 0x40, 0x00, 0x00, 0x00, 0x07, 0x9f, 0xff, 
	0xff, 0xff, 0xff, 0xff, 0xff, 0x3f, 0xff, 0xff, 0xff, 0xff, 0xff, 0xff, 0xff, 0xff, 0xfd, 0x00, 
	0x00, 0x00, 0x00, 0x00, 0x00, 0x00, 0x00, 0x00, 0x00, 0x00, 0x00, 0x00, 0x00, 0x00, 0x2a, 0xe3, 
	0xaf, 0xa8, 0x08, 0x00, 0x08, 0x20, 0x00, 0x00, 0x00, 0x0f, 0x8b, 0xfb, 0xfb, 0xbb, 0xfb, 0xbb, 
	0xfe, 0x3f, 0xfb, 0xff, 0xff, 0xfb, 0xff, 0xff, 0xff, 0xff, 0xf8, 0x00, 0x00, 0x00, 0x00, 0x00, 
	0x00, 0x00, 0x00, 0x00, 0x00, 0x00, 0x00, 0x00, 0x00, 0x00, 0x73, 0xe7, 0xdf, 0xc0, 0x00, 0x00, 
	0x00, 0x00, 0x00, 0x00, 0x00, 0x07, 0xd7, 0xff, 0xff, 0xff, 0xff, 0xff, 0xff, 0x77, 0xff, 0xff, 
	0xff, 0xff, 0xff, 0xff, 0xff, 0xd5, 0x10, 0x00, 0x00, 0x00, 0x00, 0x00, 0x00, 0x00, 0x00, 0x00, 
	0x00, 0x00, 0x00, 0x00, 0x00, 0x00, 0xea, 0xee, 0xef, 0x88, 0x08, 0x00, 0x00, 0x80, 0x00, 0x00, 
	0x00, 0x0f, 0xea, 0xee, 0xee, 0xef, 0xee, 0xee, 0xef, 0xea, 0xee, 0xfe, 0xef, 0xee, 0xff, 0xef, 
	0xff, 0xe0, 0x00, 0x00, 0x00, 0x00, 0x00, 0x00, 0x00, 0x00, 0x00, 0x00, 0x00, 0x00, 0x00, 0x00, 
	0x00, 0x01, 0xdc, 0x4f, 0xff, 0x00, 0x00, 0x00, 0x00, 0x00, 0x00, 0x00, 0x00, 0x07, 0xc7, 0xff, 
	0xff, 0xff, 0xff, 0xff, 0x6f, 0xcf, 0xff, 0xff, 0xff, 0xff, 0xff, 0xff, 0xff, 0xf0, 0x00, 0x00, 
	0x00, 0x00, 0x00, 0x00, 0x00, 0x00, 0x00, 0x00, 0x00, 0x00, 0x00, 0x00, 0xa0, 0x0b, 0xa8, 0xaf, 
	0xaf, 0xa0, 0x00, 0x00, 0x20, 0x80, 0x02, 0x00, 0x00, 0x0f, 0xeb, 0xfb, 0xbb, 0xbb, 0xfb, 0xba, 
	0xaf, 0xfa, 0xbb, 0xff, 0xff, 0xff, 0xff, 0xff, 0xff, 0xe0, 0x00, 0x00, 0x00, 0x00, 0x00, 0x00, 
	0x00, 0x00, 0x00, 0x00, 0x00, 0x00, 0x00, 0x00, 0xc0, 0x1f, 0xc0, 0x9f, 0xdf, 0x00, 0x00, 0x00, 
	0x00, 0x00, 0x00, 0x00, 0x00, 0x07, 0xf3, 0xff, 0xff, 0xff, 0xff, 0xf9, 0xff, 0xfb, 0xff, 0xff, 
	0xff, 0xff, 0xff, 0xff, 0xff, 0xf0, 0x00, 0x00, 0x00, 0x00, 0x00, 0x00, 0x00, 0x00, 0x00, 0x00, 
	0x00, 0x00, 0x00, 0x00, 0xea, 0xbe, 0xe0, 0x8e, 0xaf, 0xa0, 0x00, 0x00, 0xa0, 0x00, 0x00, 0x00, 
	0x00, 0x0f, 0xea, 0xee, 0xee, 0xee, 0xee, 0xe8, 0xee, 0xea, 0xee, 0xef, 0xff, 0xff, 0xff, 0xfe, 
	0xff, 0xf8, 0x00, 0x00, 0x00, 0x00, 0x00, 0x00, 0x00, 0x00, 0x00, 0x00, 0x00, 0x00, 0x00, 0x00, 
	0x3f, 0xc0, 0x07, 0x1e, 0x7f, 0x40, 0x00, 0x00, 0x40, 0x00, 0x00, 0x00, 0x00, 0x07, 0xfd, 0xff, 
	0xff, 0xff, 0xff, 0x9d, 0xff, 0xff, 0xff, 0xff, 0xff, 0xff, 0xff, 0xff, 0xff, 0xfc, 0x00, 0x00, 
	0x00, 0x00, 0x00, 0x00, 0x00, 0x00, 0x00, 0x00, 0x00, 0x00, 0x00, 0x00, 0x2a, 0xa0, 0x0a, 0x3e, 
	0xfe, 0x80, 0x00, 0x00, 0xa8, 0x00, 0x02, 0x00, 0x00, 0x0b, 0xf8, 0xfb, 0xbb, 0xbb, 0xfa, 0xaf, 
	0xfb, 0xff, 0xfb, 0xbb, 0xef, 0xff, 0xff, 0xfb, 0xff, 0xfe, 0x00, 0x00, 0x00, 0x00, 0x00, 0x00, 
	0x00, 0x00, 0x00, 0x00, 0x00, 0x00, 0x00, 0x00, 0x00, 0x00, 0x1b, 0x7f, 0xff, 0x00, 0x00, 0x00, 
	0x00, 0x00, 0x00, 0x00, 0x00, 0x07, 0xf8, 0xf7, 0xff, 0xfb, 0xfd, 0x9f, 0xff, 0xff, 0xff, 0xff, 
	0xff, 0xff, 0xff, 0xff, 0xff, 0xfd, 0x00, 0x00, 0x00, 0x00, 0x00, 0x00, 0x00, 0x00, 0x00, 0x00, 
	0x00, 0x00, 0x00, 0x00, 0x00, 0x00, 0xaa, 0xee, 0xfe, 0x80, 0x80, 0x00, 0x88, 0x00, 0x08, 0x00, 
	0x00, 0x0e, 0xfe, 0xea, 0xee, 0xee, 0xfe, 0xee, 0xee, 0xfe, 0xee, 0xef, 0xef, 0xff, 0xff, 0xee, 
	0xff, 0xff, 0x80, 0x00, 0x00, 0x00, 0x00, 0x00, 0x00, 0x00, 0x00, 0x00, 0x00, 0x00, 0x00, 0x00, 
	0x00, 0x00, 0xc4, 0xff, 0xfc, 0x00, 0x00, 0x00, 0x00, 0x00, 0x00, 0x00, 0x00, 0x07, 0xfe, 0x67, 
	0xdf, 0x7d, 0xff, 0xff, 0xff, 0xfe, 0xff, 0xff, 0xff, 0xff, 0xff, 0xff, 0xff, 0xff, 0x00, 0x00, 
	0x00, 0x00, 0x00, 0x00, 0x00, 0x00, 0x00, 0x00, 0x00, 0x00, 0x00, 0x00, 0x00, 0x03, 0x82, 0xaf, 
	0xfa, 0x02, 0x00, 0x02, 0x80, 0x00, 0x08, 0x00, 0x00, 0x0b, 0xba, 0xab, 0xaa, 0x3b, 0xff, 0xff, 
	0xbb, 0xfe, 0xbb, 0xbb, 0xff, 0xff, 0xff, 0xff, 0xfb, 0xff, 0x80, 0x00, 0x00, 0x00, 0x00, 0x00, 
	0x00, 0x00, 0x00, 0x00, 0x00, 0x00, 0x00, 0x00, 0x00, 0x03, 0x05, 0xff, 0xfc, 0x00, 0x00, 0x01, 
	0x00, 0x00, 0x00, 0x00, 0x00, 0x07, 0xff, 0x17, 0xff, 0x7d, 0xff, 0xff, 0xff, 0xff, 0xff, 0xff, 
	0xff, 0xff, 0xff, 0xff, 0xff, 0xff, 0x00, 0x00, 0x00, 0x00, 0x00, 0x00, 0x00, 0x00, 0x00, 0x00, 
	0x00, 0x00, 0x00, 0x00, 0x00, 0x0e, 0x08, 0xee, 0xfc, 0x00, 0x00, 0x00, 0x80, 0x00, 0x08, 0x00, 
	0x00, 0x0e, 0xfe, 0xaf, 0xee, 0xee, 0xfe, 0xee, 0xee, 0xee, 0xee, 0xee, 0xff, 0xff, 0xff, 0xfe, 
	0xee, 0xae, 0xa0, 0x00, 0x00, 0x00, 0x00, 0x00, 0x00, 0x00, 0x00, 0x00, 0x00, 0x00, 0x00, 0x00, 
	0x00, 0x0c, 0x0d, 0xff, 0xfc, 0x00, 0x00, 0x00, 0x00, 0x00, 0x00, 0x00, 0x00, 0x07, 0xff, 0xfd, 
	0xdf, 0xff, 0xff, 0xff, 0xff, 0xff, 0xff, 0xff, 0xff, 0xff, 0xff, 0xff, 0xff, 0xff, 0xe0, 0x00, 
	0x00, 0x00, 0x00, 0x00, 0x00, 0x00, 0x00, 0x00, 0x00, 0x00, 0x00, 0x00, 0x00, 0x38, 0x2b, 0xfb, 
	0xf8, 0x82, 0x00, 0x02, 0x80, 0x00, 0x08, 0x00, 0x00, 0x03, 0xbb, 0xab, 0xbb, 0xab, 0xbf, 0xbb, 
	0xbb, 0xbf, 0xbb, 0xfb, 0xff, 0xff, 0xff, 0xff, 0xfb, 0xfb, 0xe8, 0x00, 0x00, 0x00, 0x00, 0x00, 
	0x00, 0x00, 0x00, 0x00, 0x00, 0x00, 0x00, 0x00, 0x00, 0x30, 0x17, 0xff, 0xf0, 0x00, 0x00, 0x00, 
	0x00, 0x00, 0x00, 0x00, 0x00, 0x07, 0xff, 0xf7, 0xff, 0xff, 0xff, 0xff, 0xff, 0xff, 0xff, 0xff, 
	0xff, 0xff, 0xff, 0xff, 0xff, 0xff, 0xfc, 0x00, 0x00, 0x00, 0x00, 0x00, 0x00, 0x00, 0x00, 0x00, 
	0x00, 0x00, 0x00, 0x00, 0x00, 0xa0, 0xaf, 0xef, 0xe8, 0x08, 0x00, 0x00, 0x80, 0x00, 0x08, 0x00, 
	0x00, 0x0e, 0xee, 0xea, 0xee, 0xee, 0xee, 0xee, 0xee, 0xee, 0xee, 0xef, 0xfe, 0xff, 0xff, 0xff, 
	0xee, 0xee, 0xfc, 0x00, 0x00, 0x00, 0x00, 0x00, 0x00, 0x00, 0x00, 0x00, 0x00, 0x00, 0x00, 0x00, 
	0x00, 0xc0, 0x5f, 0xff, 0xf0, 0x00, 0x00, 0x00, 0x00, 0x00, 0x00, 0x00, 0x00, 0x07, 0xff, 0xff, 
	0xff, 0xff, 0xff, 0xff, 0xff, 0xff, 0xff, 0xff, 0xff, 0xff, 0xff, 0xff, 0xff, 0xff, 0xff, 0x00, 
	0x00, 0x00, 0x00, 0x00, 0x00, 0x00, 0x00, 0x00, 0x00, 0x00, 0x00, 0x00, 0x00, 0xa0, 0xff, 0xff, 
	0xa2, 0x00, 0x00, 0x08, 0x00, 0x00, 0x00, 0x00, 0x00, 0x03, 0xbb, 0xbb, 0xfb, 0xbb, 0xbf, 0xfb, 
	0xbf, 0xbf, 0xbf, 0xbf, 0xff, 0xff, 0xff, 0xff, 0xff, 0xff, 0xfb, 0xa0, 0x00, 0x00, 0x00, 0x00, 
	0x00, 0x00, 0x00, 0x00, 0x00, 0x00, 0x00, 0x00, 0x01, 0x01, 0x7f, 0xff, 0xc0, 0x00, 0x00, 0x00, 
	0x00, 0x00, 0x00, 0x00, 0x00, 0x07, 0xff, 0xff, 0xff, 0xff, 0xff, 0xff, 0xff, 0xff, 0xff, 0xff, 
	0xff, 0xff, 0xff, 0xff, 0xff, 0xff, 0xff, 0xe0, 0x00, 0x00, 0x00, 0x00, 0x00, 0x00, 0x00, 0x00, 
	0x00, 0x00, 0x00, 0x00, 0x00, 0x83, 0xbe, 0xef, 0x88, 0x00, 0x00, 0x08, 0x08, 0x00, 0x20, 0x00, 
	0x00, 0x0e, 0xee, 0xef, 0xee, 0xee, 0xee, 0xee, 0xee, 0xef, 0xee, 0xee, 0xfe, 0xff, 0xff, 0xff, 
	0xff, 0xee, 0xee, 0xe8, 0x00, 0x00, 0x00, 0x00, 0x00, 0x00, 0x00, 0x00, 0x00, 0x00, 0x00, 0x00, 
	0x07, 0x07, 0xff, 0xff, 0x80, 0x00, 0x00, 0x04, 0x00, 0x00, 0x00, 0x00, 0x00, 0x07, 0xff, 0xff, 
	0xff, 0xff, 0xff, 0xff, 0xff, 0xff, 0xfc, 0xff, 0xfc, 0x1f, 0xff, 0xff, 0xff, 0xff, 0xff, 0xfd, 
	0x00, 0x60, 0x00, 0x00, 0x00, 0x00, 0x00, 0x00, 0x00, 0x00, 0x00, 0x00, 0x02, 0x0f, 0xfb, 0xff, 
	0x28, 0x00, 0x00, 0x00, 0x00, 0x00, 0x20, 0x00, 0x00, 0x83, 0xbf, 0xbf, 0xbb, 0xff, 0xbf, 0xbb, 
	0xfb, 0xbf, 0xf8, 0xbb, 0xf8, 0x3f, 0xff, 0xff, 0xfb, 0xff, 0xff, 0xbf, 0x80, 0x20, 0x00, 0x00, 
	0x00, 0x00, 0x00, 0x00, 0x00, 0x00, 0x00, 0x00, 0x06, 0x1f, 0xfd, 0xff, 0x00, 0x00, 0x00, 0x00, 
	0x00, 0x00, 0x00, 0x00, 0x00, 0x07, 0xff, 0xff, 0xff, 0xff, 0xff, 0xff, 0xff, 0xff, 0xf0, 0x1f, 
	0xf8, 0x1f, 0xff, 0xff, 0xff, 0xff, 0xff, 0xff, 0xf7, 0x60, 0x00, 0x00, 0x00, 0x00, 0x00, 0x00, 
	0x00, 0x00, 0x00, 0x00, 0x0e, 0x2e, 0xee, 0xee, 0x28, 0x08, 0x00, 0x08, 0x00, 0x00, 0x20, 0x00, 
	0x00, 0x82, 0xee, 0xee, 0xee, 0xee, 0xef, 0xee, 0xee, 0xef, 0xe8, 0x0e, 0xf8, 0xbe, 0xff, 0xfe, 
	0xff, 0xff, 0xff, 0xee, 0xff, 0x80, 0x00, 0x00, 0x00, 0x00, 0x00, 0x00, 0x00, 0x00, 0x00, 0x00, 
	0x0e, 0x7f, 0xff, 0xfc, 0x04, 0x04, 0x00, 0x00, 0x00, 0x00, 0x00, 0x00, 0x00, 0x01, 0xff, 0xff, 
	0xff, 0xff, 0xff, 0xff, 0xff, 0xff, 0xe0, 0x07, 0xf0, 0x7f, 0xff, 0xff, 0xff, 0xff, 0xff, 0xff, 
	0xff, 0x80, 0x00, 0x00, 0x00, 0x00, 0x00, 0x00, 0x00, 0x00, 0x00, 0x00, 0x0f, 0xab, 0xbb, 0xb8, 
	0x08, 0x00, 0x00, 0x28, 0x00, 0x00, 0x20, 0x00, 0x00, 0x83, 0xbb, 0xfb, 0xbb, 0xaf, 0xbf, 0xff, 
	0xfb, 0xff, 0xfa, 0x02, 0xe0, 0xff, 0xff, 0xff, 0xff, 0xff, 0xbf, 0xff, 0xfe, 0x00, 0x00, 0x00, 
	0x00, 0x00, 0x00, 0x00, 0x00, 0x00, 0x00, 0x00, 0x0f, 0xff, 0xff, 0xf0, 0x00, 0x00, 0x00, 0x00, 
	0x00, 0x00, 0x00, 0x00, 0x00, 0x01, 0xff, 0xff, 0xff, 0xff, 0xff, 0xff, 0xff, 0xff, 0xff, 0x00, 
	0xc1, 0xff, 0xff, 0xff, 0xff, 0xff, 0xff, 0xff, 0xf0, 0x00, 0x00, 0x00, 0x00, 0x00, 0x00, 0x00, 
	0x00, 0x00, 0x00, 0x00, 0x0e, 0xae, 0xee, 0xe0, 0x88, 0x08, 0x00, 0x08, 0x00, 0x00, 0x20, 0x00, 
	0x00, 0x88, 0xee, 0xee, 0xee, 0xee, 0xef, 0xfe, 0xef, 0xff, 0xee, 0x88, 0x82, 0xff, 0xff, 0xff, 
	0xee, 0xff, 0xfe, 0xee, 0xe8, 0x00, 0x00, 0x00, 0x00, 0x00, 0x00, 0x00, 0x00, 0x00, 0x00, 0x00, 
	0x3f, 0x7f, 0xff, 0xc0, 0x00, 0x00, 0x00, 0x00, 0x00, 0x00, 0x00, 0x00, 0x00, 0x00, 0xff, 0xff, 
	0xff, 0xff, 0xff, 0xff, 0xff, 0xff, 0xff, 0xd0, 0x07, 0xff, 0xff, 0xff, 0xff, 0xff, 0xff, 0xfc, 
	0x00, 0x00, 0x00, 0x00, 0x00, 0x00, 0x00, 0x00, 0x00, 0x00, 0x00, 0x02, 0xba, 0xbb, 0xbb, 0xa0, 
	0xa0, 0x08, 0x00, 0x20, 0x00, 0x00, 0xa0, 0x08, 0x00, 0x88, 0xbb, 0xfb, 0xfb, 0xbf, 0xbf, 0xff, 
	0xbb, 0xff, 0xff, 0xfa, 0x2f, 0xff, 0xff, 0xff, 0xfb, 0xbe, 0xff, 0xaa, 0x00, 0x00, 0x00, 0x00, 
	0x00, 0x00, 0x00, 0x00, 0x00, 0x00, 0x00, 0x03, 0xff, 0xff, 0xff, 0x00, 0x00, 0x00, 0x00, 0x00, 
	0x00, 0x00, 0x00, 0x00, 0x00, 0x00, 0xff, 0xff, 0xff, 0xff, 0xff, 0xff, 0xff, 0xff, 0xff, 0xfe, 
	0x07, 0xff, 0xff, 0xff, 0xff, 0xff, 0xff, 0x00, 0x00, 0x00, 0x00, 0x00, 0x00, 0x00, 0x00, 0x00, 
	0x00, 0x00, 0x00, 0x0b, 0xee, 0xee, 0xee, 0x80, 0xa0, 0x08, 0x00, 0x08, 0x80, 0x00, 0xa0, 0x08, 
	0x00, 0x88, 0xae, 0xee, 0xef, 0xef, 0xee, 0xff, 0xee, 0xee, 0xfe, 0xfe, 0x80, 0xff, 0xef, 0xfe, 
	0xee, 0xee, 0xfe, 0x80, 0x00, 0x00, 0x00, 0x00, 0x00, 0x00, 0x00, 0x00, 0x00, 0x00, 0x00, 0x3f, 
	0xfd, 0xff, 0xfd, 0x01, 0x00, 0x00, 0x00, 0x00, 0x00, 0x00, 0x00, 0x00, 0x00, 0x00, 0x7f, 0xff, 
	0xff, 0xff, 0xfd, 0xff, 0xff, 0xff, 0xff, 0xfc, 0x40, 0xff, 0xff, 0xff, 0xff, 0xfe, 0xff, 0xc0, 
	0x00, 0x00, 0x00, 0x00, 0x00, 0x00, 0x00, 0x00, 0x00, 0x00, 0x02, 0xbe, 0xab, 0xeb, 0xba, 0x03, 
	0x80, 0x20, 0x00, 0x20, 0x80, 0x00, 0xa0, 0x08, 0x00, 0x08, 0x3e, 0xff, 0xfb, 0xff, 0xba, 0xff, 
	0xbf, 0xff, 0xfb, 0xf8, 0x20, 0x2f, 0xff, 0xbf, 0xeb, 0xba, 0xbb, 0x80, 0x00, 0x00, 0x00, 0x00, 
	0x00, 0x00, 0x00, 0x00, 0x00, 0x00, 0xf3, 0xff, 0x77, 0xff, 0xf8, 0x03, 0x00, 0x00, 0x00, 0x00, 
	0x00, 0x00, 0x00, 0x00, 0x00, 0x00, 0x3f, 0xff, 0xff, 0xff, 0xfc, 0xff, 0xff, 0xff, 0xff, 0xf0, 
	0x30, 0x1f, 0xff, 0xff, 0xe7, 0xff, 0xff, 0xc0, 0x00, 0x00, 0x00, 0x00, 0x00, 0x00, 0x00, 0x00, 
	0x00, 0x00, 0xff, 0xea, 0xaa, 0xfe, 0xe8, 0xa2, 0x80, 0x00, 0x00, 0x28, 0x80, 0x00, 0xa0, 0x08, 
	0x00, 0x08, 0x2e, 0xee, 0xfe, 0xef, 0xea, 0xef, 0xff, 0xff, 0xfe, 0xe0, 0xb8, 0x0f, 0xef, 0xef, 
	0xee, 0xee, 0xae, 0xe0, 0x00, 0x00, 0x00, 0x00, 0x00, 0x00, 0x00, 0x00, 0x00, 0x00, 0xff, 0xdf, 
	0xff, 0xff, 0xc1, 0xe7, 0x00, 0x00, 0x00, 0x00, 0x00, 0x00, 0x10, 0x00, 0x00, 0x00, 0x1f, 0xff, 
	0xff, 0xff, 0xfc, 0x7f, 0xff, 0xff, 0xff, 0xc0, 0xfe, 0x07, 0xff, 0xff, 0xff, 0xff, 0xdf, 0xf0, 
	0x00, 0x00, 0x00, 0x00, 0x00, 0x00, 0x00, 0x00, 0x00, 0x00, 0xfa, 0xaa, 0xbf, 0xfb, 0x83, 0xee, 
	0x00, 0x20, 0x00, 0x20, 0x00, 0x00, 0xb0, 0x00, 0x00, 0x2a, 0x3f, 0xfb, 0xff, 0xaf, 0xfa, 0xbb, 
	0xff, 0xff, 0xff, 0xe0, 0xfe, 0x83, 0xff, 0xfe, 0xfb, 0xbb, 0xab, 0xf8, 0x00, 0x00, 0x00, 0x00, 
	0x00, 0x00, 0x00, 0x00, 0x00, 0x00, 0x3f, 0xff, 0xff, 0x79, 0x1f, 0xcf, 0x1c, 0x00, 0x10, 0x00, 
	0x00, 0x00, 0x30, 0x00, 0x00, 0x00, 0x1f, 0xff, 0xff, 0xff, 0xfc, 0x1f, 0xff, 0xff, 0xff, 0x01, 
	0xff, 0xdf, 0xff, 0xff, 0xff, 0xff, 0xff, 0xfc, 0x00, 0x00, 0x00, 0x00, 0x00, 0x00, 0x00, 0x00, 
	0x00, 0x00, 0x3f, 0xfe, 0xfe, 0xa8, 0xbf, 0xce, 0xba, 0x80, 0x2c, 0x20, 0x00, 0x00, 0xa8, 0x08, 
	0x00, 0x08, 0x8e, 0xee, 0xff, 0xef, 0xee, 0xae, 0xee, 0xff, 0xff, 0x83, 0xff, 0xaf, 0xef, 0xff, 
	0xae, 0xee, 0xee, 0xee, 0x88, 0x00, 0x00, 0x00, 0x00, 0x00, 0x00, 0x00, 0x00, 0x00, 0x1f, 0xff, 
	0xff, 0xdd, 0xff, 0xce, 0x7f, 0x40, 0x7e, 0x40, 0x00, 0x00, 0x70, 0x00, 0x00, 0x00, 0xcf, 0xff, 
	0xff, 0xff, 0xfc, 0x1f, 0xff, 0xff, 0xfe, 0x03, 0xff, 0xff, 0xff, 0xff, 0xfd, 0xff, 0xff, 0xff, 
	0x5c, 0x00, 0x00, 0x00, 0x00, 0x00, 0x00, 0x00, 0x00, 0x00, 0x0e, 0xae, 0xfb, 0xff, 0xff, 0xbe, 
	0x3a, 0xa0, 0xbe, 0x22, 0x00, 0x02, 0xf0, 0x08, 0x00, 0x2a, 0xaf, 0xff, 0xff, 0xff, 0xfa, 0x2b, 
	0xff, 0xff, 0xfe, 0x0f, 0xbb, 0xff, 0xfb, 0xff, 0xfb, 0xff, 0xab, 0xbb, 0xf8, 0x00, 0x20, 0x00, 
	0x00, 0x00, 0x00, 0x00, 0x00, 0x00, 0x07, 0xff, 0xff, 0xff, 0xff, 0x9e, 0x7f, 0x81, 0xff, 0x00, 
	0x00, 0x00, 0x70, 0x00, 0x00, 0x01, 0xc7, 0xff, 0xff, 0xff, 0xfc, 0x17, 0xff, 0xff, 0xfe, 0x07, 
	0xff, 0xff, 0xff, 0xff, 0xff, 0xff, 0xff, 0xff, 0xf0, 0x00, 0x60, 0x00, 0x00, 0x00, 0x00, 0x00, 
	0x00, 0x00, 0x00, 0xee, 0xae, 0xef, 0xfe, 0xba, 0x2e, 0xe3, 0xfa, 0x80, 0x00, 0x00, 0xf8, 0x08, 
	0x00, 0x02, 0xea, 0xfe, 0xef, 0xef, 0xea, 0x0b, 0xfe, 0xef, 0xfe, 0x8e, 0xee, 0xff, 0xff, 0xff, 
	0xff, 0xfe, 0xee, 0xee, 0xee, 0xa0, 0xe0, 0x00, 0x00, 0x00, 0x00, 0x00, 0x00, 0x00, 0x01, 0xff, 
	0xdf, 0xff, 0xff, 0x78, 0x0f, 0xe7, 0xfc, 0x44, 0x00, 0x00, 0x70, 0x00, 0x00, 0x00, 0xf3, 0xff, 
	0xff, 0xff, 0xfc, 0x07, 0xff, 0xff, 0xff, 0xdf, 0xff, 0xff, 0xff, 0xff, 0xff, 0xff, 0xff, 0xff, 
	0xff, 0xe7, 0xe0, 0x00, 0x00, 0x00, 0x00, 0x00, 0x00, 0x00, 0x00, 0xba, 0xbb, 0xab, 0xbe, 0x3a, 
	0x2b, 0xeb, 0xe8, 0x22, 0x00, 0x00, 0xe8, 0x22, 0x00, 0x02, 0xfb, 0xff, 0xff, 0xff, 0xfa, 0x02, 
	0xff, 0xff, 0xff, 0xbb, 0xbf, 0xff, 0xff, 0xfe, 0xff, 0xff, 0xff, 0xff, 0xab, 0xff, 0xe0, 0x00, 
	0x00, 0x00, 0x00, 0x00, 0x00, 0x00, 0x00, 0x1f, 0xff, 0xff, 0xff, 0x78, 0x03, 0xff, 0xe0, 0x00, 
	0x00, 0x00, 0xd0, 0x00, 0x00, 0x01, 0xf9, 0xff, 0xff, 0xff, 0xfc, 0x00, 0xff, 0xff, 0xff, 0xff, 
	0xff, 0xff, 0xff, 0xff, 0xff, 0xff, 0xff, 0xff, 0xff, 0xff, 0x80, 0x00, 0x00, 0x00, 0x00, 0x00, 
	0x00, 0x00, 0x00, 0x0e, 0xbe, 0xaa, 0xf8, 0x38, 0x23, 0xef, 0xe0, 0x80, 0x00, 0x88, 0xe8, 0x08, 
	0x00, 0x0a, 0xf8, 0xff, 0xef, 0xef, 0xf8, 0x00, 0xef, 0xff, 0xff, 0xee, 0xfe, 0xff, 0xfe, 0xff, 
	0xff, 0xef, 0xff, 0xee, 0xee, 0xef, 0x80, 0x00, 0x00, 0x00, 0x00, 0x00, 0x00, 0x00, 0x00, 0x0d, 
	0xff, 0xff, 0xfc, 0xf0, 0x01, 0xff, 0xc0, 0x40, 0x00, 0x00, 0xc0, 0x00, 0x00, 0x00, 0xfc, 0x7f, 
	0xff, 0xff, 0xf4, 0x00, 0xff, 0xff, 0xff, 0xff, 0xff, 0xff, 0xff, 0xff, 0xff, 0xff, 0xff, 0xff, 
	0xff, 0xff, 0x01, 0x54, 0x55, 0x55, 0x00, 0x00, 0x00, 0x00, 0x00, 0x00, 0xfa, 0xaf, 0xf8, 0xe0, 
	0x20, 0xff, 0x80, 0x88, 0x02, 0x8b, 0xa8, 0x22, 0x00, 0x08, 0xfe, 0x3f, 0xff, 0xff, 0xba, 0x00, 
	0x3f, 0xff, 0xff, 0xbb, 0xff, 0xff, 0xff, 0xff, 0xfb, 0xbe, 0xff, 0xff, 0xff, 0xfe, 0x03, 0xff, 
	0xff, 0xff, 0x80, 0x00, 0x00, 0x00, 0x00, 0x00, 0xff, 0xff, 0xf1, 0xf0, 0x00, 0xff, 0x00, 0x00, 
	0x00, 0x01, 0x80, 0x00, 0x00, 0x01, 0xff, 0x7f, 0xff, 0xff, 0xf0, 0x05, 0x7f, 0xff, 0xff, 0xff, 
	0xff, 0xff, 0xff, 0xff, 0xff, 0xff, 0xff, 0xff, 0xff, 0xfe, 0x07, 0xff, 0xff, 0xff, 0x00, 0x00, 
	0x00, 0x00, 0x00, 0x00, 0xaa, 0xff, 0xeb, 0xe0, 0x02, 0xff, 0xa0, 0x88, 0x02, 0x8a, 0x88, 0x28, 
	0x80, 0x08, 0xfe, 0xbf, 0xff, 0xfe, 0xe8, 0xaf, 0xee, 0xfe, 0xff, 0xee, 0xfe, 0xff, 0xfe, 0xfe, 
	0xae, 0xfe, 0xff, 0xee, 0xee, 0xf8, 0x2a, 0xaa, 0xaa, 0xaa, 0xa8, 0x00, 0x00, 0x00, 0x00, 0x00, 
	0x00, 0xff, 0xf7, 0xe0, 0x43, 0xff, 0xc0, 0x40, 0x00, 0x03, 0x04, 0x00, 0x00, 0x00, 0xff, 0xdf, 
	0xff, 0xff, 0xf4, 0xff, 0x07, 0xff, 0xff, 0xff, 0xff, 0xff, 0xff, 0xfc, 0x07, 0xff, 0xff, 0xff, 
	0xff, 0xf8, 0x7c, 0x00, 0x00, 0x00, 0xf8, 0x00, 0x00, 0x00, 0x00, 0x00, 0x02, 0xff, 0xeb, 0xe0, 
	0x2f, 0xef, 0xe8, 0x88, 0x02, 0x0a, 0x8a, 0x2a, 0x80, 0x00, 0xff, 0xaf, 0xff, 0xff, 0xfb, 0xfa, 
	0x2b, 0xbf, 0xbf, 0xfb, 0xff, 0xff, 0xff, 0xfa, 0x23, 0xbe, 0xbf, 0xff, 0xbb, 0xf8, 0xba, 0x00, 
	0x00, 0x00, 0xaa, 0x00, 0x00, 0x00, 0x00, 0x00, 0x03, 0xff, 0xf7, 0xc0, 0x7f, 0xe7, 0xf0, 0x00, 
	0x04, 0x06, 0x02, 0x04, 0x00, 0x00, 0x7f, 0xf7, 0xff, 0xff, 0xff, 0xd0, 0x01, 0xff, 0xff, 0xff, 
	0xff, 0xff, 0xff, 0xf9, 0xf1, 0xff, 0xff, 0xff, 0xff, 0xc1, 0xc0, 0x00, 0x00, 0x00, 0x07, 0x00, 
	0x00, 0x00, 0x00, 0x00, 0x03, 0xfe, 0xef, 0xc0, 0x3f, 0xef, 0xe8, 0xa8, 0x0a, 0x0e, 0x8a, 0x08, 
	0x80, 0x02, 0x3f, 0xeb, 0xff, 0xff, 0xfe, 0xa8, 0x0a, 0xee, 0xff, 0xef, 0xfe, 0xef, 0xff, 0xeb, 
	0xe8, 0xee, 0xfe, 0xee, 0xef, 0x8a, 0x80, 0x00, 0x00, 0x00, 0x0e, 0x80, 0x00, 0x00, 0x00, 0x00, 
	0x07, 0xff, 0xcf, 0x80, 0xff, 0x81, 0xfc, 0x40, 0x04, 0x0c, 0x00, 0x00, 0x00, 0x00, 0x7f, 0xfd, 
	0xff, 0xff, 0xfc, 0x40, 0x00, 0x7f, 0xff, 0xff, 0xff, 0xff, 0xff, 0xff, 0xdc, 0xff, 0xff, 0xff, 
	0xff, 0x03, 0x80, 0x00, 0x00, 0x00, 0x07, 0xc0, 0x00, 0x00, 0x00, 0x00, 0x0e, 0xbf, 0xef, 0x80, 
	0xfe, 0xa0, 0xfe, 0xa0, 0x0a, 0x0e, 0x02, 0x08, 0xa0, 0x02, 0x3f, 0xfa, 0xff, 0xff, 0xea, 0x00, 
	0x02, 0xbb, 0xff, 0xbb, 0xbf, 0xff, 0xff, 0xff, 0xfa, 0xfb, 0xff, 0xff, 0xfe, 0x0a, 0x80, 0x00, 
	0x00, 0x00, 0x02, 0xa0, 0x00, 0x00, 0x00, 0x00, 0x07, 0xff, 0xef, 0x00, 0xfe, 0x00, 0x7c, 0x40, 
	0x00, 0x0c, 0x01, 0x00, 0x00, 0x00, 0x3f, 0xff, 0xff, 0xff, 0xe4, 0x00, 0x00, 0x5f, 0xff, 0xff, 
	0xff, 0xff, 0xff, 0xff, 0xf6, 0x3f, 0xff, 0xff, 0xf0, 0x0c, 0x00, 0x00, 0x00, 0x00, 0x01, 0xe0, 
	0x00, 0x00, 0x00, 0x00, 0x0e, 0xae, 0xef, 0x80, 0xb8, 0x20, 0x38, 0xa0, 0x08, 0x8a, 0x88, 0x82, 
	0xa0, 0x00, 0xbf, 0xfe, 0xfe, 0xfe, 0xe8, 0x00, 0x00, 0xab, 0xef, 0xee, 0xff, 0xff, 0xff, 0xee, 
	0xee, 0x3e, 0xef, 0xee, 0xa0, 0x0e, 0x80, 0x00, 0x00, 0x00, 0x00, 0xe0, 0x00, 0x00, 0x00, 0x00, 
	0x0f, 0xff, 0xef, 0x00, 0x78, 0x00, 0x7c, 0x40, 0x0d, 0xfd, 0x01, 0x9c, 0x00, 0x00, 0x3f, 0xff, 
	0xff, 0xff, 0xc0, 0x00, 0x00, 0x07, 0xff, 0xff, 0xff, 0xff, 0xff, 0xff, 0x7e, 0x3f, 0xff, 0xfe, 
	0x00, 0x0c, 0x00, 0x00, 0x00, 0x00, 0x00, 0xc0, 0x00, 0x00, 0x00, 0x00, 0x3b, 0xaf, 0xee, 0x00, 
	0x00, 0x20, 0x00, 0xa0, 0x3e, 0xbf, 0xff, 0xba, 0x80, 0x00, 0xbf, 0xfb, 0xff, 0xff, 0xa8, 0x00, 
	0x00, 0x0a, 0xfb, 0xbf, 0xff, 0xff, 0xff, 0xff, 0xbe, 0x3f, 0xff, 0xff, 0xa2, 0x0e, 0x00, 0x00, 
	0x00, 0x00, 0x02, 0xe0, 0x00, 0x00, 0x00, 0x00, 0x3f, 0xff, 0xfe, 0x00, 0x00, 0x00, 0x00, 0x40, 
	0x10, 0x3f, 0xff, 0x9c, 0x00, 0x00, 0x3f, 0xff, 0xff, 0xff, 0xc0, 0x00, 0x00, 0x01, 0xff, 0xff, 
	0xff, 0xff, 0xff, 0xff, 0xff, 0x3f, 0xff, 0xff, 0xf3, 0x14, 0x00, 0x00, 0x00, 0x00, 0x01, 0x70, 
	0x00, 0x00, 0x00, 0x00, 0xea, 0xee, 0xfc, 0x00, 0x80, 0x20, 0x00, 0x08, 0x08, 0x2a, 0xae, 0x8e, 
	0x88, 0x00, 0x8f, 0xff, 0xef, 0xef, 0xe8, 0x00, 0x8a, 0xaa, 0xaf, 0xee, 0xff, 0xef, 0xff, 0xef, 
	0xef, 0xbf, 0xff, 0xff, 0xee, 0xa8, 0x00, 0x00, 0x00, 0x00, 0x02, 0xb8, 0x00, 0x00, 0x00, 0x00, 
	0xed, 0xff, 0xfc, 0x00, 0x00, 0x00, 0x00, 0x1c, 0x10, 0x74, 0x04, 0x4e, 0x00, 0x00, 0x1f, 0xff, 
	0xff, 0xff, 0xc0, 0x00, 0x44, 0x44, 0x5f, 0xff, 0xff, 0xff, 0xff, 0xff, 0xc7, 0x3f, 0xff, 0xff, 
	0xfe, 0x70, 0x00, 0x00, 0x00, 0x00, 0x00, 0x78, 0x00, 0x00, 0x00, 0x00, 0xff, 0xbf, 0xf8, 0x00, 
	0x80, 0x20, 0x00, 0x28, 0x28, 0xaa, 0x22, 0xaa, 0x00, 0x00, 0x2f, 0xff, 0xff, 0xaf, 0xa0, 0xaa, 
	0x80, 0xeb, 0xeb, 0xfb, 0xff, 0xff, 0xff, 0xff, 0xab, 0xbf, 0xff, 0xff, 0xfa, 0x38, 0x00, 0x00, 
	0x00, 0x00, 0x02, 0xb8, 0x00, 0x00, 0x00, 0x01, 0xff, 0xff, 0xf0, 0x40, 0x00, 0x00, 0x00, 0x30, 
	0x30, 0xc0, 0x01, 0x62, 0x00, 0x00, 0x0f, 0xff, 0xff, 0xdf, 0x87, 0xf8, 0x07, 0xdf, 0x87, 0xff, 
	0xff, 0xff, 0xff, 0xff, 0xc1, 0x3f, 0xff, 0xff, 0xf8, 0x70, 0x01, 0x40, 0x10, 0x01, 0x01, 0x38, 
	0x00, 0x00, 0x00, 0x03, 0xae, 0xfa, 0xe8, 0x80, 0x80, 0x20, 0x00, 0x20, 0x28, 0xe8, 0x02, 0xa0, 
	0x20, 0x00, 0x0b, 0xff, 0xff, 0xef, 0xae, 0x80, 0xbf, 0xbf, 0xab, 0xee, 0xff, 0xef, 0xff, 0xff, 
	0xca, 0xbf, 0xef, 0xff, 0xe8, 0x28, 0x03, 0xe0, 0xb8, 0x0b, 0x82, 0xb8, 0x00, 0x00, 0x00, 0x01, 
	0xff, 0xff, 0xe0, 0x00, 0x00, 0x00, 0x00, 0x30, 0x11, 0xc0, 0x00, 0x50, 0x00, 0x00, 0x07, 0xff, 
	0xff, 0xdf, 0xfc, 0x07, 0xff, 0xff, 0xff, 0xff, 0xff, 0xff, 0xff, 0xff, 0xc1, 0x3f, 0xff, 0xff, 
	0xc0, 0x70, 0x07, 0xf0, 0xfc, 0x0f, 0xc0, 0x78, 0x00, 0x00, 0x00, 0x0e, 0xba, 0xeb, 0xe0, 0x82, 
	0x00, 0x20, 0x08, 0x20, 0x2b, 0xa0, 0x00, 0xa8, 0x2a, 0x00, 0x03, 0xff, 0xfb, 0xbf, 0xe8, 0xaf, 
	0xff, 0xff, 0xff, 0xff, 0xff, 0xff, 0xff, 0xbf, 0xe2, 0x3f, 0xff, 0xfa, 0x00, 0x38, 0x0f, 0xe0, 
	0xfe, 0x0f, 0xe2, 0xb8, 0x00, 0x00, 0x00, 0x1f, 0xff, 0xcf, 0xc1, 0x00, 0x00, 0x00, 0x00, 0x10, 
	0x31, 0x80, 0x00, 0x18, 0x10, 0x00, 0x03, 0xff, 0xff, 0x7f, 0xf1, 0xff, 0xff, 0xff, 0xff, 0xff, 
	0xff, 0xff, 0xff, 0xff, 0xf0, 0x7f, 0xff, 0xc0, 0x00, 0x70, 0x07, 0xf0, 0xfe, 0x1f, 0xe1, 0x78, 
	0x00, 0x08, 0x00, 0xaa, 0xee, 0xce, 0x82, 0x80, 0x80, 0x20, 0x08, 0x28, 0x2a, 0xa0, 0x00, 0x08, 
	0x08, 0x80, 0x82, 0xef, 0xef, 0xbe, 0x8f, 0xff, 0xff, 0xff, 0xff, 0xfe, 0xff, 0xfe, 0xff, 0xbf, 
	0xea, 0xfe, 0xff, 0x80, 0x00, 0x38, 0x0b, 0xe0, 0xba, 0x0f, 0xa2, 0xb8, 0x00, 0x0c, 0x01, 0xdd, 
	0xff, 0xcf, 0x80, 0x00, 0x00, 0x00, 0x00, 0x00, 0x76, 0x40, 0x00, 0x04, 0x1c, 0x00, 0x40, 0xff, 
	0xff, 0x7e, 0x7f, 0xff, 0xff, 0xff, 0xff, 0xff, 0xff, 0xff, 0xff, 0xff, 0xfc, 0xff, 0xff, 0xc0, 
	0x00, 0x70, 0x01, 0xc0, 0x38, 0x07, 0x81, 0x78, 0x00, 0x0e, 0xab, 0xaa, 0xbb, 0x8f, 0x82, 0x00, 
	0x80, 0x20, 0x00, 0x00, 0x2e, 0xa0, 0x00, 0x0a, 0x0e, 0x80, 0x22, 0xff, 0xfe, 0xbe, 0xff, 0xff, 
	0xff, 0xff, 0xff, 0xfb, 0xfb, 0xff, 0xff, 0xbe, 0xfa, 0xff, 0xfb, 0xe0, 0x00, 0x38, 0x00, 0x80, 
	0x28, 0x02, 0x82, 0xb8, 0x00, 0x03, 0xff, 0xff, 0xff, 0x9c, 0x0c, 0x00, 0x00, 0x00, 0x00, 0x18, 
	0x77, 0x00, 0x15, 0x51, 0x1c, 0x00, 0x00, 0x7f, 0xff, 0x7f, 0xff, 0xff, 0xff, 0xff, 0xff, 0xff, 
	0xff, 0xff, 0xff, 0xff, 0xfd, 0xff, 0xfb, 0xc0, 0x00, 0x70, 0x00, 0x00, 0x00, 0x00, 0x01, 0x78, 
	0x00, 0x0b, 0xee, 0xae, 0xaf, 0x88, 0x8a, 0x02, 0x80, 0x80, 0x08, 0x08, 0x8a, 0xaa, 0xaa, 0xef, 
	0x8a, 0xa0, 0x22, 0xaf, 0xfe, 0xbf, 0xff, 0xff, 0xff, 0xfa, 0xbf, 0xee, 0xff, 0xee, 0xff, 0xee, 
	0xfe, 0xfe, 0xfb, 0xe0, 0x00, 0x38, 0x00, 0x00, 0x00, 0x00, 0x0a, 0xb8, 0x00, 0x01, 0xff, 0xff, 
	0xff, 0x80, 0x1c, 0x00, 0x00, 0x00, 0x00, 0x1c, 0xdc, 0x04, 0x00, 0x07, 0x01, 0x00, 0x00, 0xdf, 
	0xfe, 0x7f, 0xff, 0xff, 0xff, 0xfd, 0xdf, 0xff, 0xff, 0xff, 0xff, 0xff, 0xff, 0xff, 0xfb, 0xc0, 
	0x00, 0x70, 0x00, 0x00, 0x00, 0x00, 0x05, 0x78, 0x00, 0x00, 0x2f, 0xff, 0xaa, 0x82, 0x3a, 0x02, 
	0x80, 0x20, 0x00, 0x08, 0xfa, 0xaa, 0x02, 0xaa, 0x83, 0x88, 0x00, 0xff, 0xfa, 0xeb, 0xff, 0xfe, 
	0x3b, 0xba, 0xbf, 0xab, 0xfb, 0xff, 0xbf, 0xbf, 0xff, 0xff, 0xba, 0xe0, 0x00, 0x38, 0x00, 0x00, 
	0x00, 0x00, 0x02, 0xb8, 0x00, 0x00, 0x0f, 0xff, 0x80, 0x07, 0x78, 0x01, 0xc0, 0x00, 0x00, 0x0c, 
	0x77, 0x83, 0xff, 0xf0, 0x43, 0xc0, 0x00, 0x7f, 0xfc, 0xcf, 0xff, 0xff, 0x7f, 0xf8, 0x7f, 0xff, 
	0xff, 0xff, 0xff, 0x9f, 0xff, 0xff, 0xf8, 0xc0, 0x00, 0x7c, 0x00, 0x00, 0x00, 0x00, 0x01, 0x78, 
	0x00, 0x00, 0x08, 0xae, 0xa8, 0xae, 0xf8, 0x08, 0x80, 0xa0, 0x80, 0x0e, 0xea, 0xeb, 0xff, 0xfa, 
	0xab, 0xe8, 0x08, 0xbf, 0xfa, 0xef, 0xef, 0xee, 0xea, 0xe8, 0xae, 0xee, 0xef, 0xfe, 0xfe, 0x8f, 
	0xff, 0xee, 0xf8, 0xe0, 0x00, 0x2e, 0x00, 0x00, 0x00, 0x00, 0x00, 0xa8, 0x00, 0x00, 0x00, 0x1f, 
	0xfd, 0x5e, 0xf8, 0x05, 0x80, 0x00, 0x00, 0x04, 0x7c, 0xff, 0xff, 0xff, 0xd1, 0xf0, 0x00, 0x3f, 
	0xff, 0xff, 0xc7, 0xf7, 0xfd, 0xf0, 0xf7, 0xff, 0xff, 0xff, 0xfe, 0x4f, 0xff, 0xff, 0xf0, 0xc0, 
	0x00, 0x0c, 0x00, 0x00, 0x00, 0x00, 0x01, 0xc0, 0x00, 0x00, 0x00, 0x3b, 0xa8, 0x0e, 0xf8, 0x02, 
	0x80, 0x20, 0x80, 0x0e, 0xfe, 0xff, 0xff, 0xff, 0xaa, 0xaa, 0x00, 0x3f, 0xfa, 0xbf, 0xab, 0xeb, 
	0xea, 0xa0, 0xee, 0xbf, 0xff, 0xff, 0xfe, 0x2e, 0xff, 0xfb, 0xe0, 0xe0, 0x00, 0x0a, 0x00, 0x00, 
	0x00, 0x00, 0x02, 0xe0, 0x00, 0x00, 0x00, 0x7f, 0x00, 0x0e, 0xf0, 0x04, 0x00, 0x00, 0x00, 0x07, 
	0xff, 0xff, 0xff, 0xff, 0xf0, 0xdc, 0x04, 0x1f, 0xfe, 0x0f, 0x01, 0xd1, 0xc0, 0xc1, 0xf7, 0xff, 
	0xff, 0xff, 0xfe, 0x7c, 0xff, 0xff, 0xe0, 0xc0, 0x00, 0x03, 0x00, 0x00, 0x00, 0x00, 0x01, 0xc0, 
	0x00, 0x00, 0x00, 0xaf, 0x80, 0x0e, 0xe8, 0x0a, 0x80, 0x20, 0x80, 0x0f, 0xff, 0xff, 0xff, 0xff, 
	0xe8, 0xec, 0x0a, 0x0f, 0xee, 0xae, 0x83, 0xa8, 0xe8, 0x8a, 0xee, 0xef, 0xff, 0xfe, 0xee, 0x2a, 
	0xff, 0xff, 0xe0, 0xe0, 0x00, 0x03, 0x80, 0x00, 0x00, 0x00, 0x0a, 0xe0, 0x00, 0x00, 0x00, 0x7f, 
	0x00, 0x11, 0xf0, 0x04, 0x00, 0x00, 0x05, 0xdf, 0xff, 0xff, 0xff, 0xff, 0xfc, 0x74, 0x00, 0x0f, 
	0xfc, 0x0c, 0x00, 0x40, 0x01, 0x8e, 0x5f, 0xff, 0xff, 0xff, 0xff, 0xc7, 0xff, 0xff, 0xc0, 0xc0, 
	0x00, 0x03, 0xc0, 0x00, 0x00, 0x00, 0x07, 0x00, 0x00, 0x00, 0x00, 0x3e, 0x00, 0x0b, 0xb8, 0x08, 
	0x80, 0x28, 0x2f, 0xff, 0xff, 0xff, 0xff, 0xff, 0xfe, 0x2a, 0xaa, 0x03, 0xfa, 0x2a, 0x00, 0xea, 
	0x0a, 0x3e, 0xbf, 0xbf, 0xff, 0xbf, 0xff, 0x8b, 0xff, 0xff, 0xe0, 0xe0, 0x00, 0x00, 0xe0, 0x00, 
	0x00, 0x00, 0x0a, 0x00, 0x00, 0x00, 0x00, 0x7c, 0x00, 0x13, 0x30, 0x00, 0x00, 0x00, 0x05, 0x7f, 
	0xff, 0xff, 0xff, 0xdf, 0xff, 0x14, 0x71, 0x01, 0xfc, 0x00, 0x00, 0x50, 0x03, 0xff, 0xdf, 0xff, 
	0xff, 0xff, 0xff, 0x1f, 0xff, 0xff, 0xc0, 0x40, 0x00, 0x00, 0x7c, 0x00, 0x00, 0x00, 0x7c, 0x00, 
	0x00, 0x00, 0x00, 0xb8, 0x00, 0x23, 0xa0, 0x08, 0xa0, 0x88, 0x00, 0xaf, 0xff, 0xeb, 0xef, 0xee, 
	0xee, 0xa8, 0xaa, 0x80, 0xfe, 0x80, 0x80, 0x8a, 0xaf, 0xea, 0xae, 0xfe, 0xef, 0xfe, 0xee, 0xbf, 
	0xff, 0xff, 0x82, 0x80, 0x00, 0x00, 0x8e, 0x00, 0x00, 0x00, 0xf8, 0x00, 0x00, 0x00, 0x01, 0x7c, 
	0x00, 0x67, 0xe0, 0x00, 0xc0, 0x08, 0x00, 0x01, 0xff, 0x4f, 0xfd, 0xff, 0xf4, 0x5c, 0x7c, 0x41, 
	0xff, 0xc0, 0x00, 0x5f, 0xff, 0xdc, 0xdf, 0xff, 0xff, 0xff, 0xfc, 0x1f, 0xff, 0xff, 0x83, 0x00, 
	0x00, 0x00, 0x1c, 0x00, 0x00, 0x00, 0xf8, 0x00, 0x00, 0x00, 0x03, 0xb8, 0x00, 0x22, 0xa0, 0x08, 
	0xe2, 0x88, 0x00, 0xab, 0xff, 0xaa, 0xfa, 0xfa, 0xa2, 0x2a, 0xeb, 0xb8, 0xba, 0xa0, 0x02, 0xaa, 
	0xaa, 0xaa, 0xbf, 0xff, 0xff, 0xff, 0xfe, 0xbf, 0xff, 0xff, 0x82, 0x00, 0x00, 0x00, 0x28, 0x3f, 
	0xff, 0xff, 0xa8, 0x00, 0x00, 0x00, 0x01, 0xfc, 0x00, 0x66, 0x40, 0x19, 0xc1, 0x10, 0x00, 0x11, 
	0xff, 0xc1, 0xf0, 0x71, 0x70, 0x04, 0xf7, 0xf8, 0x1c, 0x00, 0x00, 0x00, 0x11, 0x71, 0x7f, 0xff, 
	0xff, 0xff, 0xff, 0x1f, 0xff, 0xff, 0x06, 0x00, 0x00, 0x00, 0x78, 0x7f, 0xff, 0xff, 0x00, 0x00, 
	0x00, 0x00, 0x00, 0xe8, 0x00, 0x2e, 0xc8, 0x08, 0xe0, 0x88, 0x08, 0x88, 0xef, 0xe8, 0xaa, 0xaa, 
	0xe0, 0xaa, 0xea, 0xea, 0xae, 0x80, 0x00, 0x88, 0xa8, 0xaa, 0xee, 0xff, 0xee, 0xfe, 0xef, 0x8e, 
	0xff, 0xef, 0x88, 0x00, 0x00, 0x00, 0xaa, 0xea, 0xee, 0xee, 0x80, 0x00, 0x00, 0x00, 0x01, 0xf0, 
	0x00, 0x67, 0x40, 0x1c, 0xc4, 0x10, 0x00, 0x00, 0xe7, 0xf0, 0x34, 0x01, 0xc0, 0x19, 0xe5, 0xef, 
	0xc7, 0xc0, 0x00, 0x00, 0x00, 0x40, 0x7f, 0xff, 0xff, 0xff, 0xff, 0xcf, 0xff, 0xff, 0xd8, 0x00, 
	0x00, 0x00, 0xe7, 0xc0, 0x00, 0x00, 0x00, 0x00, 0x00, 0x00, 0x03, 0xe0, 0x00, 0x2a, 0xa0, 0x2a, 
	0xe2, 0x88, 0x02, 0x20, 0xef, 0xf8, 0x3a, 0x03, 0x80, 0x2a, 0xaa, 0xaf, 0xaf, 0xf8, 0x20, 0x02, 
	0xaa, 0xaa, 0xff, 0xff, 0xff, 0xfb, 0xff, 0x8e, 0xbf, 0xbf, 0xe0, 0x00, 0x00, 0x00, 0xeb, 0x80, 
	0x00, 0x00, 0x00, 0x00, 0x00, 0x00, 0x01, 0xf0, 0x00, 0x6d, 0x40, 0x10, 0xc0, 0x00, 0x00, 0x00, 
	0x7f, 0xfc, 0x07, 0x05, 0x00, 0x70, 0x47, 0x05, 0x05, 0x50, 0x00, 0x00, 0x00, 0x01, 0xff, 0xff, 
	0xff, 0xff, 0xff, 0xdf, 0xff, 0x9f, 0xf0, 0x00, 0x00, 0x01, 0xff, 0x00, 0x00, 0x00, 0x00, 0x00, 
	0x00, 0x00, 0x02, 0xe0, 0x00, 0x2a, 0x80, 0xa8, 0xea, 0x8a, 0x00, 0x80, 0xba, 0xae, 0x82, 0xea, 
	0x82, 0xa8, 0x8e, 0x8a, 0xaa, 0x80, 0x08, 0x08, 0x8a, 0x8b, 0xff, 0xea, 0xff, 0xfe, 0xef, 0xee, 
	0xff, 0xef, 0xe8, 0x80, 0x00, 0x03, 0xfc, 0x00, 0x00, 0x00, 0x00, 0x00, 0x00, 0x00, 0x01, 0xf0, 
	0x00, 0x4d, 0xc0, 0x18, 0xc0, 0x04, 0x00, 0x00, 0x1d, 0xff, 0xdd, 0xc0, 0x05, 0x85, 0xd8, 0x00, 
	0x00, 0x00, 0x00, 0x00, 0x00, 0x05, 0xff, 0xff, 0xff, 0xff, 0xff, 0xf7, 0xff, 0xc3, 0xfc, 0x00, 
	0x00, 0x01, 0xdc, 0x00, 0x00, 0x00, 0x00, 0x00, 0x00, 0x00, 0x03, 0xe0, 0x00, 0xef, 0x82, 0x3a, 
	0xe0, 0xa2, 0x00, 0x20, 0x2a, 0xfb, 0xfa, 0xaa, 0x00, 0xab, 0xa0, 0x00, 0x00, 0x00, 0x00, 0x02, 
	0x2a, 0xab, 0xff, 0xbb, 0xbe, 0xff, 0xff, 0xfb, 0xff, 0xe3, 0xff, 0xa0, 0x80, 0x00, 0x00, 0x00, 
	0x00, 0x00, 0x00, 0x00, 0x00, 0x00, 0x01, 0xf0, 0x00, 0xe7, 0x80, 0x38, 0xc0, 0x44, 0x00, 0x00, 
	0x1d, 0x77, 0xf0, 0x00, 0x00, 0x04, 0x00, 0x00, 0x00, 0x00, 0x00, 0x00, 0x00, 0x07, 0xff, 0xff, 
	0xff, 0xff, 0xff, 0xfd, 0xff, 0xe1, 0xff, 0xe1, 0xc0, 0x00, 0x00, 0x00, 0x00, 0x00, 0x00, 0x00, 
	0x00, 0x00, 0x00, 0xe8, 0x00, 0xef, 0x8a, 0x38, 0xe0, 0x82, 0x80, 0xa0, 0x3e, 0xae, 0xa8, 0x88, 
	0x80, 0x88, 0x00, 0x88, 0x00, 0x00, 0x00, 0x88, 0x88, 0xaf, 0xfe, 0xee, 0xee, 0xfe, 0xee, 0xfe, 
	0xfe, 0xe3, 0xaf, 0xee, 0x80, 0x00, 0x00, 0x00, 0x00, 0x00, 0x00, 0x00, 0x00, 0x00, 0x00, 0x78, 
	0x01, 0xf7, 0x80, 0x38, 0xc1, 0xc1, 0x00, 0x40, 0x1e, 0x5d, 0xc0, 0x00, 0x00, 0x00, 0x00, 0x00, 
	0x00, 0x00, 0x00, 0x00, 0x04, 0x1f, 0xff, 0xff, 0xff, 0xff, 0xfc, 0xff, 0xff, 0xe1, 0x1f, 0xff, 
	0x00, 0x00, 0x00, 0x00, 0x00, 0x00, 0x00, 0x00, 0x00, 0x00, 0x00, 0x38, 0x03, 0xef, 0x8a, 0x3a, 
	0xa0, 0x82, 0x80, 0x28, 0x2e, 0xaa, 0xaa, 0xa2, 0x08, 0x00, 0x02, 0x20, 0x00, 0x00, 0x00, 0x02, 
	0x02, 0xbf, 0xbf, 0xef, 0xff, 0xff, 0xfe, 0xff, 0xaf, 0xa3, 0x8b, 0xfa, 0x00, 0x00, 0x00, 0x00, 
	0x00, 0x00, 0x00, 0x00, 0x00, 0x00, 0x00, 0x1c, 0x07, 0xf7, 0x84, 0x3c, 0x61, 0x83, 0x00, 0x1c, 
	0x07, 0x11, 0x00, 0x00, 0x00, 0x00, 0x00, 0x00, 0x00, 0x00, 0x00, 0x00, 0x04, 0x7f, 0xbf, 0xff, 
	0xff, 0xff, 0xff, 0x7f, 0xff, 0xf3, 0x00, 0x00, 0x00, 0x00, 0x00, 0x00, 0x00, 0x00, 0x00, 0x00, 
	0x00, 0x00, 0x00, 0x0e, 0xae, 0xaa, 0x88, 0xa8, 0xa0, 0x80, 0x80, 0x0a, 0x8b, 0xaa, 0x8a, 0x88, 
	0x80, 0x00, 0x00, 0x88, 0x00, 0x00, 0x00, 0x08, 0x8a, 0xfe, 0xae, 0xee, 0xef, 0xfe, 0xfe, 0x3e, 
	0xff, 0xeb, 0x80, 0x00, 0x00, 0x00, 0x00, 0x00, 0x00, 0x00, 0x00, 0x00, 0x00, 0x00, 0x00, 0x07, 
	0xfc, 0x09, 0x80, 0x5c, 0x60, 0x81, 0xc0, 0x07, 0x01, 0xc0, 0x00, 0x00, 0x00, 0x00, 0x00, 0x00, 
	0x00, 0x00, 0x00, 0x00, 0xc7, 0xf4, 0xff, 0xff, 0xff, 0xff, 0xfe, 0x7f, 0xff, 0xf3, 0x00, 0x00, 
	0x00, 0x00, 0x00, 0x00, 0x00, 0x00, 0x00, 0x00, 0x00, 0x00, 0x00, 0x03, 0xe8, 0x0b, 0x88, 0xea, 
	0x20, 0xa0, 0xa0, 0x02, 0xa2, 0xea, 0x22, 0x20, 0x88, 0x00, 0x02, 0x00, 0x00, 0x00, 0x00, 0x00, 
	0xff, 0xe2, 0xfa, 0xbf, 0xff, 0xff, 0xfe, 0x3f, 0xba, 0xbb, 0x80, 0x00, 0x00, 0x00, 0x00, 0x00, 
	0x00, 0x00, 0x00, 0x00, 0x00, 0x00, 0x00, 0x03, 0xc0, 0x01, 0x00, 0xfc, 0x70, 0x41, 0xc0, 0x01, 
	0x40, 0x50, 0x00, 0x00, 0x00, 0x00, 0x00, 0x00, 0x00, 0x00, 0x00, 0x00, 0x11, 0x41, 0xff, 0xff, 
	0xff, 0xff, 0xff, 0x3f, 0xff, 0xff, 0x00, 0x00, 0x00, 0x00, 0x00, 0x00, 0x00, 0x00, 0x00, 0x00, 
	0x00, 0x00, 0x00, 0x00, 0x80, 0x08, 0xe0, 0xea, 0x20, 0xe0, 0xa0, 0x00, 0xaa, 0x88, 0x88, 0x88, 
	0x20, 0x00, 0x00, 0x88, 0x00, 0x00, 0x00, 0x00, 0x08, 0x8a, 0xee, 0xef, 0xff, 0xee, 0xfe, 0xaf, 
	0xef, 0xee, 0x00, 0x00, 0x00, 0x00, 0x00, 0x00, 0x00, 0x00, 0x00, 0x00, 0x00, 0x00, 0x00, 0x00, 
	0x00, 0x04, 0x40, 0xe6, 0x60, 0xe0, 0x00, 0x00, 0x4f, 0x06, 0x00, 0x00, 0x00, 0x00, 0x00, 0x00, 
	0x00, 0x00, 0x00, 0x00, 0x00, 0x01, 0xfd, 0xff, 0xff, 0xff, 0xff, 0x3f, 0xff, 0xde, 0x00, 0x00, 
	0x00, 0x00, 0x00, 0x00, 0x00, 0x00, 0x00, 0x00, 0x00, 0x00, 0x00, 0x00, 0x00, 0x02, 0xe0, 0xea, 
	0x20, 0xe0, 0xa2, 0x00, 0xaf, 0xa2, 0xaa, 0x00, 0x00, 0x00, 0x00, 0x80, 0x00, 0x00, 0x00, 0x00, 
	0x00, 0x23, 0xab, 0xff, 0xff, 0xff, 0xff, 0xbf, 0xfb, 0xba, 0x00, 0x02, 0x00, 0x00, 0x00, 0x00, 
	0x00, 0x00, 0x00, 0x00, 0x00, 0x00, 0x00, 0x00, 0x00, 0x03, 0x40, 0xf1, 0x70, 0xe0, 0x51, 0x00, 
	0x0f, 0xf1, 0xf8, 0x00, 0x00, 0x00, 0x00, 0x00, 0x00, 0x00, 0x00, 0x00, 0x00, 0x07, 0xff, 0xff, 
	0xff, 0xff, 0xff, 0xff, 0xff, 0xf7, 0x00, 0x04, 0x00, 0x00, 0x00, 0x00, 0x00, 0x00, 0x00, 0x00, 
	0x00, 0x00, 0x00, 0x00, 0x00, 0x02, 0xe0, 0xfa, 0xe0, 0xa8, 0xaa, 0x80, 0x2b, 0xee, 0xa8, 0x00, 
	0x00, 0x00, 0x00, 0x00, 0x00, 0x00, 0x00, 0x00, 0x00, 0x8e, 0xee, 0xff, 0xfe, 0xff, 0xff, 0xee, 
	0xee, 0xee, 0xa0, 0x0e, 0x00, 0x00, 0x00, 0x00, 0x00, 0x00, 0x00, 0x00, 0x00, 0x00, 0x00, 0x00, 
	0x00, 0x00, 0xc0, 0xfc, 0xe0, 0x18, 0x00, 0x00, 0x03, 0xcf, 0xc0, 0x00, 0x00, 0x00, 0x00, 0x00, 
	0x00, 0x00, 0x00, 0x00, 0x40, 0x5f, 0xff, 0xff, 0xff, 0xff, 0xff, 0xdf, 0xff, 0xfd, 0xe0, 0x0c, 
	0x00, 0x00, 0x00, 0x00, 0x00, 0x00, 0x00, 0x00, 0x00, 0x00, 0x00, 0x00, 0x00, 0x00, 0xa0, 0xf8, 
	0xe0, 0x38, 0x2a, 0xa0, 0x03, 0xaa, 0xaa, 0x00, 0x00, 0x00, 0x00, 0x00, 0x00, 0x00, 0x00, 0x00, 
	0x2a, 0xbe, 0xfb, 0xff, 0xfb, 0xff, 0xfb, 0xaf, 0xfb, 0xbb, 0xa8, 0x2a, 0x00, 0x00, 0x00, 0x00, 
	0x00, 0x00, 0x00, 0x00, 0x00, 0x00, 0x00, 0x00, 0x00, 0x00, 0x61, 0xf1, 0x70, 0x30, 0x03, 0x00, 
	0x01, 0xf0, 0x10, 0x00, 0x00, 0x00, 0x00, 0x00, 0x00, 0x00, 0x00, 0x00, 0x0f, 0xff, 0xff, 0xff, 
	0xff, 0xff, 0xf7, 0x9f, 0xff, 0xff, 0xdc, 0x78, 0x00, 0x00, 0x00, 0x00, 0x00, 0x00, 0x00, 0x00, 
	0x00, 0x00, 0x00, 0x00, 0x00, 0x00, 0x28, 0x8a, 0xa0, 0x38, 0x0b, 0x88, 0x00, 0xfa, 0xa8, 0x00, 
	0x00, 0x00, 0x00, 0x00, 0x00, 0x00, 0x00, 0x00, 0x0a, 0xaf, 0xef, 0xff, 0xff, 0xef, 0xfb, 0xaf, 
	0xfe, 0xee, 0xee, 0xe8, 0x00, 0x00, 0x00, 0x00, 0x00, 0x00, 0x00, 0x00, 0x00, 0x00, 0x00, 0x00, 
	0x00, 0x00, 0x61, 0x8e, 0x70, 0x1c, 0x07, 0xc0, 0x00, 0x7c, 0x40, 0x00, 0x00, 0x00, 0x00, 0x00, 
	0x00, 0x00, 0x00, 0x00, 0x00, 0x07, 0xff, 0xff, 0xff, 0xff, 0xfd, 0xd7, 0xff, 0xff, 0xff, 0xf0, 
	0x00, 0x00, 0x00, 0x00, 0x00, 0x00, 0x00, 0x00, 0x00, 0x00, 0x00, 0x00, 0x00, 0x00, 0x3b, 0x8f, 
	0xa0, 0x38, 0x0b, 0xe2, 0x02, 0xfe, 0x80, 0x00, 0x00, 0x00, 0x00, 0x00, 0x00, 0x00, 0x00, 0x00, 
	0x02, 0x83, 0xbf, 0xfb, 0xff, 0xff, 0xfa, 0xab, 0xff, 0xfb, 0xbb, 0xfa, 0x80, 0x00, 0x00, 0x00, 
	0x00, 0x00, 0x00, 0x00, 0x00, 0x00, 0x00, 0x00, 0x00, 0x00, 0x11, 0x1f, 0xd0, 0x04, 0x01, 0xf0, 
	0x00, 0x7f, 0x00, 0x00, 0x00, 0x00, 0x00, 0x00, 0x00, 0x00, 0x00, 0x00, 0x00, 0x07, 0xff, 0xff, 
	0xfd, 0xff, 0xfd, 0x73, 0xff, 0xff, 0xff, 0xdf, 0xc0, 0x00, 0x00, 0x00, 0x00, 0x00, 0x00, 0x00, 
	0x00, 0x00, 0x00, 0x00, 0x00, 0x00, 0x0b, 0xbf, 0xa8, 0x2e, 0x80, 0xea, 0x80, 0x0e, 0x80, 0x20, 
	0x00, 0x00, 0x00, 0x00, 0x00, 0x00, 0x00, 0x00, 0x00, 0x2e, 0xae, 0xff, 0xfa, 0xff, 0xfc, 0xbb, 
	0xff, 0xff, 0xff, 0xef, 0xea, 0x00, 0x00, 0x00, 0x00, 0x00, 0x00, 0x00, 0x00, 0x00, 0x00, 0x00, 
	0x00, 0x00, 0x01, 0xff, 0x8c, 0x0e, 0x00, 0x64, 0x00, 0x0f, 0x80, 0x40, 0x00, 0x00, 0x00, 0x00, 
	0x00, 0x00, 0x00, 0x00, 0x00, 0x0f, 0xff, 0xff, 0xf9, 0xff, 0xfc, 0x51, 0xff, 0xff, 0xff, 0xff, 
	0xde, 0x00, 0x00, 0x00, 0x00, 0x00, 0x00, 0x00, 0x00, 0x00, 0x00, 0x00, 0x00, 0x00, 0x0a, 0xfe, 
	0x28, 0x0e, 0x00, 0xaa, 0xa0, 0x03, 0xaa, 0x80, 0x00, 0x00, 0x00, 0x00, 0x00, 0x00, 0x00, 0x00, 
	0x82, 0xbf, 0xbf, 0xff, 0xaf, 0xff, 0xff, 0xaa, 0xff, 0xff, 0xff, 0xfb, 0xbe, 0x80, 0x00, 0x00, 
	0x00, 0x00, 0x00, 0x00, 0x00, 0x00, 0x00, 0x00, 0x00, 0x00, 0x04, 0xfc, 0x78, 0x07, 0x00, 0x75, 
	0xf0, 0x00, 0x1c, 0x00, 0x00, 0x00, 0x00, 0x00, 0x00, 0x00, 0x00, 0x00, 0x00, 0x7f, 0xff, 0xff, 
	0xcf, 0xff, 0xff, 0xc0, 0xff, 0xff, 0xff, 0xff, 0xff, 0xc0, 0x00, 0x00, 0x00, 0x00, 0x00, 0x00, 
	0x00, 0x00, 0x00, 0x00, 0x00, 0x00, 0x0a, 0xa8, 0xf8, 0x0a, 0xa0, 0xaa, 0xee, 0xaa, 0xaa, 0x80, 
	0x00, 0x00, 0x00, 0x00, 0x00, 0x00, 0x00, 0x00, 0x2a, 0xfe, 0xaf, 0xff, 0xef, 0xff, 0xfe, 0xa8, 
	0xff, 0xff, 0xff, 0xff, 0xea, 0xe0, 0x00, 0x00, 0x00, 0x00, 0x00, 0x00, 0x00, 0x00, 0x00, 0x00, 
	0x00, 0x00, 0x07, 0x05, 0xfd, 0x11, 0xc0, 0x14, 0xdd, 0xff, 0xfd, 0x80, 0x00, 0x00, 0x00, 0x00, 
	0x00, 0x00, 0x00, 0x00, 0x01, 0xfd, 0x7f, 0xff, 0x7f, 0xff, 0xff, 0x70, 0xff, 0xff, 0xff, 0xff, 
	0xff, 0xf0, 0x00, 0x00, 0x00, 0x00, 0x00, 0x00, 0x00, 0x00, 0x00, 0x00, 0x00, 0x00, 0x2e, 0xaf, 
	0xfa, 0xa8, 0xe0, 0x2a, 0xba, 0xab, 0xfa, 0x80, 0x00, 0x00, 0x00, 0x0a, 0x80, 0x00, 0x00, 0x00, 
	0x0b, 0xbb, 0xbf, 0xff, 0x3f, 0xff, 0xbe, 0xba, 0xff, 0xfb, 0xff, 0xff, 0xbf, 0xe0, 0x00, 0x00, 
	0x00, 0x00, 0x00, 0x00, 0x00, 0x00, 0x00, 0x00, 0x00, 0x00, 0x3f, 0xf7, 0xfd, 0xc0, 0xf0, 0x15, 
	0x58, 0x41, 0xfc, 0x00, 0x00, 0x00, 0x00, 0x1c, 0x40, 0x00, 0x00, 0x00, 0x07, 0x9f, 0xff, 0xff, 
	0xf7, 0xff, 0x7f, 0xd0, 0x7f, 0xff, 0xff, 0xff, 0xff, 0xf0, 0x00, 0x00, 0x00, 0x00, 0x00, 0x00, 
	0x00, 0x00, 0x00, 0x00, 0x00, 0x80, 0xaf, 0xfb, 0xfa, 0xe0, 0xf8, 0x0e, 0x8a, 0xe8, 0xfe, 0x00, 
	0x00, 0x00, 0x00, 0x28, 0x20, 0x00, 0x00, 0x00, 0x2e, 0xae, 0xff, 0xfe, 0xfe, 0xef, 0xef, 0xee, 
	0x8f, 0xff, 0xff, 0xff, 0xee, 0xe8, 0x00, 0x00, 0x00, 0x00, 0x00, 0x00, 0x00, 0x00, 0x00, 0x00, 
	0x01, 0x80, 0xff, 0xff, 0xfc, 0xf0, 0xfc, 0x0c, 0x0c, 0x60, 0x7e, 0x00, 0x00, 0x00, 0x00, 0x00, 
	0x00, 0x00, 0x00, 0x00, 0x7f, 0x7f, 0xff, 0xff, 0xff, 0xff, 0xc7, 0xc4, 0xc4, 0x7f, 0xff, 0xff, 
	0xff, 0xf0, 0x00, 0x00, 0x00, 0x00, 0x00, 0x00, 0x00, 0x00, 0x00, 0x00, 0x00, 0xaa, 0xff, 0xff, 
	0xf2, 0xe8, 0xfa, 0x0a, 0xaa, 0xaa, 0xaf, 0x80, 0x00, 0x00, 0x00, 0x00, 0x00, 0x00, 0x00, 0x00, 
	0xff, 0xbf, 0xbf, 0xfb, 0xff, 0xff, 0xea, 0xba, 0xe0, 0xbe, 0xff, 0xff, 0xfb, 0xf0, 0x00, 0x00, 
	0x00, 0x00, 0x00, 0x00, 0x00, 0x00, 0x00, 0x00, 0x00, 0x7f, 0xff, 0x3f, 0xf1, 0xf0, 0xff, 0x07, 
	0x04, 0x11, 0xff, 0xc0, 0x00, 0x00, 0x00, 0x00, 0x00, 0x00, 0x00, 0x01, 0xff, 0xff, 0xff, 0xff, 
	0xff, 0xff, 0xff, 0x35, 0x3f, 0xff, 0xff, 0xff, 0xff, 0xf0, 0x00, 0x00, 0x00, 0x00, 0x00, 0x00, 
	0x00, 0x00, 0x00, 0x00, 0x00, 0xee, 0xee, 0xae, 0xea, 0xf8, 0xfe, 0x82, 0xae, 0xa8, 0xff, 0xe8, 
	0x00, 0x00, 0x00, 0x00, 0x00, 0x00, 0x00, 0x0f, 0xff, 0xff, 0xff, 0xff, 0xee, 0xff, 0xfe, 0xa8, 
	0xbf, 0xfe, 0xff, 0xff, 0xee, 0xe8, 0x00, 0x00, 0x00, 0x00, 0x00, 0x00, 0x00, 0x00, 0x00, 0x00, 
	0x00, 0x00, 0x00, 0x4f, 0xf9, 0xfc, 0x7c, 0x41, 0xc4, 0x1d, 0xff, 0xfc, 0x00, 0x00, 0x00, 0x00, 
	0x00, 0x00, 0x00, 0x1f, 0xff, 0xff, 0xff, 0xff, 0xff, 0xff, 0xf5, 0xc5, 0xdf, 0xff, 0xff, 0xff, 
	0xff, 0xf0, 0x00, 0x00, 0x00, 0x00, 0x00, 0x00, 0x00, 0x00, 0x00, 0x00, 0x00, 0x00, 0x00, 0xef, 
	0xfb, 0xfe, 0x3e, 0x28, 0xba, 0xaa, 0xbf, 0xfe, 0x00, 0x00, 0x00, 0x00, 0x00, 0x00, 0x00, 0x3f, 
	0xfa, 0xbf, 0xbf, 0xff, 0xff, 0xff, 0xeb, 0xaa, 0xe3, 0xff, 0xff, 0xff, 0xbf, 0xe0, 0x00, 0x00, 
	0x00, 0x00, 0x00, 0x00, 0x00, 0x00, 0x00, 0x00, 0x00, 0x00, 0x00, 0xcf, 0xf1, 0xfe, 0x1c, 0x18, 
	0x3f, 0x3e, 0xbf, 0xff, 0x00, 0x00, 0x00, 0x00, 0x00, 0x00, 0x00, 0x7f, 0xf3, 0xbf, 0xff, 0xff, 
	0xff, 0xff, 0xf7, 0xc1, 0xf7, 0xff, 0xff, 0xff, 0xff, 0xf0, 0x00, 0x00, 0x00, 0x00, 0x00, 0x00, 
	0x00, 0x00, 0x00, 0x00, 0x00, 0x00, 0x00, 0x8a, 0xeb, 0xeb, 0xae, 0x8a, 0x8a, 0xea, 0xff, 0xbf, 
	0xe8, 0x00, 0x00, 0x00, 0x00, 0x00, 0x02, 0xff, 0xee, 0xff, 0xff, 0xfe, 0xee, 0xef, 0xba, 0xaa, 
	0xe8, 0xff, 0xbf, 0xff, 0xee, 0xe8, 0x00, 0x00, 0x00, 0x00, 0x00, 0x00, 0x00, 0x00, 0x00, 0x00, 
	0x00, 0x00, 0x01, 0x9e, 0x7f, 0xff, 0xc4, 0x07, 0xc7, 0xdd, 0xff, 0xdf, 0xfc, 0x00, 0x00, 0x00, 
	0x00, 0x00, 0x07, 0xff, 0x5c, 0xff, 0xff, 0xff, 0xff, 0xff, 0x1f, 0x84, 0xfc, 0x7f, 0x9f, 0xff, 
	0xff, 0xfc, 0x00, 0x00, 0x00, 0x00, 0x00, 0x00, 0x00, 0x00, 0x00, 0x00, 0x00, 0x00, 0x03, 0x8a, 
	0xff, 0xab, 0xe2, 0x82, 0xaf, 0xaa, 0xbf, 0xaf, 0xff, 0x80, 0x00, 0x00, 0x00, 0x00, 0x0f, 0xfe, 
	0xfa, 0xff, 0xff, 0xff, 0xff, 0xff, 0xab, 0xaa, 0xfe, 0x2a, 0xbf, 0xff, 0xbb, 0xfe, 0x00, 0x00, 
	0x00, 0x00, 0x00, 0x00, 0x00, 0x00, 0x00, 0x00, 0x00, 0x00, 0x03, 0x05, 0xff, 0x57, 0xf3, 0xe0, 
	0xe7, 0x13, 0xff, 0x5f, 0xff, 0xc0, 0x00, 0x00, 0x00, 0x00, 0x1f, 0xfd, 0xff, 0xff, 0xff, 0xff, 
	0xff, 0xff, 0xe0, 0xc0, 0xff, 0xc0, 0x7f, 0xff, 0xff, 0xff, 0xc0, 0x00, 0x00, 0x00, 0x00, 0x00, 
	0x00, 0x00, 0x00, 0x00, 0x00, 0x00, 0x0a, 0x8e, 0xae, 0xaf, 0xfb, 0xe8, 0xea, 0xaa, 0xee, 0xef, 
	0xff, 0xe8, 0x00, 0x00, 0x00, 0x00, 0xff, 0xfc, 0xef, 0xff, 0xff, 0xfe, 0xef, 0xef, 0xea, 0xea, 
	0xff, 0xea, 0xff, 0xfe, 0xef, 0xf8, 0xe8, 0x00, 0x00, 0x00, 0x00, 0x00, 0x00, 0x00, 0x00, 0x00, 
	0x00, 0x00, 0x07, 0x07, 0x37, 0x5f, 0xfb, 0xfc, 0x63, 0x05, 0xcf, 0x7f, 0xff, 0xfc, 0x00, 0x00, 
	0x00, 0x01, 0xff, 0xff, 0xff, 0xff, 0xff, 0xff, 0xff, 0xff, 0xe0, 0x74, 0xff, 0xff, 0xff, 0xff, 
	0xff, 0xfc, 0x70, 0x00, 0x00, 0x00, 0x00, 0x00, 0x00, 0x00, 0x00, 0x00, 0x00, 0x00, 0x02, 0x0e, 
	0xae, 0xbf, 0xfb, 0xea, 0xae, 0xaa, 0xe2, 0xbb, 0xff, 0xff, 0xa0, 0x00, 0x00, 0x03, 0xff, 0xeb, 
	0xaa, 0xbf, 0xff, 0xfb, 0xbb, 0xff, 0xea, 0xaa, 0xff, 0xff, 0xff, 0xfb, 0xfb, 0xfe, 0x2a, 0x00, 
	0x00, 0x00, 0x00, 0x00, 0x00, 0x00, 0x00, 0x00, 0x00, 0x00, 0x07, 0x07, 0xff, 0xff, 0xf3, 0xf1, 
	0xff, 0x01, 0xf9, 0x7f, 0xff, 0xff, 0xe0, 0x00, 0x00, 0x1f, 0xff, 0xf7, 0x10, 0xff, 0xff, 0xff, 
	0xff, 0xff, 0xe0, 0x78, 0x7f, 0xff, 0xff, 0xff, 0xff, 0xfe, 0x0e, 0x00, 0x00, 0x00, 0x00, 0x00, 
	0x00, 0x00, 0x00, 0x00, 0x00, 0x00, 0x0a, 0x8a, 0xe8, 0xff, 0xfb, 0xea, 0xbe, 0xaa, 0xe8, 0xff, 
	0xff, 0xff, 0xf8, 0x00, 0x00, 0x3f, 0xff, 0xea, 0xaa, 0xbf, 0xef, 0xff, 0xee, 0xff, 0xea, 0xa8, 
	0xff, 0xff, 0xff, 0xee, 0xef, 0xfe, 0xaa, 0x80, 0x00, 0x00, 0x00, 0x00, 0x00, 0x00, 0x00, 0x00, 
	0x00, 0x00, 0x07, 0x03, 0xd5, 0xff, 0xfb, 0xf0, 0x1c, 0x40, 0xce, 0x7f, 0xff, 0xff, 0xfc, 0x00, 
	0x00, 0x7f, 0xff, 0xdc, 0xc1, 0xff, 0xff, 0xff, 0xff, 0xff, 0x74, 0x44, 0x5f, 0xff, 0xff, 0xff, 
	0xff, 0xff, 0x71, 0x80, 0x00, 0x00, 0x00, 0x00, 0x00, 0x00, 0x00, 0x00, 0x00, 0x00, 0x03, 0x83, 
	0x83, 0xff, 0xfb, 0xe2, 0xaa, 0xaa, 0xef, 0xff, 0xff, 0xff, 0xff, 0xa0, 0x02, 0xff, 0xff, 0xba, 
	0xea, 0xff, 0xff, 0xfe, 0xff, 0xff, 0xba, 0xaa, 0xbf, 0xff, 0xff, 0xbf, 0xff, 0xfe, 0xab, 0x80, 
	0x00, 0x00, 0x00, 0x00, 0x00, 0x00, 0x00, 0x00, 0x00, 0x00, 0x01, 0x8e, 0x07, 0xff, 0xf3, 0xf0, 
	0x06, 0x60, 0xc7, 0xff, 0xff, 0xff, 0xff, 0xf0, 0x07, 0xff, 0xff, 0x90, 0xc1, 0x7f, 0xff, 0xff, 
	0xff, 0xff, 0x1d, 0x08, 0x7f, 0xff, 0xff, 0xff, 0xff, 0xff, 0x9f, 0xc0, 0x00, 0x00, 0x00, 0x00, 
	0x00, 0x00, 0x00, 0x00, 0x00, 0x00, 0x00, 0xae, 0xa8, 0xfe, 0xe3, 0xea, 0xaa, 0xaa, 0xeb, 0xff, 
	0xff, 0xff, 0xef, 0xfa, 0xaf, 0xff, 0xee, 0xe8, 0xa0, 0xfe, 0xef, 0xee, 0xfe, 0xfe, 0xaa, 0x88, 
	0xab, 0xff, 0xfe, 0xef, 0xff, 0xfe, 0xee, 0x80, 0x00, 0x00, 0x00, 0x00, 0x00, 0x00, 0x00, 0x00, 
	0x00, 0x00, 0x00, 0xfc, 0x7c, 0x7f, 0x7f, 0xf0, 0x10, 0x00, 0xc3, 0xdf, 0xff, 0xff, 0xdf, 0xff, 
	0xff, 0xff, 0xfd, 0xd0, 0x41, 0xff, 0xff, 0xff, 0xff, 0xff, 0x4e, 0x0c, 0x4f, 0xff, 0xff, 0xff, 
	0xff, 0xff, 0xff, 0xc0, 0x00, 0x00, 0x00, 0x00, 0x00, 0x00, 0x00, 0x00, 0x00, 0x00, 0x00, 0xa8, 
	0xba, 0xfb, 0xaf, 0xe2, 0xaa, 0xaa, 0xeb, 0xbf, 0xff, 0xfe, 0xaf, 0xff, 0xff, 0xff, 0xab, 0xaa, 
	0x2b, 0xff, 0xff, 0xff, 0xbb, 0xff, 0xaa, 0xaa, 0xeb, 0xff, 0xfb, 0xff, 0xff, 0xff, 0xbb, 0x80, 
	0x00, 0x00, 0x00, 0x00, 0x00, 0x00, 0x00, 0x00, 0x00, 0x00, 0x00, 0xe1, 0xfe, 0x7f, 0xcf, 0xf0, 
	0x10, 0x00, 0x61, 0xff, 0xff, 0xff, 0xff, 0xff, 0xff, 0xff, 0xfd, 0x40, 0x3f, 0xff, 0xff, 0xff, 
	0xff, 0xff, 0x03, 0x18, 0x7d, 0xff, 0xff, 0xff, 0xff, 0xff, 0xff, 0xc0, 0x00, 0x00, 0x00, 0x00, 
	0x00, 0x00, 0x00, 0x00, 0x00, 0x00, 0x00, 0xe8, 0xfe, 0xff, 0x8f, 0xea, 0x88, 0xaa, 0xeb, 0xef, 
	0xff, 0xfe, 0xbf, 0xff, 0xff, 0xfe, 0xea, 0xaa, 0xbe, 0xff, 0xef, 0xee, 0xfb, 0xfe, 0x8a, 0xa8, 
	0xea, 0xff, 0xee, 0xff, 0xff, 0xff, 0xfb, 0x80, 0x00, 0x00, 0x00, 0x00, 0x00, 0x00, 0x00, 0x00, 
	0x00, 0x04, 0x03, 0xfd, 0xfc, 0x7f, 0xbf, 0xe0, 0x00, 0x00, 0x74, 0xff, 0xff, 0xff, 0xdd, 0xff, 
	0xff, 0xfd, 0x54, 0x45, 0xff, 0xff, 0xff, 0xff, 0xf7, 0xff, 0x40, 0xf0, 0x64, 0x5f, 0xff, 0xff, 
	0xff, 0xff, 0xff, 0xc0, 0x00, 0x00, 0x00, 0x00, 0x00, 0x00, 0x00, 0x00, 0x00, 0x0e, 0x02, 0x3f, 
	0xfe, 0xff, 0xbf, 0xe2, 0x0a, 0x2a, 0xfa, 0xff, 0xff, 0xff, 0xaa, 0xff, 0xff, 0xfb, 0xaa, 0xaf, 
	0xff, 0xff, 0xff, 0xfb, 0xef, 0xbf, 0xe2, 0xfa, 0xfa, 0xaf, 0xbb, 0xfe, 0xff, 0xff, 0xff, 0x80, 
	0x00, 0x00, 0x00, 0x00, 0x00, 0x00, 0x00, 0x00, 0x00, 0x04, 0x07, 0x7f, 0xff, 0x3f, 0x7f, 0xe0, 
	0x10, 0x01, 0x71, 0xff, 0xff, 0xff, 0xf5, 0xff, 0xff, 0xff, 0xd9, 0x57, 0xff, 0xff, 0xff, 0xff, 
	0xff, 0xff, 0x00, 0x70, 0x75, 0x1f, 0xff, 0xff, 0xff, 0xff, 0xff, 0xc0, 0x00, 0x00, 0x00, 0x00, 
	0x00, 0x00, 0x00, 0x00, 0x00, 0x0e, 0xb8, 0xfa, 0xfe, 0x0c, 0xff, 0xa2, 0x08, 0x8e, 0xa8, 0xff, 
	0xff, 0xff, 0xfa, 0xbb, 0xff, 0xa8, 0xeb, 0xfe, 0xef, 0xff, 0xef, 0xee, 0xee, 0xee, 0xa8, 0xa8, 
	0xfa, 0xbe, 0xea, 0xef, 0xef, 0xff, 0xfe, 0xe8, 0x00, 0x00, 0x00, 0x00, 0x00, 0x00, 0x00, 0x00, 
	0x00, 0x07, 0xe7, 0xf9, 0xff, 0xc1, 0xff, 0xcc, 0x10, 0x0c, 0x40, 0x7f, 0xff, 0xff, 0xff, 0xff, 
	0xff, 0xff, 0x7f, 0xff, 0xff, 0xff, 0xff, 0xff, 0xf7, 0xff, 0x40, 0x30, 0x7d, 0x7f, 0xff, 0xff, 
	0xff, 0xff, 0xff, 0xe0, 0x00, 0x00, 0x00, 0x00, 0x00, 0x00, 0x00, 0x00, 0x00, 0x02, 0xff, 0xfb, 
	0xff, 0xeb, 0xff, 0xae, 0x0a, 0x02, 0xba, 0xff, 0xff, 0xff, 0xff, 0xff, 0xff, 0xff, 0xfe, 0xab, 
	0xff, 0xff, 0xef, 0xbb, 0xaa, 0xba, 0xe8, 0x3a, 0xea, 0xfb, 0xba, 0xbb, 0xff, 0xff, 0xff, 0xb8, 
	0x00, 0x00, 0x00, 0x00, 0x00, 0x00, 0x00, 0x00, 0x00, 0x00, 0x7f, 0xfe, 0x7f, 0xff, 0xff, 0xdc, 
	0x04, 0x00, 0x7c, 0x7f, 0xff, 0xff, 0xff, 0xff, 0xff, 0xff, 0xfe, 0x7f, 0xff, 0xff, 0xff, 0xff, 
	0x34, 0xfd, 0xf0, 0x78, 0x7f, 0xff, 0xff, 0xff, 0xff, 0xff, 0xff, 0xf0, 0x00, 0x00, 0x00, 0x00, 
	0x00, 0x00, 0x00, 0x00, 0x00, 0x00, 0xee, 0xea, 0xff, 0xff, 0xfe, 0x8e, 0x0a, 0xa8, 0xae, 0xff, 
	0xff, 0xff, 0xfe, 0xea, 0xaa, 0xaa, 0xea, 0xee, 0xff, 0xff, 0xef, 0xff, 0xaa, 0xfa, 0xa8, 0xea, 
	0xef, 0xee, 0xea, 0xee, 0xef, 0xff, 0xff, 0xfa, 0x00, 0x00, 0x00, 0x00, 0x00, 0x00, 0x00, 0x00, 
	0x00, 0x00, 0xfd, 0xf1, 0xff, 0xff, 0xdf, 0xdc, 0x04, 0x00, 0x16, 0x7f, 0xff, 0xff, 0xff, 0xc1, 
	0x18, 0x01, 0xdf, 0xff, 0xff, 0xff, 0xff, 0xfe, 0x14, 0xfc, 0x1c, 0x71, 0xff, 0xff, 0xff, 0xff, 
	0xff, 0xff, 0xff, 0xfe, 0x00, 0x00, 0x00, 0x00, 0x00, 0x00, 0x00, 0x00, 0x00, 0x00, 0xff, 0xea, 
	0xff, 0xfe, 0xaf, 0xbe, 0x02, 0x0a, 0xae, 0xbe, 0xff, 0xff, 0xff, 0xe2, 0xaa, 0xa0, 0xff, 0xbf, 
	0xff, 0xbf, 0xef, 0xfa, 0x2a, 0xf8, 0x28, 0x23, 0xff, 0xab, 0xba, 0xab, 0xbf, 0xff, 0xff, 0xfe, 
	0x80, 0x00, 0x00, 0x00, 0x00, 0x00, 0x00, 0x00, 0x00, 0x00, 0xff, 0xdf, 0xff, 0xfe, 0x7d, 0x7c, 
	0x00, 0x00, 0x1f, 0x3f, 0x7f, 0xff, 0xff, 0xe7, 0xff, 0xf1, 0xff, 0xff, 0xff, 0xff, 0xff, 0xff, 
	0x34, 0x7c, 0x08, 0x43, 0xff, 0xf7, 0xf7, 0xff, 0xff, 0xff, 0xff, 0xff, 0x80, 0x00, 0x00, 0x00, 
	0x00, 0x00, 0x00, 0x00, 0x00, 0x00, 0xff, 0x8e, 0xff, 0xfe, 0xb8, 0xfe, 0x00, 0x8a, 0xae, 0xbf, 
	0xff, 0xff, 0xef, 0xef, 0xe8, 0xf8, 0xee, 0xef, 0xff, 0xff, 0xee, 0xee, 0xa8, 0xf8, 0xa8, 0xeb, 
	0xfe, 0xaa, 0xea, 0xee, 0xee, 0xee, 0xee, 0xff, 0x80, 0x00, 0x00, 0x00, 0x00, 0x00, 0x00, 0x00, 
	0x00, 0x00, 0xff, 0xcf, 0xff, 0xfe, 0x10, 0x5c, 0x00, 0x00, 0x0f, 0x3f, 0xff, 0xff, 0xff, 0xc7, 
	0xf1, 0xf1, 0xff, 0xff, 0xff, 0xff, 0xff, 0xfe, 0x54, 0x78, 0x00, 0xc7, 0xff, 0xdd, 0xff, 0xff, 
	0xff, 0xff, 0xff, 0xff, 0xc0, 0x00, 0x00, 0x00, 0x00, 0x00, 0x00, 0x00, 0x00, 0x00, 0xff, 0xfb, 
	0xff, 0xfa, 0xaa, 0xbe, 0x00, 0x02, 0xae, 0x3f, 0xff, 0xff, 0xbf, 0xef, 0xe3, 0xf8, 0xff, 0xbf, 
	0xbf, 0xff, 0xff, 0xfe, 0x28, 0xf8, 0x20, 0xab, 0xfb, 0xaa, 0xaa, 0xaa, 0xbf, 0xfb, 0xbb, 0xaf, 
	0xe0, 0x00, 0x00, 0x00, 0x00, 0x00, 0x00, 0x00, 0x00, 0x00, 0xff, 0xff, 0xdf, 0xf3, 0x7f, 0x7c, 
	0x00, 0x00, 0x0f, 0xdf, 0xff, 0xff, 0xff, 0xe7, 0xff, 0xf1, 0xff, 0xff, 0xff, 0xff, 0xff, 0xfc, 
	0x10, 0x70, 0x00, 0xcf, 0xf7, 0xff, 0xff, 0xff, 0xff, 0xff, 0xff, 0xff, 0xf0, 0x00, 0x00, 0x00, 
	0x00, 0x00, 0x00, 0x00, 0x00, 0x00, 0xff, 0xee, 0xaf, 0xfa, 0xae, 0xbe, 0x00, 0x80, 0xaf, 0x8f, 
	0xff, 0xff, 0xbe, 0xef, 0xeb, 0xf8, 0xff, 0xee, 0xff, 0xfe, 0xfe, 0xf8, 0x28, 0xfa, 0xa0, 0x8f, 
	0xee, 0xaa, 0xee, 0xaa, 0xea, 0xee, 0xee, 0xef, 0xe8, 0x00, 0x00, 0x00, 0x00, 0x00, 0x00, 0x00, 
	0x00, 0x00, 0xff, 0xff, 0xff, 0xf3, 0xd4, 0x5c, 0x40, 0x00, 0x0f, 0xdf, 0xff, 0xff, 0xfc, 0x47, 
	0xff, 0xf8, 0x7d, 0xdf, 0xff, 0xff, 0xff, 0xfc, 0x10, 0x7f, 0x01, 0xcf, 0xdf, 0xff, 0xdf, 0xdf, 
	0xff, 0xdf, 0xff, 0xff, 0xf0, 0x00, 0x00, 0x00, 0x00, 0x00, 0x00, 0x00, 0x00, 0x00, 0xff, 0xfa, 
	0xbb, 0xfb, 0xaa, 0xee, 0xe0, 0x22, 0x2f, 0x8f, 0xff, 0xff, 0xfa, 0xef, 0xff, 0xfa, 0xb8, 0xff, 
	0xff, 0xff, 0xfb, 0xfa, 0x20, 0xf8, 0x23, 0xbf, 0xaa, 0xaa, 0xab, 0xab, 0xab, 0xaf, 0xbf, 0xbf, 
	0xf0, 0x00, 0x00, 0x00, 0x00, 0x00, 0x00, 0x00, 0x00, 0x00, 0xff, 0xff, 0xff, 0xf5, 0x01, 0xfc, 
	0x40, 0x01, 0x1f, 0xcf, 0xff, 0xff, 0xfd, 0xe7, 0xff, 0xfd, 0xd9, 0xff, 0xff, 0xff, 0xff, 0xfc, 
	0x00, 0xfc, 0x03, 0x3f, 0xfd, 0x7d, 0xff, 0xf7, 0xff, 0xf7, 0x7f, 0xff, 0xf0, 0x00, 0x00, 0x00, 
	0x00, 0x00, 0x00, 0x00, 0x00, 0x02, 0xff, 0xfe, 0xee, 0xfe, 0xab, 0xac, 0xe0, 0x20, 0xaf, 0xef, 
	0xff, 0xfe, 0xff, 0xee, 0xae, 0xa8, 0xfb, 0xef, 0xfe, 0xff, 0xef, 0xf8, 0x28, 0xe8, 0xe2, 0xfe, 
	0xea, 0xaa, 0xaa, 0xaa, 0xae, 0xee, 0xee, 0xee, 0xe8, 0x00, 0x00, 0x00, 0x00, 0x00, 0x00, 0x00, 
	0x00, 0x07, 0xdf, 0xff, 0x7f, 0xfc, 0x4d, 0xcc, 0x40, 0x00, 0x0f, 0xe7, 0xff, 0xff, 0xff, 0xc7, 
	0xcf, 0xf9, 0xff, 0xff, 0xff, 0xff, 0xff, 0xd0, 0x00, 0xe1, 0xc0, 0xff, 0xdd, 0xdf, 0xdf, 0xff, 
	0xff, 0xff, 0xff, 0xff, 0xf0, 0x00, 0x00, 0x00, 0x00, 0x00, 0x00, 0x00, 0x00, 0x0a, 0xbf, 0xff, 
	0xba, 0xbe, 0xaa, 0xa8, 0xe0, 0x02, 0x8f, 0xeb, 0xff, 0xff, 0xff, 0xef, 0xbb, 0xaa, 0xff, 0xff, 
	0xff, 0xff, 0xff, 0xe8, 0x20, 0xea, 0x88, 0xfa, 0xaa, 0xaa, 0xaa, 0xaa, 0xaa, 0xbb, 0xfb, 0xbf, 
	0xf0, 0x00, 0x00, 0x00, 0x00, 0x00, 0x00, 0x00, 0x00, 0x0d, 0xff, 0xff, 0xff, 0xff, 0xdc, 0x7c, 
	0x40, 0x01, 0x0f, 0xdf, 0xff, 0xff, 0xff, 0xe7, 0xff, 0xf8, 0xff, 0xff, 0xff, 0xff, 0xff, 0xf0, 
	0x00, 0xfc, 0x1b, 0xff, 0xfd, 0x7f, 0xff, 0xff, 0xff, 0x77, 0xff, 0xff, 0xf0, 0x00, 0x00, 0x00, 
	0x00, 0x00, 0x00, 0x00, 0x00, 0x0a, 0xff, 0xee, 0xfa, 0xef, 0xaa, 0xa8, 0xe0, 0x02, 0x8f, 0xbe, 
	0xff, 0xff, 0xff, 0xef, 0xff, 0xf8, 0xff, 0xfe, 0xff, 0xff, 0xef, 0xe8, 0x20, 0xe8, 0xbb, 0xee, 
	0xa8, 0xaa, 0xaa, 0xae, 0xee, 0xee, 0xef, 0xee, 0xe8, 0x00, 0x00, 0x00, 0x00, 0x00, 0x00, 0x00, 
	0x00, 0x3f, 0xff, 0xff, 0xff, 0xff, 0xf5, 0x1c, 0xf0, 0x00, 0x0f, 0xff, 0xff, 0xff, 0xff, 0xe7, 
	0xff, 0xfc, 0xff, 0xff, 0xff, 0xff, 0xff, 0xc0, 0x00, 0xdc, 0x1f, 0xff, 0xfd, 0xfd, 0xfd, 0xff, 
	0xdf, 0xff, 0xff, 0xff, 0xc0, 0x00, 0x00, 0x00, 0x00, 0x00, 0x00, 0x00, 0x00, 0xae, 0xff, 0xff, 
	0xfa, 0xbb, 0xe8, 0x38, 0xe0, 0x00, 0x8b, 0xff, 0xff, 0xff, 0xfb, 0xef, 0xff, 0xfa, 0xff, 0xbf, 
	0xff, 0xff, 0xbf, 0xe0, 0x23, 0x80, 0x8f, 0xaa, 0xaa, 0xaa, 0xbb, 0xbb, 0xfb, 0xaf, 0xff, 0xff, 
	0x80, 0x00, 0x00, 0x00, 0x00, 0x00, 0x00, 0x00, 0x01, 0xff, 0xff, 0xff, 0xff, 0xff, 0xfd, 0x18, 
	0x70, 0x01, 0x07, 0xcf, 0xff, 0xff, 0xff, 0xe7, 0xff, 0xfc, 0xff, 0xff, 0xff, 0xff, 0xff, 0xc0, 
	0x03, 0xc0, 0x1f, 0xff, 0xdf, 0xff, 0xff, 0xff, 0xf7, 0xff, 0xff, 0xff, 0xc0, 0x00, 0x00, 0x00, 
	0x00, 0x00, 0x00, 0x00, 0x00, 0xbf, 0xfe, 0xff, 0xea, 0xea, 0xea, 0xe8, 0xe8, 0x00, 0x8b, 0xef, 
	0xff, 0xff, 0xfe, 0xef, 0xeb, 0xf8, 0xef, 0xff, 0xff, 0xff, 0xfe, 0xe0, 0x83, 0xea, 0x8e, 0xee, 
	0x8a, 0xae, 0xae, 0xae, 0xae, 0xef, 0xff, 0xff, 0x80, 0x00, 0x00, 0x00, 0x00, 0x00, 0x00, 0x00, 
	0x07, 0xff, 0xff, 0xff, 0xff, 0xdd, 0xf5, 0x70, 0x30, 0x00, 0x01, 0xf7, 0xff, 0xff, 0xff, 0xf5, 
	0xe7, 0xf8, 0xff, 0xff, 0xff, 0xff, 0xff, 0xc0, 0x03, 0x87, 0x7f, 0xfd, 0xdd, 0xdf, 0xdd, 0xdf, 
	0xff, 0xff, 0xff, 0xff, 0x80, 0x00, 0x00, 0x00, 0x00, 0x00, 0x00, 0x00, 0x03, 0xff, 0xbf, 0xff, 
	0xfa, 0xfa, 0xba, 0xba, 0x20, 0x00, 0x83, 0xfb, 0xff, 0xff, 0xff, 0xfa, 0xe3, 0xa3, 0xff, 0xff, 
	0xff, 0xff, 0xff, 0xe0, 0x83, 0xaa, 0xfa, 0xab, 0xbb, 0xeb, 0xaa, 0xbb, 0xff, 0xff, 0xff, 0xff, 
	0x80, 0x00, 0x00, 0x00, 0x00, 0x00, 0x00, 0x00, 0x07, 0xff, 0xff, 0xff, 0xff, 0xf7, 0xfd, 0xb3, 
	0x30, 0x00, 0x01, 0xfb, 0xff, 0xff, 0xff, 0xff, 0xe7, 0xf7, 0xff, 0xff, 0xff, 0xff, 0xff, 0x40, 
	0x03, 0x95, 0xff, 0xff, 0xdf, 0xff, 0xff, 0xdf, 0xff, 0xff, 0xff, 0xff, 0x00, 0x00, 0x00, 0x00, 
	0x00, 0x00, 0x00, 0x00, 0x0e, 0xee, 0xee, 0xef, 0xee, 0xee, 0xee, 0xa2, 0xa8, 0x20, 0x08, 0xbb, 
	0xff, 0xfe, 0xff, 0xff, 0xeb, 0xff, 0xff, 0xff, 0xff, 0xff, 0xfe, 0x80, 0x83, 0x8b, 0xee, 0xaa, 
	0xea, 0xaa, 0xea, 0xef, 0xff, 0xff, 0xff, 0xfe, 0x00, 0x00, 0x00, 0x00, 0x00, 0x00, 0x00, 0x00, 
	0x0f, 0xff, 0xff, 0xff, 0xff, 0xff, 0xff, 0x71, 0x30, 0x00, 0x01, 0xff, 0xff, 0xff, 0xff, 0xff, 
	0xe7, 0xff, 0xff, 0xff, 0xff, 0xff, 0xff, 0x00, 0x03, 0x87, 0xff, 0xdd, 0xed, 0xdd, 0xfd, 0xff, 
	0xff, 0xff, 0xff, 0xfc, 0x00, 0x00, 0x00, 0x00, 0x00, 0x00, 0x00, 0x00, 0x0f, 0xfb, 0xbb, 0xbb, 
	0xff, 0xeb, 0xaf, 0xe2, 0xa0, 0x00, 0x20, 0xff, 0xff, 0xff, 0xff, 0xfa, 0xa2, 0xaf, 0xff, 0xff, 
	0xff, 0xff, 0xfe, 0x00, 0x2a, 0xab, 0xaa, 0xaa, 0xab, 0xaa, 0xaa, 0xff, 0xff, 0xff, 0xff, 0xfe, 
	0x00, 0x00, 0x00, 0x00, 0x00, 0x00, 0x00, 0x00, 0x0f, 0xff, 0xff, 0xff, 0xff, 0xfd, 0xff, 0xc7, 
	0xd0, 0x00, 0x00, 0x7d, 0xff, 0xff, 0xff, 0xf1, 0x67, 0x47, 0xff, 0xff, 0xff, 0xff, 0xfc, 0x00, 
	0x04, 0x67, 0xff, 0xff, 0xff, 0xff, 0xff, 0xff, 0xff, 0xff, 0xff, 0xfc, 0x00, 0x00, 0x00, 0x00, 
	0x00, 0x00, 0x00, 0x00, 0x0e, 0xee, 0xee, 0xae, 0xfe, 0xee, 0xae, 0xeb, 0xaa, 0x88, 0x2a, 0xfc, 
	0xff, 0xef, 0xef, 0xea, 0xef, 0xea, 0xfe, 0xef, 0xef, 0xef, 0xf8, 0x00, 0x8e, 0x8e, 0xaa, 0xee, 
	0xea, 0xea, 0xee, 0xff, 0xff, 0xff, 0xff, 0xfe, 0x00, 0x00, 0x00, 0x00, 0x00, 0x00, 0x00, 0x00, 
	0x07, 0xff, 0xff, 0xff, 0xff, 0xff, 0xff, 0xc7, 0xf0, 0x00, 0x06, 0x7d, 0xff, 0xff, 0xff, 0xcf, 
	0xe7, 0xf1, 0xff, 0xff, 0xff, 0xff, 0xfc, 0x00, 0x1c, 0x1f, 0xff, 0x7f, 0xfd, 0xdf, 0xff, 0xff, 
	0xff, 0xff, 0xff, 0xfc, 0x00, 0x00, 0x00, 0x00, 0x00, 0x00, 0x00, 0x00, 0x03, 0xff, 0xbe, 0xfa, 
	0xff, 0xeb, 0xaa, 0xee, 0xfa, 0x00, 0x02, 0x3e, 0xff, 0xff, 0xff, 0x8f, 0xeb, 0xf8, 0xff, 0xff, 
	0xff, 0xbf, 0xfa, 0x00, 0x3e, 0x3f, 0xba, 0x3a, 0xba, 0xfb, 0xff, 0xff, 0xff, 0xff, 0xff, 0xfe, 
	0x00, 0x00, 0x00, 0x00, 0x00, 0x00, 0x00, 0x00, 0x07, 0xff, 0xff, 0xff, 0xff, 0xff, 0xfd, 0xcf, 
	0xf1, 0x00, 0x06, 0x3f, 0x7f, 0xff, 0xff, 0x1f, 0xff, 0xfc, 0x7f, 0xff, 0xff, 0xff, 0xfc, 0x00, 
	0x1c, 0x7f, 0xff, 0xff, 0xff, 0xff, 0xff, 0xff, 0xff, 0xff, 0xff, 0xfc, 0x00, 0x00, 0x00, 0x00, 
	0x00, 0x00, 0x00, 0x00, 0x00, 0xfe, 0xee, 0xea, 0xea, 0xef, 0xee, 0xef, 0xf8, 0x80, 0xaa, 0x3e, 
	0xbf, 0xff, 0xfe, 0x2f, 0xff, 0xfe, 0xbe, 0xaf, 0xfe, 0xef, 0xe8, 0x00, 0xba, 0xea, 0xaa, 0xae, 
	0xaa, 0xaf, 0xff, 0xff, 0xff, 0xff, 0xff, 0xfe, 0x00, 0x00, 0x00, 0x00, 0x00, 0x00, 0x00, 0x00, 
	0x01, 0xff, 0xff, 0xdf, 0xdf, 0xff, 0xff, 0xcf, 0xfc, 0x00, 0x03, 0x1f, 0xff, 0xff, 0xfe, 0x3f, 
	0xff, 0xfc, 0x3f, 0xff, 0xff, 0xff, 0xe0, 0x00, 0x1f, 0xfc, 0xdf, 0xff, 0xdf, 0xff, 0xff, 0xff, 
	0xff, 0xff, 0xff, 0xfc, 0x00, 0x00, 0x00, 0x00, 0x00, 0x00, 0x00, 0x00, 0x00, 0xff, 0xff, 0xab, 
	0xab, 0xaf, 0xff, 0xef, 0xb8, 0x80, 0x03, 0xaf, 0xbf, 0xbf, 0xfe, 0x3f, 0xff, 0xfe, 0x3f, 0xbf, 
	0xfb, 0xff, 0xe0, 0x02, 0xbf, 0xfa, 0xae, 0xbe, 0xbb, 0xff, 0xff, 0xfe, 0xfb, 0xff, 0xff, 0xfe, 
	0x00, 0x00, 0x00, 0x00, 0x00, 0x00, 0x00, 0x00, 0x00, 0x7f, 0xff, 0xf7, 0xff, 0xff, 0xff, 0xef, 
	0xf8, 0x00, 0x03, 0xcf, 0xff, 0xff, 0xf8, 0x7f, 0xff, 0xff, 0x3f, 0xff, 0xff, 0xff, 0xf0, 0x00, 
	0x3f, 0xff, 0xdf, 0xff, 0xff, 0xff, 0xff, 0xff, 0xff, 0xff, 0xff, 0xfe, 0x00, 0x00, 0x00, 0x00, 
	0x00, 0x00, 0x00, 0x00, 0x00, 0x3f, 0xee, 0xea, 0xae, 0xef, 0xee, 0xef, 0xe8, 0x80, 0x0b, 0x8f, 
	0xab, 0xee, 0xf8, 0xff, 0xff, 0xfe, 0x8f, 0xfe, 0xee, 0xff, 0xe2, 0x02, 0xbe, 0xee, 0xae, 0xea, 
	0xee, 0xff, 0xfe, 0xee, 0xee, 0xfe, 0xee, 0xee, 0x80, 0x00, 0x00, 0x00, 0x00, 0x00, 0x00, 0x00, 
	0x00, 0x7f, 0xff, 0xfd, 0xdf, 0xff, 0xff, 0xef, 0xfd, 0x80, 0x01, 0xcf, 0x4f, 0xff, 0xf8, 0xff, 
	0xff, 0xff, 0x4f, 0xfd, 0xff, 0xff, 0xe0, 0x04, 0x3f, 0xff, 0xff, 0xff, 0xff, 0xff, 0xff, 0xdf, 
	0xff, 0xff, 0xff, 0xff, 0x00, 0x00, 0x00, 0x00, 0x00, 0x00, 0x00, 0x00, 0x00, 0x3f, 0xff, 0xbe, 
	0xab, 0xfb, 0xfb, 0xeb, 0xf8, 0xa0, 0x0b, 0xa3, 0xff, 0xfb, 0xfa, 0xff, 0xbe, 0xff, 0xaf, 0xfa, 
	0xbf, 0xff, 0xaa, 0x08, 0xbf, 0xba, 0xbf, 0xbf, 0xbf, 0xff, 0xfe, 0xab, 0xbb, 0xff, 0xff, 0xbb, 
	0x80, 0x00, 0x00, 0x00, 0x00, 0x00, 0x00, 0x00, 0x00, 0x7f, 0xff, 0xff, 0xff, 0xff, 0xff, 0xf7, 
	0xf9, 0x80, 0x01, 0xd3, 0xff, 0xff, 0xf9, 0xff, 0xff, 0xff, 0xdf, 0xff, 0xff, 0xff, 0xc4, 0x01, 
	0xbf, 0xff, 0xff, 0x7f, 0xff, 0xff, 0xff, 0xff, 0xff, 0xff, 0xff, 0xff, 0xc0, 0x00, 0x00, 0x00, 
	0x00, 0x00, 0x00, 0x00, 0x00, 0xbf, 0xff, 0xee, 0xae, 0xee, 0xfe, 0xea, 0xf8, 0xa0, 0x08, 0xae, 
	0xff, 0xfe, 0xfa, 0xff, 0xee, 0xef, 0xae, 0xee, 0xef, 0xff, 0xc8, 0x00, 0xae, 0xee, 0xee, 0xee, 
	0xff, 0xfe, 0xee, 0xae, 0xee, 0xff, 0xff, 0xef, 0x80, 0x00, 0x00, 0x00, 0x00, 0x00, 0x00, 0x00, 
	0x00, 0xff, 0xff, 0xff, 0xff, 0xff, 0xff, 0xf9, 0xf9, 0xc0, 0x0c, 0x5c, 0xff, 0xff, 0xf9, 0xff, 
	0xff, 0xff, 0xcf, 0xff, 0xff, 0xff, 0x84, 0x01, 0xfd, 0x3f, 0xff, 0xff, 0xff, 0xff, 0xff, 0xff, 
	0xff, 0xff, 0xff, 0xff, 0xc0, 0x00, 0x00, 0x00, 0x00, 0x00, 0x00, 0x00, 0x00, 0xff, 0xff, 0xff, 
	0xab, 0xbe, 0xff, 0xbb, 0xf8, 0xa0, 0x0a, 0x2f, 0xbb, 0xff, 0xfb, 0xff, 0xba, 0xff, 0xaf, 0xff, 
	0xff, 0xff, 0x88, 0x03, 0xfb, 0xba, 0xfa, 0xfa, 0xff, 0xff, 0xaa, 0xab, 0xff, 0xbb, 0xff, 0xff, 
	0xe0, 0x00, 0x00, 0x00, 0x00, 0x00, 0x00, 0x00, 0x03, 0xff, 0xff, 0xff, 0xff, 0xff, 0xff, 0xfd, 
	0xf9, 0xc0, 0x04, 0x77, 0x37, 0xff, 0xf9, 0x7f, 0xff, 0xff, 0x1f, 0xff, 0xff, 0xff, 0x00, 0x07, 
	0xff, 0x7f, 0xff, 0xff, 0xff, 0xff, 0xff, 0xff, 0xff, 0xff, 0xff, 0xff, 0xf0, 0x00, 0x00, 0x00, 
	0x00, 0x00, 0x00, 0x00, 0x03, 0xff, 0xff, 0xff, 0xfe, 0xef, 0xff, 0xee, 0xea, 0xe8, 0x08, 0x2b, 
	0xfe, 0xee, 0xfa, 0xfe, 0xee, 0xfe, 0x2f, 0xee, 0xff, 0xfe, 0x08, 0x0e, 0xee, 0xef, 0xee, 0xef, 
	0xff, 0xee, 0xaa, 0xae, 0xfe, 0xee, 0xff, 0xff, 0xe0, 0x00, 0x00, 0x00, 0x00, 0x00, 0x00, 0x00, 
	0x07, 0xff, 0xff, 0xff, 0xff, 0xff, 0xff, 0xfe, 0x77, 0x70, 0x04, 0x75, 0xff, 0xff, 0xfc, 0x7f, 
	0xff, 0xfe, 0x4f, 0xff, 0xff, 0xfe, 0x00, 0x1f, 0xff, 0xff, 0xff, 0xff, 0xff, 0xff, 0xdf, 0xd7, 
	0xff, 0xff, 0xff, 0xff, 0xf0, 0x00, 0x00, 0x00, 0x00, 0x00, 0x00, 0x00, 0x0f, 0xff, 0xff, 0xff, 
	0xff, 0xeb, 0xff, 0xba, 0xab, 0xba, 0x02, 0x3b, 0xfb, 0xeb, 0xbe, 0x3f, 0xbb, 0xfa, 0x2f, 0xff, 
	0xff, 0xfa, 0x00, 0x2f, 0xbe, 0xef, 0xbb, 0xff, 0xff, 0xbb, 0xab, 0xfb, 0xfb, 0xfb, 0xff, 0xff, 
	0xf8, 0x00, 0x00, 0x00, 0x00, 0x00, 0x00, 0x00, 0x1f, 0xff, 0xff, 0xff, 0xff, 0xff, 0xff, 0xff, 
	0x8f, 0xb0, 0x04, 0x11, 0xff, 0xff, 0xff, 0x3f, 0xff, 0xf8, 0x7f, 0xff, 0xff, 0xf8, 0x00, 0x67, 
	0xff, 0xff, 0xff, 0xff, 0xff, 0xff, 0xf7, 0xff, 0xdf, 0xff, 0xff, 0xff, 0xf8, 0x00, 0x00, 0x00, 
	0x00, 0x00, 0x00, 0x00, 0x2f, 0xff, 0xee, 0xef, 0xfe, 0xee, 0xef, 0xea, 0xaf, 0xaa, 0x0a, 0x08, 
	0xfe, 0xae, 0xfe, 0xaf, 0xee, 0xf8, 0xbf, 0xef, 0xef, 0xf8, 0x00, 0xee, 0xee, 0xbe, 0xef, 0xff, 
	0xfe, 0xee, 0xee, 0xfe, 0xea, 0xee, 0xff, 0xff, 0xf8, 0x00, 0x00, 0x00, 0x00, 0x00, 0x00, 0x00, 
	0x7f, 0xff, 0xff, 0xff, 0xff, 0xff, 0xff, 0xfc, 0x7f, 0x90, 0x04, 0x0c, 0xff, 0xff, 0xff, 0xcf, 
	0xff, 0xf1, 0xff, 0xff, 0xff, 0xf0, 0x01, 0xcf, 0xf7, 0xff, 0xff, 0xff, 0xff, 0xfd, 0xff, 0xff, 
	0xff, 0xff, 0xff, 0xff, 0xfc, 0x00, 0x00, 0x00, 0x00, 0x00, 0x00, 0x00, 0x3f, 0xff, 0xff, 0xfb, 
	0xff, 0xfb, 0xbf, 0xbb, 0xff, 0x88, 0x02, 0x2e, 0x3f, 0xff, 0xff, 0xa3, 0xef, 0xe2, 0xfe, 0xff, 
	0xbf, 0xe2, 0x2a, 0x8a, 0xab, 0xff, 0xbf, 0xff, 0xff, 0xba, 0xff, 0xea, 0xaf, 0xbb, 0xff, 0xff, 
	0xf8, 0x00, 0x00, 0x00, 0x00, 0x00, 0x00, 0x00, 0x7f, 0xff, 0xff, 0xff, 0xff, 0xff, 0xff, 0xff, 
	0xff, 0xc8, 0x00, 0x0c, 0x3f, 0xff, 0xff, 0xc1, 0xff, 0xc5, 0xff, 0xff, 0xff, 0xc6, 0x57, 0x18, 
	0xf7, 0xff, 0xff, 0xff, 0xff, 0xff, 0xff, 0xff, 0xff, 0xff, 0xff, 0xff, 0xfc, 0x00, 0x00, 0x00, 
	0x00, 0x00, 0x00, 0x00, 0xff, 0xef, 0xee, 0xef, 0xff, 0xff, 0xee, 0xfe, 0xee, 0xea, 0x00, 0x8e, 
	0xaf, 0xef, 0xef, 0xea, 0xaa, 0xab, 0xff, 0xfe, 0xef, 0x8a, 0xaa, 0x2e, 0xee, 0xaf, 0xff, 0xff, 
	0xef, 0xea, 0xfe, 0xae, 0xae, 0xee, 0xff, 0xff, 0xf8, 0x00, 0x00, 0x00, 0x00, 0x00, 0x00, 0x01, 
	0xff, 0xff, 0xff, 0xff, 0xff, 0xff, 0xff, 0xff, 0xff, 0xcc, 0x01, 0x07, 0x0f, 0xff, 0xff, 0xfc, 
	0x00, 0x5f, 0xff, 0xff, 0xff, 0x0c, 0x5c, 0x1f, 0xdf, 0xff, 0xff, 0xff, 0xff, 0xff, 0xff, 0xff, 
	0xff, 0xff, 0xff, 0xff, 0xfc, 0x00, 0x00, 0x00, 0x00, 0x00, 0x00, 0x02, 0xff, 0xff, 0xfe, 0xbf, 
	0xff, 0xff, 0xff, 0xff, 0xfb, 0xee, 0x80, 0x8f, 0xab, 0xff, 0xbf, 0xfa, 0x80, 0xff, 0xff, 0xfb, 
	0xfe, 0x2a, 0xb8, 0x3f, 0xbe, 0xbf, 0xff, 0xff, 0xff, 0xea, 0xfe, 0xaa, 0xab, 0xbf, 0xbb, 0xff, 
	0xfa, 0x00, 0x00, 0x00, 0x00, 0x00, 0x00, 0x01, 0xff, 0xff, 0xff, 0xff, 0xff, 0xff, 0xff, 0xff, 
	0xff, 0xfe, 0x00, 0x0f, 0xe0, 0x7f, 0xff, 0xff, 0x15, 0xff, 0xff, 0xff, 0xfc, 0x1c, 0x7c, 0x1f, 
	0xff, 0xff, 0xff, 0xff, 0xff, 0xff, 0xff, 0xff, 0xff, 0xff, 0xff, 0xff, 0xff, 0x00, 0x00, 0x00, 
	0x00, 0x00, 0x00, 0x0b, 0xff, 0xee, 0xfe, 0xaf, 0xef, 0xff, 0xfe, 0xef, 0xee, 0xea, 0x88, 0x2f, 
	0xee, 0xfe, 0xaf, 0xff, 0xff, 0xff, 0xaa, 0xef, 0xea, 0xb8, 0xa8, 0x2f, 0xee, 0xff, 0xff, 0xff, 
	0xee, 0xae, 0xfe, 0xae, 0xee, 0xee, 0xef, 0xff, 0xfe, 0x80, 0x00, 0x00, 0x00, 0x00, 0x00, 0x07, 
	0xff, 0xff, 0xff, 0xff, 0xff, 0xff, 0xff, 0xff, 0xff, 0xf3, 0x00, 0x67, 0xff, 0xff, 0xc7, 0xff, 
	0xff, 0xff, 0xf1, 0xe7, 0xc3, 0xd8, 0x70, 0x3f, 0xff, 0xff, 0xff, 0xff, 0xff, 0xdf, 0xff, 0xff, 
	0xff, 0xff, 0xff, 0xff, 0xff, 0x00, 0x00, 0x00, 0x00, 0x00, 0x00, 0x0f, 0xff, 0xbf, 0xff, 0xab, 
	0xfb, 0xff, 0xff, 0xbf, 0xeb, 0xfb, 0x88, 0x2b, 0xff, 0xff, 0xba, 0xff, 0xff, 0xfe, 0xaa, 0xaa, 
	0xab, 0xb8, 0xe2, 0x3b, 0xff, 0xff, 0xff, 0xff, 0xff, 0xbf, 0xea, 0xeb, 0xab, 0xbf, 0xff, 0xff, 
	0xff, 0x00, 0x00, 0x00, 0x00, 0x00, 0x00, 0x07, 0xff, 0xff, 0xff, 0xff, 0xff, 0xff, 0xff, 0xff, 
	0xf3, 0xf9, 0xcc, 0x01, 0xff, 0xff, 0xff, 0xff, 0xff, 0xff, 0x1f, 0xf8, 0x3f, 0x11, 0xf7, 0x3f, 
	0xff, 0xff, 0xff, 0xff, 0xff, 0x7f, 0xff, 0xff, 0xff, 0xff, 0xff, 0xff, 0xff, 0x00, 0x00, 0x00, 
	0x00, 0x00, 0x00, 0x0f, 0xef, 0xee, 0xfe, 0xae, 0xff, 0xff, 0xff, 0xee, 0xea, 0xe8, 0x88, 0x0a, 
	0xff, 0xee, 0xee, 0xfe, 0xee, 0xfe, 0x8e, 0xfe, 0xfe, 0xa8, 0xe2, 0xbe, 0xef, 0xff, 0xfe, 0xff, 
	0xfe, 0xfe, 0xea, 0xae, 0xea, 0xee, 0xef, 0xef, 0xfe, 0x80, 0x00, 0x00, 0x00, 0x00, 0x00, 0x1f, 
	0xff, 0xff, 0x7f, 0xff, 0xff, 0xff, 0xff, 0xff, 0xdf, 0xdd, 0x8c, 0x07, 0x7f, 0xff, 0xf1, 0xff, 
	0xff, 0xff, 0x8f, 0xff, 0xfc, 0x75, 0xf7, 0xcf, 0x7f, 0xff, 0xff, 0xff, 0xff, 0xff, 0xff, 0xdf, 
	0xff, 0xff, 0xff, 0xff, 0xff, 0xc0, 0x00, 0x00, 0x00, 0x00, 0x00, 0x3f, 0xff, 0xba, 0xbf, 0xbb, 
	0xff, 0xff, 0xff, 0xfb, 0xff, 0xbe, 0x8a, 0x0e, 0xbf, 0xfa, 0xa3, 0xff, 0xba, 0xfb, 0x8b, 0xff, 
	0xfe, 0xa7, 0xe3, 0xeb, 0xbf, 0xff, 0xfe, 0xff, 0xff, 0xff, 0xae, 0xaa, 0xeb, 0xfb, 0xbf, 0xfb, 
	0xff, 0x80, 0x00, 0x00, 0x00, 0x00, 0x00, 0x1f, 0xff, 0xff, 0xff, 0xff, 0xff, 0xff, 0xff, 0xff, 
	0xff, 0xfe, 0x1c, 0x07, 0x7f, 0xff, 0xf7, 0xff, 0xff, 0xff, 0xdf, 0xff, 0xfc, 0x77, 0xff, 0xff, 
	0xff, 0xff, 0xff, 0xff, 0xff, 0xff, 0xff, 0xff, 0xff, 0xff, 0xff, 0xff, 0xff, 0xc0, 0x00, 0x00, 
	0x00, 0x00, 0x00, 0xbf, 0xfe, 0xef, 0xaf, 0xee, 0xff, 0xef, 0xff, 0xfe, 0xfe, 0xee, 0x2e, 0x8a, 
	0xbf, 0xee, 0xee, 0xfe, 0xee, 0xff, 0x8e, 0xff, 0xf8, 0xee, 0xee, 0xff, 0xff, 0xfe, 0xff, 0xfe, 
	0xfe, 0xfe, 0xae, 0xea, 0xaa, 0xae, 0xef, 0xff, 0xff, 0x80, 0x00, 0x00, 0x00, 0x00, 0x00, 0x7f, 
	0xff, 0xfd, 0xff, 0xff, 0xff, 0xff, 0xff, 0xff, 0xff, 0xfe, 0x7e, 0x17, 0xbf, 0xff, 0xe7, 0xff, 
	0xff, 0xff, 0x1f, 0xff, 0xf0, 0xcf, 0xff, 0xff, 0xff, 0xff, 0xff, 0xff, 0xff, 0xff, 0xfd, 0xff, 
	0xff, 0xff, 0xff, 0xff, 0xff, 0xc0, 0x00, 0x00, 0x00, 0x00, 0x00, 0x3f, 0xfe, 0xfa, 0xbf, 0xfb, 
	0xff, 0xff, 0xff, 0xff, 0xff, 0xfe, 0x3f, 0xab, 0xbf, 0xbb, 0xb3, 0xff, 0xbb, 0xfe, 0xaf, 0xff, 
	0xfb, 0xef, 0xef, 0xff, 0xff, 0xff, 0xff, 0xff, 0xff, 0xff, 0xeb, 0xaa, 0xbf, 0xef, 0xbf, 0xfb, 
	0xff, 0x80, 0x00, 0x00, 0x00, 0x00, 0x00, 0x7f, 0xff, 0xff, 0xff, 0xff, 0xff, 0xff, 0xff, 0xff, 
	0xff, 0xfc, 0x7f, 0xc7, 0xdf, 0xff, 0xf7, 0xff, 0xff, 0xfd, 0xdf, 0xff, 0xf3, 0xef, 0xff, 0xff, 
	0xff, 0xff, 0xff, 0xff, 0xff, 0xff, 0xff, 0xff, 0xff, 0xff, 0xff, 0xff, 0xff, 0xf0, 0x00, 0x00, 
	0x00, 0x00, 0x00, 0xff, 0xfe, 0xee, 0xef, 0xfe, 0xfe, 0xff, 0xfe, 0xff, 0xff, 0xe8, 0xff, 0xe8, 
	0x8f, 0xef, 0xee, 0xfe, 0xee, 0xfa, 0xee, 0xff, 0xee, 0xee, 0xff, 0xff, 0xfe, 0xff, 0xef, 0xff, 
	0xff, 0xee, 0xee, 0xeb, 0xea, 0xfe, 0xef, 0xef, 0xff, 0xe8, 0x00, 0x00, 0x00, 0x00, 0x01, 0xff, 
	0xff, 0xff, 0xff, 0xff, 0xff, 0xff, 0xff, 0xff, 0xff, 0xc1, 0xff, 0xf5, 0xcf, 0xff, 0xff, 0xff, 
	0xff, 0xff, 0xdf, 0xff, 0xdf, 0xe7, 0xff, 0xff, 0xff, 0xff, 0xff, 0xff, 0xff, 0xfd, 0xff, 0xf7, 
	0xff, 0xff, 0xff, 0xff, 0xff, 0xf0, 0x00, 0x00, 0x00, 0x00, 0x03, 0xff, 0xff, 0xff, 0xbf, 0xbf, 
	0xff, 0xff, 0xff, 0xbf, 0xbf, 0xeb, 0xff, 0xbe, 0xef, 0xff, 0xbf, 0xff, 0xbb, 0xff, 0xaf, 0xff, 
	0xaf, 0xfb, 0xff, 0xff, 0xfa, 0xff, 0xff, 0xfb, 0xff, 0xfe, 0xff, 0xbb, 0xeb, 0xbb, 0xbb, 0xff, 
	0xff, 0xe0, 0x00, 0x00, 0x00, 0x00, 0x01, 0xff, 0xff, 0xff, 0xff, 0xff, 0xff, 0xff, 0xff, 0xff, 
	0xff, 0xff, 0xff, 0xbe, 0x77, 0xff, 0xff, 0xff, 0xff, 0xff, 0xff, 0xff, 0xff, 0xff, 0xff, 0xff, 
	0xff, 0xff, 0xff, 0xff, 0xff, 0xff, 0xff, 0xff, 0xff, 0xff, 0xff, 0xff, 0xff, 0xf0, 0x00, 0x00, 
	0xaa, 0xaa, 0xab, 0xff, 0xff, 0xfe, 0xff, 0xff, 0xef, 0xfe, 0xff, 0xff, 0xff, 0xff, 0xff, 0xbe, 
	0xee, 0xff, 0xee, 0xfe, 0xee, 0xfe, 0xff, 0xfe, 0xfe, 0xff, 0xff, 0xfe, 0xee, 0xff, 0xff, 0xff, 
	0xff, 0xee, 0xee, 0xee, 0xfe, 0xee, 0xee, 0xff, 0xff, 0xea, 0xaa, 0xa8, 0xff, 0xff, 0xff, 0xff, 
	0xff, 0xff, 0xff, 0xff, 0xff, 0xff, 0xff, 0xdd, 0xdf, 0xdd, 0xdd, 0xdd, 0xff, 0xff, 0xff, 0xff, 
	0xff, 0xff, 0xff, 0xff, 0xdd, 0xff, 0xff, 0xff, 0xff, 0xff, 0xff, 0xff, 0xff, 0xff, 0xff, 0xff, 
	0xff, 0xff, 0xff, 0xff, 0xff, 0xff, 0xff, 0xfc
};
// 'NyxPissed', 350x350px
const unsigned char nyxPissed [] PROGMEM = {
	0x00, 0x00, 0x00, 0x00, 0x00, 0x00, 0x00, 0x00, 0x00, 0x00, 0x00, 0x00, 0x00, 0x00, 0x00, 0x00, 
	0x00, 0x00, 0x00, 0x00, 0x00, 0x00, 0x00, 0x00, 0x00, 0x00, 0x00, 0x00, 0x00, 0x00, 0x00, 0x00, 
	0x00, 0x00, 0x00, 0x00, 0x00, 0x00, 0x00, 0x00, 0x00, 0x00, 0x00, 0x00, 0x00, 0x00, 0x00, 0x00, 
	0x00, 0x00, 0x00, 0x00, 0x00, 0x00, 0x00, 0x00, 0x00, 0x00, 0x00, 0x00, 0x00, 0x00, 0x00, 0x00, 
	0x00, 0x00, 0x00, 0x00, 0x00, 0x00, 0x00, 0x00, 0x00, 0x00, 0x00, 0x00, 0x00, 0x00, 0x00, 0x00, 
	0x00, 0x00, 0x00, 0x00, 0x00, 0x00, 0x00, 0x00, 0x00, 0x00, 0x00, 0x00, 0x00, 0x00, 0x00, 0x00, 
	0x00, 0x00, 0x00, 0x00, 0x00, 0x00, 0x00, 0x00, 0x00, 0x00, 0x00, 0x00, 0x00, 0x00, 0x00, 0x00, 
	0x00, 0x00, 0x00, 0x00, 0x00, 0x00, 0x00, 0x00, 0x00, 0x00, 0x00, 0x00, 0x00, 0x00, 0x00, 0x00, 
	0x00, 0x00, 0x00, 0x00, 0x00, 0x00, 0x00, 0x00, 0x00, 0x00, 0x00, 0x00, 0x00, 0x00, 0x00, 0x00, 
	0x00, 0x00, 0x00, 0x00, 0x00, 0x00, 0x00, 0x00, 0x00, 0x00, 0x00, 0x00, 0x00, 0x00, 0x00, 0x00, 
	0x00, 0x00, 0x00, 0x00, 0x00, 0x00, 0x00, 0x00, 0x00, 0x00, 0x00, 0x00, 0x00, 0x00, 0x00, 0x00, 
	0x00, 0x00, 0x00, 0x00, 0x00, 0x00, 0x00, 0x00, 0x00, 0x00, 0x00, 0x00, 0x00, 0x00, 0x00, 0x00, 
	0x00, 0x00, 0x00, 0x00, 0x00, 0x00, 0x00, 0x00, 0x00, 0x00, 0x00, 0x00, 0x00, 0x00, 0x00, 0x00, 
	0x00, 0x00, 0x00, 0x00, 0x00, 0x00, 0x00, 0x00, 0x00, 0x00, 0x00, 0x00, 0x00, 0x00, 0x00, 0x00, 
	0x00, 0x00, 0x00, 0x00, 0x00, 0x00, 0x00, 0x00, 0x00, 0x00, 0x00, 0x00, 0x00, 0x00, 0x00, 0x00, 
	0x00, 0x00, 0x00, 0x00, 0x00, 0x00, 0x00, 0x00, 0x00, 0x00, 0x00, 0x00, 0x00, 0x00, 0x00, 0x00, 
	0x00, 0x00, 0x00, 0x00, 0x00, 0x00, 0x00, 0x00, 0x00, 0x00, 0x00, 0x00, 0x00, 0x00, 0x00, 0x00, 
	0x00, 0x00, 0x00, 0x00, 0x00, 0x00, 0x00, 0x00, 0x00, 0x00, 0x00, 0x00, 0x00, 0x00, 0x00, 0x00, 
	0x00, 0x00, 0x00, 0x00, 0x00, 0x00, 0x00, 0x00, 0x00, 0x00, 0x00, 0x00, 0x00, 0x00, 0x00, 0x00, 
	0x00, 0x00, 0x00, 0x00, 0x00, 0x00, 0x00, 0x00, 0x00, 0x00, 0x00, 0x00, 0x00, 0x00, 0x00, 0x00, 
	0x00, 0x00, 0x00, 0x00, 0x00, 0x00, 0x00, 0x00, 0x00, 0x00, 0x00, 0x00, 0x00, 0x00, 0x00, 0x00, 
	0x00, 0x00, 0x00, 0x00, 0x00, 0x00, 0x00, 0x00, 0x00, 0x00, 0x00, 0x00, 0x00, 0x00, 0x00, 0x00, 
	0x00, 0x00, 0x00, 0x00, 0x00, 0x00, 0x00, 0x00, 0x00, 0x00, 0x00, 0x00, 0x00, 0x00, 0x00, 0x00, 
	0x00, 0x00, 0x00, 0x00, 0x00, 0x00, 0x00, 0x00, 0x00, 0x00, 0x00, 0x00, 0x00, 0x00, 0x00, 0x00, 
	0x00, 0x00, 0x00, 0x00, 0x00, 0x00, 0x00, 0x00, 0x00, 0x00, 0x00, 0x00, 0x00, 0x00, 0x00, 0x00, 
	0x00, 0x00, 0x00, 0x00, 0x00, 0x00, 0x00, 0x00, 0x00, 0x00, 0x00, 0x00, 0x00, 0x00, 0x00, 0x00, 
	0x00, 0x00, 0x00, 0x00, 0x00, 0x00, 0x00, 0x00, 0x00, 0x00, 0x00, 0x00, 0x00, 0x00, 0x00, 0x00, 
	0x00, 0x00, 0x00, 0x00, 0x00, 0x00, 0x00, 0x00, 0x00, 0x00, 0x00, 0x00, 0x00, 0x00, 0x00, 0x00, 
	0x00, 0x00, 0x00, 0x00, 0x00, 0x00, 0x00, 0x00, 0x00, 0x00, 0x00, 0x00, 0x00, 0x00, 0x00, 0x00, 
	0x00, 0x00, 0x00, 0x00, 0x00, 0x00, 0x00, 0x00, 0x00, 0x00, 0x00, 0x00, 0x00, 0x00, 0x00, 0x00, 
	0x00, 0x00, 0x00, 0x00, 0x00, 0x00, 0x00, 0x00, 0x00, 0x00, 0x00, 0x00, 0x00, 0x00, 0x00, 0x00, 
	0x00, 0x00, 0x00, 0x00, 0x00, 0x00, 0x00, 0x00, 0x00, 0x00, 0x00, 0x00, 0x00, 0x00, 0x00, 0x00, 
	0x00, 0x00, 0x00, 0x00, 0x00, 0x00, 0x00, 0x00, 0x00, 0x00, 0x00, 0x00, 0x00, 0x00, 0x00, 0x00, 
	0x00, 0x00, 0x00, 0x00, 0x00, 0x00, 0x00, 0x00, 0x00, 0x00, 0x00, 0x00, 0x00, 0x00, 0x00, 0x00, 
	0x00, 0x00, 0x00, 0x00, 0x00, 0x00, 0x00, 0x00, 0x00, 0x00, 0x00, 0x00, 0x00, 0x02, 0xa8, 0xfe, 
	0xef, 0xee, 0x00, 0x00, 0x00, 0x00, 0x00, 0x00, 0x00, 0x00, 0x00, 0x00, 0x00, 0x00, 0x00, 0x00, 
	0x00, 0x00, 0x00, 0x00, 0x00, 0x00, 0x00, 0x00, 0x00, 0x00, 0x00, 0x00, 0x00, 0x00, 0x00, 0x00, 
	0x00, 0x00, 0x00, 0x00, 0x00, 0x00, 0x00, 0x00, 0x00, 0x0e, 0x65, 0xff, 0xff, 0xfc, 0x00, 0x00, 
	0x00, 0x00, 0x00, 0x00, 0x00, 0x00, 0x00, 0x00, 0x00, 0x00, 0x00, 0x00, 0x00, 0xaa, 0x88, 0x00, 
	0x00, 0x00, 0x00, 0x00, 0x00, 0x00, 0x00, 0x00, 0x00, 0x00, 0x00, 0x00, 0x00, 0x00, 0x00, 0x00, 
	0x00, 0x00, 0x00, 0x00, 0x00, 0x2a, 0xab, 0xfa, 0xff, 0xba, 0x00, 0x00, 0x00, 0x00, 0x00, 0x00, 
	0x00, 0x00, 0x00, 0x00, 0x00, 0x00, 0x00, 0x00, 0x01, 0xff, 0x9c, 0x10, 0x00, 0x00, 0x00, 0x00, 
	0x00, 0x00, 0x00, 0x00, 0x00, 0x00, 0x00, 0x00, 0x00, 0x00, 0x00, 0x00, 0x00, 0x00, 0x00, 0x00, 
	0x01, 0x30, 0x1f, 0xfd, 0xff, 0xf0, 0x00, 0x00, 0x00, 0x00, 0x00, 0x00, 0x00, 0x00, 0x00, 0x00, 
	0x00, 0x00, 0x00, 0x00, 0x0f, 0xe8, 0xee, 0xf8, 0x00, 0x00, 0x00, 0x00, 0x00, 0x00, 0x00, 0x00, 
	0x00, 0x00, 0x00, 0x00, 0x00, 0x00, 0x00, 0x00, 0x00, 0x00, 0x00, 0x00, 0x0a, 0xaa, 0x2f, 0xee, 
	0xee, 0xe0, 0x00, 0x00, 0x00, 0x00, 0x00, 0x00, 0x00, 0x00, 0x00, 0x00, 0x00, 0x00, 0x00, 0x00, 
	0x07, 0xfc, 0x01, 0x4f, 0x00, 0x00, 0x00, 0x00, 0x00, 0x00, 0x00, 0x00, 0x00, 0x00, 0x00, 0x00, 
	0x00, 0x00, 0x00, 0x00, 0x00, 0x00, 0x00, 0x00, 0x0c, 0xc0, 0x7f, 0xff, 0xff, 0xc0, 0x00, 0x00, 
	0x00, 0x00, 0x00, 0x00, 0x00, 0x00, 0x00, 0x00, 0x00, 0x00, 0x00, 0x00, 0x03, 0xff, 0xa0, 0x0b, 
	0xe0, 0x00, 0x00, 0x00, 0x00, 0x00, 0x00, 0x00, 0x00, 0x00, 0x00, 0x00, 0x00, 0x00, 0x00, 0x00, 
	0x00, 0x00, 0x00, 0x00, 0x0a, 0xab, 0xff, 0xbf, 0xbe, 0xa8, 0x00, 0x00, 0x00, 0x00, 0x00, 0x00, 
	0x00, 0x00, 0x00, 0x00, 0x00, 0x00, 0x00, 0x00, 0x07, 0xff, 0xf0, 0x00, 0x74, 0x00, 0x00, 0x00, 
	0x00, 0x00, 0x00, 0x00, 0x00, 0x00, 0x00, 0x00, 0x00, 0x00, 0x00, 0x00, 0x00, 0x00, 0x00, 0x00, 
	0x11, 0x41, 0xff, 0xff, 0xfe, 0x7c, 0x00, 0x00, 0x00, 0x00, 0x00, 0x00, 0x00, 0x00, 0x00, 0x00, 
	0x00, 0x00, 0x00, 0x00, 0x0b, 0xee, 0xfa, 0x80, 0xaa, 0x80, 0x00, 0x00, 0x00, 0x00, 0x00, 0x00, 
	0x00, 0x00, 0x00, 0x00, 0x00, 0x00, 0x00, 0x00, 0x00, 0x00, 0x00, 0x00, 0x2a, 0x8f, 0xfe, 0xee, 
	0xee, 0xf8, 0x00, 0x00, 0x00, 0x00, 0x00, 0x00, 0x00, 0x00, 0x00, 0x00, 0x00, 0x00, 0x00, 0x00, 
	0x01, 0xff, 0xff, 0xc0, 0x03, 0xc0, 0x00, 0x00, 0x00, 0x00, 0x00, 0x00, 0x00, 0x00, 0x00, 0x00, 
	0x00, 0x00, 0x00, 0x00, 0x00, 0x00, 0x00, 0x00, 0x47, 0x0f, 0xff, 0xff, 0xff, 0xfc, 0x00, 0x00, 
	0x00, 0x00, 0x00, 0x00, 0x00, 0x00, 0x00, 0x00, 0x00, 0x00, 0x00, 0x00, 0x03, 0xff, 0xff, 0xfa, 
	0x0a, 0xa2, 0x00, 0x00, 0x00, 0x00, 0x00, 0x00, 0x00, 0x00, 0x00, 0x00, 0x00, 0x00, 0x00, 0x00, 
	0x00, 0x00, 0x00, 0x02, 0xa6, 0x3f, 0xfb, 0xfb, 0xfb, 0xb0, 0x00, 0x00, 0x00, 0x00, 0x00, 0x00, 
	0x00, 0x00, 0x00, 0x00, 0x00, 0x00, 0x00, 0x00, 0x01, 0xff, 0xff, 0xfc, 0x00, 0x37, 0x00, 0x00, 
	0x00, 0x00, 0x00, 0x00, 0x00, 0x00, 0x00, 0x00, 0x00, 0x00, 0x00, 0x00, 0x00, 0x00, 0x00, 0x01, 
	0x44, 0x3f, 0xff, 0xff, 0xff, 0xf0, 0x00, 0x00, 0x00, 0x00, 0x00, 0x00, 0x00, 0x00, 0x00, 0x00, 
	0x00, 0x00, 0x00, 0x00, 0x00, 0xee, 0xef, 0xfe, 0x80, 0x8a, 0x80, 0x00, 0x00, 0x00, 0x00, 0x00, 
	0x00, 0x00, 0x00, 0x00, 0x00, 0x00, 0x00, 0x00, 0x00, 0x00, 0x00, 0x0a, 0x88, 0xbe, 0xee, 0xee, 
	0xee, 0xe0, 0x00, 0x00, 0x00, 0x00, 0x00, 0x00, 0x00, 0x00, 0x00, 0x00, 0x00, 0x00, 0x00, 0x00, 
	0x00, 0x7f, 0xff, 0xff, 0xc0, 0x00, 0xc0, 0x00, 0x00, 0x00, 0x00, 0x00, 0x00, 0x00, 0x00, 0x00, 
	0x00, 0x00, 0x00, 0x00, 0x00, 0x00, 0x00, 0x04, 0xc0, 0xff, 0xff, 0xff, 0xff, 0xc0, 0x00, 0x00, 
	0x00, 0x00, 0x00, 0x00, 0x00, 0x00, 0x00, 0x00, 0x00, 0x00, 0x00, 0x00, 0x00, 0x3f, 0xbf, 0xff, 
	0xfa, 0x08, 0xa0, 0x00, 0x00, 0x00, 0x00, 0x00, 0x00, 0x00, 0x00, 0x00, 0x00, 0x00, 0x00, 0x00, 
	0x00, 0x00, 0x00, 0x08, 0xa3, 0xff, 0xee, 0xaf, 0xfe, 0x80, 0x00, 0x00, 0x00, 0x00, 0x00, 0x00, 
	0x00, 0x00, 0x00, 0x00, 0x00, 0x00, 0x00, 0x00, 0x00, 0x1f, 0xff, 0xff, 0xfc, 0x00, 0x1c, 0x00, 
	0x00, 0x00, 0x00, 0x00, 0x00, 0x00, 0x00, 0x00, 0x00, 0x00, 0x00, 0x00, 0x00, 0x00, 0x00, 0x0c, 
	0x03, 0xff, 0xff, 0x7f, 0xfc, 0x00, 0x00, 0x00, 0x00, 0x00, 0x00, 0x00, 0x00, 0x00, 0x00, 0x00, 
	0x00, 0x00, 0x00, 0x00, 0x00, 0x0b, 0xee, 0xfe, 0xfe, 0x80, 0x0a, 0xe8, 0x00, 0x00, 0x00, 0x00, 
	0x00, 0x00, 0x00, 0x00, 0x00, 0x00, 0x00, 0x00, 0x00, 0x00, 0x00, 0x08, 0x8a, 0xef, 0xef, 0xaa, 
	0xea, 0x80, 0x00, 0x00, 0x00, 0x00, 0x00, 0x00, 0x00, 0x00, 0x00, 0x00, 0x00, 0x00, 0x00, 0x00, 
	0x00, 0x03, 0xff, 0xff, 0xff, 0xc0, 0x01, 0x10, 0x00, 0x00, 0x00, 0x00, 0x00, 0x00, 0x00, 0x00, 
	0x00, 0x00, 0x00, 0x00, 0x00, 0x00, 0x00, 0x1c, 0x07, 0xff, 0xff, 0xff, 0x67, 0x80, 0x00, 0x00, 
	0x00, 0x00, 0x00, 0x00, 0x00, 0x00, 0x00, 0x00, 0x00, 0x00, 0x00, 0x00, 0x00, 0x0a, 0xff, 0xfe, 
	0xbf, 0xa2, 0x08, 0xa8, 0x00, 0x00, 0x00, 0x00, 0x00, 0x00, 0x00, 0xbe, 0x00, 0x00, 0x00, 0x00, 
	0x00, 0x00, 0x00, 0x20, 0x0f, 0xff, 0xef, 0xbf, 0xbf, 0x80, 0x00, 0x00, 0x00, 0x00, 0x00, 0x00, 
	0x00, 0x00, 0x00, 0x00, 0x00, 0x00, 0x00, 0x00, 0x00, 0x1f, 0xff, 0xff, 0xff, 0xf0, 0x00, 0x4c, 
	0x00, 0x00, 0x00, 0x00, 0x00, 0x00, 0x01, 0xff, 0x00, 0x00, 0x00, 0x00, 0x00, 0x00, 0x00, 0x64, 
	0x1f, 0xff, 0xff, 0xff, 0xff, 0x00, 0x00, 0x00, 0x00, 0x00, 0x00, 0x00, 0x00, 0x00, 0x00, 0x00, 
	0x00, 0x00, 0x00, 0x00, 0x00, 0x0f, 0xee, 0xef, 0xff, 0xfe, 0x88, 0x28, 0x80, 0x00, 0x00, 0x00, 
	0x00, 0x00, 0x0a, 0xae, 0xa0, 0x00, 0x00, 0x00, 0x00, 0x00, 0x00, 0xca, 0xaf, 0xfe, 0xae, 0xee, 
	0xae, 0x00, 0x00, 0x00, 0x00, 0x00, 0x00, 0x00, 0x00, 0x00, 0x00, 0x00, 0x00, 0x00, 0x00, 0x00, 
	0x00, 0x07, 0xff, 0xff, 0xff, 0xfe, 0x00, 0x04, 0xc0, 0x00, 0x00, 0x00, 0x00, 0x00, 0x0e, 0x1f, 
	0xf0, 0x00, 0x00, 0x00, 0x00, 0x00, 0x01, 0xc0, 0x6f, 0xff, 0xff, 0xff, 0xfc, 0x00, 0x00, 0x00, 
	0x00, 0x00, 0x00, 0x00, 0x00, 0x00, 0x00, 0x00, 0x00, 0x00, 0x00, 0x00, 0x00, 0x0b, 0xbf, 0xff, 
	0xff, 0xfe, 0x0a, 0x22, 0xa0, 0x00, 0x00, 0x00, 0x00, 0x00, 0x2a, 0x03, 0xb8, 0x00, 0x00, 0x00, 
	0x00, 0x00, 0x02, 0xa0, 0x2f, 0xfb, 0xae, 0xaa, 0xb8, 0x00, 0x00, 0x00, 0x00, 0x00, 0x00, 0x00, 
	0x00, 0x00, 0x00, 0x00, 0x00, 0x00, 0x00, 0x00, 0x00, 0x03, 0xff, 0xff, 0xff, 0xff, 0xe0, 0x01, 
	0xa0, 0x00, 0x00, 0x00, 0x00, 0x00, 0x70, 0x03, 0xfc, 0x00, 0x00, 0x00, 0x00, 0x00, 0x03, 0x40, 
	0x7f, 0xff, 0xff, 0xff, 0xf0, 0x00, 0x00, 0x00, 0x00, 0x00, 0x00, 0x00, 0x00, 0x00, 0x00, 0x00, 
	0x00, 0x00, 0x00, 0x00, 0x00, 0x02, 0xee, 0xee, 0xff, 0xef, 0xe8, 0x88, 0xa8, 0x00, 0x00, 0x00, 
	0x00, 0x00, 0xc0, 0x00, 0xee, 0x00, 0x00, 0x00, 0x00, 0x00, 0x0a, 0xa8, 0xfe, 0xfa, 0xee, 0xee, 
	0xe8, 0x00, 0x00, 0x00, 0x00, 0x00, 0x00, 0x00, 0x00, 0x00, 0x00, 0x00, 0x00, 0x00, 0x00, 0x00, 
	0x00, 0x00, 0xff, 0xff, 0xff, 0xff, 0xfc, 0x00, 0x18, 0x00, 0x00, 0x00, 0x00, 0x01, 0xc0, 0x01, 
	0xfe, 0x00, 0x00, 0x00, 0x00, 0x00, 0x1c, 0x41, 0xff, 0xff, 0xff, 0xff, 0xc0, 0x00, 0x00, 0x00, 
	0x00, 0x00, 0x00, 0x00, 0x00, 0x00, 0x00, 0x00, 0x00, 0x00, 0x00, 0x00, 0x00, 0x00, 0xba, 0xab, 
	0xff, 0xff, 0xfa, 0x08, 0xa8, 0x00, 0x00, 0x00, 0x00, 0x00, 0x80, 0x00, 0xfa, 0x80, 0x00, 0x00, 
	0x00, 0x00, 0x0a, 0x23, 0xff, 0xbe, 0xbf, 0xff, 0x80, 0x00, 0x00, 0x00, 0x00, 0x00, 0x00, 0x00, 
	0x00, 0x00, 0x00, 0x00, 0x00, 0x00, 0x00, 0x00, 0x00, 0x00, 0x1f, 0xff, 0xff, 0xff, 0xf8, 0x00, 
	0x04, 0x00, 0x00, 0x00, 0x00, 0x01, 0x00, 0x00, 0xff, 0x00, 0x00, 0x00, 0x00, 0x00, 0x1c, 0x07, 
	0xff, 0xff, 0xff, 0xf4, 0x00, 0x00, 0x00, 0x00, 0x00, 0x00, 0x00, 0x00, 0x00, 0x00, 0x00, 0x00, 
	0x00, 0x00, 0x00, 0x00, 0x00, 0x00, 0x0e, 0xee, 0xee, 0xaf, 0xfa, 0x88, 0x2a, 0x00, 0x00, 0x00, 
	0x00, 0x02, 0x00, 0x00, 0xef, 0x80, 0x88, 0x00, 0x00, 0x00, 0x2e, 0x88, 0xfe, 0xea, 0xae, 0xe0, 
	0x80, 0x00, 0x00, 0x00, 0x00, 0x00, 0x00, 0x00, 0x00, 0x00, 0x00, 0x00, 0x00, 0x00, 0x00, 0x00, 
	0x00, 0x00, 0x11, 0xff, 0xff, 0xff, 0xff, 0x80, 0x04, 0x00, 0x00, 0x00, 0x00, 0x04, 0x00, 0x00, 
	0x7f, 0x01, 0xfd, 0x00, 0x00, 0x00, 0x6c, 0x01, 0xff, 0xff, 0xff, 0xd7, 0x00, 0x00, 0x00, 0x00, 
	0x00, 0x00, 0x00, 0x00, 0x00, 0x00, 0x00, 0x00, 0x00, 0x00, 0x00, 0x00, 0x00, 0x00, 0x3f, 0xfe, 
	0xbb, 0xff, 0xff, 0xa2, 0x20, 0x80, 0x00, 0x00, 0x00, 0x02, 0x00, 0x00, 0xfb, 0x83, 0xff, 0xa8, 
	0x00, 0x00, 0x28, 0x0b, 0xff, 0xbf, 0xab, 0xaf, 0x80, 0x00, 0x00, 0x00, 0x00, 0x00, 0x00, 0x00, 
	0x00, 0x00, 0x00, 0x00, 0x00, 0x00, 0x00, 0x00, 0x00, 0x00, 0x3f, 0xff, 0xff, 0xff, 0xff, 0xe0, 
	0x00, 0x40, 0x00, 0x00, 0x00, 0x04, 0x01, 0x00, 0x7f, 0xf7, 0xff, 0xf8, 0x00, 0x00, 0x4c, 0x1f, 
	0xff, 0xff, 0xff, 0xfe, 0x00, 0x00, 0x00, 0x00, 0x00, 0x00, 0x00, 0x00, 0x00, 0x00, 0x00, 0x00, 
	0x00, 0x00, 0x00, 0x00, 0x00, 0x00, 0x0e, 0xee, 0xee, 0xee, 0xff, 0xe8, 0xa2, 0x20, 0x00, 0x00, 
	0x00, 0x08, 0x2f, 0xe8, 0xff, 0xfe, 0xee, 0xaf, 0xe8, 0x00, 0xc8, 0x3f, 0xfe, 0xee, 0xae, 0xe8, 
	0x00, 0x00, 0x00, 0x00, 0x00, 0x00, 0x00, 0x00, 0x00, 0x00, 0x00, 0x00, 0x00, 0x00, 0x00, 0x00, 
	0x00, 0x00, 0x07, 0xff, 0xdf, 0xff, 0xff, 0xc0, 0x00, 0x10, 0x00, 0x00, 0x00, 0x03, 0xff, 0xfe, 
	0xff, 0xff, 0xff, 0xff, 0xfd, 0x00, 0xc4, 0x7f, 0xfd, 0xff, 0xff, 0xf8, 0x00, 0x00, 0x00, 0x00, 
	0x00, 0x00, 0x00, 0x00, 0x00, 0x00, 0x00, 0x00, 0x00, 0x00, 0x00, 0x00, 0x00, 0x00, 0x03, 0xbb, 
	0xaa, 0xff, 0xaf, 0xaa, 0x02, 0x28, 0x00, 0x00, 0x00, 0x0b, 0xfb, 0xff, 0xff, 0xff, 0xff, 0xfb, 
	0xbf, 0xa0, 0x88, 0xff, 0xbb, 0xab, 0xff, 0xe8, 0x00, 0x00, 0x00, 0x00, 0x00, 0x00, 0x00, 0x00, 
	0x00, 0x00, 0x00, 0x00, 0x00, 0x00, 0x00, 0x00, 0x00, 0x00, 0x01, 0xff, 0xff, 0xff, 0xff, 0xff, 
	0x00, 0x1c, 0x00, 0x00, 0x00, 0x1e, 0x7f, 0xff, 0xff, 0xff, 0xff, 0xff, 0xf5, 0xf3, 0x80, 0xff, 
	0xff, 0xff, 0xff, 0xe0, 0x00, 0x00, 0x00, 0x00, 0x00, 0x00, 0x00, 0x00, 0x00, 0x00, 0x00, 0x00, 
	0x00, 0x00, 0x00, 0x00, 0x00, 0x00, 0x00, 0xee, 0xee, 0xee, 0xff, 0xfe, 0x8a, 0x0a, 0x00, 0x00, 
	0x00, 0xea, 0xff, 0xff, 0xef, 0xff, 0xff, 0xff, 0xea, 0xbf, 0x88, 0xee, 0xfe, 0xee, 0xee, 0x80, 
	0x00, 0x00, 0x00, 0x00, 0x00, 0x00, 0x00, 0x00, 0x00, 0x00, 0x00, 0x00, 0x00, 0x00, 0x00, 0x00, 
	0x00, 0x00, 0x00, 0x7f, 0xff, 0xef, 0xff, 0xff, 0x80, 0x12, 0x00, 0x00, 0x07, 0xd7, 0xff, 0xff, 
	0xff, 0xff, 0xff, 0xff, 0xff, 0xcf, 0xc1, 0x0f, 0xff, 0xff, 0xfc, 0x00, 0x00, 0x00, 0x00, 0x00, 
	0x00, 0x00, 0x00, 0x00, 0x00, 0x00, 0x00, 0x00, 0x00, 0x00, 0x00, 0x00, 0x00, 0x00, 0x00, 0x0f, 
	0xeb, 0xba, 0xff, 0xfa, 0x82, 0x82, 0x80, 0x00, 0x3a, 0x2f, 0xff, 0xff, 0xff, 0xff, 0xff, 0xff, 
	0xff, 0xae, 0xa0, 0x3f, 0xff, 0xbb, 0xbe, 0x80, 0x00, 0x00, 0x00, 0x00, 0x00, 0x00, 0x00, 0x00, 
	0x00, 0x00, 0x00, 0x00, 0x00, 0x00, 0x00, 0x00, 0x00, 0x00, 0x00, 0x17, 0xff, 0xff, 0xff, 0xfc, 
	0x00, 0x01, 0x80, 0x00, 0xf9, 0x07, 0xff, 0xff, 0xff, 0xff, 0xff, 0xff, 0xff, 0xf5, 0xc0, 0x7f, 
	0xff, 0xff, 0xff, 0x00, 0x00, 0x00, 0x00, 0x00, 0x00, 0x00, 0x00, 0x00, 0x00, 0x00, 0x00, 0x00, 
	0x00, 0x00, 0x00, 0x00, 0x00, 0x00, 0x00, 0x2e, 0xee, 0xae, 0xef, 0xfe, 0xa0, 0x88, 0x80, 0x02, 
	0xef, 0xea, 0xff, 0xff, 0xff, 0xff, 0xff, 0xff, 0xff, 0xfe, 0x82, 0xff, 0xee, 0xee, 0xee, 0x00, 
	0x00, 0x00, 0x00, 0x00, 0x00, 0x00, 0x00, 0x00, 0x00, 0x00, 0x00, 0x00, 0x00, 0x00, 0x00, 0x00, 
	0x00, 0x00, 0x00, 0x0f, 0xff, 0xdf, 0xff, 0xff, 0xf0, 0x41, 0x40, 0x07, 0xdf, 0xff, 0xff, 0xff, 
	0xff, 0xff, 0xff, 0xff, 0xff, 0xfc, 0x87, 0xff, 0xff, 0xff, 0xc4, 0x00, 0x00, 0x00, 0x00, 0x00, 
	0x00, 0x00, 0x00, 0x00, 0x00, 0x00, 0x00, 0x00, 0x00, 0x00, 0x00, 0x00, 0x00, 0x00, 0x00, 0x0a, 
	0xae, 0xaa, 0xbb, 0xff, 0xfa, 0x20, 0x20, 0xa2, 0xbb, 0xff, 0xff, 0xff, 0xff, 0xff, 0xff, 0xff, 
	0xff, 0xfa, 0x8e, 0xff, 0xef, 0xff, 0xa0, 0x00, 0x00, 0x00, 0x00, 0x00, 0x00, 0x00, 0x00, 0x00, 
	0x00, 0x00, 0x00, 0x00, 0x00, 0x00, 0x00, 0x00, 0x00, 0x00, 0x00, 0x01, 0x1f, 0xff, 0xfd, 0xff, 
	0xfc, 0x01, 0x31, 0xcd, 0xff, 0xff, 0xc1, 0xff, 0xff, 0xff, 0xff, 0xff, 0xff, 0xf9, 0x05, 0xff, 
	0xff, 0xff, 0xf0, 0x00, 0x00, 0x00, 0x00, 0x00, 0x00, 0x00, 0x00, 0x00, 0x00, 0x00, 0x00, 0x00, 
	0x00, 0x00, 0x00, 0x00, 0x00, 0x00, 0x00, 0x02, 0xee, 0xee, 0xee, 0xfe, 0xf8, 0x08, 0xba, 0xaa, 
	0xee, 0xff, 0xe8, 0xff, 0xff, 0xff, 0xff, 0xee, 0xff, 0xf8, 0x82, 0xef, 0xfe, 0xaf, 0xe0, 0x00, 
	0x00, 0x00, 0x00, 0x00, 0x00, 0x00, 0x00, 0x00, 0x00, 0x00, 0x00, 0x00, 0x00, 0x00, 0x00, 0x00, 
	0x00, 0x00, 0x00, 0x01, 0xff, 0xfd, 0xff, 0xff, 0xff, 0x00, 0x1e, 0x7f, 0xff, 0xfd, 0x44, 0x5f, 
	0xff, 0xff, 0xff, 0xff, 0xff, 0xf9, 0x0f, 0xff, 0xff, 0xff, 0xc0, 0x00, 0x00, 0x00, 0x00, 0x00, 
	0x00, 0x00, 0x00, 0x00, 0x00, 0x00, 0x00, 0x00, 0x00, 0x00, 0x00, 0x00, 0x00, 0x00, 0x00, 0x00, 
	0xbf, 0xfa, 0xaf, 0xbb, 0xff, 0x82, 0x8e, 0xbf, 0xff, 0xa0, 0x02, 0x8f, 0xfb, 0xfb, 0xfb, 0xff, 
	0xff, 0xf8, 0x3f, 0xff, 0xbf, 0xff, 0xe0, 0x00, 0x00, 0x00, 0x00, 0x00, 0x00, 0x00, 0x00, 0x00, 
	0x00, 0x00, 0x00, 0x00, 0x00, 0x00, 0x00, 0x00, 0x00, 0x00, 0x00, 0x00, 0x3f, 0xf7, 0xff, 0xff, 
	0xff, 0xc1, 0x1f, 0xff, 0xff, 0xc0, 0x00, 0x07, 0xff, 0xff, 0xff, 0xff, 0xff, 0xd8, 0x7f, 0xff, 
	0xff, 0xff, 0x80, 0x00, 0x00, 0x00, 0x00, 0x00, 0x00, 0x00, 0x00, 0x00, 0x00, 0x00, 0x00, 0x00, 
	0x00, 0x00, 0x00, 0x00, 0x00, 0x00, 0x00, 0x00, 0x0a, 0xae, 0xee, 0xee, 0xff, 0xe8, 0x8b, 0xee, 
	0xff, 0xaa, 0x80, 0x0b, 0xff, 0xff, 0xfe, 0xee, 0xff, 0xc8, 0x3f, 0xff, 0xee, 0xee, 0x80, 0x00, 
	0x00, 0x00, 0x00, 0x00, 0x00, 0x00, 0x00, 0x00, 0x00, 0x00, 0x00, 0x00, 0x00, 0x00, 0x00, 0x00, 
	0x00, 0x00, 0x00, 0x00, 0x00, 0x7f, 0xff, 0xdf, 0xfe, 0x50, 0x03, 0xff, 0xfc, 0x00, 0x05, 0x05, 
	0xff, 0xff, 0xff, 0xff, 0xff, 0xd8, 0x7f, 0xff, 0xff, 0xfe, 0x00, 0x00, 0x00, 0x00, 0x00, 0x00, 
	0x00, 0x00, 0x00, 0x00, 0x00, 0x00, 0x00, 0x00, 0x00, 0x00, 0x00, 0x00, 0x00, 0x00, 0x00, 0x00, 
	0x02, 0xfe, 0xba, 0xaf, 0xfe, 0xa0, 0xa3, 0xff, 0xa8, 0x00, 0x2b, 0xa2, 0xff, 0xff, 0xff, 0xff, 
	0xff, 0xe8, 0xff, 0xff, 0xbb, 0xfa, 0x00, 0x00, 0x00, 0x00, 0x00, 0x00, 0x00, 0x00, 0x00, 0x00, 
	0x00, 0x00, 0x00, 0x00, 0x00, 0x00, 0x00, 0x00, 0x00, 0x00, 0x00, 0x00, 0x01, 0xff, 0xff, 0xff, 
	0xff, 0xe0, 0x43, 0xff, 0x80, 0x00, 0x07, 0xf1, 0xff, 0xff, 0xff, 0xff, 0xff, 0xc9, 0xff, 0xff, 
	0xff, 0xf0, 0x00, 0x00, 0x00, 0x00, 0x00, 0x00, 0x00, 0x00, 0x00, 0x00, 0x00, 0x00, 0x00, 0x00, 
	0x00, 0x00, 0x00, 0x00, 0x00, 0x00, 0x00, 0x00, 0x00, 0xea, 0xae, 0xef, 0xef, 0xf8, 0x2b, 0xff, 
	0xa0, 0x08, 0x80, 0xba, 0xff, 0xff, 0xff, 0xff, 0xef, 0xca, 0xff, 0xfe, 0xef, 0xe8, 0x00, 0x00, 
	0x00, 0x00, 0x00, 0x00, 0x00, 0x00, 0x00, 0x00, 0x00, 0x00, 0x00, 0x00, 0x00, 0x00, 0x00, 0x00, 
	0x00, 0x00, 0x00, 0x00, 0x00, 0x7f, 0xff, 0xff, 0xff, 0xfe, 0x03, 0x7e, 0x00, 0x00, 0x00, 0x7d, 
	0xff, 0xff, 0xff, 0xff, 0xff, 0xc3, 0xff, 0xff, 0xff, 0xc0, 0x00, 0x00, 0x00, 0x00, 0x00, 0x00, 
	0x00, 0x00, 0x00, 0x00, 0x00, 0x00, 0x00, 0x00, 0x00, 0x00, 0x00, 0x00, 0x00, 0x00, 0x00, 0x00, 
	0x00, 0x2f, 0xff, 0xba, 0xef, 0xfe, 0x2a, 0x7a, 0x02, 0x00, 0x00, 0x0f, 0xff, 0xff, 0xff, 0xff, 
	0xff, 0xe2, 0xbf, 0xff, 0xbb, 0xa0, 0x00, 0x00, 0x00, 0x00, 0x00, 0x00, 0x00, 0x00, 0x00, 0x00, 
	0x00, 0x00, 0x00, 0x00, 0x00, 0x00, 0x00, 0x00, 0x00, 0x00, 0x00, 0x00, 0x00, 0x07, 0x7f, 0xff, 
	0xff, 0xff, 0x03, 0x78, 0x00, 0x00, 0x00, 0x07, 0xff, 0xff, 0xff, 0xff, 0xff, 0xc0, 0x7f, 0xff, 
	0xff, 0x90, 0x00, 0x00, 0x00, 0x00, 0x00, 0x00, 0x00, 0x00, 0x00, 0x00, 0x00, 0x00, 0x00, 0x00, 
	0x00, 0x00, 0x00, 0x00, 0x00, 0x00, 0x00, 0x00, 0x00, 0x0a, 0xae, 0xee, 0xfe, 0xff, 0x8a, 0xe8, 
	0x08, 0x00, 0x8a, 0x8f, 0xff, 0xef, 0xfe, 0xfe, 0xef, 0xe2, 0xfe, 0xff, 0xff, 0x8c, 0x00, 0x00, 
	0x00, 0x00, 0x00, 0x00, 0x00, 0x00, 0x00, 0x00, 0x00, 0x00, 0x00, 0x00, 0x00, 0x00, 0x00, 0x00, 
	0x00, 0x00, 0x00, 0x00, 0x00, 0x03, 0xff, 0xff, 0xff, 0xff, 0xc6, 0x70, 0x00, 0x00, 0x1f, 0xcf, 
	0xff, 0xff, 0xff, 0xff, 0xff, 0x87, 0xff, 0xff, 0xff, 0xcc, 0x00, 0x00, 0x00, 0x00, 0x00, 0x00, 
	0x00, 0x00, 0x00, 0x00, 0x00, 0x00, 0x00, 0x00, 0x00, 0x00, 0x00, 0x00, 0x00, 0x00, 0x00, 0x00, 
	0x00, 0x03, 0xff, 0xfe, 0xff, 0xfe, 0xa2, 0x30, 0x80, 0x00, 0x3f, 0xeb, 0xff, 0xff, 0xff, 0xff, 
	0xff, 0xaf, 0xff, 0xff, 0xff, 0xeb, 0x80, 0x00, 0x00, 0x00, 0x00, 0x00, 0x00, 0x00, 0x00, 0x00, 
	0x00, 0x00, 0x00, 0x00, 0x00, 0x00, 0x00, 0x00, 0x00, 0x00, 0x00, 0x00, 0x00, 0x00, 0xff, 0xff, 
	0xff, 0xff, 0x00, 0x15, 0x00, 0x01, 0xff, 0xf7, 0xff, 0xff, 0xff, 0xff, 0xff, 0x8f, 0xff, 0xff, 
	0xff, 0xfd, 0xc0, 0x00, 0x00, 0x00, 0x00, 0x00, 0x00, 0x00, 0x00, 0x00, 0x00, 0x00, 0x00, 0x00, 
	0x00, 0x00, 0x00, 0x00, 0x00, 0x00, 0x00, 0x00, 0x00, 0x00, 0xaa, 0xee, 0xee, 0xff, 0xe0, 0x88, 
	0x00, 0x0b, 0xef, 0xff, 0xff, 0xff, 0xff, 0xee, 0xff, 0x8f, 0xff, 0xff, 0xff, 0xfe, 0xe0, 0x00, 
	0x00, 0x00, 0x00, 0x00, 0x00, 0x00, 0x00, 0x00, 0x00, 0x00, 0x00, 0x00, 0x00, 0x00, 0x00, 0x00, 
	0x00, 0x00, 0x00, 0x00, 0x00, 0x00, 0x1f, 0xff, 0xff, 0xff, 0xf0, 0x0c, 0x00, 0x05, 0xc1, 0xff, 
	0xff, 0xff, 0xff, 0xff, 0xff, 0x9d, 0xff, 0xff, 0xff, 0xff, 0xf0, 0x00, 0x00, 0x00, 0x00, 0x00, 
	0x00, 0x00, 0x00, 0x00, 0x00, 0x00, 0x00, 0x00, 0x00, 0x00, 0x00, 0x00, 0x00, 0x00, 0x00, 0x00, 
	0x00, 0x00, 0x0f, 0xff, 0xff, 0xff, 0xf8, 0x8a, 0x80, 0x28, 0x2b, 0xff, 0xff, 0xff, 0xff, 0xfb, 
	0xfe, 0x83, 0xff, 0xff, 0xff, 0xff, 0x88, 0x00, 0x00, 0x00, 0x00, 0x00, 0x00, 0x00, 0x00, 0x00, 
	0x00, 0x00, 0x00, 0x00, 0x00, 0x00, 0x00, 0x00, 0x00, 0x00, 0x00, 0x00, 0x00, 0x00, 0x07, 0xff, 
	0xff, 0xff, 0xfc, 0x06, 0x00, 0x40, 0x7f, 0xff, 0xff, 0xff, 0xff, 0xff, 0xfe, 0x0f, 0xff, 0xff, 
	0xff, 0xff, 0xe6, 0x00, 0x00, 0x00, 0x00, 0x00, 0x00, 0x00, 0x00, 0x00, 0x00, 0x00, 0x00, 0x00, 
	0x00, 0x00, 0x00, 0x00, 0x00, 0x00, 0x00, 0x00, 0x00, 0x00, 0x02, 0xef, 0xee, 0xee, 0xfe, 0x22, 
	0x00, 0x80, 0xfe, 0xaf, 0xff, 0xff, 0xfe, 0xef, 0xfe, 0x2f, 0xee, 0xff, 0xff, 0xff, 0xe2, 0x80, 
	0x00, 0x00, 0x00, 0x00, 0x00, 0x00, 0x00, 0x00, 0x00, 0x00, 0x00, 0x00, 0x00, 0x00, 0x00, 0x00, 
	0x00, 0x00, 0x00, 0x00, 0x00, 0x00, 0x00, 0xff, 0xff, 0xff, 0xff, 0x33, 0x00, 0x01, 0xdc, 0x1f, 
	0xff, 0xff, 0xff, 0xff, 0xfe, 0x7f, 0xff, 0xff, 0xff, 0xff, 0xf1, 0xc0, 0x00, 0x00, 0x00, 0x00, 
	0x00, 0x00, 0x00, 0x00, 0x00, 0x00, 0x00, 0x00, 0x00, 0x00, 0x00, 0x00, 0x00, 0x00, 0x00, 0x00, 
	0x00, 0x00, 0x00, 0xbf, 0xff, 0xff, 0xfa, 0xa3, 0x80, 0x02, 0xa0, 0x23, 0xff, 0xff, 0xff, 0xff, 
	0xbe, 0x2f, 0xff, 0xff, 0xff, 0xff, 0xf8, 0xa0, 0x00, 0x00, 0x00, 0x00, 0x00, 0x00, 0x00, 0x00, 
	0x00, 0x00, 0x00, 0x00, 0x00, 0x00, 0x00, 0x00, 0x00, 0x00, 0x00, 0x00, 0x00, 0x00, 0x00, 0x1f, 
	0xff, 0xff, 0xfc, 0x33, 0x80, 0x1c, 0x00, 0x4f, 0xff, 0xff, 0xff, 0xff, 0xfe, 0x1f, 0xff, 0xff, 
	0xff, 0xff, 0xfe, 0x60, 0x00, 0x00, 0x00, 0x00, 0x00, 0x00, 0x00, 0x00, 0x00, 0x00, 0x00, 0x00, 
	0x00, 0x00, 0x00, 0x00, 0x00, 0x00, 0x00, 0x00, 0x00, 0x00, 0x00, 0x0f, 0xef, 0xff, 0xfe, 0x8b, 
	0x88, 0x88, 0x80, 0x8f, 0xef, 0xff, 0xfe, 0xee, 0xee, 0xbf, 0xff, 0xff, 0xff, 0xff, 0xff, 0xa8, 
	0x00, 0x00, 0x00, 0x00, 0x00, 0x00, 0x00, 0x00, 0x00, 0x00, 0x00, 0x00, 0x00, 0x00, 0x00, 0x00, 
	0x00, 0x00, 0x00, 0x00, 0x00, 0x00, 0x00, 0x1d, 0xff, 0xff, 0xff, 0xc7, 0xc0, 0x40, 0x00, 0x1f, 
	0xff, 0xff, 0xff, 0xff, 0xff, 0x7f, 0xff, 0xff, 0xff, 0xff, 0xff, 0xcc, 0x00, 0x00, 0x00, 0x00, 
	0x00, 0x00, 0x00, 0x00, 0x00, 0x00, 0x00, 0x00, 0x00, 0x00, 0x00, 0x00, 0x00, 0x00, 0x00, 0x00, 
	0x00, 0x00, 0x00, 0x3a, 0xff, 0xff, 0xff, 0xeb, 0xea, 0xa2, 0x00, 0xbf, 0xff, 0xff, 0xff, 0xff, 
	0xff, 0xff, 0xff, 0xff, 0xff, 0xff, 0xff, 0xaa, 0x00, 0x00, 0x00, 0x00, 0x00, 0x00, 0x00, 0x00, 
	0x00, 0x00, 0x00, 0x00, 0x00, 0x00, 0x00, 0x00, 0x00, 0x00, 0x00, 0x00, 0x00, 0x00, 0x00, 0x73, 
	0xff, 0xff, 0xff, 0xf7, 0xe1, 0x00, 0x00, 0x1f, 0xff, 0xff, 0xff, 0xff, 0xff, 0xff, 0xff, 0xff, 
	0xff, 0xff, 0xff, 0x9e, 0x00, 0x00, 0x00, 0x00, 0x00, 0x00, 0x00, 0x00, 0x00, 0x00, 0x00, 0x00, 
	0x00, 0x00, 0x00, 0x00, 0x00, 0x00, 0x00, 0x00, 0x00, 0x00, 0x00, 0xeb, 0xff, 0xee, 0xef, 0x8b, 
	0xea, 0x88, 0x00, 0xbf, 0xfe, 0xff, 0xff, 0xfe, 0xee, 0xff, 0xff, 0xfe, 0xff, 0xef, 0xff, 0x8e, 
	0x80, 0x00, 0x00, 0x00, 0x00, 0x00, 0x00, 0x00, 0x00, 0x00, 0x00, 0x00, 0x00, 0x00, 0x00, 0x00, 
	0x00, 0x00, 0x00, 0x00, 0x00, 0x00, 0x01, 0x8f, 0xff, 0xff, 0xff, 0xe1, 0xfc, 0x00, 0x00, 0x1f, 
	0xff, 0xff, 0xff, 0xff, 0xff, 0xff, 0xff, 0xff, 0xff, 0xff, 0xff, 0xc7, 0x80, 0x00, 0x00, 0x00, 
	0x00, 0x00, 0x00, 0x00, 0x00, 0x00, 0x00, 0x00, 0x00, 0x00, 0x00, 0x00, 0x00, 0x00, 0x00, 0x00, 
	0x00, 0x00, 0x02, 0x8f, 0xff, 0xef, 0xff, 0xfb, 0xf8, 0x00, 0x00, 0x3f, 0xff, 0xff, 0xff, 0xff, 
	0xfb, 0xbf, 0xff, 0xff, 0xff, 0xff, 0xff, 0xe3, 0x80, 0x00, 0x00, 0x00, 0x00, 0x00, 0x00, 0x00, 
	0x00, 0x00, 0x00, 0x00, 0x00, 0x00, 0x00, 0x00, 0x00, 0x00, 0x00, 0x00, 0x00, 0x00, 0x06, 0x1f, 
	0xff, 0xe7, 0xff, 0xf9, 0xf0, 0x00, 0x00, 0x7f, 0xff, 0xff, 0xff, 0xff, 0xff, 0xdf, 0xff, 0xff, 
	0xff, 0xff, 0xff, 0xf0, 0xe0, 0x00, 0x00, 0x00, 0x00, 0x00, 0x00, 0x00, 0x00, 0x00, 0x00, 0x00, 
	0x00, 0x00, 0x00, 0x00, 0x00, 0x00, 0x00, 0x00, 0x00, 0x00, 0x08, 0x3f, 0xff, 0xaa, 0xff, 0xfe, 
	0xe0, 0x08, 0x00, 0x3f, 0xff, 0xff, 0xff, 0xfe, 0xee, 0xee, 0xee, 0xfe, 0xef, 0xfe, 0xff, 0xf8, 
	0xe0, 0x00, 0x00, 0x00, 0x00, 0x00, 0x00, 0x00, 0x00, 0x00, 0x00, 0x00, 0x00, 0x00, 0x00, 0x00, 
	0x00, 0x00, 0x00, 0x00, 0x00, 0x00, 0x1c, 0x7f, 0xff, 0xbd, 0xff, 0xff, 0x40, 0x00, 0x00, 0x7f, 
	0xff, 0xff, 0xff, 0xff, 0xff, 0xcf, 0xff, 0xff, 0xff, 0xff, 0xff, 0xfc, 0x70, 0x00, 0x00, 0x00, 
	0x00, 0x00, 0x00, 0x00, 0x00, 0x00, 0x00, 0x00, 0x00, 0x00, 0x00, 0x00, 0x00, 0x00, 0x00, 0x00, 
	0x00, 0x00, 0x28, 0x3f, 0xfe, 0xaa, 0xaa, 0xff, 0x80, 0x20, 0x00, 0x3f, 0xff, 0xff, 0xff, 0xff, 
	0xfb, 0xeb, 0xbf, 0xfb, 0xab, 0xff, 0xbf, 0xfe, 0x38, 0x00, 0x00, 0x00, 0x00, 0x00, 0x00, 0x00, 
	0x00, 0x00, 0x00, 0x00, 0x00, 0x00, 0x00, 0x00, 0x00, 0x00, 0x00, 0x00, 0x00, 0x00, 0x71, 0xff, 
	0xfe, 0x01, 0x1d, 0xff, 0x00, 0x00, 0x00, 0x7f, 0xff, 0xff, 0xff, 0xff, 0xff, 0xdf, 0xff, 0xff, 
	0xff, 0xff, 0xff, 0xfe, 0x18, 0x00, 0x00, 0x00, 0x00, 0x00, 0x00, 0x00, 0x00, 0x00, 0x00, 0x00, 
	0x00, 0x00, 0x00, 0x00, 0x00, 0x00, 0x00, 0x00, 0x00, 0x00, 0xa0, 0xfe, 0xfe, 0xaa, 0xab, 0xfe, 
	0x00, 0x00, 0x00, 0x3f, 0xef, 0xef, 0xee, 0xff, 0xee, 0xaa, 0xef, 0xef, 0xee, 0xfe, 0xef, 0xfe, 
	0x88, 0x00, 0x00, 0x00, 0x00, 0x00, 0x00, 0x00, 0x00, 0x00, 0x00, 0x00, 0x00, 0x00, 0x00, 0x00, 
	0x00, 0x00, 0x00, 0x00, 0x00, 0x00, 0xc1, 0xfd, 0xfd, 0x4d, 0x5f, 0xfe, 0x00, 0x00, 0x00, 0x7f, 
	0xff, 0xff, 0xff, 0xff, 0xff, 0xdf, 0xff, 0xff, 0xff, 0xff, 0xff, 0xff, 0x0c, 0x00, 0x00, 0x00, 
	0x00, 0x00, 0x00, 0x00, 0x00, 0x00, 0x00, 0x00, 0x00, 0x00, 0x00, 0x00, 0x00, 0x00, 0x00, 0x00, 
	0x00, 0x00, 0x83, 0xeb, 0xfa, 0xaa, 0xaa, 0xae, 0x00, 0x80, 0x00, 0x3f, 0xff, 0xfb, 0xff, 0xfb, 
	0xff, 0xff, 0xff, 0xba, 0xfb, 0xff, 0xff, 0xff, 0x8e, 0x00, 0x00, 0x00, 0x00, 0x00, 0x00, 0x00, 
	0x00, 0x00, 0x00, 0x00, 0x00, 0x00, 0x00, 0x00, 0x00, 0x00, 0x00, 0x00, 0x00, 0x01, 0x85, 0xf7, 
	0xf6, 0x06, 0x00, 0x5c, 0x00, 0x00, 0x01, 0x7f, 0xff, 0xff, 0xff, 0xff, 0xff, 0x3f, 0xff, 0xff, 
	0xff, 0xff, 0xff, 0xff, 0xc6, 0x00, 0x00, 0x00, 0x00, 0x00, 0x00, 0x00, 0x00, 0x00, 0x00, 0x00, 
	0x00, 0x00, 0x00, 0x00, 0x00, 0x00, 0x00, 0x00, 0x00, 0x02, 0x88, 0xbf, 0xea, 0xaa, 0x88, 0xa8, 
	0x80, 0x80, 0x02, 0x7f, 0xff, 0xfe, 0xfe, 0xee, 0xfe, 0xaa, 0xee, 0xee, 0xfe, 0xff, 0xfe, 0xee, 
	0xe2, 0x00, 0x00, 0x00, 0x00, 0x00, 0x00, 0x00, 0x00, 0x00, 0x00, 0x00, 0x00, 0x00, 0x00, 0x00, 
	0x00, 0x00, 0x00, 0x00, 0x00, 0x03, 0x09, 0x7f, 0xf4, 0x0c, 0x00, 0x10, 0x00, 0x00, 0x01, 0x7f, 
	0xff, 0xff, 0xff, 0xff, 0xff, 0x7f, 0xff, 0xff, 0xff, 0xff, 0xff, 0xff, 0xf7, 0x00, 0x00, 0x00, 
	0x00, 0x00, 0x00, 0x00, 0x00, 0x00, 0x00, 0x00, 0x00, 0x00, 0x00, 0x00, 0x00, 0x00, 0x00, 0x00, 
	0x00, 0x02, 0x0b, 0xee, 0xea, 0x8a, 0xa0, 0xa2, 0x02, 0x00, 0x03, 0xbf, 0xfb, 0xfb, 0xff, 0xfb, 
	0xfe, 0xef, 0xfb, 0xfb, 0xff, 0xff, 0xff, 0xff, 0xfb, 0x00, 0x00, 0x00, 0x00, 0x00, 0x00, 0x00, 
	0x00, 0x00, 0x00, 0x00, 0x00, 0x00, 0x00, 0x00, 0x00, 0x00, 0x00, 0x00, 0x00, 0x04, 0x37, 0xc7, 
	0xc0, 0x10, 0x00, 0x00, 0x00, 0x00, 0x01, 0x3f, 0xff, 0xff, 0xff, 0xff, 0xff, 0xff, 0xff, 0xff, 
	0xff, 0xff, 0xff, 0xff, 0xff, 0x00, 0x00, 0x00, 0x00, 0x00, 0x00, 0x00, 0x00, 0x00, 0x00, 0x00, 
	0x00, 0x00, 0x00, 0x00, 0x00, 0x00, 0x00, 0x00, 0x00, 0x0a, 0x2e, 0xae, 0x88, 0x28, 0x80, 0x88, 
	0x00, 0x00, 0x02, 0xbe, 0xee, 0xfe, 0xfe, 0xee, 0xeb, 0xfe, 0xee, 0xee, 0xef, 0xff, 0xff, 0xff, 
	0xfe, 0x80, 0x00, 0x00, 0x00, 0x00, 0x00, 0x00, 0x00, 0x00, 0x00, 0x00, 0x00, 0x00, 0x00, 0x00, 
	0x00, 0x00, 0x00, 0x00, 0x00, 0x08, 0x4c, 0xff, 0x80, 0x40, 0x00, 0x00, 0x00, 0x00, 0x01, 0x1f, 
	0xff, 0xff, 0xff, 0xff, 0xff, 0xff, 0xff, 0xff, 0xff, 0xff, 0xff, 0xff, 0xff, 0xc0, 0x00, 0x00, 
	0x00, 0x00, 0x00, 0x00, 0x00, 0x00, 0x00, 0x00, 0x00, 0x00, 0x00, 0x00, 0x00, 0x00, 0x00, 0x00, 
	0x00, 0x38, 0xe2, 0xff, 0x88, 0x22, 0x02, 0x88, 0x02, 0x00, 0x03, 0x8f, 0xfb, 0xff, 0xbf, 0xfb, 
	0xaf, 0xff, 0xff, 0xbf, 0xeb, 0xff, 0xff, 0xff, 0xff, 0xe0, 0x00, 0x00, 0x00, 0x00, 0x00, 0x00, 
	0x00, 0x00, 0x00, 0x00, 0x00, 0x00, 0x00, 0x00, 0x00, 0x00, 0x00, 0x00, 0x00, 0x10, 0xc7, 0xff, 
	0x00, 0x00, 0x01, 0x00, 0x00, 0x00, 0x03, 0xdf, 0xff, 0xff, 0xff, 0xff, 0xf7, 0xff, 0xff, 0xff, 
	0xff, 0xff, 0xff, 0xff, 0xff, 0xf8, 0x00, 0x40, 0x00, 0x00, 0x00, 0x00, 0x00, 0x00, 0x00, 0x00, 
	0x00, 0x00, 0x00, 0x00, 0x00, 0x00, 0x00, 0x00, 0x00, 0x28, 0x8e, 0xae, 0x08, 0x88, 0x0a, 0xa0, 
	0x00, 0x00, 0x0b, 0xce, 0xee, 0xee, 0xee, 0xee, 0xee, 0xee, 0xee, 0xef, 0xfe, 0xfe, 0xff, 0xff, 
	0xff, 0xfa, 0x80, 0x80, 0x00, 0x00, 0x00, 0x00, 0x00, 0x00, 0x00, 0x00, 0x00, 0x00, 0x00, 0x00, 
	0x00, 0x00, 0x00, 0x00, 0x00, 0x76, 0x1f, 0xf6, 0x00, 0x80, 0x04, 0x00, 0x00, 0x00, 0x03, 0xcf, 
	0xff, 0xff, 0xff, 0xff, 0xff, 0xff, 0xff, 0xff, 0xff, 0xff, 0xff, 0xff, 0xff, 0xff, 0xdd, 0xc0, 
	0x00, 0x00, 0x00, 0x00, 0x00, 0x00, 0x00, 0x00, 0x00, 0x00, 0x00, 0x00, 0x00, 0x00, 0x00, 0x00, 
	0x00, 0x2e, 0x3f, 0xa8, 0x00, 0xa0, 0x02, 0x20, 0x08, 0x00, 0x03, 0xef, 0xff, 0xff, 0xff, 0xbb, 
	0xbb, 0xff, 0xff, 0xff, 0xff, 0xff, 0xff, 0xff, 0xbf, 0xff, 0xff, 0x80, 0x00, 0x00, 0x00, 0x00, 
	0x00, 0x00, 0x00, 0x00, 0x00, 0x00, 0x00, 0x00, 0x00, 0x00, 0x00, 0x00, 0x00, 0x79, 0x7f, 0xfc, 
	0x01, 0x00, 0x00, 0x00, 0x00, 0x00, 0x03, 0xf7, 0xff, 0xff, 0xff, 0xf7, 0xff, 0xff, 0xff, 0xff, 
	0xff, 0xff, 0xff, 0xff, 0xff, 0xff, 0xff, 0x00, 0x00, 0x00, 0x00, 0x00, 0x00, 0x00, 0x00, 0x00, 
	0x00, 0x00, 0x00, 0x00, 0x00, 0x00, 0x00, 0x00, 0x00, 0xaa, 0xfe, 0xec, 0x00, 0x80, 0x08, 0x80, 
	0x08, 0x00, 0x03, 0xea, 0xee, 0xee, 0xef, 0xee, 0xee, 0xfe, 0xee, 0xff, 0xee, 0xff, 0xff, 0xff, 
	0xff, 0xff, 0xfa, 0x00, 0x00, 0x00, 0x00, 0x00, 0x00, 0x00, 0x00, 0x00, 0x00, 0x00, 0x00, 0x00, 
	0x00, 0x00, 0x00, 0x00, 0x00, 0xce, 0x7f, 0xfc, 0x00, 0x00, 0x00, 0x00, 0x00, 0x00, 0x03, 0xff, 
	0xff, 0xff, 0xdf, 0xff, 0xff, 0xff, 0xff, 0xff, 0xff, 0xff, 0xff, 0xff, 0xff, 0xff, 0xf0, 0x00, 
	0x00, 0x00, 0x00, 0x00, 0x00, 0x00, 0x00, 0x00, 0x00, 0x00, 0x00, 0x00, 0x00, 0x00, 0x00, 0x00, 
	0x02, 0xbe, 0x3e, 0xfa, 0x82, 0x00, 0x0a, 0x00, 0x00, 0x00, 0x03, 0xfb, 0xff, 0xff, 0xbf, 0xff, 
	0xff, 0xff, 0xbb, 0xff, 0xff, 0xff, 0xff, 0xff, 0xff, 0xaa, 0xa0, 0x00, 0x00, 0x00, 0x00, 0x00, 
	0x00, 0x00, 0x00, 0x00, 0x00, 0x00, 0x00, 0x00, 0x00, 0x00, 0x00, 0x18, 0x07, 0xfe, 0x7f, 0xf1, 
	0x00, 0x00, 0x00, 0x00, 0x00, 0x00, 0x03, 0xff, 0xff, 0xff, 0xff, 0xff, 0xff, 0xff, 0xff, 0xff, 
	0xf7, 0xff, 0xff, 0xff, 0xff, 0xc0, 0x00, 0x00, 0x00, 0x00, 0x00, 0x00, 0x00, 0x00, 0x00, 0x00, 
	0x00, 0x00, 0x00, 0x00, 0x00, 0x00, 0x00, 0x08, 0x8e, 0xee, 0xef, 0xea, 0x08, 0x00, 0x2a, 0x00, 
	0x08, 0x00, 0x03, 0xee, 0xee, 0xee, 0xaf, 0xee, 0xee, 0xef, 0xee, 0xee, 0xeb, 0xff, 0xff, 0xff, 
	0xef, 0xe0, 0x00, 0x00, 0x00, 0x00, 0x00, 0x00, 0x00, 0x00, 0x00, 0x00, 0x00, 0x00, 0x00, 0x00, 
	0x00, 0x00, 0x00, 0x07, 0xff, 0xc5, 0xff, 0xe0, 0x00, 0x00, 0x00, 0x00, 0x00, 0x00, 0x03, 0xff, 
	0xff, 0xff, 0xff, 0xff, 0xff, 0xff, 0xff, 0xff, 0xe1, 0xff, 0xff, 0xff, 0xff, 0xc0, 0x00, 0x00, 
	0x00, 0x00, 0x00, 0x00, 0x00, 0x00, 0x00, 0x00, 0x00, 0x00, 0x00, 0x00, 0x00, 0x00, 0x00, 0x0b, 
	0xff, 0xbe, 0xff, 0xea, 0x00, 0x00, 0x28, 0x80, 0x08, 0x00, 0x03, 0xff, 0xbb, 0xef, 0xbb, 0xff, 
	0xff, 0xbb, 0xba, 0xfb, 0xe2, 0xff, 0xff, 0xff, 0xff, 0xe0, 0x00, 0x00, 0x00, 0x00, 0x00, 0x00, 
	0x00, 0x00, 0x00, 0x00, 0x00, 0x00, 0x00, 0x00, 0x00, 0x00, 0x00, 0x00, 0x01, 0x75, 0xff, 0xd0, 
	0x00, 0x00, 0x00, 0x00, 0x00, 0x00, 0x03, 0xff, 0xb7, 0xff, 0xff, 0xff, 0xff, 0xff, 0xf8, 0xff, 
	0xc3, 0xff, 0xff, 0xff, 0xff, 0xf0, 0x00, 0x00, 0x00, 0x00, 0x00, 0x00, 0x00, 0x00, 0x00, 0x00, 
	0x00, 0x00, 0x00, 0x00, 0x00, 0x00, 0x00, 0x00, 0x02, 0xeb, 0xee, 0xa8, 0x88, 0x00, 0x2a, 0x00, 
	0x00, 0x00, 0x03, 0xee, 0xae, 0xee, 0xee, 0xee, 0xee, 0xef, 0xe8, 0xbe, 0x8b, 0xef, 0xff, 0xef, 
	0xff, 0xf8, 0x00, 0x00, 0x00, 0x00, 0x00, 0x00, 0x00, 0x00, 0x00, 0x00, 0x00, 0x00, 0x00, 0x00, 
	0x00, 0x00, 0x00, 0x00, 0x01, 0xcd, 0xff, 0x70, 0x00, 0x00, 0x00, 0x00, 0x00, 0x00, 0x03, 0xff, 
	0xcf, 0xff, 0xff, 0xff, 0xff, 0xff, 0xf0, 0x0f, 0x87, 0xff, 0xff, 0xff, 0xff, 0xfc, 0x00, 0x00, 
	0x00, 0x00, 0x00, 0x00, 0x00, 0x00, 0x00, 0x00, 0x00, 0x00, 0x00, 0x00, 0x00, 0x00, 0x00, 0x00, 
	0x03, 0x8b, 0xfa, 0xe8, 0x00, 0x00, 0x20, 0x00, 0x20, 0x00, 0x03, 0xff, 0xbb, 0xbb, 0xbf, 0xff, 
	0xfb, 0xff, 0xfa, 0x0b, 0x8f, 0xff, 0xff, 0xff, 0xff, 0xfa, 0x00, 0x00, 0x00, 0x00, 0x00, 0x00, 
	0x00, 0x00, 0x00, 0x00, 0x00, 0x00, 0x00, 0x00, 0x00, 0x00, 0x00, 0x00, 0x03, 0x1d, 0xfd, 0xf0, 
	0x00, 0x00, 0x00, 0x00, 0x00, 0x00, 0x01, 0xff, 0xfb, 0xff, 0xff, 0xff, 0xff, 0xff, 0xff, 0x01, 
	0x1f, 0xff, 0xff, 0xff, 0xff, 0xff, 0x00, 0x00, 0x00, 0x00, 0x00, 0x00, 0x00, 0x00, 0x00, 0x00, 
	0x00, 0x00, 0x00, 0x00, 0x00, 0x00, 0x00, 0x00, 0x0e, 0xaa, 0xfc, 0xe8, 0x08, 0x00, 0xa8, 0x80, 
	0x00, 0x00, 0x00, 0xee, 0xef, 0xee, 0xee, 0xfe, 0xee, 0xfe, 0xee, 0x80, 0x2e, 0xef, 0xff, 0xfe, 
	0xfe, 0xfe, 0x80, 0x00, 0x00, 0x00, 0x00, 0x00, 0x00, 0x00, 0x00, 0x00, 0x00, 0x00, 0x00, 0x00, 
	0x00, 0x00, 0x00, 0x00, 0x0c, 0x17, 0xff, 0xc0, 0x00, 0x00, 0x40, 0x00, 0x00, 0x00, 0x01, 0xff, 
	0xff, 0xff, 0xff, 0xff, 0xff, 0xff, 0xff, 0xf0, 0x7f, 0xff, 0xff, 0xff, 0xff, 0xff, 0x80, 0x00, 
	0x00, 0x00, 0x00, 0x00, 0x00, 0x00, 0x00, 0x00, 0x00, 0x00, 0x00, 0x00, 0x00, 0x00, 0x00, 0x00, 
	0x08, 0x3b, 0xfb, 0xc0, 0x20, 0x00, 0x80, 0x00, 0x00, 0x00, 0x00, 0xbf, 0xff, 0xfb, 0xbf, 0xff, 
	0xfa, 0xbf, 0xff, 0xfa, 0x2f, 0xff, 0xff, 0xff, 0xfb, 0xff, 0x80, 0x20, 0x00, 0x00, 0x00, 0x00, 
	0x00, 0x00, 0x00, 0x00, 0x00, 0x00, 0x00, 0x00, 0x00, 0x00, 0x00, 0x00, 0x18, 0x17, 0xf7, 0xc0, 
	0x00, 0x00, 0x00, 0x00, 0x00, 0x00, 0x01, 0xff, 0xff, 0xff, 0xff, 0xff, 0xff, 0xff, 0xff, 0xfc, 
	0x05, 0xff, 0xff, 0xff, 0xff, 0xff, 0xc0, 0x60, 0x00, 0x00, 0x00, 0x00, 0x00, 0x00, 0x00, 0x00, 
	0x00, 0x00, 0x00, 0x00, 0x00, 0x00, 0x00, 0x00, 0x38, 0x2f, 0xef, 0xc8, 0x20, 0x00, 0x88, 0x00, 
	0x20, 0x00, 0x08, 0xee, 0xee, 0xee, 0xee, 0xfe, 0xee, 0xee, 0xfe, 0xe8, 0xa8, 0xfe, 0xfe, 0xee, 
	0xee, 0xee, 0xe0, 0xa0, 0x00, 0x00, 0x00, 0x00, 0x00, 0x00, 0x00, 0x00, 0x00, 0x00, 0x00, 0x00, 
	0x00, 0x00, 0x00, 0x00, 0x10, 0x4f, 0xff, 0xc0, 0x00, 0x00, 0x00, 0x00, 0x00, 0x00, 0x00, 0xff, 
	0xff, 0xff, 0xff, 0xff, 0xff, 0xff, 0xff, 0xf0, 0xe0, 0x7f, 0xff, 0xff, 0xff, 0xff, 0xf5, 0xc0, 
	0x00, 0x00, 0x00, 0x00, 0x00, 0x00, 0x00, 0x00, 0x00, 0x00, 0x00, 0x00, 0x00, 0x00, 0x00, 0x00, 
	0x20, 0x6f, 0xaf, 0xa8, 0x00, 0x00, 0xa0, 0x00, 0x20, 0x00, 0x08, 0xff, 0xbf, 0xff, 0xff, 0xff, 
	0xfb, 0xbf, 0xff, 0xe0, 0xe8, 0x3f, 0xff, 0xff, 0xff, 0xff, 0xfe, 0x80, 0x00, 0x00, 0x00, 0x00, 
	0x00, 0x00, 0x00, 0x00, 0x00, 0x00, 0x00, 0x00, 0x00, 0x00, 0x00, 0x00, 0x60, 0x7f, 0xdf, 0x00, 
	0x00, 0x00, 0x00, 0x00, 0x00, 0x00, 0x00, 0x7f, 0xff, 0xff, 0xff, 0xff, 0xff, 0xff, 0xff, 0xc1, 
	0xfc, 0x1f, 0xff, 0xff, 0xff, 0xff, 0xff, 0x00, 0x00, 0x00, 0x00, 0x00, 0x00, 0x00, 0x00, 0x00, 
	0x00, 0x00, 0x00, 0x00, 0x00, 0x00, 0x00, 0x00, 0xc0, 0xef, 0xaf, 0x80, 0x00, 0x00, 0x80, 0x00, 
	0x20, 0x00, 0x08, 0x2e, 0xfe, 0xef, 0xee, 0xef, 0xff, 0xee, 0xfe, 0xa3, 0xfe, 0xff, 0xff, 0xfe, 
	0xfe, 0xee, 0xef, 0xc8, 0x02, 0x80, 0x00, 0x00, 0x00, 0x00, 0x00, 0x00, 0x00, 0x00, 0x00, 0x00, 
	0x00, 0x00, 0x00, 0x00, 0xc0, 0x7f, 0xff, 0x80, 0x00, 0x00, 0x00, 0x00, 0x00, 0x00, 0x00, 0x7f, 
	0xff, 0xff, 0xff, 0xe7, 0xff, 0xff, 0xff, 0x81, 0xff, 0x7f, 0xff, 0xff, 0xff, 0xff, 0xff, 0xfe, 
	0x01, 0x00, 0x00, 0x00, 0x00, 0x00, 0x00, 0x00, 0x00, 0x00, 0x00, 0x00, 0x00, 0x00, 0x00, 0x00, 
	0x80, 0xff, 0xbf, 0x28, 0x00, 0x00, 0x80, 0x00, 0x20, 0x00, 0x0a, 0x3f, 0xff, 0xff, 0xbf, 0xeb, 
	0xff, 0xff, 0xff, 0x83, 0xbf, 0xff, 0xff, 0xff, 0xff, 0xff, 0xff, 0xbe, 0xab, 0x80, 0x00, 0x00, 
	0x00, 0x00, 0x00, 0x00, 0x00, 0x00, 0x00, 0x00, 0x00, 0x00, 0x00, 0x01, 0xc1, 0xff, 0xff, 0x00, 
	0x00, 0x00, 0x00, 0x00, 0x00, 0x00, 0x00, 0x3f, 0xff, 0xff, 0xff, 0xe3, 0xff, 0xff, 0xff, 0x07, 
	0xff, 0xff, 0xff, 0xff, 0xff, 0xff, 0xff, 0xff, 0xff, 0x00, 0x00, 0x00, 0x00, 0x00, 0x00, 0x00, 
	0x00, 0x00, 0x00, 0x00, 0x00, 0x00, 0x00, 0x00, 0x80, 0xee, 0xee, 0x08, 0x88, 0x00, 0x88, 0x00, 
	0x20, 0x00, 0x08, 0xbe, 0xfe, 0xef, 0xee, 0xea, 0xfe, 0xff, 0xfe, 0x0e, 0xef, 0xfe, 0xff, 0xff, 
	0xff, 0xff, 0xfe, 0xee, 0xee, 0x80, 0x00, 0x00, 0x00, 0x00, 0x00, 0x00, 0x00, 0x00, 0x00, 0x00, 
	0x00, 0x00, 0x00, 0x01, 0x83, 0xff, 0xfe, 0x40, 0x00, 0x00, 0x00, 0x00, 0x00, 0x00, 0x00, 0x1f, 
	0xff, 0xff, 0xff, 0xf1, 0xff, 0xff, 0xff, 0xcf, 0xff, 0xff, 0xff, 0xff, 0xff, 0xff, 0xff, 0xff, 
	0xfc, 0x00, 0x00, 0x00, 0x00, 0x00, 0x00, 0x00, 0x00, 0x00, 0x00, 0x00, 0x00, 0x00, 0x00, 0x03, 
	0x82, 0xff, 0xfe, 0x20, 0x80, 0x00, 0x00, 0x00, 0x20, 0x00, 0x00, 0x2f, 0xff, 0xbb, 0xff, 0xea, 
	0xff, 0xff, 0xff, 0xeb, 0xbb, 0xff, 0xff, 0xff, 0xff, 0xff, 0xff, 0xff, 0xfa, 0x00, 0x00, 0x00, 
	0x00, 0x00, 0x00, 0x00, 0x00, 0x00, 0x00, 0x00, 0x00, 0x00, 0x00, 0x03, 0x05, 0xff, 0xfc, 0x10, 
	0x00, 0x00, 0x00, 0x00, 0x00, 0x00, 0x00, 0x4f, 0xff, 0xff, 0xff, 0xf0, 0x7f, 0xff, 0xff, 0xff, 
	0xff, 0xff, 0xff, 0xff, 0xff, 0xff, 0xff, 0xff, 0xf8, 0x00, 0x00, 0x00, 0x00, 0x00, 0x00, 0x00, 
	0x00, 0x00, 0x00, 0x00, 0x00, 0x00, 0x00, 0x03, 0x8f, 0xff, 0xe8, 0x80, 0x88, 0x00, 0x88, 0x02, 
	0xa8, 0x00, 0x00, 0xae, 0xee, 0xff, 0xff, 0xe8, 0xbf, 0xff, 0xfe, 0xee, 0xfe, 0xef, 0xef, 0xfe, 
	0xfe, 0xff, 0xee, 0xff, 0xe8, 0x00, 0x00, 0x00, 0x00, 0x00, 0x00, 0x00, 0x00, 0x00, 0x00, 0x00, 
	0x00, 0x00, 0x00, 0x01, 0x17, 0xff, 0xf8, 0x00, 0x00, 0x00, 0x00, 0x00, 0x00, 0x00, 0x00, 0x77, 
	0xff, 0xff, 0xff, 0xf0, 0x5f, 0xff, 0xff, 0xff, 0xff, 0xff, 0xff, 0xff, 0xff, 0xff, 0xff, 0xff, 
	0xf0, 0x00, 0x05, 0xd5, 0x5d, 0xdc, 0x00, 0x00, 0x00, 0x00, 0x00, 0x00, 0x00, 0x00, 0x00, 0x03, 
	0xab, 0xff, 0xb8, 0xa0, 0x00, 0x02, 0x88, 0x00, 0x20, 0x20, 0x02, 0x23, 0xff, 0xff, 0xff, 0xe8, 
	0xaf, 0xff, 0xff, 0xff, 0xff, 0xff, 0xff, 0xeb, 0xbf, 0xbf, 0xef, 0xfb, 0xe0, 0x00, 0x0f, 0xff, 
	0xff, 0xfe, 0x00, 0x00, 0x00, 0x00, 0x00, 0x00, 0x00, 0x00, 0x00, 0x01, 0xcf, 0xff, 0x71, 0x80, 
	0x10, 0x00, 0x00, 0x00, 0x10, 0x00, 0x00, 0x39, 0xff, 0xff, 0xff, 0xf0, 0x17, 0xff, 0xff, 0xff, 
	0xff, 0xff, 0xff, 0xe1, 0xff, 0xff, 0xff, 0xff, 0x40, 0x00, 0x07, 0xff, 0xff, 0xff, 0x00, 0x00, 
	0x00, 0x00, 0x00, 0x00, 0x00, 0x00, 0x00, 0x03, 0xae, 0xee, 0xe0, 0x80, 0x80, 0x00, 0x80, 0x00, 
	0x38, 0x08, 0x00, 0x38, 0xef, 0xff, 0xef, 0xe8, 0x0a, 0xff, 0xff, 0xee, 0xfe, 0xef, 0xff, 0x88, 
	0xee, 0xfe, 0xfe, 0xee, 0x00, 0x00, 0xaa, 0xaa, 0xaa, 0xaa, 0xe8, 0x00, 0x00, 0x00, 0x00, 0x00, 
	0x00, 0x00, 0x00, 0x01, 0xff, 0xfd, 0xf1, 0x80, 0x00, 0x00, 0x00, 0x00, 0x10, 0x00, 0x00, 0x7c, 
	0xff, 0xff, 0xff, 0xf0, 0x07, 0xff, 0xff, 0xff, 0xff, 0xff, 0xff, 0x8c, 0x7f, 0xff, 0xff, 0xfc, 
	0x00, 0x00, 0x78, 0x00, 0x00, 0x00, 0xf0, 0x00, 0x00, 0x00, 0x00, 0x00, 0x00, 0x00, 0x00, 0x02, 
	0xbf, 0xfb, 0xa3, 0x88, 0x20, 0x38, 0x00, 0x00, 0x38, 0x08, 0x00, 0xbe, 0xff, 0xff, 0xff, 0xe0, 
	0x2e, 0xff, 0xff, 0xff, 0xff, 0xff, 0xff, 0xbe, 0x3f, 0xff, 0xbb, 0xe8, 0x00, 0x03, 0xa8, 0x00, 
	0x00, 0x00, 0xaa, 0x00, 0x00, 0x00, 0x00, 0x00, 0x00, 0x00, 0x00, 0x06, 0xf7, 0xf7, 0xf7, 0x0c, 
	0x00, 0x7c, 0x00, 0x00, 0x18, 0x00, 0x00, 0x1f, 0x7f, 0xff, 0xff, 0xf0, 0x7e, 0x7f, 0xff, 0xff, 
	0xff, 0xff, 0xff, 0xff, 0x3f, 0xff, 0xff, 0xc0, 0x00, 0x03, 0xc0, 0x00, 0x00, 0x00, 0x1c, 0x00, 
	0x00, 0x00, 0x00, 0x00, 0x00, 0x00, 0x00, 0x2a, 0xee, 0xee, 0xee, 0x8e, 0xa0, 0xfc, 0x88, 0x00, 
	0xb8, 0x08, 0x00, 0x8f, 0xaf, 0xff, 0xff, 0xea, 0xea, 0xee, 0xff, 0xee, 0xef, 0xff, 0xee, 0xfb, 
	0x8f, 0xef, 0xfe, 0x80, 0x00, 0x0e, 0x80, 0x00, 0x00, 0x00, 0x0a, 0x80, 0x00, 0x00, 0x00, 0x00, 
	0x00, 0x00, 0x00, 0x77, 0xff, 0xff, 0xe7, 0x1f, 0x00, 0xfc, 0x00, 0x00, 0x1c, 0x00, 0x00, 0x1f, 
	0xdf, 0xff, 0xff, 0xff, 0xc0, 0x5f, 0xff, 0xff, 0xff, 0xff, 0xff, 0xfd, 0xdf, 0xff, 0xdc, 0x00, 
	0x00, 0x06, 0x00, 0x00, 0x00, 0x00, 0x03, 0x80, 0x00, 0x00, 0x00, 0x00, 0x00, 0x00, 0x00, 0xef, 
	0xfb, 0xff, 0xef, 0xbf, 0xa3, 0xf8, 0x20, 0x08, 0x38, 0x20, 0x00, 0x0f, 0xef, 0xff, 0xff, 0xfe, 
	0x80, 0x2b, 0xff, 0xfe, 0xff, 0xbf, 0xff, 0xfe, 0x8f, 0xff, 0x80, 0x00, 0x00, 0x0a, 0x00, 0x0a, 
	0xaa, 0x80, 0x03, 0x80, 0x00, 0x00, 0x00, 0x00, 0x00, 0x00, 0x07, 0xff, 0xff, 0xff, 0xcf, 0x1f, 
	0xc1, 0xf0, 0x00, 0x00, 0x1c, 0x00, 0x00, 0x1f, 0xf7, 0xff, 0xff, 0xfc, 0x00, 0x03, 0xff, 0xff, 
	0x7f, 0xff, 0xff, 0xff, 0xcf, 0xff, 0xc0, 0x00, 0x00, 0x18, 0x00, 0x07, 0xff, 0x00, 0x01, 0xc0, 
	0x00, 0x00, 0x00, 0x00, 0x00, 0x08, 0x8e, 0xae, 0xff, 0xff, 0xce, 0x8f, 0xef, 0xe0, 0x88, 0x08, 
	0xae, 0x02, 0x00, 0x0f, 0xfb, 0xff, 0xff, 0xea, 0x80, 0x0a, 0xaf, 0xee, 0xee, 0xaf, 0xfe, 0xfa, 
	0xef, 0xff, 0xe8, 0x88, 0x00, 0x38, 0x00, 0x3f, 0xff, 0xe0, 0x00, 0xe0, 0x00, 0x00, 0x00, 0x00, 
	0x00, 0x0f, 0xff, 0xef, 0xff, 0xff, 0xdf, 0x07, 0xff, 0xc0, 0x00, 0x00, 0x74, 0x00, 0x00, 0x07, 
	0xfd, 0xff, 0xff, 0xec, 0x00, 0x00, 0x7f, 0xff, 0xff, 0xff, 0xff, 0xfc, 0xe7, 0xff, 0xf0, 0x40, 
	0x00, 0x18, 0x00, 0x7f, 0xff, 0xf0, 0x00, 0xc0, 0x00, 0x00, 0x00, 0x00, 0x00, 0x0f, 0xfb, 0xaf, 
	0xff, 0xff, 0x8e, 0x8a, 0xff, 0xa0, 0xa0, 0x08, 0xaa, 0x02, 0x00, 0x2f, 0xfe, 0xff, 0xff, 0xea, 
	0x00, 0x02, 0xaf, 0xff, 0xbf, 0xbf, 0xff, 0xfa, 0xaf, 0xff, 0xea, 0xa0, 0x00, 0x38, 0x00, 0xff, 
	0xff, 0xf8, 0x00, 0xe0, 0x00, 0x00, 0x00, 0x00, 0x00, 0x07, 0xff, 0xff, 0xff, 0xff, 0xdf, 0x01, 
	0xff, 0x81, 0x00, 0x00, 0x36, 0x01, 0x00, 0x07, 0xff, 0x7f, 0xff, 0xf0, 0x00, 0x00, 0x47, 0xff, 
	0xff, 0xff, 0xff, 0xfd, 0x67, 0xff, 0xfc, 0x00, 0x00, 0x70, 0x01, 0xff, 0xff, 0xfc, 0x00, 0xf0, 
	0x00, 0x00, 0x00, 0x00, 0x00, 0x03, 0xef, 0xef, 0xff, 0xff, 0x8e, 0x88, 0xfe, 0x80, 0xa0, 0x08, 
	0xaa, 0x88, 0x80, 0x0b, 0xff, 0xaf, 0xfe, 0xe8, 0x00, 0xa8, 0xeb, 0xee, 0xee, 0xee, 0xff, 0xee, 
	0xaf, 0xff, 0xe8, 0x00, 0x00, 0xe8, 0x02, 0xff, 0xff, 0xfe, 0x00, 0x38, 0x00, 0x00, 0x00, 0x00, 
	0x00, 0x00, 0xff, 0xff, 0xff, 0xff, 0x3f, 0x00, 0x7f, 0x80, 0x00, 0x00, 0x65, 0x00, 0x00, 0x03, 
	0xff, 0xff, 0xff, 0xe0, 0x05, 0x47, 0x5c, 0x7f, 0xff, 0xff, 0xff, 0xfe, 0x67, 0xff, 0xf0, 0x00, 
	0x00, 0xc0, 0x03, 0xff, 0xff, 0xfe, 0x00, 0x38, 0x00, 0x00, 0x00, 0x00, 0x00, 0x00, 0xbb, 0xbb, 
	0xff, 0xfb, 0xbe, 0x88, 0xff, 0xa0, 0xa0, 0x20, 0xea, 0x88, 0x80, 0x0b, 0xff, 0xff, 0xfb, 0xe8, 
	0x2a, 0x0e, 0xba, 0xfb, 0xff, 0xbf, 0xff, 0xfe, 0xaf, 0xff, 0xa8, 0x00, 0x00, 0xe0, 0x03, 0xfb, 
	0xff, 0xfe, 0x00, 0x38, 0x00, 0x00, 0x00, 0x00, 0x00, 0x00, 0x1f, 0xff, 0xff, 0xff, 0x3c, 0x01, 
	0xff, 0xf0, 0x00, 0x00, 0x51, 0x80, 0x00, 0x01, 0xff, 0xff, 0xff, 0xc0, 0x78, 0x5f, 0xff, 0xff, 
	0xff, 0xff, 0xff, 0xff, 0x07, 0xff, 0xdc, 0x00, 0x00, 0xe0, 0x03, 0xf1, 0xfc, 0x7e, 0x00, 0x38, 
	0x00, 0x00, 0x00, 0x00, 0x00, 0x00, 0x0f, 0xaf, 0xef, 0xee, 0xfe, 0x8b, 0xfb, 0xe8, 0xa0, 0x20, 
	0xe0, 0x8a, 0x80, 0x02, 0xff, 0xff, 0xff, 0xea, 0xa8, 0xff, 0xff, 0xff, 0xee, 0xae, 0xfe, 0xfe, 
	0xce, 0xef, 0xc8, 0x00, 0x00, 0xe0, 0x03, 0xe0, 0xf8, 0x2e, 0x00, 0x38, 0x00, 0x00, 0x00, 0x00, 
	0x00, 0x00, 0x00, 0x0f, 0xff, 0xff, 0x7c, 0x07, 0xf1, 0xfc, 0x00, 0x00, 0xc0, 0xc4, 0x00, 0x00, 
	0xff, 0xff, 0xff, 0xc7, 0x1f, 0xff, 0xff, 0xff, 0xff, 0xff, 0xff, 0xff, 0xdf, 0xff, 0xcc, 0x00, 
	0x00, 0xc0, 0x03, 0xc0, 0x70, 0x1e, 0x00, 0x38, 0x00, 0x00, 0x00, 0x00, 0x00, 0x00, 0x00, 0x2e, 
	0xaf, 0xfe, 0xfe, 0x0f, 0xe0, 0xfe, 0xa0, 0x20, 0xa2, 0xee, 0x20, 0x02, 0xff, 0xff, 0xfb, 0xbe, 
	0x3f, 0xff, 0xff, 0xfe, 0xbf, 0xaf, 0xfe, 0xff, 0xaf, 0xff, 0xe8, 0x00, 0x00, 0xe0, 0x03, 0x80, 
	0xf8, 0x0e, 0x00, 0x38, 0x00, 0x00, 0x00, 0x00, 0x00, 0x00, 0x00, 0x7e, 0x7f, 0xfe, 0xfe, 0x1f, 
	0xc0, 0x7c, 0x00, 0x01, 0xd7, 0xe7, 0x40, 0x00, 0x7f, 0xff, 0xf7, 0xf8, 0xff, 0xff, 0xff, 0xff, 
	0xff, 0xff, 0xff, 0x7f, 0xdf, 0xff, 0xcc, 0x00, 0x00, 0xe0, 0x03, 0xc1, 0xf8, 0x1e, 0x00, 0x38, 
	0x00, 0x00, 0x00, 0x00, 0x00, 0x00, 0x00, 0x0e, 0xff, 0xfe, 0xf8, 0x8f, 0x88, 0xf8, 0xa0, 0x2e, 
	0xfe, 0xee, 0x08, 0x00, 0xaf, 0xff, 0xeb, 0xef, 0xff, 0xff, 0xff, 0xfe, 0xef, 0xee, 0xfe, 0xef, 
	0xfe, 0xef, 0xe8, 0x00, 0x00, 0xe0, 0x03, 0xe0, 0xf8, 0x2e, 0x00, 0x38, 0x00, 0x00, 0x00, 0x00, 
	0x00, 0x00, 0x00, 0x00, 0x4f, 0xfe, 0xfc, 0x0f, 0x00, 0x18, 0x41, 0xfd, 0xc6, 0x54, 0x00, 0x00, 
	0x1f, 0xff, 0xf7, 0xc7, 0xff, 0xff, 0xff, 0xff, 0xff, 0xff, 0xff, 0xff, 0xfd, 0xff, 0xf8, 0x00, 
	0x00, 0xc0, 0x03, 0xf1, 0xff, 0x7e, 0x00, 0x38, 0x00, 0x00, 0x00, 0x00, 0x3b, 0x80, 0x00, 0x00, 
	0x0f, 0xfe, 0xf8, 0x0a, 0x08, 0x00, 0x22, 0xa0, 0xaa, 0xba, 0x22, 0x00, 0xbf, 0xff, 0xeb, 0x8f, 
	0xff, 0xff, 0xeb, 0xff, 0xff, 0xbf, 0xff, 0xff, 0xfe, 0xab, 0xf8, 0x00, 0x00, 0xe0, 0x03, 0xff, 
	0xbf, 0xfe, 0x00, 0x38, 0x00, 0x00, 0x00, 0x00, 0x3f, 0xc0, 0x00, 0x00, 0x3f, 0xfe, 0xf8, 0x01, 
	0x00, 0x00, 0x10, 0x41, 0x00, 0x11, 0x10, 0x00, 0x1f, 0xff, 0xe7, 0xff, 0xff, 0xff, 0xf7, 0xff, 
	0xff, 0xff, 0xff, 0x7f, 0x7f, 0xff, 0xf0, 0x00, 0x00, 0xe0, 0x01, 0xff, 0x9f, 0xfc, 0x00, 0x38, 
	0x00, 0x00, 0x00, 0x00, 0xfa, 0xc0, 0x00, 0x00, 0x2f, 0xfe, 0xf8, 0x08, 0x88, 0x00, 0x28, 0xe2, 
	0x80, 0xa8, 0x88, 0x80, 0xaf, 0xff, 0xef, 0xff, 0xff, 0xfe, 0xeb, 0xfe, 0xfe, 0xfe, 0xff, 0xbf, 
	0xfe, 0x8a, 0xf8, 0x00, 0x00, 0xe0, 0x00, 0xff, 0xaf, 0xe8, 0x00, 0x38, 0x00, 0x00, 0x00, 0x00, 
	0x7f, 0xc0, 0x00, 0x00, 0x77, 0xff, 0x70, 0x00, 0x00, 0x00, 0x60, 0x41, 0x00, 0x44, 0x0c, 0x00, 
	0x17, 0xff, 0xcf, 0xff, 0xff, 0x7f, 0xe7, 0xff, 0xff, 0xff, 0xfe, 0x1f, 0xff, 0x87, 0xfc, 0x00, 
	0x00, 0xc0, 0x00, 0x3f, 0xff, 0xf0, 0x00, 0x38, 0x00, 0x00, 0x00, 0x00, 0xfb, 0xe0, 0x00, 0x00, 
	0xaf, 0xbf, 0xa0, 0x80, 0x00, 0x00, 0x20, 0xa2, 0x80, 0x2a, 0x0a, 0x80, 0xab, 0xff, 0xef, 0xbf, 
	0xff, 0xfa, 0xe3, 0xbf, 0xfe, 0xbf, 0xfe, 0x3b, 0xff, 0x82, 0xfe, 0xb8, 0x00, 0xe0, 0x00, 0x2f, 
	0xff, 0xa0, 0x00, 0x38, 0x00, 0x00, 0x00, 0x00, 0x7f, 0xf0, 0x00, 0x00, 0xc7, 0xff, 0x70, 0x00, 
	0x00, 0x00, 0x30, 0x47, 0x00, 0x03, 0x0c, 0x00, 0x06, 0xff, 0xdf, 0x7f, 0xff, 0xff, 0xc7, 0xff, 
	0xff, 0xff, 0xfe, 0x73, 0xff, 0x80, 0x7f, 0xf0, 0x00, 0xe0, 0x00, 0x0f, 0xff, 0xc0, 0x00, 0x38, 
	0x00, 0x00, 0x00, 0x00, 0xfb, 0xe8, 0x00, 0x00, 0x8e, 0xef, 0xa0, 0x88, 0x08, 0x08, 0x20, 0xae, 
	0x80, 0x0a, 0x8e, 0x80, 0x8a, 0xff, 0xbe, 0xfe, 0xeb, 0xea, 0x8e, 0xaf, 0xef, 0xef, 0xfe, 0xeb, 
	0xff, 0xa0, 0xee, 0xa0, 0x00, 0xe8, 0x00, 0x0f, 0xff, 0x80, 0x00, 0x38, 0x00, 0x00, 0x00, 0x01, 
	0xff, 0xd8, 0x00, 0x01, 0xc7, 0xff, 0xc0, 0x00, 0x00, 0x00, 0x10, 0xec, 0x00, 0x05, 0xcd, 0x00, 
	0x03, 0xff, 0xdd, 0xfd, 0xdd, 0xc0, 0xcd, 0xff, 0xff, 0xff, 0xff, 0xdf, 0xff, 0xe0, 0xf0, 0x00, 
	0x00, 0xf8, 0x00, 0x0e, 0x77, 0xc0, 0x00, 0xf0, 0x00, 0x00, 0x00, 0x01, 0xfb, 0xe8, 0x00, 0x03, 
	0x8b, 0xff, 0xe2, 0x08, 0x08, 0x00, 0x20, 0xea, 0x02, 0xbf, 0xeb, 0xa0, 0x82, 0xff, 0xba, 0xea, 
	0xea, 0xaa, 0xae, 0xff, 0xff, 0xbf, 0xff, 0xbf, 0xfb, 0xff, 0xa0, 0x00, 0x00, 0x38, 0x00, 0x0e, 
	0x33, 0x80, 0x00, 0xe0, 0x00, 0x00, 0x00, 0x01, 0xff, 0xd8, 0x00, 0x03, 0x0f, 0xff, 0xc0, 0x00, 
	0x00, 0x00, 0x10, 0x7c, 0x07, 0x01, 0xe1, 0xc0, 0x01, 0xff, 0x74, 0xd0, 0x60, 0x06, 0x7b, 0x7f, 
	0xff, 0xff, 0xff, 0x3f, 0xff, 0xfe, 0x70, 0x00, 0x00, 0x38, 0x00, 0x0e, 0x73, 0xc0, 0x01, 0xc0, 
	0x00, 0x00, 0x00, 0x00, 0xff, 0xc8, 0x00, 0x02, 0x0f, 0xff, 0x8a, 0x88, 0x08, 0x02, 0x2a, 0xba, 
	0xa8, 0x0a, 0xa8, 0xa8, 0x00, 0xfe, 0xea, 0xa8, 0x28, 0x8e, 0xfe, 0xef, 0xfe, 0xef, 0xee, 0xbf, 
	0xfa, 0xe8, 0xe0, 0x00, 0x00, 0x38, 0x00, 0x0a, 0xa0, 0x80, 0x00, 0xe0, 0x00, 0x00, 0x00, 0x01, 
	0xff, 0xd8, 0x00, 0x01, 0x1f, 0xff, 0x04, 0x00, 0x00, 0x00, 0x0c, 0xd5, 0x95, 0x7f, 0x55, 0xf0, 
	0x00, 0x7f, 0xe4, 0x80, 0x1c, 0x0f, 0xfc, 0x7f, 0xff, 0xff, 0xff, 0xdf, 0xfd, 0xc0, 0x60, 0x00, 
	0x00, 0x0e, 0x00, 0x00, 0x00, 0x00, 0x07, 0xc0, 0x00, 0x00, 0x00, 0x00, 0xff, 0xe8, 0x00, 0x03, 
	0x3f, 0xfe, 0x0e, 0x88, 0x08, 0x02, 0x08, 0xfa, 0xbf, 0xff, 0xfa, 0xea, 0x08, 0x3f, 0xa2, 0x20, 
	0x0b, 0xba, 0xaa, 0xff, 0xff, 0xff, 0xff, 0xbf, 0xfe, 0x80, 0xa0, 0x00, 0x00, 0x0e, 0x00, 0x00, 
	0x00, 0x00, 0x03, 0x80, 0x00, 0x00, 0x00, 0x03, 0x7f, 0xd8, 0x00, 0x01, 0x3f, 0xfe, 0x1c, 0x00, 
	0x00, 0x00, 0x08, 0x7f, 0xdf, 0xff, 0xfc, 0x4e, 0x00, 0x1f, 0xc0, 0x00, 0x5f, 0x54, 0xc1, 0xff, 
	0xff, 0xff, 0xff, 0xdf, 0xed, 0xc0, 0xc0, 0x00, 0x00, 0x07, 0x40, 0x00, 0x00, 0x00, 0x0f, 0x00, 
	0x80, 0x00, 0x00, 0x02, 0xbf, 0x88, 0x00, 0x02, 0xaf, 0xfc, 0xbe, 0x02, 0x08, 0x00, 0x08, 0xef, 
	0xff, 0xff, 0xfe, 0xea, 0x88, 0x0f, 0xe8, 0x80, 0xaa, 0xaa, 0xea, 0xff, 0xfe, 0xfe, 0xff, 0xef, 
	0xee, 0xc0, 0xc0, 0x00, 0x00, 0x00, 0xc8, 0x00, 0x00, 0x00, 0x8e, 0x00, 0x00, 0x00, 0x00, 0x06, 
	0x7f, 0x88, 0x00, 0x01, 0xff, 0xf0, 0xfc, 0x04, 0x04, 0x00, 0x04, 0xff, 0xff, 0xff, 0xff, 0x74, 
	0x41, 0x07, 0xfe, 0x00, 0x00, 0x00, 0x41, 0xff, 0xff, 0xff, 0xff, 0xfd, 0xc7, 0xc0, 0xc0, 0x00, 
	0x00, 0x01, 0xdc, 0x00, 0x00, 0x00, 0xfc, 0x00, 0x00, 0x00, 0x00, 0x02, 0x22, 0x08, 0x00, 0x00, 
	0xae, 0xe3, 0xbe, 0x02, 0x20, 0x20, 0x02, 0xff, 0xff, 0xff, 0xff, 0xaa, 0xfa, 0xa3, 0xaa, 0x00, 
	0x22, 0xaa, 0xab, 0xff, 0xbf, 0xff, 0xff, 0xfa, 0xa2, 0xe3, 0x80, 0x00, 0x00, 0x00, 0x38, 0x00, 
	0x00, 0x00, 0xf8, 0x00, 0x00, 0x00, 0x00, 0x06, 0x00, 0x18, 0x00, 0x00, 0xfc, 0xc7, 0xbc, 0x04, 
	0x00, 0x10, 0x07, 0xff, 0xff, 0xff, 0xff, 0xf4, 0x7c, 0x71, 0xc0, 0x00, 0x00, 0x00, 0x07, 0xff, 
	0xff, 0xff, 0xff, 0xf9, 0x13, 0xc1, 0x00, 0x00, 0x00, 0x00, 0x7c, 0x55, 0x55, 0x55, 0xf0, 0x00, 
	0x00, 0x00, 0x00, 0x02, 0x00, 0x08, 0x00, 0x02, 0xee, 0x8f, 0xb8, 0x0e, 0x00, 0x08, 0x8b, 0xff, 
	0xff, 0xfe, 0xff, 0xaa, 0xee, 0xe8, 0xa8, 0x80, 0x88, 0x88, 0xab, 0xff, 0xef, 0xef, 0xfe, 0xfb, 
	0xea, 0xe2, 0x00, 0x00, 0x00, 0x00, 0xe8, 0xff, 0xff, 0xfe, 0x80, 0x00, 0x00, 0x00, 0x00, 0x06, 
	0x00, 0x08, 0x00, 0x07, 0xff, 0xdf, 0xbc, 0x06, 0x00, 0x00, 0x4f, 0xff, 0xff, 0xff, 0xdf, 0xce, 
	0x79, 0xef, 0x7d, 0xc0, 0x00, 0x00, 0x47, 0xff, 0xff, 0xff, 0xfe, 0xfd, 0xe1, 0xc0, 0x00, 0x00, 
	0x00, 0x00, 0x70, 0xff, 0xff, 0xff, 0x00, 0x00, 0x00, 0x00, 0x00, 0x02, 0x00, 0x08, 0x08, 0x0b, 
	0xbf, 0xff, 0xba, 0x0a, 0x22, 0x0a, 0xaf, 0xff, 0xef, 0xef, 0xaa, 0xaa, 0xab, 0xbe, 0xaa, 0x80, 
	0x02, 0xaa, 0xaf, 0xff, 0xba, 0xff, 0xfe, 0xff, 0xaa, 0xa0, 0x00, 0x00, 0x00, 0x00, 0xe3, 0xaa, 
	0xaa, 0xaa, 0x00, 0x00, 0x00, 0x00, 0x00, 0x06, 0x00, 0x08, 0x0c, 0x1f, 0xfd, 0xff, 0xbe, 0x03, 
	0x00, 0x07, 0xff, 0xff, 0xdf, 0xff, 0x96, 0x06, 0xf3, 0x1c, 0x00, 0x00, 0x00, 0x00, 0x07, 0xff, 
	0xf7, 0xff, 0xff, 0xff, 0xd5, 0x20, 0x00, 0x00, 0x00, 0x01, 0xdf, 0x80, 0x00, 0x00, 0x00, 0x00, 
	0x00, 0x00, 0x00, 0x02, 0x00, 0x08, 0x0e, 0xef, 0xee, 0xff, 0xb8, 0x0a, 0x82, 0x80, 0xae, 0xfe, 
	0xab, 0xaa, 0xae, 0x2e, 0xea, 0x8a, 0x88, 0x00, 0x08, 0x88, 0x8f, 0xfe, 0xee, 0xff, 0xef, 0xbf, 
	0xea, 0xa8, 0x00, 0x00, 0x00, 0x0b, 0xae, 0x80, 0x00, 0x00, 0x00, 0x00, 0x00, 0x00, 0x00, 0x06, 
	0x00, 0x08, 0x07, 0xff, 0xfc, 0x7f, 0xb0, 0x03, 0x00, 0x00, 0x01, 0xff, 0xc7, 0xc0, 0x1c, 0x0c, 
	0xdc, 0x00, 0x00, 0x00, 0x00, 0x00, 0x3f, 0x7f, 0xff, 0xff, 0xff, 0xbf, 0xe0, 0x18, 0x00, 0x00, 
	0x00, 0x07, 0xfc, 0x00, 0x00, 0x00, 0x00, 0x00, 0x00, 0x00, 0x00, 0x02, 0x00, 0x08, 0x00, 0xab, 
	0xe8, 0x3f, 0xba, 0x0b, 0xa0, 0x82, 0x2b, 0xff, 0xa2, 0xaa, 0x2a, 0x2a, 0xba, 0x20, 0x00, 0x00, 
	0x00, 0xaa, 0x3e, 0xbf, 0xff, 0xfb, 0xff, 0xbf, 0xea, 0xaa, 0x00, 0x00, 0x00, 0x0f, 0xf8, 0x00, 
	0x00, 0x00, 0x00, 0x00, 0x00, 0x00, 0x00, 0x0c, 0x00, 0x18, 0x00, 0x01, 0xc0, 0x7f, 0xb0, 0x03, 
	0x80, 0x00, 0x07, 0xff, 0xc0, 0xf0, 0x74, 0x71, 0xf0, 0x00, 0x00, 0x00, 0x00, 0x00, 0x7d, 0x7f, 
	0xff, 0xff, 0xff, 0x9f, 0xf5, 0x66, 0x01, 0x00, 0x00, 0x07, 0xf0, 0x00, 0x00, 0x00, 0x00, 0x00, 
	0x00, 0x00, 0x00, 0x0e, 0x82, 0x08, 0x00, 0x00, 0xe0, 0xaf, 0xa0, 0x08, 0x80, 0x80, 0x88, 0xff, 
	0xe8, 0xaa, 0xea, 0x8a, 0x80, 0x88, 0x00, 0x00, 0x00, 0xa8, 0xfa, 0xae, 0xee, 0xff, 0xff, 0x8f, 
	0xf8, 0xaa, 0x80, 0x80, 0x00, 0x00, 0x00, 0x00, 0x00, 0x00, 0x00, 0x00, 0x00, 0x00, 0x00, 0x0c, 
	0x00, 0x18, 0x00, 0x01, 0xc0, 0x1f, 0xc0, 0x01, 0x80, 0x00, 0x00, 0xff, 0xfc, 0x0f, 0xc0, 0x00, 
	0x00, 0x00, 0x00, 0x00, 0x00, 0x1f, 0xd4, 0xfd, 0xff, 0xff, 0xff, 0xdf, 0xfc, 0x61, 0xc7, 0x00, 
	0x00, 0x00, 0x00, 0x00, 0x00, 0x00, 0x00, 0x00, 0x00, 0x00, 0x00, 0x08, 0x00, 0x38, 0x00, 0x03, 
	0xa0, 0xbe, 0xe0, 0x0b, 0xa2, 0x80, 0x08, 0xba, 0xbf, 0xae, 0xaa, 0x00, 0x00, 0x20, 0x00, 0x00, 
	0x00, 0x2a, 0xaa, 0xfb, 0xbb, 0xff, 0xff, 0xef, 0xae, 0xea, 0xaa, 0x00, 0x00, 0x00, 0x00, 0x00, 
	0x00, 0x00, 0x00, 0x00, 0x00, 0x00, 0x00, 0x0c, 0x00, 0x10, 0x00, 0x03, 0x80, 0x5f, 0xe1, 0x11, 
	0xc0, 0x00, 0x00, 0x3d, 0x7f, 0xfc, 0x00, 0x00, 0x00, 0x00, 0x00, 0x00, 0x00, 0x00, 0x11, 0xf7, 
	0xff, 0xff, 0xff, 0xdf, 0x57, 0xf0, 0x7c, 0x00, 0x00, 0x00, 0x00, 0x00, 0x00, 0x00, 0x00, 0x00, 
	0x00, 0x00, 0x00, 0x08, 0x00, 0x38, 0x00, 0x03, 0x80, 0xee, 0xe2, 0x8a, 0xc8, 0x20, 0x28, 0x0e, 
	0xeb, 0xca, 0xa8, 0x80, 0x00, 0x80, 0x00, 0x00, 0x00, 0x00, 0xa8, 0xee, 0xff, 0xfe, 0xff, 0xee, 
	0xaa, 0xef, 0xe8, 0x00, 0x00, 0x00, 0x00, 0x00, 0x00, 0x00, 0x00, 0x00, 0x00, 0x00, 0x00, 0x0c, 
	0x00, 0x10, 0x00, 0x01, 0x80, 0x5f, 0xc7, 0x00, 0xc0, 0x00, 0x00, 0x16, 0x5f, 0xc0, 0x00, 0x00, 
	0x00, 0x00, 0x00, 0x00, 0x00, 0x00, 0x03, 0xff, 0xff, 0xff, 0xff, 0xff, 0xc4, 0x4f, 0xc0, 0x00, 
	0x00, 0x00, 0x00, 0x00, 0x00, 0x00, 0x00, 0x00, 0x00, 0x00, 0x00, 0x08, 0x00, 0x38, 0x00, 0x03, 
	0x80, 0xfb, 0x8e, 0x8a, 0xe8, 0x20, 0x08, 0x0a, 0xba, 0xaa, 0xa0, 0x00, 0x00, 0x00, 0x00, 0x00, 
	0x00, 0x00, 0x23, 0xbb, 0xff, 0xff, 0xfe, 0xeb, 0xaa, 0x80, 0x00, 0x00, 0x00, 0x00, 0x00, 0x00, 
	0x00, 0x00, 0x00, 0x00, 0x00, 0x00, 0x00, 0x0c, 0x00, 0x10, 0x00, 0x07, 0x00, 0x7f, 0xcf, 0x10, 
	0xf0, 0x10, 0x10, 0x0f, 0x10, 0x00, 0x00, 0x00, 0x00, 0x00, 0x00, 0x00, 0x00, 0x00, 0x07, 0xff, 
	0xff, 0xff, 0xfd, 0xeb, 0x55, 0x80, 0x00, 0x00, 0x00, 0x00, 0x00, 0x00, 0x00, 0x00, 0x00, 0x00, 
	0x00, 0x00, 0x00, 0x08, 0x00, 0x28, 0x00, 0x0e, 0x80, 0xff, 0x8e, 0x88, 0xe0, 0xa8, 0x0a, 0x0f, 
	0xaa, 0xa8, 0x88, 0x80, 0x00, 0x88, 0x00, 0x00, 0x00, 0x08, 0x0e, 0xff, 0xff, 0xfe, 0xfe, 0xea, 
	0xaa, 0x80, 0x02, 0x00, 0x00, 0x00, 0x00, 0x00, 0x00, 0x00, 0x00, 0x00, 0x00, 0x00, 0x00, 0x0c, 
	0x00, 0x10, 0x00, 0x07, 0x00, 0x7f, 0xdc, 0x0c, 0xf0, 0x00, 0x01, 0x01, 0xc4, 0x00, 0x00, 0x00, 
	0x00, 0x00, 0x00, 0x00, 0x00, 0x04, 0x5f, 0xff, 0xff, 0xff, 0xff, 0xf3, 0xc4, 0xc0, 0x00, 0x00, 
	0x00, 0x00, 0x00, 0x00, 0x00, 0x00, 0x00, 0x00, 0x00, 0x00, 0x00, 0x38, 0x00, 0x38, 0x00, 0x0e, 
	0x00, 0x3b, 0xbe, 0x8a, 0xf8, 0xaa, 0x02, 0xa0, 0xaa, 0xaa, 0x00, 0x00, 0x00, 0x00, 0x00, 0x00, 
	0x00, 0x03, 0xff, 0xff, 0xff, 0xff, 0xff, 0xbb, 0xaa, 0xe0, 0x00, 0x80, 0x00, 0x00, 0x00, 0x00, 
	0x00, 0x00, 0x00, 0x00, 0x00, 0x00, 0x00, 0x10, 0x00, 0x10, 0x00, 0x07, 0x00, 0x3f, 0x3c, 0x04, 
	0xdc, 0x00, 0x00, 0x60, 0x39, 0x00, 0x00, 0x00, 0x00, 0x00, 0x00, 0x00, 0x00, 0x01, 0x57, 0xff, 
	0xff, 0xff, 0xff, 0x95, 0xd1, 0x40, 0x01, 0x80, 0x00, 0x00, 0x00, 0x00, 0x00, 0x00, 0x00, 0x00, 
	0x00, 0x00, 0x00, 0x08, 0x00, 0x28, 0x00, 0x0e, 0x80, 0xba, 0xbe, 0x8e, 0xec, 0x08, 0x80, 0xa8, 
	0x0e, 0xa8, 0x88, 0x00, 0x00, 0x00, 0x00, 0x00, 0x00, 0x00, 0xaa, 0xff, 0xfe, 0xef, 0xff, 0xae, 
	0xea, 0xa0, 0x00, 0x80, 0x00, 0x00, 0x00, 0x00, 0x00, 0x00, 0x00, 0x00, 0x00, 0x00, 0x00, 0x10, 
	0x00, 0x10, 0x00, 0x03, 0x80, 0xfd, 0x7d, 0x87, 0x7c, 0x0c, 0x00, 0x37, 0xc5, 0xd8, 0x00, 0x00, 
	0x00, 0x00, 0x00, 0x00, 0x00, 0x00, 0x05, 0xff, 0xff, 0xff, 0xff, 0xfc, 0x7d, 0x30, 0x00, 0xc0, 
	0x00, 0x00, 0x00, 0x00, 0x00, 0x00, 0x00, 0x00, 0x00, 0x00, 0x00, 0x18, 0x00, 0x38, 0x00, 0x03, 
	0x82, 0xfe, 0x3f, 0x83, 0xbe, 0x0a, 0x00, 0x2b, 0xea, 0xfa, 0x00, 0x00, 0x00, 0x00, 0x00, 0x00, 
	0x00, 0x00, 0x0b, 0xff, 0xbf, 0xff, 0xff, 0xea, 0xba, 0xa0, 0x00, 0xa0, 0x00, 0x00, 0x00, 0x00, 
	0x00, 0x00, 0x00, 0x00, 0x00, 0x00, 0x00, 0x10, 0x00, 0x10, 0x00, 0x01, 0xc3, 0xff, 0x5d, 0x83, 
	0x7c, 0x00, 0x00, 0x07, 0xff, 0xc1, 0x00, 0x00, 0x00, 0x00, 0x00, 0x00, 0x00, 0x00, 0x07, 0xff, 
	0xff, 0xff, 0xff, 0xfd, 0xcc, 0x10, 0x01, 0xc0, 0x00, 0x00, 0x00, 0x00, 0x00, 0x00, 0x00, 0x00, 
	0x00, 0x00, 0x00, 0x08, 0x00, 0x20, 0x00, 0x00, 0xea, 0x8e, 0xce, 0x83, 0xbe, 0x8a, 0x80, 0x0b, 
	0xee, 0xaa, 0x00, 0x00, 0x00, 0x00, 0x00, 0x00, 0x00, 0x08, 0x0f, 0xff, 0xff, 0xff, 0xff, 0xee, 
	0xaa, 0xa8, 0x00, 0x80, 0x00, 0x00, 0x00, 0x00, 0x00, 0x00, 0x00, 0x00, 0x00, 0x00, 0x00, 0x10, 
	0x00, 0x20, 0x00, 0x00, 0x7c, 0x06, 0x77, 0x83, 0xdf, 0x05, 0x00, 0x01, 0xfc, 0x5c, 0x00, 0x00, 
	0x00, 0x00, 0x00, 0x00, 0x00, 0x00, 0x1f, 0xff, 0xff, 0xff, 0xff, 0xfc, 0xdc, 0x4c, 0x07, 0x00, 
	0x00, 0x00, 0x00, 0x00, 0x00, 0x00, 0x00, 0x00, 0x00, 0x00, 0x00, 0x38, 0x00, 0x20, 0x00, 0x00, 
	0x3a, 0x06, 0x33, 0x83, 0xff, 0x82, 0xa8, 0x02, 0xba, 0xa0, 0x00, 0x00, 0x00, 0x00, 0x00, 0x00, 
	0x00, 0x00, 0xbf, 0xff, 0xff, 0xff, 0xfb, 0xfa, 0xbe, 0xaa, 0x8a, 0x00, 0x00, 0x00, 0x00, 0x00, 
	0x00, 0x00, 0x00, 0x00, 0x00, 0x00, 0x00, 0x70, 0x00, 0x30, 0x00, 0x00, 0x00, 0x06, 0xf7, 0x01, 
	0xff, 0x80, 0x10, 0x00, 0x5c, 0x00, 0x00, 0x00, 0x00, 0x00, 0x00, 0x00, 0x00, 0x00, 0x17, 0xff, 
	0xff, 0xff, 0xf7, 0xfc, 0x5f, 0x13, 0xfc, 0x00, 0x00, 0x00, 0x00, 0x00, 0x00, 0x00, 0x00, 0x00, 
	0x00, 0x00, 0x00, 0x20, 0x00, 0x20, 0x00, 0x00, 0x00, 0x0a, 0xef, 0x80, 0xef, 0xa0, 0x8a, 0x00, 
	0xee, 0x80, 0x00, 0x00, 0x00, 0x00, 0x00, 0x00, 0x00, 0x00, 0x0e, 0xfe, 0xff, 0xff, 0xee, 0xea, 
	0xbf, 0xaa, 0xf8, 0x00, 0x00, 0x00, 0x00, 0x00, 0x00, 0x00, 0x00, 0x00, 0x00, 0x00, 0x00, 0x60, 
	0x00, 0x20, 0x00, 0x00, 0x00, 0x04, 0xcf, 0x91, 0xff, 0x80, 0x1c, 0x00, 0x7f, 0x00, 0x40, 0x00, 
	0x00, 0x00, 0x00, 0x00, 0x00, 0x00, 0x1f, 0xff, 0xff, 0xff, 0xff, 0x30, 0x7f, 0xdd, 0xfe, 0x00, 
	0x00, 0x00, 0x00, 0x00, 0x00, 0x00, 0x00, 0x00, 0x00, 0x00, 0x00, 0x22, 0x00, 0x20, 0x00, 0x00, 
	0x00, 0x02, 0xef, 0x80, 0xfa, 0xa0, 0xbe, 0x80, 0x2f, 0x80, 0xa0, 0x00, 0x00, 0x00, 0x00, 0x00, 
	0x00, 0x00, 0xbf, 0xff, 0xff, 0xff, 0xfe, 0xba, 0xbf, 0xaa, 0xaf, 0xa0, 0x00, 0x00, 0x00, 0x00, 
	0x00, 0x00, 0x00, 0x00, 0x00, 0x00, 0x00, 0x60, 0x00, 0x30, 0x00, 0x00, 0x00, 0x04, 0xff, 0x00, 
	0x7c, 0xe0, 0x1f, 0x00, 0x07, 0xc1, 0x80, 0x00, 0x00, 0x00, 0x10, 0x00, 0x00, 0x00, 0xff, 0xff, 
	0xff, 0xff, 0xff, 0xd4, 0x3f, 0xdf, 0x5f, 0xf0, 0x00, 0x00, 0x00, 0x00, 0x00, 0x00, 0x00, 0x00, 
	0x00, 0x00, 0x00, 0x28, 0x08, 0x20, 0x00, 0x00, 0x00, 0xae, 0xfe, 0x88, 0xae, 0xe8, 0x2f, 0xa8, 
	0x02, 0xae, 0x80, 0x00, 0x00, 0x02, 0xa8, 0x00, 0x00, 0x02, 0xff, 0xef, 0xff, 0xff, 0xff, 0x8e, 
	0x8f, 0xee, 0xbe, 0xae, 0x80, 0x00, 0x00, 0x00, 0x00, 0x00, 0x00, 0x00, 0x00, 0x00, 0x00, 0x60, 
	0x00, 0x60, 0x00, 0x00, 0x00, 0xfe, 0x7d, 0xcc, 0x5e, 0xf0, 0x04, 0xfc, 0x00, 0x04, 0x00, 0x00, 
	0x00, 0x06, 0x00, 0x00, 0x00, 0x07, 0xff, 0xff, 0xff, 0xff, 0xf7, 0xc4, 0xc0, 0xff, 0xff, 0xdf, 
	0x80, 0x00, 0x00, 0x00, 0x00, 0x00, 0x00, 0x00, 0x00, 0x00, 0xfe, 0x2a, 0x88, 0x20, 0x00, 0x02, 
	0x03, 0xbe, 0xab, 0xe8, 0xeb, 0xf8, 0x0e, 0xba, 0x0a, 0xa8, 0x20, 0x00, 0x00, 0x0a, 0x00, 0x00, 
	0x00, 0x0b, 0xff, 0xff, 0xff, 0xff, 0xfb, 0xaa, 0xaa, 0xef, 0xff, 0xea, 0xa8, 0x00, 0x00, 0x00, 
	0x00, 0x00, 0x00, 0x00, 0x00, 0x03, 0x51, 0x60, 0x00, 0x30, 0x00, 0x02, 0x07, 0x7f, 0x87, 0xc0, 
	0x71, 0xf0, 0x07, 0x1f, 0xe7, 0xff, 0x40, 0x00, 0x00, 0x00, 0x00, 0x00, 0x00, 0x0f, 0xf7, 0xff, 
	0xff, 0xff, 0xd3, 0x80, 0x7f, 0xf7, 0xff, 0xff, 0x78, 0x00, 0x00, 0x00, 0x00, 0x00, 0x00, 0x00, 
	0xa8, 0x0a, 0x80, 0xe8, 0x80, 0xa0, 0x00, 0x02, 0x8e, 0xff, 0xef, 0xea, 0xfa, 0xea, 0x02, 0xaf, 
	0xab, 0xfe, 0x80, 0x00, 0x00, 0x00, 0x00, 0x00, 0x00, 0x2f, 0xef, 0xff, 0xff, 0xef, 0xeb, 0xea, 
	0xbf, 0xff, 0xff, 0xee, 0xae, 0x00, 0x00, 0x00, 0x00, 0x00, 0x00, 0x00, 0xf0, 0x04, 0x00, 0xe0, 
	0x00, 0x60, 0x00, 0x03, 0x9f, 0xff, 0xff, 0xf4, 0x7e, 0x76, 0x01, 0x7d, 0xd9, 0xfc, 0x00, 0x00, 
	0x00, 0x00, 0x00, 0x00, 0x00, 0x7f, 0xff, 0xff, 0xff, 0xff, 0xe7, 0xc4, 0x3f, 0xff, 0xff, 0xff, 
	0xc6, 0x00, 0x00, 0x00, 0x00, 0x00, 0x00, 0x00, 0xfa, 0x0a, 0x00, 0xa0, 0x00, 0x20, 0x00, 0x03, 
	0xfb, 0xff, 0xff, 0xe2, 0xfe, 0xb3, 0x80, 0xaa, 0xae, 0xbe, 0x80, 0x00, 0x00, 0x00, 0x00, 0x00, 
	0x00, 0xff, 0xff, 0xff, 0xff, 0xff, 0xee, 0xaa, 0xbf, 0xfb, 0xff, 0xff, 0xeb, 0x80, 0x00, 0x00, 
	0x00, 0x00, 0x00, 0x00, 0xef, 0x18, 0x00, 0x60, 0x00, 0x30, 0x00, 0x01, 0xff, 0xff, 0xff, 0xf0, 
	0x7f, 0xf7, 0x81, 0xf5, 0xdd, 0x07, 0x00, 0x00, 0x00, 0x00, 0x00, 0x00, 0x01, 0xff, 0xff, 0xff, 
	0xff, 0xff, 0xdd, 0xc0, 0x5f, 0xff, 0xff, 0xff, 0xfd, 0x80, 0x00, 0x00, 0x00, 0x00, 0x00, 0x00, 
	0xea, 0xe8, 0x00, 0xe0, 0x80, 0xa0, 0x00, 0x00, 0xeb, 0xff, 0xff, 0xe8, 0xff, 0xeb, 0xe0, 0xea, 
	0xae, 0xef, 0xe0, 0x00, 0x00, 0x00, 0x00, 0x00, 0x02, 0xff, 0xeb, 0xff, 0xff, 0xef, 0xaa, 0xea, 
	0x8f, 0xfb, 0xff, 0xff, 0xee, 0xe0, 0x00, 0x00, 0x00, 0x00, 0x00, 0x00, 0xfc, 0x70, 0x00, 0x75, 
	0xe1, 0x60, 0x54, 0x00, 0x7f, 0xff, 0xff, 0xec, 0x7f, 0xf7, 0xf0, 0x64, 0x46, 0xff, 0xf0, 0x00, 
	0x00, 0x00, 0x00, 0x00, 0x07, 0xff, 0x4f, 0xff, 0xff, 0xff, 0xd4, 0xe4, 0x5f, 0xff, 0xff, 0xff, 
	0xff, 0x60, 0x00, 0x00, 0x00, 0x00, 0x00, 0x00, 0xfa, 0xb8, 0x00, 0xfe, 0xbf, 0xe0, 0xfe, 0x80, 
	0xff, 0xbf, 0xff, 0xee, 0xff, 0xe3, 0xf8, 0x2a, 0xaa, 0xff, 0xfa, 0x00, 0x00, 0x00, 0x00, 0x00, 
	0x0f, 0xfe, 0xbf, 0xff, 0xff, 0xff, 0xba, 0xea, 0xaf, 0xff, 0xff, 0xff, 0xfb, 0xa0, 0x00, 0x00, 
	0x00, 0x00, 0x00, 0x00, 0xfc, 0x30, 0x01, 0xdf, 0x3d, 0xf1, 0xc1, 0xc0, 0x7f, 0xff, 0xff, 0xcf, 
	0x7f, 0xf7, 0xf1, 0x11, 0xd7, 0x7f, 0xff, 0x00, 0x00, 0x00, 0x00, 0x00, 0x1f, 0xff, 0xff, 0xff, 
	0xff, 0xff, 0xf1, 0x64, 0x77, 0xff, 0xff, 0xff, 0xff, 0x70, 0x00, 0x00, 0x00, 0x00, 0x00, 0x00, 
	0xfe, 0xb8, 0x00, 0xae, 0x3a, 0xfa, 0x80, 0xe0, 0xff, 0xfe, 0xff, 0x8f, 0xbf, 0xfb, 0xe8, 0x8b, 
	0xea, 0xbf, 0xff, 0xe8, 0x00, 0x00, 0x00, 0x00, 0x3f, 0xff, 0xef, 0xef, 0xee, 0xef, 0xea, 0xaa, 
	0xaf, 0xff, 0xff, 0xfe, 0xee, 0xb8, 0x00, 0x00, 0x00, 0x00, 0x00, 0x00, 0xfe, 0x70, 0x01, 0xfe, 
	0x3f, 0xff, 0x00, 0x60, 0xff, 0xff, 0xff, 0x1f, 0x9f, 0xf9, 0xf4, 0x77, 0xfc, 0xff, 0xff, 0xfc, 
	0x00, 0x00, 0x00, 0x00, 0x7f, 0xff, 0xdf, 0xff, 0xff, 0xff, 0xd4, 0x38, 0x53, 0xff, 0xff, 0xff, 
	0xff, 0x90, 0x00, 0x00, 0x00, 0x00, 0x00, 0x00, 0xfe, 0xe0, 0x03, 0xea, 0xaa, 0xfa, 0x00, 0x28, 
	0xff, 0xbf, 0xfe, 0xbf, 0x8f, 0xfa, 0xee, 0x2a, 0x3e, 0xfb, 0xef, 0xff, 0xa0, 0x00, 0x00, 0x02, 
	0xff, 0xfa, 0xab, 0xff, 0xff, 0xff, 0xba, 0xba, 0xba, 0xff, 0xbf, 0xff, 0xfb, 0xb8, 0x00, 0x00, 
	0x00, 0x00, 0x00, 0x00, 0xfe, 0x60, 0x01, 0xff, 0x7f, 0xfe, 0x00, 0x38, 0x7f, 0xff, 0xf5, 0xff, 
	0xc7, 0xfe, 0x77, 0x06, 0x75, 0xef, 0xe7, 0xff, 0xf0, 0x00, 0x00, 0x03, 0xff, 0xff, 0x37, 0xff, 
	0xff, 0xfd, 0xd0, 0x10, 0x7c, 0xff, 0xbf, 0xff, 0xff, 0xb0, 0x00, 0x00, 0x00, 0x00, 0x00, 0x00, 
	0xfe, 0xe0, 0x00, 0xee, 0xbb, 0xfe, 0x00, 0x28, 0xfe, 0xee, 0xeb, 0xff, 0xe2, 0xbe, 0xaf, 0x82, 
	0xaa, 0xab, 0xeb, 0xff, 0xfa, 0x80, 0x00, 0x0f, 0xff, 0xee, 0xab, 0xff, 0xee, 0xff, 0x8a, 0x8a, 
	0xbe, 0xbe, 0xbf, 0xff, 0xee, 0xb8, 0x00, 0x00, 0x00, 0x00, 0x00, 0x00, 0xfc, 0x60, 0x01, 0xff, 
	0x7f, 0xfc, 0x00, 0x08, 0xff, 0xff, 0xff, 0xff, 0xfc, 0xff, 0xdf, 0x40, 0x75, 0x5d, 0xdf, 0xff, 
	0xff, 0xc0, 0x00, 0x1f, 0xff, 0xed, 0x4f, 0xff, 0xff, 0xfd, 0xcc, 0x14, 0x7f, 0x1e, 0xff, 0xff, 
	0xff, 0xf0, 0x00, 0x00, 0x00, 0x00, 0x00, 0x00, 0x3a, 0xa0, 0x00, 0xfe, 0x3f, 0xfa, 0x00, 0x0b, 
	0xff, 0xff, 0xff, 0xfb, 0xbf, 0xff, 0xbf, 0xba, 0xba, 0xae, 0xeb, 0xff, 0xff, 0xfa, 0x00, 0x3f, 
	0xff, 0xfa, 0xab, 0xff, 0xff, 0xf8, 0xae, 0xaa, 0xbf, 0xa2, 0xff, 0xff, 0xfb, 0xf8, 0x00, 0x00, 
	0x00, 0x00, 0x00, 0x00, 0x78, 0x60, 0x01, 0xff, 0x75, 0xfc, 0x00, 0x0f, 0xff, 0xff, 0xff, 0xff, 
	0xff, 0xff, 0xff, 0x1f, 0xd0, 0x1f, 0x7f, 0xff, 0xff, 0xff, 0xc0, 0x7f, 0xff, 0xb1, 0x07, 0xff, 
	0xff, 0xfd, 0xc6, 0x18, 0x1f, 0xff, 0xff, 0xff, 0xff, 0xf0, 0x00, 0x00, 0x00, 0x00, 0x00, 0x00, 
	0xaa, 0xe0, 0x00, 0x8a, 0xa8, 0xbc, 0x00, 0x0e, 0xef, 0xee, 0xfe, 0xee, 0xfe, 0xff, 0xbf, 0xaa, 
	0xba, 0xae, 0xaf, 0xff, 0xff, 0xff, 0xea, 0xff, 0xfe, 0xea, 0xaf, 0xff, 0xef, 0xf8, 0xaa, 0x88, 
	0xaf, 0xff, 0xff, 0xfe, 0xef, 0xb8, 0x00, 0x00, 0x00, 0x00, 0x00, 0x00, 0x45, 0xc0, 0x01, 0xc0, 
	0x00, 0x7c, 0x00, 0x0c, 0x07, 0xff, 0xff, 0xff, 0xff, 0xff, 0x7f, 0x05, 0xfc, 0x4d, 0xef, 0xff, 
	0xff, 0xff, 0xff, 0xff, 0xfd, 0xc5, 0xdf, 0xff, 0xff, 0xdd, 0xc1, 0x04, 0x0f, 0xff, 0xff, 0xff, 
	0xff, 0xf0, 0x00, 0x00, 0x00, 0x00, 0x00, 0x00, 0xaa, 0x80, 0x02, 0x80, 0x00, 0x28, 0x00, 0x0a, 
	0x0b, 0xff, 0xff, 0xbf, 0xff, 0xfa, 0xbf, 0xaa, 0xaa, 0xaa, 0xef, 0xfb, 0xfb, 0xff, 0xff, 0xff, 
	0xff, 0xaa, 0xbf, 0xff, 0xff, 0xbe, 0xa2, 0xaa, 0x2f, 0xff, 0xff, 0xff, 0xff, 0xb8, 0x00, 0x00, 
	0x00, 0x00, 0x00, 0x00, 0xc1, 0x80, 0x01, 0xc0, 0x00, 0x7c, 0x00, 0x08, 0x01, 0xff, 0xff, 0xff, 
	0xff, 0xfc, 0xff, 0x81, 0x75, 0x06, 0x7f, 0xff, 0xff, 0xff, 0xff, 0xff, 0xfb, 0x50, 0xff, 0xff, 
	0xff, 0xdd, 0xc0, 0xc0, 0x27, 0xff, 0xff, 0xff, 0xff, 0xfc, 0x00, 0x00, 0x00, 0x00, 0x00, 0x00, 
	0xaa, 0x88, 0x00, 0x80, 0x00, 0xb8, 0x00, 0x08, 0x00, 0xee, 0xff, 0xee, 0xee, 0xaa, 0xff, 0xea, 
	0xae, 0xaa, 0xbb, 0xff, 0xfe, 0xff, 0xff, 0xff, 0xea, 0xaa, 0xff, 0xff, 0xee, 0xbe, 0x80, 0xa8, 
	0xab, 0xff, 0xff, 0xfe, 0xff, 0xfe, 0x80, 0x00, 0x00, 0x00, 0x00, 0x00, 0xc5, 0xc0, 0x01, 0xc0, 
	0x00, 0x78, 0x00, 0x08, 0x00, 0xff, 0xff, 0xff, 0xff, 0x5f, 0xbf, 0xc0, 0xc6, 0x06, 0x7b, 0xff, 
	0xff, 0xff, 0xff, 0xff, 0xf5, 0x45, 0xff, 0xff, 0xff, 0xfe, 0xc0, 0x04, 0x37, 0xff, 0xff, 0xff, 
	0xff, 0xf7, 0x00, 0x00, 0x00, 0x00, 0x00, 0x00, 0xab, 0x80, 0x02, 0x80, 0x00, 0x38, 0x00, 0x08, 
	0x00, 0xff, 0xff, 0xff, 0xff, 0xbf, 0xbf, 0xaa, 0xaa, 0xaa, 0xba, 0xff, 0xff, 0xff, 0xff, 0xff, 
	0xea, 0xaf, 0xff, 0xff, 0xfb, 0xbe, 0xa0, 0x2e, 0x3b, 0xff, 0xff, 0xff, 0xff, 0xbb, 0xa0, 0x00, 
	0x00, 0x00, 0x00, 0x00, 0x01, 0x80, 0x07, 0xc0, 0x00, 0x30, 0x00, 0x18, 0x00, 0x7f, 0xff, 0xff, 
	0xff, 0xff, 0xdf, 0xc0, 0x51, 0x01, 0x3c, 0xff, 0xff, 0x7f, 0xff, 0xff, 0xb4, 0x7f, 0xff, 0xff, 
	0xff, 0xf7, 0x40, 0x04, 0x33, 0xff, 0xff, 0xff, 0xff, 0xfc, 0xe0, 0x00, 0x00, 0x00, 0x00, 0x00, 
	0xaa, 0x80, 0x03, 0x80, 0x00, 0x28, 0x00, 0x38, 0x00, 0xfe, 0xee, 0xef, 0xfe, 0xee, 0xee, 0xaa, 
	0xaa, 0xab, 0xae, 0xff, 0xff, 0xeb, 0xff, 0xff, 0xae, 0xfe, 0xff, 0xff, 0xee, 0xaa, 0xe0, 0x0a, 
	0xbb, 0xff, 0xff, 0xff, 0xff, 0xfe, 0xa8, 0x00, 0x00, 0x00, 0x00, 0x00, 0x01, 0x80, 0x01, 0x00, 
	0x00, 0x10, 0x00, 0x18, 0x00, 0x7f, 0xff, 0xff, 0xff, 0xff, 0xf9, 0xf4, 0x40, 0xc3, 0x9f, 0xff, 
	0xff, 0xff, 0xdf, 0xfd, 0xdf, 0xff, 0xff, 0xff, 0xff, 0x67, 0x40, 0x06, 0x3d, 0xff, 0xff, 0xff, 
	0xff, 0xff, 0x9c, 0x00, 0x00, 0x00, 0x00, 0x00, 0xaa, 0x80, 0x02, 0xa8, 0x00, 0x00, 0x00, 0x38, 
	0x00, 0xff, 0xff, 0xff, 0xaf, 0xff, 0xba, 0xfa, 0x2a, 0xaa, 0xaf, 0xff, 0xff, 0xff, 0xbf, 0xff, 
	0xff, 0xeb, 0xff, 0xff, 0xbe, 0xeb, 0xa0, 0x0a, 0x3e, 0xff, 0xff, 0xbf, 0xff, 0xff, 0xae, 0x00, 
	0x00, 0x00, 0x00, 0x00, 0x0f, 0x00, 0x00, 0x00, 0x00, 0x00, 0x00, 0x18, 0x00, 0x7f, 0xff, 0xff, 
	0xff, 0xff, 0xff, 0xf2, 0x00, 0x0c, 0x07, 0xff, 0xff, 0xff, 0xff, 0xff, 0xff, 0xf7, 0xff, 0xff, 
	0xff, 0xc1, 0xc0, 0x07, 0x3e, 0x7f, 0xff, 0xff, 0xff, 0xff, 0xf7, 0x00, 0x00, 0x00, 0x00, 0x00, 
	0xae, 0x80, 0x02, 0x00, 0x00, 0x80, 0x00, 0xb8, 0x00, 0xff, 0xff, 0xfe, 0xef, 0xee, 0xfe, 0xb8, 
	0x88, 0x8a, 0xef, 0xff, 0xff, 0xff, 0xfe, 0xee, 0xab, 0xee, 0xff, 0xff, 0xee, 0xe8, 0xa8, 0x0a, 
	0x3e, 0xef, 0xfe, 0xee, 0xef, 0xfe, 0xeb, 0x80, 0x00, 0x00, 0x00, 0x00, 0xff, 0x40, 0x00, 0x00, 
	0x00, 0x00, 0x00, 0x1c, 0x00, 0x7f, 0xff, 0xff, 0xff, 0xff, 0xff, 0x39, 0x00, 0x14, 0xc7, 0xff, 
	0xff, 0xff, 0xf8, 0x60, 0x03, 0xff, 0xff, 0xff, 0xfe, 0x50, 0xd0, 0x01, 0x3e, 0xdf, 0xff, 0xff, 
	0xff, 0xff, 0xff, 0x80, 0x00, 0x00, 0x00, 0x00, 0xae, 0x00, 0x00, 0x20, 0x00, 0x02, 0x00, 0x38, 
	0x00, 0xff, 0xff, 0xff, 0xfe, 0xff, 0xbb, 0xaa, 0x0a, 0x2a, 0xbb, 0xff, 0xff, 0xff, 0xea, 0xea, 
	0xbb, 0xff, 0xff, 0xff, 0xfe, 0xa2, 0xe8, 0x02, 0xae, 0xff, 0xff, 0xbf, 0xff, 0xff, 0xbe, 0xa0, 
	0x00, 0x00, 0x00, 0x00, 0xff, 0x00, 0x00, 0x00, 0x00, 0x00, 0x00, 0x10, 0x00, 0x7f, 0xff, 0xff, 
	0xff, 0xff, 0xff, 0xcd, 0x04, 0x00, 0x39, 0xff, 0xff, 0xff, 0xf3, 0xff, 0xf3, 0xff, 0xff, 0xff, 
	0xff, 0xc0, 0x78, 0x00, 0x35, 0xff, 0xff, 0x7f, 0xff, 0xff, 0xff, 0xc0, 0x00, 0x00, 0x00, 0x00, 
	0xee, 0x80, 0x00, 0x20, 0x00, 0x08, 0x00, 0x00, 0x00, 0xee, 0xff, 0xff, 0xee, 0xfe, 0xee, 0xe8, 
	0xa2, 0x8a, 0xaa, 0xff, 0xff, 0xff, 0xef, 0xee, 0xfb, 0xfe, 0xff, 0xff, 0xee, 0x80, 0xea, 0x02, 
	0xaa, 0xef, 0xfe, 0xee, 0xff, 0xee, 0xee, 0xc0, 0x00, 0x00, 0x00, 0x00, 0x5e, 0x00, 0x00, 0x40, 
	0x00, 0x00, 0x00, 0x00, 0x00, 0x7f, 0xff, 0xff, 0xff, 0xff, 0xff, 0xf1, 0x81, 0x04, 0x5d, 0xff, 
	0xff, 0xff, 0xe7, 0xfd, 0xf3, 0xff, 0xff, 0xff, 0xff, 0xc0, 0x76, 0x40, 0x39, 0xef, 0xff, 0xff, 
	0xff, 0xff, 0xff, 0xc0, 0x00, 0x00, 0x00, 0x00, 0xbe, 0x80, 0x00, 0x20, 0x00, 0x00, 0x00, 0x00, 
	0x00, 0xff, 0xbf, 0xff, 0xfe, 0xfb, 0xfb, 0xf8, 0x80, 0x82, 0xb8, 0xef, 0xff, 0xff, 0xef, 0xfb, 
	0xfb, 0xff, 0xef, 0xff, 0xfa, 0xa2, 0x38, 0xe0, 0xbb, 0xbb, 0xfa, 0xbf, 0xfb, 0xff, 0xff, 0xe0, 
	0x00, 0x00, 0x00, 0x00, 0xde, 0x00, 0x00, 0x00, 0x00, 0x00, 0x00, 0x00, 0x00, 0x7f, 0xff, 0xff, 
	0xff, 0xff, 0xff, 0xfd, 0xc0, 0x00, 0x1e, 0x7f, 0xff, 0xff, 0xf7, 0xff, 0xf3, 0xff, 0xff, 0xff, 
	0xf9, 0x20, 0x7d, 0x41, 0xbf, 0xd7, 0xff, 0xff, 0xff, 0xff, 0xff, 0xc0, 0x00, 0x00, 0x00, 0x00, 
	0xee, 0x80, 0x00, 0x80, 0x00, 0x08, 0x00, 0x00, 0x00, 0xbe, 0xfe, 0xff, 0xfe, 0xee, 0xee, 0xee, 
	0x80, 0x00, 0xae, 0xff, 0xff, 0xbf, 0xef, 0xee, 0xf8, 0xfb, 0xff, 0xfe, 0xea, 0xa0, 0x2e, 0x80, 
	0xbe, 0xaa, 0xae, 0xee, 0xee, 0xee, 0xee, 0xc0, 0x00, 0x00, 0x00, 0x00, 0xec, 0x00, 0x00, 0x00, 
	0x00, 0x00, 0x00, 0x00, 0x00, 0x1f, 0xdf, 0xff, 0xff, 0xff, 0xff, 0xff, 0xc0, 0x00, 0x4e, 0x7f, 
	0xff, 0xff, 0xf7, 0xff, 0xfc, 0xdb, 0xff, 0xff, 0xf7, 0x40, 0x67, 0x80, 0x3d, 0xdd, 0xdf, 0xff, 
	0xff, 0xff, 0xff, 0xc0, 0x00, 0x00, 0x00, 0x00, 0xae, 0xa0, 0x00, 0x80, 0x00, 0x00, 0x00, 0x00, 
	0x00, 0x3e, 0xff, 0xfb, 0xff, 0xeb, 0xbf, 0xff, 0x88, 0x20, 0xaf, 0xbf, 0xff, 0xbe, 0xbb, 0xfb, 
	0xfe, 0xb3, 0xff, 0xff, 0xfa, 0x82, 0x20, 0xe2, 0x3a, 0xbb, 0xab, 0xbb, 0xff, 0xff, 0xff, 0xc0, 
	0x00, 0x00, 0x00, 0x00, 0x66, 0x10, 0x00, 0x40, 0x00, 0x00, 0x00, 0x00, 0x00, 0x1f, 0xff, 0xff, 
	0xff, 0xff, 0xff, 0xff, 0xc0, 0x00, 0x07, 0x7f, 0xff, 0xfd, 0x77, 0xff, 0xfc, 0x7f, 0xff, 0xff, 
	0xfd, 0x00, 0x60, 0x33, 0x3b, 0xff, 0xff, 0xff, 0xff, 0xff, 0xff, 0xc0, 0x00, 0x00, 0x00, 0x00, 
	0xab, 0xa8, 0xa8, 0xa0, 0x00, 0x08, 0x00, 0x00, 0x00, 0x3f, 0xfe, 0xff, 0xef, 0xee, 0xff, 0xff, 
	0x88, 0x08, 0x8f, 0xbf, 0xff, 0xfe, 0xea, 0xef, 0xee, 0xfe, 0xff, 0xfe, 0xfa, 0x80, 0x20, 0x02, 
	0xae, 0xbe, 0xae, 0xef, 0xee, 0xef, 0xef, 0xc0, 0x00, 0x00, 0x00, 0x00, 0x7d, 0x94, 0x44, 0x40, 
	0x00, 0x00, 0x00, 0x00, 0x00, 0x1f, 0xff, 0xff, 0xff, 0xff, 0xff, 0xff, 0xc4, 0x00, 0x07, 0xdf, 
	0xff, 0xff, 0xf7, 0xe7, 0xfc, 0xff, 0xff, 0xff, 0xfc, 0x00, 0x60, 0x03, 0x3f, 0x9f, 0xff, 0xff, 
	0xff, 0xff, 0xff, 0xc0, 0x00, 0x00, 0x00, 0x00, 0x3a, 0xaa, 0x2a, 0xa0, 0x28, 0x08, 0x00, 0x00, 
	0x00, 0x3f, 0xff, 0xff, 0xff, 0xff, 0xbf, 0xbf, 0xae, 0x02, 0x0b, 0xaf, 0xff, 0xff, 0xf3, 0xef, 
	0xfe, 0xff, 0xff, 0xff, 0xfa, 0x80, 0x20, 0x03, 0xbe, 0xbf, 0xba, 0xff, 0xfe, 0xbf, 0xff, 0x80, 
	0x00, 0x00, 0x00, 0x00, 0x17, 0xcc, 0x00, 0x30, 0x00, 0x00, 0x00, 0x00, 0x00, 0x1f, 0xff, 0xff, 
	0xff, 0xff, 0xff, 0xff, 0xec, 0x00, 0x43, 0xdf, 0xff, 0xff, 0xf7, 0xff, 0xfe, 0x7f, 0xff, 0xff, 
	0xf8, 0x00, 0x00, 0x13, 0x07, 0x7f, 0xff, 0x7f, 0xff, 0xff, 0xff, 0x00, 0x00, 0x00, 0x00, 0x00, 
	0x3a, 0xea, 0xaa, 0xa8, 0x08, 0x8e, 0x02, 0x08, 0x00, 0xbf, 0xef, 0xee, 0xef, 0xfe, 0xef, 0xee, 
	0xee, 0x00, 0x83, 0xff, 0xff, 0xff, 0xeb, 0xff, 0xfe, 0xfe, 0xff, 0xff, 0xf8, 0x80, 0x20, 0x0b, 
	0xae, 0xfa, 0xae, 0xee, 0xfe, 0xee, 0xff, 0x80, 0x00, 0x00, 0x00, 0x00, 0x1c, 0xf1, 0x00, 0x0c, 
	0x00, 0x04, 0x04, 0x04, 0x00, 0x1f, 0xff, 0xff, 0xff, 0xff, 0xff, 0xff, 0xf4, 0x00, 0x01, 0xf7, 
	0xff, 0xff, 0xf7, 0xff, 0xfe, 0xff, 0xff, 0xff, 0xfc, 0x00, 0x10, 0x47, 0x3c, 0x7f, 0xff, 0xff, 
	0xff, 0xff, 0xff, 0x00, 0x00, 0x00, 0x00, 0x00, 0x2a, 0xfa, 0xaa, 0xae, 0x22, 0xaa, 0xa8, 0x2a, 
	0x0a, 0xbf, 0xff, 0xff, 0xff, 0xff, 0xbf, 0xfb, 0xf2, 0x00, 0x20, 0xe7, 0xff, 0xff, 0xfb, 0xff, 
	0xfe, 0xff, 0xff, 0xff, 0xfa, 0x80, 0x20, 0x03, 0xaa, 0xaa, 0xba, 0xbb, 0xab, 0xff, 0xff, 0x80, 
	0x00, 0x00, 0x00, 0x00, 0x0d, 0x7d, 0x00, 0x06, 0x00, 0x03, 0x00, 0x01, 0x00, 0x1f, 0xff, 0xff, 
	0xff, 0xff, 0xff, 0xff, 0xf3, 0x00, 0x01, 0xf7, 0xff, 0xff, 0xf7, 0xfc, 0xfe, 0x7f, 0xff, 0xff, 
	0xf9, 0x00, 0x10, 0x03, 0xa7, 0xff, 0xff, 0xff, 0xff, 0xff, 0xfc, 0x00, 0x00, 0x00, 0x00, 0x00, 
	0x0e, 0xba, 0xaa, 0xaa, 0x88, 0x8a, 0x88, 0x88, 0xaa, 0xbf, 0xef, 0xff, 0xef, 0xff, 0xea, 0xee, 
	0xfa, 0x88, 0x08, 0xfb, 0xff, 0xff, 0xfa, 0xfe, 0xea, 0xff, 0xff, 0xff, 0xb8, 0x80, 0xa0, 0x8b, 
	0xab, 0xea, 0xee, 0xee, 0xee, 0xff, 0xfc, 0x00, 0x00, 0x00, 0x00, 0x00, 0x07, 0x5c, 0x00, 0x01, 
	0x80, 0x00, 0x00, 0x00, 0x04, 0x1f, 0xff, 0xff, 0xff, 0xff, 0xff, 0xff, 0xf9, 0x00, 0x00, 0xfd, 
	0xff, 0xff, 0xff, 0xfc, 0xf5, 0xff, 0xff, 0xff, 0xdc, 0x00, 0x10, 0x0f, 0x5f, 0xfd, 0xff, 0xff, 
	0xff, 0xff, 0xfc, 0x00, 0x00, 0x00, 0x00, 0x00, 0x03, 0xae, 0xaa, 0xaa, 0xaa, 0xaa, 0x22, 0x02, 
	0x2a, 0xbf, 0xfb, 0xff, 0xff, 0xff, 0xff, 0xfb, 0xfb, 0x80, 0x08, 0x3f, 0xff, 0xff, 0xff, 0xbe, 
	0xff, 0xff, 0xff, 0xff, 0xba, 0x00, 0xa2, 0x0a, 0xef, 0xba, 0xaa, 0xaa, 0xbb, 0xff, 0xfe, 0x00, 
	0x00, 0x00, 0x00, 0x00, 0x01, 0xff, 0x00, 0x00, 0x00, 0x00, 0x00, 0x00, 0x00, 0x1f, 0xf7, 0xff, 
	0xff, 0xff, 0xff, 0xff, 0xfb, 0x80, 0x00, 0x7f, 0xff, 0xff, 0xff, 0xfc, 0xff, 0xff, 0xff, 0xff, 
	0xdc, 0x00, 0x14, 0x07, 0x5f, 0xff, 0x7f, 0xff, 0xff, 0xff, 0xfc, 0x00, 0x00, 0x00, 0x00, 0x00, 
	0x00, 0xee, 0xaa, 0xaa, 0xa8, 0x88, 0x88, 0x88, 0xaa, 0xbf, 0xef, 0xee, 0xff, 0xff, 0xfe, 0xfe, 
	0xeb, 0x88, 0x80, 0xbe, 0xfe, 0xff, 0xff, 0xfe, 0xff, 0xff, 0xef, 0xff, 0xce, 0x00, 0xac, 0x22, 
	0xee, 0xae, 0xee, 0xae, 0xaf, 0xff, 0xfc, 0x00, 0x00, 0x00, 0x00, 0x00, 0x01, 0xfd, 0xc4, 0x44, 
	0x40, 0x00, 0x00, 0x00, 0x44, 0x1f, 0xff, 0xfd, 0xff, 0xff, 0xff, 0xff, 0xfb, 0x80, 0x01, 0x9f, 
	0xff, 0xff, 0xff, 0xdc, 0xc7, 0xff, 0xff, 0xff, 0xcc, 0x00, 0x00, 0x02, 0x6f, 0xdf, 0xff, 0xdf, 
	0xff, 0xff, 0xfc, 0x00, 0x00, 0x00, 0x00, 0x00, 0x02, 0xfa, 0xaa, 0xaa, 0xaa, 0xaa, 0xaa, 0xaa, 
	0xaa, 0xbf, 0xbf, 0xfb, 0xff, 0xff, 0xff, 0xfb, 0xfb, 0xe8, 0x00, 0x9e, 0xff, 0xbf, 0xff, 0xae, 
	0xa3, 0xff, 0xfb, 0xff, 0x8e, 0x00, 0x80, 0x02, 0xea, 0xbb, 0xaa, 0xaa, 0xaf, 0xff, 0xfe, 0x00, 
	0x00, 0x00, 0x00, 0x00, 0x03, 0xff, 0xd1, 0x51, 0x40, 0x00, 0x00, 0x00, 0x00, 0x7f, 0xff, 0xff, 
	0xff, 0xff, 0xff, 0xff, 0xff, 0xc0, 0x00, 0x1f, 0x7f, 0xff, 0xfe, 0x3e, 0xf0, 0xff, 0xff, 0xff, 
	0xc4, 0x00, 0x10, 0x43, 0x3f, 0xf1, 0xf7, 0xff, 0xff, 0xff, 0xfc, 0x00, 0x00, 0x00, 0x00, 0x00, 
	0x03, 0xff, 0xea, 0xaa, 0xa8, 0xaa, 0x88, 0x88, 0xaa, 0xbf, 0xef, 0xfe, 0xef, 0xff, 0xfe, 0xef, 
	0xfb, 0xe8, 0x08, 0x8e, 0xff, 0xee, 0xfe, 0xee, 0xea, 0xbe, 0xef, 0xfe, 0xee, 0x00, 0x88, 0x8a, 
	0xae, 0xea, 0xea, 0xae, 0xef, 0xff, 0xfc, 0x00, 0x00, 0x00, 0x00, 0x00, 0x03, 0xff, 0xe2, 0x44, 
	0x40, 0x00, 0x00, 0x00, 0x04, 0x1f, 0xff, 0xff, 0xff, 0xff, 0xff, 0xff, 0xf3, 0xc0, 0x00, 0x4f, 
	0x7f, 0xff, 0xf9, 0xff, 0xfd, 0x7f, 0xff, 0xff, 0xe5, 0x00, 0x10, 0x86, 0x7f, 0xff, 0xd5, 0xff, 
	0xff, 0xff, 0xfc, 0x00, 0x00, 0x00, 0x00, 0x00, 0x03, 0xff, 0xfa, 0xaa, 0xaa, 0xaa, 0xaa, 0xaa, 
	0xaa, 0xfb, 0xff, 0xff, 0xff, 0xff, 0xff, 0xbf, 0xeb, 0xe0, 0x02, 0x2f, 0xbf, 0xfb, 0xfa, 0xff, 
	0xfe, 0xbf, 0xbf, 0xff, 0xe2, 0x80, 0x8a, 0x8a, 0xeb, 0xbe, 0xaa, 0xbe, 0xff, 0xff, 0xf8, 0x00, 
	0x00, 0x00, 0x00, 0x00, 0x07, 0xff, 0xf9, 0xd1, 0x00, 0x00, 0x00, 0x00, 0x00, 0x7f, 0xff, 0xff, 
	0xff, 0xff, 0xff, 0xff, 0xef, 0xc4, 0x01, 0x77, 0xff, 0xff, 0xf3, 0xff, 0xff, 0x1f, 0xdf, 0xff, 
	0xe0, 0x00, 0x12, 0x1f, 0xff, 0xfb, 0xf7, 0xff, 0xff, 0xff, 0xfc, 0x00, 0x00, 0x00, 0x00, 0x00, 
	0x0e, 0xff, 0xfe, 0xaa, 0x8a, 0x8a, 0x88, 0x88, 0x88, 0xfe, 0xff, 0xbe, 0xef, 0xfe, 0xff, 0xee, 
	0xef, 0xe8, 0x00, 0xaa, 0xff, 0xfe, 0xeb, 0xff, 0xff, 0x8e, 0xbf, 0xef, 0xe8, 0x20, 0x88, 0x2b, 
	0xea, 0xea, 0xea, 0xee, 0xff, 0xff, 0xea, 0x00, 0x00, 0x00, 0x00, 0x00, 0x07, 0xff, 0xff, 0x04, 
	0x04, 0x40, 0x00, 0x00, 0x01, 0xff, 0xff, 0xfe, 0xff, 0xff, 0xff, 0xff, 0xff, 0xf0, 0x00, 0x79, 
	0xff, 0xff, 0xc7, 0xff, 0xff, 0x87, 0xff, 0xff, 0xe0, 0x10, 0x98, 0x37, 0xfd, 0xfd, 0xff, 0xff, 
	0xff, 0xff, 0xff, 0x00, 0x00, 0x00, 0x00, 0x00, 0x0f, 0xff, 0xfe, 0xaa, 0x2a, 0xaa, 0xaa, 0xaa, 
	0xab, 0xfa, 0xbf, 0xee, 0xef, 0xff, 0xff, 0xff, 0xef, 0xfa, 0x00, 0xba, 0xbf, 0xbf, 0x8f, 0xff, 
	0xff, 0x83, 0xfa, 0xff, 0xe0, 0x00, 0x80, 0x2b, 0xfa, 0xfa, 0xab, 0xbf, 0xff, 0xff, 0xfb, 0x80, 
	0x00, 0x00, 0x00, 0x00, 0x07, 0xff, 0xff, 0x64, 0x19, 0x00, 0x00, 0x00, 0x1d, 0xff, 0xff, 0xe7, 
	0xff, 0xff, 0xff, 0xff, 0xff, 0xf0, 0x00, 0x5e, 0x3f, 0xff, 0xc7, 0xff, 0xff, 0x87, 0xf9, 0xff, 
	0xe0, 0x00, 0x00, 0x67, 0xff, 0xff, 0xff, 0xff, 0xff, 0xff, 0xff, 0xc0, 0x00, 0x00, 0x00, 0x00, 
	0x0f, 0xff, 0xff, 0xea, 0xaa, 0xaa, 0xaa, 0xaa, 0x8f, 0xee, 0xff, 0xeb, 0xeb, 0xff, 0xff, 0xfe, 
	0xfe, 0xfa, 0x00, 0x0e, 0xae, 0xef, 0x8b, 0xff, 0xfe, 0xeb, 0xee, 0xff, 0xe0, 0x00, 0xaa, 0xae, 
	0xea, 0xee, 0xee, 0xff, 0xff, 0xef, 0xfe, 0xe0, 0x00, 0x00, 0x00, 0x00, 0x07, 0xff, 0xff, 0xfd, 
	0x57, 0x55, 0x40, 0x11, 0x4f, 0xff, 0xff, 0xff, 0xff, 0xff, 0xff, 0xff, 0xff, 0xf0, 0x00, 0x1f, 
	0xc5, 0xff, 0x4f, 0xff, 0xff, 0xe3, 0xff, 0xff, 0xe4, 0x00, 0x73, 0xdf, 0xff, 0xdf, 0xff, 0xff, 
	0xff, 0xff, 0xff, 0xc0, 0x00, 0x00, 0x00, 0x00, 0x0f, 0xff, 0xff, 0xfa, 0xaa, 0xaa, 0xaa, 0xaa, 
	0xfe, 0xff, 0xff, 0xff, 0xfb, 0xbf, 0xff, 0xff, 0xff, 0xfa, 0x00, 0x2b, 0xeb, 0xff, 0xaf, 0xfb, 
	0xff, 0xeb, 0xff, 0xff, 0xe0, 0x02, 0xfa, 0xbe, 0xab, 0xba, 0xbb, 0xff, 0xfb, 0xbf, 0xff, 0xa0, 
	0x00, 0x00, 0x00, 0x00, 0x07, 0xff, 0xff, 0xff, 0xd4, 0xd4, 0x13, 0x13, 0xff, 0xff, 0xff, 0xff, 
	0xff, 0xff, 0xff, 0xff, 0xff, 0xf1, 0x00, 0x47, 0xff, 0xff, 0x1f, 0xff, 0xff, 0xf3, 0xff, 0xff, 
	0xe0, 0x01, 0x99, 0xff, 0xff, 0xff, 0x7f, 0xff, 0xff, 0xff, 0xff, 0xf0, 0x00, 0x00, 0x00, 0x00, 
	0x02, 0xfe, 0xff, 0xff, 0xee, 0xaa, 0xaa, 0xab, 0xef, 0xae, 0xfe, 0xeb, 0xea, 0xff, 0xff, 0xff, 
	0xef, 0xfa, 0x80, 0xae, 0xfe, 0xff, 0xaf, 0xee, 0xfe, 0xeb, 0xfe, 0xfe, 0xe0, 0x0a, 0x8a, 0xff, 
	0xee, 0xee, 0xef, 0xff, 0xee, 0xef, 0xff, 0xf8, 0x00, 0x00, 0x00, 0x00, 0x01, 0xff, 0xff, 0xff, 
	0xfc, 0xdd, 0x55, 0xff, 0xff, 0xff, 0xff, 0xff, 0xff, 0xff, 0xff, 0xff, 0xff, 0xf1, 0x80, 0x44, 
	0xff, 0xff, 0x0f, 0xff, 0xff, 0xc3, 0xff, 0xff, 0xe0, 0x00, 0x9c, 0x7d, 0xff, 0xff, 0xff, 0xff, 
	0xff, 0xff, 0xff, 0xf0, 0x00, 0x00, 0x00, 0x00, 0x03, 0xff, 0xff, 0xff, 0xfa, 0xfb, 0xbb, 0xff, 
	0xfa, 0xbf, 0xff, 0xfb, 0xfa, 0xff, 0xff, 0xbf, 0xef, 0xe3, 0x80, 0x22, 0xff, 0xff, 0xaf, 0xff, 
	0xbf, 0xeb, 0xfb, 0xff, 0xe0, 0x0a, 0xbb, 0x8a, 0xbf, 0xab, 0xff, 0xff, 0xfb, 0xff, 0xff, 0xf8, 
	0x00, 0x00, 0x00, 0x00, 0x01, 0xff, 0xff, 0xff, 0xff, 0xff, 0xff, 0xff, 0xff, 0xff, 0xff, 0xf1, 
	0xff, 0xff, 0xff, 0xff, 0xff, 0xc1, 0xc0, 0x07, 0x7f, 0xff, 0x07, 0xff, 0xff, 0xe3, 0xff, 0xff, 
	0xc4, 0x01, 0x97, 0xe3, 0xff, 0xff, 0xff, 0xff, 0xff, 0xff, 0xff, 0xf0, 0x00, 0x00, 0x00, 0x00, 
	0x00, 0xff, 0xef, 0xee, 0xff, 0xff, 0xff, 0xae, 0xfe, 0xff, 0xfe, 0xf8, 0xee, 0xef, 0xff, 0xff, 
	0xfe, 0xe2, 0x80, 0x2a, 0xff, 0xfe, 0xe3, 0xee, 0xee, 0x8e, 0xee, 0xef, 0x88, 0x0a, 0x8a, 0xfe, 
	0xfe, 0xef, 0xff, 0xee, 0xee, 0xfe, 0xff, 0xe8, 0x00, 0x00, 0x00, 0x00, 0x00, 0xff, 0xff, 0xff, 
	0xff, 0xff, 0xff, 0xfd, 0xff, 0xff, 0xff, 0xfc, 0xff, 0xff, 0xff, 0xff, 0xff, 0xc3, 0xc0, 0x41, 
	0x7f, 0xff, 0xc7, 0xff, 0xff, 0x87, 0xff, 0xff, 0xc0, 0x00, 0x1f, 0xff, 0xff, 0xff, 0xff, 0xff, 
	0xff, 0xff, 0xff, 0xfc, 0x00, 0x00, 0x00, 0x00, 0x00, 0xbf, 0xff, 0xbf, 0xff, 0xff, 0xff, 0xef, 
	0xff, 0xff, 0xff, 0xff, 0xfe, 0xff, 0xff, 0xff, 0xff, 0xb3, 0xa0, 0x23, 0xbf, 0xff, 0xe3, 0xfb, 
	0xff, 0xaf, 0xfb, 0xbf, 0x80, 0x23, 0xbf, 0xef, 0xff, 0xbf, 0xff, 0xff, 0xbb, 0xff, 0xff, 0xfe, 
	0x00, 0x00, 0x00, 0x00, 0x00, 0x3f, 0xff, 0xff, 0xff, 0xff, 0xff, 0xff, 0xff, 0xff, 0xff, 0xff, 
	0xff, 0xff, 0xff, 0xff, 0xfc, 0x33, 0x90, 0x11, 0x9f, 0xff, 0xf1, 0xff, 0xff, 0x1f, 0xff, 0xff, 
	0x00, 0x07, 0x1f, 0xff, 0xff, 0xff, 0xff, 0xff, 0xff, 0xff, 0xff, 0xfc, 0x00, 0x00, 0x00, 0x00, 
	0x00, 0x3f, 0xff, 0xee, 0xaf, 0xee, 0xef, 0xee, 0xef, 0xfe, 0xff, 0xff, 0xfa, 0xef, 0xff, 0xef, 
	0xfc, 0xeb, 0x88, 0x08, 0xef, 0xef, 0xf8, 0xfe, 0xea, 0x3e, 0xea, 0xef, 0x88, 0x0e, 0x8e, 0xef, 
	0xfe, 0xef, 0xff, 0xee, 0xef, 0xee, 0xff, 0xfe, 0x00, 0x00, 0x00, 0x00, 0x00, 0x7f, 0xff, 0xff, 
	0xff, 0xff, 0xff, 0xff, 0xff, 0xff, 0xff, 0xff, 0xff, 0xdf, 0xff, 0xff, 0xff, 0xe7, 0xc0, 0x00, 
	0xdf, 0xff, 0xfc, 0x1f, 0xf8, 0x5f, 0xff, 0xff, 0x00, 0x04, 0x5f, 0xff, 0xff, 0xff, 0xff, 0xff, 
	0xff, 0xff, 0xff, 0xff, 0x00, 0x00, 0x00, 0x00, 0x00, 0xff, 0xff, 0xff, 0xbf, 0xbb, 0xbf, 0xff, 
	0xff, 0xff, 0xff, 0xff, 0xff, 0xbf, 0xff, 0xfb, 0xff, 0xe3, 0xa8, 0x20, 0xaf, 0xaf, 0xfa, 0x2a, 
	0xa8, 0xbf, 0xaf, 0xfe, 0x28, 0xa8, 0xff, 0xff, 0xbb, 0xbf, 0xff, 0xff, 0xbf, 0xff, 0xbf, 0xfe, 
	0x00, 0x00, 0x00, 0x00, 0x01, 0xff, 0xff, 0xff, 0xff, 0xff, 0xff, 0xff, 0xff, 0xff, 0xff, 0xfd, 
	0xff, 0xff, 0xff, 0xff, 0xff, 0xc7, 0xe0, 0x10, 0x47, 0xff, 0xff, 0x00, 0x01, 0xff, 0xff, 0xfc, 
	0x40, 0x0c, 0x7f, 0xff, 0xff, 0xff, 0xff, 0xff, 0xff, 0xff, 0xff, 0xff, 0x00, 0x00, 0x00, 0x00, 
	0x00, 0xef, 0xff, 0xff, 0xef, 0xee, 0xee, 0xee, 0xee, 0xee, 0xef, 0xea, 0xee, 0xee, 0xff, 0xff, 
	0xff, 0xce, 0xe8, 0x28, 0xeb, 0xef, 0xfe, 0xa8, 0x8a, 0xfe, 0xfe, 0xfe, 0xa8, 0xac, 0xfe, 0xfe, 
	0xee, 0xff, 0xee, 0xea, 0xef, 0xee, 0xff, 0xee, 0x00, 0x00, 0x00, 0x00, 0x01, 0xff, 0xff, 0xff, 
	0xff, 0xff, 0xff, 0xff, 0xff, 0xff, 0xff, 0xe1, 0xff, 0xff, 0xff, 0xff, 0xff, 0xcf, 0xe4, 0x04, 
	0x79, 0xdf, 0xff, 0xfc, 0x1f, 0xff, 0xff, 0xf9, 0xc4, 0x4c, 0xff, 0xff, 0xff, 0xff, 0xff, 0xff, 
	0xff, 0xff, 0xff, 0xfe, 0x00, 0x00, 0x00, 0x00, 0x03, 0xbf, 0xff, 0xff, 0xff, 0xff, 0xff, 0xfb, 
	0xff, 0xff, 0xff, 0xea, 0xfe, 0xbb, 0xff, 0xff, 0xff, 0xbe, 0xe0, 0x22, 0x3e, 0x3f, 0xbf, 0xfa, 
	0xbf, 0xfe, 0x3f, 0xfb, 0xa8, 0x38, 0xfb, 0xfe, 0xfb, 0xff, 0xff, 0xfe, 0xff, 0xff, 0xff, 0xfe, 
	0x00, 0x00, 0x00, 0x00, 0x07, 0x7f, 0xff, 0xff, 0xff, 0xff, 0xff, 0xff, 0xff, 0xff, 0xff, 0xe7, 
	0xff, 0xff, 0xff, 0xff, 0xff, 0x3f, 0xf0, 0x31, 0x3f, 0x7f, 0x7f, 0xff, 0xff, 0xfe, 0x77, 0xe3, 
	0xc0, 0x3d, 0xff, 0xff, 0xff, 0xff, 0xff, 0xff, 0xff, 0xff, 0xff, 0xff, 0xc0, 0x00, 0x00, 0x00, 
	0x0e, 0xff, 0xff, 0xff, 0xff, 0xee, 0xee, 0xfe, 0xfe, 0xef, 0xee, 0xeb, 0xea, 0xee, 0xff, 0xee, 
	0xfe, 0xfe, 0xea, 0xa0, 0xbf, 0xfe, 0xaf, 0xff, 0xff, 0xee, 0xea, 0x8f, 0x80, 0xbe, 0xee, 0xfe, 
	0xef, 0xff, 0xff, 0xee, 0xfe, 0xee, 0xee, 0xff, 0xc0, 0x00, 0x00, 0x00, 0x0f, 0xff, 0xff, 0xff, 
	0xff, 0xff, 0xff, 0xff, 0xff, 0xff, 0xff, 0xfb, 0xfd, 0xff, 0xff, 0xfe, 0x7c, 0xff, 0xf8, 0x20, 
	0x3f, 0xff, 0xd7, 0xff, 0xff, 0xe5, 0xfc, 0x1f, 0x40, 0x3f, 0xff, 0x7f, 0xff, 0xff, 0xff, 0xff, 
	0xff, 0xff, 0xff, 0xff, 0xc0, 0x00, 0x00, 0x00, 0x0f, 0xff, 0xff, 0xff, 0xff, 0xfb, 0xfb, 0xff, 
	0xfb, 0xff, 0xff, 0xfb, 0xfb, 0xfb, 0xbf, 0xfe, 0x2b, 0xff, 0xfa, 0x20, 0x2f, 0xff, 0xeb, 0xff, 
	0xbf, 0xeb, 0xfa, 0xbe, 0x80, 0xbf, 0xfb, 0xbf, 0xff, 0xff, 0xfb, 0xfb, 0xff, 0xff, 0xff, 0xff, 
	0x80, 0x00, 0x00, 0x00, 0x0f, 0xff, 0xff, 0xff, 0xff, 0xff, 0xff, 0xff, 0xff, 0xff, 0xff, 0xff, 
	0xff, 0xff, 0xff, 0xff, 0xc7, 0xff, 0xf8, 0x70, 0x2f, 0xff, 0xdf, 0xff, 0xff, 0xf9, 0xff, 0xff, 
	0x41, 0x7f, 0xff, 0xff, 0xff, 0xff, 0xff, 0xff, 0xff, 0xff, 0xff, 0xff, 0xc0, 0x00, 0x00, 0x00, 
	0x0e, 0xff, 0xbf, 0xff, 0xff, 0xff, 0xee, 0xff, 0xee, 0xef, 0xfe, 0xff, 0xfe, 0xee, 0xff, 0xee, 
	0xef, 0xff, 0xf8, 0x28, 0x2f, 0xfe, 0x8f, 0xfe, 0xef, 0xe8, 0xef, 0xfe, 0x82, 0xee, 0xee, 0xef, 
	0xff, 0xff, 0xef, 0xee, 0xff, 0xef, 0xee, 0xfe, 0xc0, 0x00, 0x00, 0x00, 0x19, 0xff, 0xff, 0xff, 
	0xff, 0xff, 0xff, 0xff, 0xff, 0xff, 0xff, 0xff, 0xff, 0xff, 0xff, 0xff, 0xff, 0xff, 0xfe, 0x68, 
	0x27, 0xff, 0xdf, 0xff, 0xff, 0xfd, 0xff, 0xfd, 0x00, 0xff, 0xff, 0xff, 0xff, 0xff, 0xff, 0xff, 
	0xff, 0xff, 0xff, 0xff, 0xc0, 0x00, 0x00, 0x00, 0x3b, 0xbf, 0xbf, 0xff, 0xff, 0xff, 0xff, 0xff, 
	0xff, 0xff, 0xfe, 0xbf, 0xaa, 0xff, 0xff, 0xff, 0xff, 0xff, 0xfa, 0x38, 0x23, 0xff, 0xef, 0xff, 
	0xbf, 0xfa, 0xff, 0xfb, 0x8a, 0xfb, 0xbf, 0xff, 0xff, 0xff, 0xff, 0xbf, 0xfb, 0xef, 0xbf, 0xff, 
	0xe0, 0x00, 0x00, 0x00, 0x77, 0xff, 0xff, 0xff, 0xff, 0xff, 0xff, 0xff, 0xff, 0xff, 0xff, 0x7f, 
	0xff, 0xff, 0xff, 0xff, 0xff, 0xff, 0xf8, 0x74, 0x03, 0xff, 0xf7, 0xff, 0xff, 0xf4, 0xff, 0xfd, 
	0x07, 0xff, 0xff, 0xff, 0xff, 0xff, 0xff, 0xff, 0xff, 0xff, 0xff, 0xff, 0xf0, 0x00, 0x00, 0x00, 
	0xbb, 0xff, 0xff, 0xff, 0xfe, 0xfe, 0xff, 0xfe, 0xef, 0xef, 0xfe, 0x0e, 0xea, 0xee, 0xff, 0xee, 
	0xef, 0xff, 0xf8, 0xe8, 0x8b, 0xfe, 0xef, 0xee, 0xef, 0xee, 0xef, 0xfa, 0x8b, 0xee, 0xef, 0xff, 
	0xff, 0xff, 0xee, 0xef, 0xee, 0xee, 0xef, 0xfe, 0xe0, 0x00, 0x00, 0x00, 0x77, 0xff, 0xff, 0xff, 
	0xff, 0xff, 0xff, 0xff, 0xff, 0xff, 0xfc, 0x1f, 0xff, 0xff, 0xff, 0xff, 0xff, 0xff, 0xf9, 0xf5, 
	0x1d, 0xff, 0xff, 0xff, 0xff, 0xff, 0xff, 0xf2, 0x07, 0xff, 0xff, 0xff, 0xff, 0xff, 0xff, 0xff, 
	0xff, 0xff, 0xff, 0xff, 0xe0, 0x00, 0x00, 0x00, 0x3f, 0xff, 0xff, 0xff, 0xff, 0xff, 0xff, 0xff, 
	0xff, 0xff, 0xfe, 0xbf, 0xab, 0xff, 0xff, 0xff, 0xfb, 0xff, 0xe8, 0xe2, 0xa8, 0xff, 0xfb, 0xff, 
	0xff, 0xff, 0xff, 0xfa, 0x0e, 0xff, 0xff, 0xff, 0xff, 0xff, 0xff, 0xbf, 0xff, 0xbf, 0xff, 0xbf, 
	0xa8, 0x00, 0x00, 0x00, 0x7f, 0xff, 0xff, 0xff, 0xff, 0xff, 0xff, 0xff, 0xff, 0xff, 0xff, 0x3f, 
	0xff, 0xff, 0xff, 0xff, 0xff, 0xff, 0xf1, 0xf7, 0x1d, 0xff, 0xff, 0xff, 0xff, 0xff, 0xff, 0xe0, 
	0x05, 0xff, 0xff, 0xff, 0xff, 0xff, 0xff, 0xff, 0xff, 0xff, 0xff, 0xff, 0xf8, 0x00, 0x00, 0x00, 
	0xaf, 0xff, 0xeb, 0xff, 0xff, 0xff, 0xff, 0xee, 0xef, 0xef, 0xfe, 0xef, 0xee, 0xfe, 0xff, 0xef, 
	0xee, 0xef, 0xeb, 0xee, 0x8c, 0xfe, 0xee, 0xee, 0xee, 0xee, 0xff, 0xe2, 0x2c, 0xff, 0xff, 0xff, 
	0xee, 0xff, 0xee, 0xef, 0xef, 0xae, 0xee, 0xff, 0xf8, 0x00, 0x00, 0x00, 0xdf, 0xff, 0xef, 0xff, 
	0xff, 0xff, 0xff, 0xff, 0xff, 0xff, 0xff, 0xff, 0xfd, 0xff, 0xff, 0xff, 0xff, 0xff, 0xe5, 0xdf, 
	0xde, 0xff, 0xff, 0xff, 0xff, 0xff, 0xff, 0xc6, 0x3d, 0xff, 0xff, 0xff, 0xff, 0xff, 0xff, 0xff, 
	0xff, 0xff, 0xff, 0xff, 0xf8, 0x00, 0x00, 0x00, 0xbf, 0xff, 0xef, 0xff, 0xff, 0xff, 0xff, 0xff, 
	0xff, 0xff, 0xff, 0xfb, 0xeb, 0xff, 0xff, 0xff, 0xbf, 0xff, 0xeb, 0xbf, 0xfe, 0xff, 0xff, 0xff, 
	0xff, 0xff, 0xff, 0x8e, 0x3b, 0xbf, 0xff, 0xff, 0xff, 0xff, 0xbf, 0xff, 0xff, 0xbf, 0xff, 0xff, 
	0xf8, 0x00, 0x00, 0x00, 0xdf, 0xff, 0xff, 0xff, 0xff, 0xff, 0xff, 0xff, 0xff, 0xff, 0x1f, 0xff, 
	0xff, 0xff, 0xff, 0xff, 0xff, 0xff, 0x9d, 0xff, 0xf7, 0x7f, 0xff, 0xff, 0xff, 0xff, 0xff, 0xdf, 
	0x7f, 0xff, 0xff, 0xff, 0xff, 0xff, 0xff, 0xff, 0xff, 0xff, 0xff, 0xff, 0xf8, 0x00, 0x00, 0x00, 
	0xae, 0xff, 0xfe, 0xff, 0xff, 0xff, 0xff, 0xff, 0xfe, 0xfe, 0x8e, 0xee, 0xee, 0xef, 0xef, 0xff, 
	0xee, 0xee, 0x8e, 0xff, 0xea, 0xaf, 0xff, 0xfe, 0xef, 0xee, 0xff, 0xba, 0xee, 0xef, 0xff, 0xfe, 
	0xfe, 0xfe, 0xfe, 0xfe, 0xfe, 0xee, 0xef, 0xff, 0xee, 0x00, 0x00, 0x00, 0xdf, 0xff, 0xfd, 0xff, 
	0xff, 0xff, 0xff, 0xff, 0xff, 0xfc, 0x0f, 0xff, 0xff, 0xff, 0xff, 0xff, 0xfd, 0xdc, 0x5d, 0xff, 
	0xff, 0xdf, 0xff, 0xff, 0xff, 0xff, 0xfe, 0x7b, 0xff, 0xff, 0xff, 0xff, 0xff, 0xff, 0xff, 0xff, 
	0xff, 0xff, 0xff, 0xff, 0xfc, 0x00, 0x00, 0x00, 0xbf, 0xff, 0xfe, 0xff, 0xff, 0xff, 0xff, 0xff, 
	0xff, 0xfe, 0x8f, 0xab, 0xab, 0xff, 0xff, 0xff, 0xff, 0xe8, 0xba, 0xff, 0xff, 0xbf, 0xff, 0xff, 
	0xff, 0xff, 0xfa, 0xfb, 0xbf, 0xff, 0xff, 0xfb, 0xff, 0xff, 0xff, 0xff, 0xfb, 0xbf, 0xfb, 0xff, 
	0xfe, 0x00, 0x00, 0x00, 0xff, 0xff, 0xff, 0xff, 0xff, 0xff, 0xff, 0xff, 0xff, 0xff, 0x9f, 0xff, 
	0x7f, 0xff, 0xff, 0xff, 0xff, 0xff, 0xf9, 0xff, 0x7f, 0xff, 0xff, 0xff, 0xff, 0xff, 0xf1, 0xff, 
	0xdf, 0xff, 0xff, 0xff, 0xff, 0xff, 0xff, 0xff, 0xff, 0xff, 0xff, 0xff, 0xfe, 0x00, 0x00, 0x00, 
	0xee, 0xee, 0xff, 0xfb, 0xff, 0xff, 0xff, 0xff, 0xff, 0xbf, 0xbe, 0xee, 0xee, 0xff, 0xef, 0xff, 
	0xee, 0xee, 0xeb, 0xfe, 0xfe, 0xfe, 0xff, 0xee, 0xef, 0xfe, 0xef, 0xee, 0xef, 0xff, 0xff, 0xee, 
	0xff, 0xff, 0xff, 0xfe, 0xee, 0xee, 0xef, 0xff, 0xfe, 0x80, 0x00, 0x00, 0xff, 0xff, 0xff, 0xfd, 
	0xff, 0xff, 0xff, 0xff, 0xff, 0x1f, 0xff, 0xfd, 0xff, 0xff, 0xff, 0xff, 0xff, 0xff, 0xc7, 0xff, 
	0xdf, 0xff, 0xff, 0xff, 0xff, 0xff, 0xff, 0xcf, 0xff, 0xff, 0xff, 0xff, 0xff, 0xff, 0xff, 0xff, 
	0xff, 0xff, 0xff, 0xff, 0xff, 0x00, 0x00, 0x00, 0xff, 0xff, 0xff, 0xfa, 0xff, 0xff, 0xff, 0xff, 
	0xfa, 0x2b, 0xff, 0xaf, 0xbf, 0xff, 0xff, 0xfb, 0xfb, 0xfb, 0xab, 0xff, 0xbf, 0xff, 0xff, 0xff, 
	0xff, 0xfb, 0xff, 0xef, 0xff, 0xff, 0xfb, 0xbb, 0xff, 0xff, 0xff, 0xff, 0xff, 0xbf, 0xff, 0xff, 
	0xfb, 0x80, 0x00, 0x00, 0xff, 0xff, 0xff, 0xff, 0xff, 0xff, 0xff, 0xff, 0xfc, 0x07, 0xff, 0xff, 
	0xff, 0xff, 0xff, 0xff, 0xff, 0xff, 0xff, 0xff, 0x9f, 0xff, 0xff, 0xff, 0xff, 0xff, 0xff, 0xdf, 
	0xff, 0xff, 0xff, 0xff, 0xff, 0xff, 0xff, 0xff, 0xff, 0xff, 0xff, 0xff, 0xff, 0x00, 0x00, 0x00, 
	0xff, 0xee, 0xff, 0xff, 0xfe, 0xff, 0xff, 0xfe, 0xfe, 0x8e, 0xfe, 0xee, 0xee, 0xff, 0xff, 0xff, 
	0xef, 0xee, 0xef, 0xff, 0xaf, 0xff, 0xee, 0xff, 0xff, 0xee, 0xff, 0xfe, 0xff, 0xff, 0xee, 0xee, 
	0xfe, 0xff, 0xff, 0xee, 0xee, 0xfe, 0xef, 0xff, 0xff, 0x80, 0x00, 0x00, 0xff, 0xff, 0xff, 0xff, 
	0xfc, 0xff, 0xff, 0xfd, 0xfc, 0x7f, 0xff, 0xfd, 0xff, 0xff, 0xff, 0xff, 0xff, 0xff, 0xff, 0xff, 
	0xcf, 0xff, 0xff, 0xdd, 0xdf, 0xff, 0xff, 0xff, 0xdf, 0xff, 0xff, 0xff, 0xff, 0xff, 0xff, 0xff, 
	0xff, 0xff, 0xff, 0xff, 0xff, 0x00, 0x00, 0x00, 0xff, 0xff, 0xff, 0xff, 0xfa, 0xbf, 0xaf, 0xe0, 
	0xfe, 0xff, 0xfb, 0xab, 0xff, 0xff, 0xff, 0xff, 0xff, 0xbe, 0xff, 0xfe, 0x8f, 0xff, 0xff, 0xa8, 
	0x8a, 0xff, 0xff, 0xbe, 0xaf, 0xff, 0xff, 0xbf, 0xff, 0xff, 0xff, 0xff, 0xff, 0xff, 0xff, 0xff, 
	0xff, 0x80, 0x00, 0x00, 0xff, 0xff, 0xff, 0xff, 0xfd, 0xff, 0x1f, 0xf0, 0x7f, 0xff, 0xff, 0xff, 
	0xff, 0xff, 0xff, 0xff, 0xff, 0xff, 0xff, 0xff, 0x5f, 0xff, 0xff, 0xf1, 0x8b, 0xff, 0xff, 0xbf, 
	0x3f, 0xff, 0xff, 0xff, 0xff, 0xff, 0xff, 0xff, 0xff, 0xff, 0xff, 0xff, 0xff, 0xc0, 0x00, 0x00, 
	0xff, 0xee, 0xff, 0xff, 0xff, 0xbe, 0xeb, 0xe8, 0xbf, 0xef, 0xee, 0xae, 0xff, 0xff, 0xff, 0xff, 
	0xfe, 0xef, 0xee, 0xef, 0x8f, 0xfe, 0xee, 0xfb, 0x8a, 0xfe, 0xef, 0xbe, 0xbf, 0xfe, 0xee, 0xef, 
	0xfe, 0xff, 0xfe, 0xee, 0xee, 0xee, 0xee, 0xef, 0xfe, 0xc0, 0x00, 0x00, 0xff, 0xff, 0xff, 0xff, 
	0xff, 0xfc, 0x0f, 0xfd, 0xff, 0xff, 0xff, 0xff, 0xff, 0xff, 0xff, 0xff, 0xff, 0xff, 0xff, 0xff, 
	0x9f, 0xff, 0xff, 0xf9, 0x9d, 0xff, 0xdf, 0xff, 0x5f, 0xff, 0xff, 0xff, 0xff, 0xff, 0xff, 0xff, 
	0xff, 0xff, 0xff, 0xff, 0xff, 0xc0, 0x00, 0x00, 0xff, 0xff, 0xff, 0xff, 0xff, 0xff, 0xaf, 0xff, 
	0xff, 0xff, 0xbb, 0xfb, 0xff, 0xff, 0xbb, 0xff, 0xff, 0xff, 0xbb, 0xff, 0xaf, 0xff, 0xff, 0xfb, 
	0xbb, 0xff, 0xef, 0xff, 0x8f, 0xbf, 0xff, 0xff, 0xff, 0xff, 0xff, 0xbf, 0xff, 0xff, 0xfb, 0xff, 
	0xff, 0xe0, 0x00, 0x00, 0x7f, 0xff, 0xff, 0xff, 0xff, 0xff, 0xff, 0xff, 0xff, 0xff, 0xff, 0xff, 
	0xff, 0xff, 0xff, 0xff, 0xff, 0xff, 0xff, 0xfe, 0x47, 0xff, 0xff, 0xf3, 0xfd, 0xff, 0xff, 0xff, 
	0x1f, 0xff, 0xff, 0xff, 0xff, 0xff, 0xff, 0xff, 0xff, 0xff, 0xff, 0xff, 0xff, 0xf0, 0x00, 0x00, 
	0x3f, 0xfe, 0xee, 0xee, 0xff, 0xff, 0xff, 0xfe, 0xef, 0xee, 0xee, 0xef, 0xff, 0xee, 0xff, 0xff, 
	0xff, 0xfe, 0xef, 0xee, 0xcf, 0xff, 0xfe, 0xfa, 0xee, 0xee, 0xff, 0xfe, 0xbe, 0xfe, 0xee, 0xee, 
	0xff, 0xff, 0xfe, 0xfe, 0xee, 0xee, 0xee, 0xff, 0xff, 0xe8, 0x00, 0x00, 0x3f, 0xff, 0xff, 0xff, 
	0xff, 0xff, 0xff, 0xff, 0xff, 0xff, 0xff, 0xff, 0xff, 0xff, 0xff, 0xff, 0xff, 0xff, 0xff, 0xff, 
	0xc7, 0xff, 0xff, 0xff, 0xdf, 0xff, 0xdf, 0xfe, 0x1f, 0xff, 0xff, 0xff, 0xff, 0xff, 0xff, 0xff, 
	0xff, 0xff, 0xff, 0xff, 0xff, 0xf0, 0x00, 0x00, 0x3f, 0xff, 0xff, 0xff, 0xff, 0xff, 0xff, 0xfb, 
	0xff, 0xfb, 0xbb, 0xff, 0xff, 0xff, 0xff, 0xff, 0xff, 0xff, 0xbf, 0xfe, 0xab, 0xff, 0xff, 0xfb, 
	0xaf, 0xff, 0xff, 0xff, 0xbf, 0xff, 0xff, 0xff, 0xff, 0xff, 0xff, 0xff, 0xff, 0xff, 0xbf, 0xbf, 
	0xff, 0xe0, 0x00, 0x00, 0x3f, 0xff, 0xff, 0xff, 0xff, 0xff, 0xff, 0xff, 0xff, 0xff, 0xff, 0xff, 
	0xff, 0xff, 0xff, 0xff, 0xff, 0xff, 0xff, 0xfe, 0x79, 0xff, 0xff, 0xff, 0xdf, 0xff, 0xff, 0xff, 
	0x1f, 0xff, 0xff, 0xff, 0xff, 0xff, 0xff, 0xff, 0xff, 0xff, 0xff, 0xff, 0xff, 0xf0, 0x00, 0x00, 
	0x3f, 0xff, 0xee, 0xee, 0xee, 0xef, 0xef, 0xef, 0xee, 0xee, 0xee, 0xef, 0xff, 0xee, 0xff, 0xff, 
	0xef, 0xfe, 0xee, 0xee, 0xeb, 0xff, 0xff, 0xff, 0xef, 0xef, 0xff, 0xfe, 0xae, 0xee, 0xee, 0xfe, 
	0xff, 0xff, 0xef, 0xff, 0xee, 0xee, 0xee, 0xef, 0xff, 0xe8, 0x00, 0x00, 0x3f, 0xff, 0xff, 0xff, 
	0xff, 0xff, 0xff, 0xff, 0xff, 0xff, 0xff, 0xff, 0xff, 0xff, 0xff, 0xff, 0xff, 0xff, 0xff, 0xff, 
	0xcf, 0xff, 0xff, 0xff, 0xff, 0xff, 0xff, 0xfe, 0x3f, 0xff, 0xff, 0xff, 0xff, 0xff, 0xff, 0xff, 
	0xff, 0xff, 0xff, 0xff, 0xff, 0xfc, 0x00, 0x00, 0x00, 0x00, 0x00, 0x00, 0x00, 0x00, 0x00, 0x00, 
	0x00, 0x00, 0x00, 0x00, 0x00, 0x00, 0x00, 0x00, 0x00, 0x00, 0x00, 0x00, 0x00, 0x00, 0x00, 0x00, 
	0x00, 0x00, 0x00, 0x00, 0x00, 0x00, 0x00, 0x00, 0x00, 0x00, 0x00, 0x00, 0x00, 0x00, 0x00, 0x00, 
	0x00, 0x00, 0x00, 0x00, 0x00, 0x00, 0x00, 0x00, 0x00, 0x00, 0x00, 0x00, 0x00, 0x00, 0x00, 0x00, 
	0x00, 0x00, 0x00, 0x00, 0x00, 0x00, 0x00, 0x00, 0x00, 0x00, 0x00, 0x00, 0x00, 0x00, 0x00, 0x00, 
	0x00, 0x00, 0x00, 0x00, 0x00, 0x00, 0x00, 0x00, 0x00, 0x00, 0x00, 0x00, 0x00, 0x00, 0x00, 0x00, 
	0x00, 0x00, 0x00, 0x00, 0x00, 0x00, 0x00, 0x00, 0x00, 0x00, 0x00, 0x00, 0x00, 0x00, 0x00, 0x00, 
	0x00, 0x00, 0x00, 0x00, 0x00, 0x00, 0x00, 0x00, 0x00, 0x00, 0x00, 0x00, 0x00, 0x00, 0x00, 0x00, 
	0x00, 0x00, 0x00, 0x00, 0x00, 0x00, 0x00, 0x00, 0x00, 0x00, 0x00, 0x00, 0x00, 0x00, 0x00, 0x00, 
	0x00, 0x00, 0x00, 0x00, 0x00, 0x00, 0x00, 0x00, 0x00, 0x00, 0x00, 0x00, 0x00, 0x00, 0x00, 0x00, 
	0x00, 0x00, 0x00, 0x00, 0x00, 0x00, 0x00, 0x00, 0x00, 0x00, 0x00, 0x00, 0x00, 0x00, 0x00, 0x00, 
	0x00, 0x00, 0x00, 0x00, 0x00, 0x00, 0x00, 0x00, 0x00, 0x00, 0x00, 0x00, 0x00, 0x00, 0x00, 0x00, 
	0x00, 0x00, 0x00, 0x00, 0x00, 0x00, 0x00, 0x00, 0x00, 0x00, 0x00, 0x00, 0x00, 0x00, 0x00, 0x00, 
	0x00, 0x00, 0x00, 0x00, 0x00, 0x00, 0x00, 0x00, 0x00, 0x00, 0x00, 0x00, 0x00, 0x00, 0x00, 0x00, 
	0x00, 0x00, 0x00, 0x00, 0x00, 0x00, 0x00, 0x00, 0x00, 0x00, 0x00, 0x00, 0x00, 0x00, 0x00, 0x00, 
	0x00, 0x00, 0x00, 0x00, 0x00, 0x00, 0x00, 0x00, 0x00, 0x00, 0x00, 0x00, 0x00, 0x00, 0x00, 0x00, 
	0x00, 0x00, 0x00, 0x00, 0x00, 0x00, 0x00, 0x00, 0x00, 0x00, 0x00, 0x00, 0x00, 0x00, 0x00, 0x00, 
	0x00, 0x00, 0x00, 0x00, 0x00, 0x00, 0x00, 0x00, 0x00, 0x00, 0x00, 0x00, 0x00, 0x00, 0x00, 0x00, 
	0x00, 0x00, 0x00, 0x00, 0x00, 0x00, 0x00, 0x00, 0x00, 0x00, 0x00, 0x00, 0x00, 0x00, 0x00, 0x00, 
	0x00, 0x00, 0x00, 0x00, 0x00, 0x00, 0x00, 0x00, 0x00, 0x00, 0x00, 0x00, 0x00, 0x00, 0x00, 0x00, 
	0x00, 0x00, 0x00, 0x00, 0x00, 0x00, 0x00, 0x00, 0x00, 0x00, 0x00, 0x00, 0x00, 0x00, 0x00, 0x00, 
	0x00, 0x00, 0x00, 0x00, 0x00, 0x00, 0x00, 0x00, 0x00, 0x00, 0x00, 0x00, 0x00, 0x00, 0x00, 0x00, 
	0x00, 0x00, 0x00, 0x00, 0x00, 0x00, 0x00, 0x00, 0x00, 0x00, 0x00, 0x00, 0x00, 0x00, 0x00, 0x00, 
	0x00, 0x00, 0x00, 0x00, 0x00, 0x00, 0x00, 0x00, 0x00, 0x00, 0x00, 0x00, 0x00, 0x00, 0x00, 0x00, 
	0x00, 0x00, 0x00, 0x00, 0x00, 0x00, 0x00, 0x00, 0x00, 0x00, 0x00, 0x00, 0x00, 0x00, 0x00, 0x00, 
	0x00, 0x00, 0x00, 0x00, 0x00, 0x00, 0x00, 0x00, 0x00, 0x00, 0x00, 0x00, 0x00, 0x00, 0x00, 0x00, 
	0x00, 0x00, 0x00, 0x00, 0x00, 0x00, 0x00, 0x00, 0x00, 0x00, 0x00, 0x00, 0x00, 0x00, 0x00, 0x00, 
	0x00, 0x00, 0x00, 0x00, 0x00, 0x00, 0x00, 0x00, 0x00, 0x00, 0x00, 0x00, 0x00, 0x00, 0x00, 0x00, 
	0x00, 0x00, 0x00, 0x00, 0x00, 0x00, 0x00, 0x00, 0x00, 0x00, 0x00, 0x00, 0x00, 0x00, 0x00, 0x00, 
	0x00, 0x00, 0x00, 0x00, 0x00, 0x00, 0x00, 0x00, 0x00, 0x00, 0x00, 0x00, 0x00, 0x00, 0x00, 0x00, 
	0x00, 0x00, 0x00, 0x00, 0x00, 0x00, 0x00, 0x00, 0x00, 0x00, 0x00, 0x00, 0x00, 0x00, 0x00, 0x00, 
	0x00, 0x00, 0x00, 0x00, 0x00, 0x00, 0x00, 0x00, 0x00, 0x00, 0x00, 0x00, 0x00, 0x00, 0x00, 0x00, 
	0x00, 0x00, 0x00, 0x00, 0x00, 0x00, 0x00, 0x00, 0x00, 0x00, 0x00, 0x00, 0x00, 0x00, 0x00, 0x00, 
	0x00, 0x00, 0x00, 0x00, 0x00, 0x00, 0x00, 0x00
};

#endif // MYBITMAP_H
