#ifndef MYBITMAP_H
#define MYBITMAP_H

#include <pgmspace.h>

// 'nyxmischievous', 200x200px
const unsigned char smallnyxmischievous [] PROGMEM = {
	0x00, 0x00, 0x00, 0x80, 0x00, 0x00, 0x00, 0x00, 0x00, 0x00, 0x00, 0x00, 0x00, 0x00, 0x00, 0x00, 
	0x00, 0x00, 0xae, 0xe0, 0x00, 0x00, 0x00, 0x00, 0x00, 0x00, 0x00, 0x07, 0xf0, 0x00, 0x00, 0x00, 
	0x00, 0x00, 0x00, 0x00, 0x00, 0x00, 0x00, 0x00, 0x00, 0x00, 0x00, 0x7f, 0xe0, 0x00, 0x00, 0x00, 
	0x00, 0x00, 0x00, 0x00, 0x0f, 0xfa, 0xa0, 0x00, 0x00, 0x00, 0x00, 0x00, 0x00, 0x00, 0x00, 0x00, 
	0x00, 0x00, 0x00, 0x02, 0xff, 0xe0, 0x00, 0x00, 0x00, 0x00, 0x00, 0x00, 0x00, 0x0f, 0xff, 0xc0, 
	0x00, 0x00, 0x00, 0x00, 0x00, 0x00, 0x00, 0x00, 0x00, 0x00, 0x00, 0x00, 0x07, 0xff, 0xc0, 0x00, 
	0x00, 0x00, 0x00, 0x00, 0x00, 0x00, 0x0e, 0xff, 0xb8, 0x00, 0x00, 0x00, 0x00, 0x00, 0x00, 0x00, 
	0x00, 0x00, 0x00, 0x00, 0x00, 0x2a, 0xee, 0xc0, 0x00, 0x00, 0x00, 0x00, 0x00, 0x00, 0x00, 0x07, 
	0xdf, 0xcc, 0x00, 0x00, 0x00, 0x00, 0x00, 0x00, 0x00, 0x00, 0x00, 0x00, 0x00, 0x00, 0x57, 0xff, 
	0xc0, 0x00, 0x00, 0x00, 0x00, 0x00, 0x00, 0x00, 0x03, 0xaf, 0xfa, 0x80, 0x00, 0x00, 0x00, 0x00, 
	0x00, 0x00, 0x00, 0x00, 0x00, 0x00, 0x02, 0xaf, 0xfb, 0xa0, 0x00, 0x00, 0x00, 0x00, 0x00, 0x00, 
	0x00, 0x03, 0xff, 0xfc, 0x00, 0x00, 0x00, 0x00, 0x00, 0x00, 0x00, 0x00, 0x00, 0x00, 0x00, 0x01, 
	0xdf, 0xff, 0x80, 0x00, 0x00, 0x00, 0x00, 0x00, 0x00, 0x00, 0x02, 0xee, 0xfe, 0xa0, 0x00, 0x00, 
	0x00, 0x00, 0x00, 0x00, 0x00, 0x00, 0x00, 0x00, 0x0a, 0xbe, 0xee, 0x80, 0x00, 0x00, 0x00, 0x00, 
	0x00, 0x00, 0x00, 0x01, 0xff, 0xff, 0x10, 0x00, 0x00, 0x00, 0x00, 0x00, 0x00, 0x00, 0x00, 0x00, 
	0x00, 0x17, 0x7f, 0xff, 0xc0, 0x00, 0x00, 0x00, 0x00, 0x00, 0x00, 0x00, 0x02, 0xea, 0xff, 0x8a, 
	0x00, 0x00, 0x00, 0x00, 0x00, 0x00, 0x00, 0x00, 0x00, 0x00, 0x2a, 0xff, 0xbf, 0xa0, 0x00, 0x00, 
	0x00, 0x00, 0x00, 0x00, 0x00, 0x01, 0xff, 0xff, 0xc1, 0x00, 0x00, 0x00, 0x00, 0x00, 0x00, 0x00, 
	0x00, 0x00, 0x00, 0x59, 0xff, 0xff, 0xc0, 0x00, 0x00, 0x00, 0x00, 0x00, 0x00, 0x00, 0x02, 0xee, 
	0xef, 0xe0, 0x88, 0x00, 0x00, 0x00, 0x00, 0x00, 0x00, 0x00, 0x00, 0x00, 0xaa, 0xfe, 0xee, 0x80, 
	0x00, 0x00, 0x00, 0x00, 0x00, 0x00, 0x00, 0x00, 0xff, 0xff, 0xf0, 0x4c, 0x00, 0x00, 0x00, 0x00, 
	0x00, 0x00, 0x00, 0x00, 0x00, 0xd3, 0xff, 0xff, 0x00, 0x00, 0x00, 0x00, 0x00, 0x00, 0x00, 0x00, 
	0x00, 0xaa, 0xab, 0xf8, 0x2e, 0x00, 0x00, 0x00, 0x00, 0x00, 0x00, 0x00, 0x00, 0x00, 0xab, 0xfb, 
	0xbe, 0x00, 0x00, 0x00, 0x00, 0x00, 0x00, 0x00, 0x00, 0x00, 0x7f, 0xff, 0xfc, 0x04, 0x00, 0x00, 
	0x00, 0x00, 0x00, 0x00, 0x00, 0x00, 0x01, 0x5f, 0xff, 0xfd, 0x00, 0x00, 0x00, 0x00, 0x00, 0x00, 
	0x00, 0x00, 0x00, 0xaa, 0xaf, 0xee, 0x8a, 0x80, 0x00, 0x00, 0x00, 0x00, 0x00, 0x00, 0x00, 0x02, 
	0x8f, 0xee, 0xea, 0x80, 0x00, 0x00, 0x00, 0x00, 0x00, 0x00, 0x00, 0x00, 0x4f, 0xff, 0xff, 0x01, 
	0x00, 0x00, 0x00, 0x00, 0x00, 0x00, 0x00, 0x00, 0x01, 0x1f, 0xff, 0xff, 0x00, 0x00, 0x00, 0x00, 
	0x00, 0x00, 0x00, 0x00, 0x00, 0x2a, 0xaa, 0xbb, 0x82, 0x80, 0x00, 0x00, 0x02, 0xa8, 0x00, 0x00, 
	0x00, 0x02, 0x3f, 0xff, 0xbe, 0x00, 0x00, 0x00, 0x00, 0x00, 0x00, 0x00, 0x00, 0x00, 0x7f, 0xf7, 
	0xff, 0x80, 0x00, 0x00, 0x00, 0x03, 0xfc, 0x00, 0x00, 0x00, 0x04, 0x7f, 0xff, 0xfe, 0x00, 0x00, 
	0x00, 0x00, 0x00, 0x00, 0x00, 0x00, 0x00, 0x2a, 0xaa, 0xef, 0x88, 0x80, 0x00, 0x00, 0x0a, 0xae, 
	0x80, 0x00, 0x00, 0x0e, 0xff, 0xee, 0xee, 0x00, 0x00, 0x00, 0x00, 0x00, 0x00, 0x00, 0x00, 0x00, 
	0x1f, 0xdd, 0xff, 0xc0, 0x00, 0x00, 0x00, 0x40, 0x0f, 0xc0, 0x00, 0x00, 0x0c, 0xff, 0xff, 0xfc, 
	0x00, 0x00, 0x00, 0x00, 0x00, 0x00, 0x00, 0x00, 0x00, 0x0a, 0xaa, 0xab, 0xe0, 0x08, 0x00, 0x00, 
	0x20, 0x0e, 0xe0, 0x00, 0x00, 0x28, 0xfa, 0xfb, 0xb8, 0x00, 0x00, 0x00, 0x00, 0x00, 0x00, 0x00, 
	0x00, 0x00, 0x01, 0xff, 0xff, 0xc0, 0x10, 0x00, 0x00, 0x40, 0x07, 0xe0, 0x00, 0x00, 0x30, 0x7f, 
	0xff, 0xf0, 0x00, 0x00, 0x00, 0x00, 0x00, 0x00, 0x00, 0x00, 0x00, 0x02, 0xea, 0xae, 0xe8, 0x08, 
	0x00, 0x00, 0x80, 0x02, 0xe0, 0x00, 0x00, 0x28, 0xee, 0xee, 0x80, 0x00, 0x00, 0x00, 0x00, 0x00, 
	0x00, 0x00, 0x00, 0x00, 0x07, 0xdd, 0xff, 0xfc, 0x04, 0x00, 0x00, 0x00, 0x01, 0xf0, 0x00, 0x00, 
	0x61, 0xff, 0xff, 0x00, 0x00, 0x00, 0x00, 0x00, 0x00, 0x00, 0x00, 0x00, 0x00, 0x00, 0xaa, 0xab, 
	0xfa, 0x22, 0x00, 0x00, 0x8a, 0xa3, 0xe2, 0xa8, 0x00, 0xa2, 0xfb, 0xba, 0xa0, 0x00, 0x00, 0x00, 
	0x00, 0x00, 0x00, 0x00, 0x00, 0x00, 0x01, 0x7f, 0xff, 0xf0, 0x04, 0x00, 0x01, 0x3f, 0xf1, 0xf7, 
	0xfc, 0x00, 0xe1, 0xff, 0xff, 0xc0, 0x00, 0x00, 0x00, 0x00, 0x00, 0x00, 0x00, 0x00, 0x00, 0x00, 
	0xea, 0xaa, 0xea, 0x0a, 0x0a, 0xaa, 0xee, 0xeb, 0xfe, 0xee, 0xa8, 0xab, 0xee, 0xee, 0xc0, 0x00, 
	0x00, 0x00, 0x00, 0x00, 0x00, 0x00, 0x00, 0x00, 0x00, 0x7f, 0xdf, 0xff, 0x03, 0x0f, 0xf4, 0xff, 
	0xff, 0xff, 0xff, 0xfd, 0x4f, 0xff, 0xff, 0xc0, 0x00, 0x00, 0x00, 0x00, 0x00, 0x00, 0x00, 0x00, 
	0x00, 0x00, 0x2f, 0xab, 0xbe, 0x82, 0x3b, 0xa8, 0xbf, 0xff, 0xff, 0xff, 0xeb, 0xaf, 0xff, 0xff, 
	0x80, 0x00, 0x00, 0x00, 0x00, 0x00, 0x00, 0x00, 0x00, 0x00, 0x00, 0x07, 0xff, 0xff, 0x80, 0xe2, 
	0x3f, 0x7f, 0xff, 0xff, 0xff, 0xff, 0x1f, 0xff, 0xff, 0x00, 0x00, 0x00, 0x00, 0x00, 0x00, 0x00, 
	0x00, 0x00, 0x00, 0x00, 0x0a, 0xaa, 0xef, 0x88, 0xea, 0xae, 0xef, 0xff, 0xff, 0xff, 0xff, 0xae, 
	0xee, 0xee, 0x80, 0x00, 0x00, 0x00, 0x00, 0x00, 0x00, 0x00, 0x00, 0x00, 0x00, 0x0f, 0xff, 0xff, 
	0xc4, 0x47, 0xff, 0xfd, 0xff, 0xff, 0xff, 0xff, 0x9f, 0xff, 0xfc, 0x00, 0x00, 0x00, 0x00, 0x00, 
	0x00, 0x00, 0x00, 0x00, 0x00, 0x00, 0x0a, 0xaa, 0xbb, 0xa2, 0xab, 0xfe, 0xa2, 0xbf, 0xff, 0xff, 
	0xfe, 0x8f, 0xbf, 0xe8, 0x00, 0x00, 0x00, 0x00, 0x00, 0x00, 0x00, 0x00, 0x00, 0x00, 0x00, 0x01, 
	0xff, 0x7f, 0xc0, 0x7f, 0xfc, 0x00, 0x3f, 0xff, 0xff, 0xfc, 0x3f, 0xff, 0xfc, 0x00, 0x00, 0x00, 
	0x00, 0x00, 0x00, 0x00, 0x00, 0x00, 0x00, 0x00, 0x00, 0xae, 0xef, 0xea, 0xbe, 0xe8, 0x80, 0x2f, 
	0xef, 0xff, 0xfe, 0x3f, 0xef, 0xe8, 0x00, 0x00, 0x00, 0x00, 0x00, 0x00, 0x00, 0x00, 0x00, 0x00, 
	0x00, 0x00, 0xff, 0xff, 0xf1, 0x5f, 0x80, 0x05, 0x1f, 0xff, 0xff, 0xfc, 0x7f, 0xff, 0xf0, 0x00, 
	0x00, 0x00, 0x00, 0x00, 0x00, 0x00, 0x00, 0x00, 0x00, 0x00, 0x00, 0xba, 0xbb, 0xf8, 0xbe, 0x00, 
	0x2b, 0x8f, 0xff, 0xfb, 0xfe, 0x3f, 0xfb, 0xe0, 0x00, 0x00, 0x00, 0x00, 0x00, 0x00, 0x00, 0x00, 
	0x00, 0x00, 0x00, 0x00, 0x3f, 0xff, 0xfc, 0x58, 0x00, 0x01, 0xcf, 0xff, 0xff, 0xf4, 0x7f, 0xff, 
	0xc0, 0x00, 0x00, 0x00, 0x00, 0x00, 0x00, 0x00, 0x00, 0x00, 0x00, 0x00, 0x00, 0x2e, 0xee, 0xec, 
	0xa8, 0x08, 0x02, 0xef, 0xff, 0xff, 0xfa, 0xfe, 0xef, 0x80, 0x00, 0x00, 0x00, 0x00, 0x00, 0x00, 
	0x00, 0x00, 0x00, 0x00, 0x00, 0x00, 0x1f, 0xff, 0xf4, 0xd8, 0x00, 0x00, 0x7f, 0xff, 0xff, 0xf4, 
	0xff, 0xff, 0xc0, 0x00, 0x00, 0x00, 0x00, 0x00, 0x00, 0x00, 0x00, 0x00, 0x20, 0x00, 0x00, 0x0b, 
	0xfa, 0xfa, 0xba, 0x00, 0x2a, 0xbf, 0xff, 0xff, 0xf8, 0xbf, 0xff, 0xe0, 0x00, 0x00, 0x00, 0x00, 
	0x00, 0x00, 0x00, 0x00, 0x00, 0x20, 0x00, 0x00, 0x03, 0xff, 0xff, 0x38, 0x00, 0x7f, 0x3f, 0xff, 
	0xff, 0xf8, 0x7f, 0xff, 0xf0, 0x00, 0x00, 0x00, 0x00, 0x00, 0x00, 0x00, 0x00, 0x00, 0x20, 0x00, 
	0x00, 0x02, 0xea, 0xee, 0xa8, 0x0a, 0xaf, 0xbf, 0xfe, 0xee, 0xf8, 0xff, 0xff, 0xe8, 0x00, 0x00, 
	0x00, 0x00, 0x00, 0x00, 0x00, 0x00, 0x00, 0x60, 0x00, 0x00, 0x00, 0xff, 0xff, 0xfc, 0x05, 0x07, 
	0xff, 0xff, 0xff, 0xf9, 0xff, 0xff, 0xfc, 0x00, 0x00, 0x00, 0x00, 0x00, 0x00, 0x00, 0x00, 0x00, 
	0xa0, 0x00, 0x00, 0x00, 0xbb, 0xbe, 0xbe, 0x2a, 0x2b, 0xff, 0xff, 0xff, 0xfb, 0xff, 0xff, 0xfa, 
	0x00, 0x00, 0x00, 0x00, 0x00, 0x00, 0x00, 0x00, 0x00, 0x50, 0x00, 0x00, 0x01, 0x7f, 0xff, 0x1c, 
	0x00, 0x7d, 0xff, 0xff, 0xff, 0xf9, 0xff, 0xff, 0xff, 0x00, 0x00, 0x00, 0x00, 0x00, 0x00, 0x00, 
	0x00, 0x00, 0x8a, 0x00, 0x00, 0x02, 0xfe, 0xef, 0x8e, 0x8a, 0xa8, 0xff, 0xff, 0xee, 0xeb, 0xff, 
	0xfe, 0xfe, 0x80, 0x00, 0x00, 0x00, 0x00, 0x00, 0x00, 0x00, 0x0f, 0x0f, 0x00, 0x00, 0x05, 0xff, 
	0xff, 0xcf, 0x04, 0x40, 0x3f, 0xff, 0xff, 0xf7, 0xff, 0xff, 0xff, 0xc0, 0x00, 0x00, 0x00, 0x00, 
	0x00, 0x00, 0x00, 0x0a, 0x8e, 0x80, 0x00, 0x0b, 0xff, 0xbb, 0xae, 0xa8, 0xa2, 0xbf, 0xff, 0xfb, 
	0xe2, 0xff, 0xff, 0xff, 0xa0, 0x00, 0x00, 0x00, 0x00, 0x00, 0x00, 0x00, 0x01, 0x9c, 0x00, 0x00, 
	0x17, 0xff, 0x7f, 0xc7, 0x40, 0x01, 0xff, 0xff, 0xff, 0xf3, 0xff, 0xff, 0xff, 0xc0, 0x00, 0x00, 
	0x00, 0x00, 0x00, 0x00, 0x00, 0x00, 0x88, 0x00, 0x00, 0x2f, 0xfe, 0xae, 0xef, 0x80, 0x80, 0xfe, 
	0xff, 0xee, 0xeb, 0xff, 0xff, 0xee, 0xa0, 0x00, 0x00, 0x00, 0x00, 0x00, 0x00, 0x00, 0x20, 0x50, 
	0x00, 0x00, 0x4f, 0xfc, 0x45, 0xf7, 0x80, 0x01, 0xff, 0xff, 0xff, 0xff, 0xff, 0xff, 0xff, 0xf0, 
	0x00, 0x20, 0x00, 0x00, 0x00, 0x00, 0x00, 0x20, 0x20, 0x00, 0x00, 0xaf, 0xfa, 0xaa, 0xfa, 0x02, 
	0x02, 0xff, 0xff, 0xff, 0xbf, 0xff, 0xff, 0xff, 0xf8, 0x00, 0x20, 0x00, 0x00, 0x00, 0x00, 0x00, 
	0x30, 0x30, 0x00, 0x00, 0xdf, 0xf0, 0x01, 0xfc, 0x00, 0x03, 0xff, 0xff, 0xff, 0xff, 0xff, 0xff, 
	0xff, 0xfc, 0x00, 0x20, 0x00, 0x00, 0x00, 0x00, 0x00, 0x28, 0x20, 0x00, 0x00, 0xaa, 0xe8, 0xaa, 
	0xb8, 0x08, 0x03, 0xff, 0xfe, 0xfe, 0xee, 0xfe, 0xff, 0xff, 0xfe, 0x80, 0xa0, 0x00, 0x00, 0x00, 
	0x00, 0x00, 0x70, 0x20, 0x00, 0x01, 0x0d, 0xc0, 0x00, 0x10, 0x00, 0x03, 0xff, 0xff, 0xff, 0xff, 
	0xff, 0xff, 0xff, 0xff, 0xc0, 0xc0, 0x00, 0x00, 0x00, 0x00, 0x00, 0xe8, 0x00, 0x00, 0x03, 0xba, 
	0x80, 0x00, 0xa0, 0x20, 0x0b, 0xff, 0xbf, 0xff, 0xbe, 0xff, 0xbb, 0xff, 0xff, 0xbf, 0x80, 0x00, 
	0x00, 0x00, 0x00, 0x01, 0xdc, 0x00, 0x00, 0x01, 0x77, 0xc0, 0x00, 0x00, 0x00, 0x0b, 0xff, 0xff, 
	0xff, 0xff, 0xff, 0xff, 0xff, 0xff, 0xff, 0x00, 0x00, 0x00, 0x00, 0x00, 0x0a, 0x8e, 0x80, 0x00, 
	0x0a, 0xae, 0x80, 0x82, 0x88, 0x00, 0x0b, 0xfe, 0xee, 0xee, 0xee, 0xef, 0xee, 0xef, 0xff, 0xea, 
	0x00, 0x00, 0x00, 0x00, 0x00, 0x1f, 0x07, 0xc0, 0x00, 0x04, 0xff, 0x00, 0x00, 0x00, 0x00, 0x0b, 
	0xff, 0xff, 0xff, 0xff, 0xff, 0xff, 0xff, 0xff, 0x80, 0x00, 0x00, 0x00, 0x00, 0x00, 0x02, 0x8e, 
	0x00, 0x00, 0x0a, 0xfa, 0x00, 0x02, 0x20, 0x00, 0x0b, 0xff, 0xff, 0xbb, 0xbb, 0xbf, 0xfb, 0xfb, 
	0xff, 0xa0, 0x00, 0x00, 0x00, 0x00, 0x00, 0x01, 0xdc, 0x00, 0x00, 0x13, 0xfe, 0x00, 0x00, 0x00, 
	0x00, 0x1b, 0xff, 0xff, 0xff, 0xff, 0x7f, 0xff, 0xff, 0xff, 0xc0, 0x00, 0x00, 0x00, 0x00, 0x00, 
	0x00, 0xe8, 0x00, 0x00, 0xaa, 0xee, 0x08, 0x08, 0x80, 0x80, 0x0a, 0xfe, 0xef, 0xee, 0xea, 0xef, 
	0xff, 0xfe, 0xff, 0xe0, 0x00, 0x00, 0x00, 0x00, 0x00, 0x00, 0x70, 0x00, 0x00, 0xdf, 0xfc, 0x00, 
	0x00, 0x00, 0x00, 0x1d, 0xff, 0xff, 0xff, 0xf7, 0xff, 0xff, 0xff, 0xff, 0xf0, 0x00, 0x00, 0x00, 
	0x00, 0x00, 0x00, 0x20, 0x00, 0x02, 0xba, 0xb8, 0x00, 0x08, 0x00, 0x00, 0x2a, 0xbb, 0xbb, 0xbf, 
	0xbb, 0xbb, 0xff, 0xff, 0xff, 0xe8, 0x00, 0x00, 0x00, 0x00, 0x00, 0x00, 0x30, 0x00, 0x03, 0xd7, 
	0xf8, 0x00, 0x00, 0x00, 0x00, 0x1d, 0xff, 0xff, 0xff, 0x7f, 0x7f, 0xff, 0xff, 0xff, 0xf8, 0x00, 
	0x00, 0x00, 0x00, 0x00, 0x00, 0x20, 0x02, 0x0e, 0xae, 0xf8, 0x00, 0x08, 0x00, 0x00, 0x0e, 0xee, 
	0xef, 0xea, 0xbe, 0xee, 0xef, 0xff, 0xee, 0xfa, 0x00, 0x00, 0x00, 0x00, 0x00, 0x00, 0x00, 0x04, 
	0x5c, 0x0f, 0xf8, 0x00, 0x00, 0x00, 0x00, 0x1c, 0xff, 0xff, 0xfd, 0xff, 0xff, 0xff, 0xff, 0xff, 
	0xfc, 0x00, 0x00, 0x00, 0x00, 0x00, 0x00, 0x00, 0x02, 0xa0, 0xab, 0xa8, 0x00, 0x20, 0x00, 0x00, 
	0x2a, 0xfb, 0xbb, 0xeb, 0xbe, 0xbb, 0xff, 0xff, 0xff, 0xaa, 0x00, 0x00, 0x00, 0x00, 0x00, 0x00, 
	0x00, 0x00, 0x03, 0x5f, 0xf0, 0x00, 0x00, 0x00, 0x00, 0x1f, 0x7f, 0xff, 0xff, 0xff, 0xff, 0xff, 
	0xff, 0xff, 0xf7, 0x00, 0x00, 0x00, 0x00, 0x00, 0x00, 0x00, 0x00, 0x0a, 0xae, 0xe8, 0x80, 0x28, 
	0x00, 0x00, 0x0e, 0xae, 0xee, 0xee, 0xee, 0xee, 0xff, 0xff, 0xfe, 0xee, 0xa0, 0x00, 0x00, 0x00, 
	0x00, 0x00, 0x00, 0x00, 0x0c, 0x5f, 0xf0, 0x00, 0x00, 0x00, 0x00, 0x1f, 0xdf, 0xff, 0xff, 0xff, 
	0xff, 0xff, 0xff, 0xff, 0xff, 0xe0, 0x00, 0x00, 0x00, 0x00, 0x00, 0x00, 0x00, 0x08, 0xbf, 0xa0, 
	0x00, 0x28, 0x00, 0x00, 0x2f, 0xab, 0xbf, 0xfb, 0xbf, 0xbb, 0xbf, 0xff, 0xff, 0xff, 0xfa, 0x08, 
	0x00, 0x00, 0x00, 0x00, 0x00, 0x00, 0x11, 0x7f, 0xc0, 0x00, 0x00, 0x00, 0x00, 0x1f, 0xff, 0xff, 
	0xff, 0xff, 0xff, 0xff, 0xff, 0xff, 0xff, 0xff, 0x70, 0x00, 0x00, 0x00, 0x00, 0x00, 0x00, 0x22, 
	0xee, 0xe0, 0x00, 0x80, 0x00, 0x00, 0x0e, 0xee, 0xee, 0xee, 0xef, 0xea, 0xf8, 0xff, 0xef, 0xef, 
	0xee, 0xe8, 0x00, 0x00, 0x00, 0x00, 0x00, 0x00, 0x41, 0xff, 0xc0, 0x00, 0x00, 0x00, 0x00, 0x1f, 
	0xff, 0xff, 0xff, 0xff, 0xf1, 0xf8, 0xff, 0xff, 0xff, 0xff, 0xe0, 0x00, 0x00, 0x00, 0x00, 0x00, 
	0x00, 0xa3, 0xff, 0xa0, 0x00, 0x00, 0x00, 0x00, 0x2b, 0xbb, 0xbb, 0xfb, 0xbf, 0xe0, 0xb8, 0xff, 
	0xff, 0xff, 0xff, 0xa0, 0x00, 0x00, 0x00, 0x00, 0x00, 0x00, 0xc7, 0xff, 0xc0, 0x00, 0x00, 0x00, 
	0x00, 0x0f, 0xff, 0xff, 0xff, 0xff, 0xf0, 0x31, 0xff, 0xff, 0xff, 0xff, 0x00, 0x00, 0x00, 0x00, 
	0x00, 0x00, 0x00, 0x8e, 0xea, 0x88, 0x00, 0x80, 0x08, 0x00, 0x0e, 0xee, 0xee, 0xee, 0xee, 0xf8, 
	0x2b, 0xff, 0xfe, 0xef, 0xaa, 0x00, 0x00, 0x00, 0x00, 0x00, 0x00, 0x01, 0x1f, 0xff, 0xc0, 0x00, 
	0x00, 0x00, 0x00, 0x0f, 0xff, 0xff, 0xff, 0xff, 0xff, 0x07, 0xff, 0xff, 0xff, 0xc0, 0x00, 0x00, 
	0x00, 0x00, 0x00, 0x00, 0x01, 0xbf, 0xeb, 0x88, 0x00, 0x80, 0x08, 0x00, 0x23, 0xbb, 0xbf, 0xfb, 
	0xbf, 0xfb, 0x82, 0xff, 0xff, 0xbb, 0xa0, 0x00, 0x00, 0x00, 0x00, 0x00, 0x00, 0x01, 0xff, 0xff, 
	0x80, 0x00, 0x00, 0x00, 0x00, 0x17, 0xff, 0xff, 0xff, 0xff, 0xff, 0x80, 0x7f, 0xff, 0xff, 0xe0, 
	0x00, 0x00, 0x00, 0x00, 0x00, 0x00, 0x02, 0xee, 0xae, 0x88, 0x80, 0x80, 0x08, 0x00, 0x2a, 0xee, 
	0xee, 0xfe, 0xef, 0xfe, 0x88, 0xbf, 0xbe, 0xee, 0xe8, 0x20, 0x00, 0x00, 0x00, 0x00, 0x00, 0x07, 
	0xff, 0xff, 0x00, 0x00, 0x00, 0x00, 0x00, 0x19, 0xff, 0xff, 0xdf, 0xff, 0xff, 0x1c, 0x1f, 0xff, 
	0xff, 0xf0, 0x10, 0x00, 0x00, 0x00, 0x00, 0x00, 0x2a, 0xba, 0xbe, 0x00, 0x00, 0x00, 0x08, 0x00, 
	0x3a, 0xff, 0xff, 0xef, 0xbf, 0xfa, 0x3e, 0xbf, 0xff, 0xbf, 0xba, 0xa0, 0x00, 0x00, 0x00, 0x00, 
	0x00, 0x77, 0xff, 0xfe, 0x00, 0x00, 0x00, 0x00, 0x00, 0x1d, 0xff, 0xff, 0xcf, 0xff, 0xfc, 0x7f, 
	0xff, 0xff, 0xff, 0xff, 0x00, 0x00, 0x00, 0x00, 0x00, 0x0a, 0xee, 0xee, 0xfe, 0xa8, 0x08, 0x80, 
	0x08, 0x00, 0x8e, 0xfe, 0xef, 0xee, 0xef, 0xf8, 0xef, 0xff, 0xff, 0xfe, 0xee, 0xa0, 0x20, 0x00, 
	0x00, 0x00, 0x0f, 0xdd, 0xff, 0xfc, 0x70, 0x18, 0x00, 0x00, 0x00, 0x1f, 0x7f, 0xff, 0xc7, 0xff, 
	0xfc, 0xff, 0xff, 0xff, 0xff, 0xff, 0xe0, 0x20, 0x00, 0x00, 0x00, 0x0a, 0xab, 0xfe, 0xf8, 0x78, 
	0x38, 0x20, 0x08, 0x20, 0x0f, 0xbf, 0xff, 0xe3, 0xff, 0xff, 0xbf, 0xff, 0xfb, 0xff, 0xfe, 0xbf, 
	0xe0, 0x00, 0x00, 0x00, 0x07, 0xff, 0xff, 0xf8, 0x7c, 0x7c, 0x00, 0x04, 0x00, 0x1f, 0xff, 0xff, 
	0xc1, 0xff, 0xff, 0xff, 0xff, 0xff, 0xff, 0xff, 0xff, 0xc0, 0x00, 0x00, 0x00, 0x02, 0xee, 0xee, 
	0xf8, 0x3e, 0xe8, 0x00, 0x08, 0x00, 0x0f, 0xfe, 0xff, 0xe2, 0xff, 0xfe, 0xef, 0xfe, 0xfe, 0xfe, 
	0xff, 0xfe, 0x80, 0x00, 0x00, 0x00, 0x01, 0xdf, 0xdf, 0xf0, 0x1f, 0xe0, 0x00, 0x0c, 0x00, 0x0f, 
	0xff, 0xff, 0xc0, 0x7f, 0xff, 0xff, 0xff, 0xf9, 0xff, 0xff, 0xff, 0x00, 0x00, 0x00, 0x00, 0x00, 
	0xaa, 0xaa, 0xa2, 0x0f, 0xa2, 0x00, 0x0a, 0x20, 0x0f, 0xff, 0xff, 0xa0, 0xff, 0xff, 0xbf, 0xff, 
	0xe2, 0xbe, 0xfb, 0xfe, 0x00, 0x00, 0x00, 0x00, 0x00, 0x3f, 0xff, 0x40, 0x0f, 0x80, 0x00, 0x0c, 
	0x00, 0x07, 0xff, 0xff, 0xc1, 0x7f, 0xff, 0xff, 0xff, 0xc4, 0x7f, 0xff, 0xfc, 0x00, 0x00, 0x00, 
	0x00, 0x00, 0x2e, 0xae, 0x88, 0x2e, 0xe2, 0x80, 0x8a, 0x08, 0x0f, 0xff, 0xfe, 0x8e, 0xaa, 0xfe, 
	0xee, 0xfe, 0xee, 0xee, 0xee, 0xe8, 0x00, 0x00, 0x00, 0x00, 0x00, 0x07, 0xff, 0x00, 0x7d, 0xe0, 
	0x00, 0x14, 0x00, 0x07, 0xff, 0xff, 0xfc, 0x0d, 0xff, 0xff, 0xff, 0xfd, 0x7f, 0xff, 0xc0, 0x00, 
	0x00, 0x00, 0x00, 0x00, 0x00, 0x3b, 0x88, 0xb8, 0xea, 0x00, 0x9a, 0x28, 0x03, 0xff, 0xfa, 0xe8, 
	0x0a, 0xbf, 0xbf, 0xff, 0xba, 0xbf, 0xfe, 0x80, 0x00, 0x00, 0x00, 0x00, 0x00, 0x00, 0x7e, 0x10, 
	0xf0, 0x78, 0x00, 0x10, 0x00, 0x03, 0xff, 0xff, 0xc0, 0x01, 0x7f, 0xff, 0xff, 0xff, 0xbf, 0xfc, 
	0x00, 0x00, 0x00, 0x00, 0x00, 0x00, 0x00, 0xee, 0xa8, 0xe8, 0xb8, 0x80, 0xaa, 0x88, 0x0a, 0xff, 
	0xee, 0xa0, 0x02, 0xae, 0xef, 0xff, 0xfe, 0xbf, 0xfe, 0xa8, 0x00, 0x00, 0x00, 0x00, 0x00, 0x00, 
	0xdc, 0x70, 0x40, 0x10, 0x00, 0x21, 0x00, 0x01, 0xff, 0xff, 0x00, 0x01, 0x6f, 0xff, 0xff, 0xff, 
	0x9f, 0xff, 0xf8, 0x00, 0x00, 0x00, 0x00, 0x00, 0x02, 0xa2, 0xa0, 0x00, 0x02, 0x8a, 0xa8, 0x8a, 
	0x02, 0xff, 0xff, 0xa2, 0xaa, 0xef, 0xff, 0xff, 0xfa, 0xbf, 0xff, 0xe8, 0x00, 0x00, 0x00, 0x00, 
	0x00, 0x01, 0xc7, 0x60, 0x00, 0x00, 0x17, 0xf0, 0x00, 0x01, 0xff, 0xff, 0x04, 0x3f, 0xff, 0xff, 
	0xff, 0xfc, 0x3f, 0xff, 0xc0, 0x00, 0x00, 0x00, 0x00, 0x00, 0x02, 0xae, 0xa0, 0x88, 0x00, 0x82, 
	0xaa, 0xaa, 0x80, 0xee, 0xee, 0xaa, 0xff, 0xff, 0xff, 0xef, 0xfa, 0xbe, 0xea, 0x80, 0x00, 0x00, 
	0x00, 0x00, 0x00, 0x07, 0xfe, 0xc0, 0x00, 0x01, 0x00, 0xc5, 0xd4, 0x00, 0x7f, 0xf7, 0xc7, 0xff, 
	0xff, 0xff, 0xff, 0xfc, 0x7f, 0xf0, 0x00, 0x00, 0x00, 0x00, 0x00, 0x00, 0x0b, 0xfe, 0xa0, 0x20, 
	0x02, 0x8a, 0x82, 0xaa, 0x02, 0xbf, 0xef, 0xbf, 0xff, 0xbf, 0xff, 0xfb, 0xfe, 0xfb, 0xb8, 0x00, 
	0x00, 0x00, 0x00, 0x00, 0x00, 0x0f, 0xff, 0xc0, 0x00, 0x00, 0x01, 0x00, 0x43, 0x00, 0x7f, 0xff, 
	0x7f, 0xff, 0x7f, 0xff, 0xff, 0xdf, 0xff, 0x18, 0x00, 0x00, 0x00, 0x00, 0x00, 0x00, 0xaa, 0xeb, 
	0x88, 0x80, 0x00, 0x88, 0x80, 0xa2, 0x80, 0xaf, 0xee, 0xff, 0xfa, 0xae, 0xfe, 0xef, 0xbf, 0xee, 
	0x88, 0x00, 0x00, 0x00, 0x00, 0x00, 0x00, 0xdf, 0xfd, 0x00, 0x00, 0x00, 0x8f, 0x00, 0x11, 0x00, 
	0x1f, 0xdf, 0xff, 0xfe, 0x7f, 0xff, 0xff, 0xbf, 0xff, 0x18, 0x00, 0x00, 0x00, 0x00, 0x00, 0x2a, 
	0xaa, 0xaa, 0x20, 0xa2, 0x00, 0x8a, 0x82, 0xaa, 0xa0, 0x2f, 0xbf, 0xfa, 0xea, 0xaf, 0xff, 0xff, 
	0xbf, 0xfa, 0x08, 0x00, 0x00, 0x00, 0x00, 0x00, 0x0f, 0xff, 0xf7, 0x10, 0x80, 0x00, 0x1f, 0x75, 
	0xf8, 0x40, 0x1f, 0xdf, 0xdd, 0x44, 0xff, 0xff, 0xff, 0xbf, 0xff, 0x18, 0x00, 0x00, 0x00, 0x00, 
	0x00, 0x0a, 0xee, 0xaa, 0x20, 0x80, 0x80, 0x8b, 0xaa, 0xa8, 0xe8, 0x8e, 0xae, 0x8a, 0x8f, 0xae, 
	0xef, 0xef, 0xef, 0xfe, 0x88, 0x00, 0x00, 0x00, 0x00, 0x00, 0x00, 0x1e, 0x44, 0x00, 0x80, 0x00, 
	0xdf, 0xff, 0xfc, 0x70, 0x07, 0xc6, 0x04, 0x5f, 0xdf, 0xff, 0xff, 0xff, 0xff, 0x10, 0x00, 0x00, 
	0x00, 0x00, 0x00, 0x00, 0x3a, 0x2a, 0x20, 0x82, 0x02, 0xbf, 0xff, 0xfa, 0x38, 0xa3, 0xea, 0xab, 
	0xba, 0xbf, 0xff, 0xfb, 0xbf, 0xbe, 0x20, 0x00, 0x00, 0x00, 0x00, 0x00, 0x00, 0x38, 0x18, 0x60, 
	0x80, 0x01, 0x7f, 0xff, 0xff, 0x3c, 0x05, 0xe0, 0x15, 0x15, 0x3f, 0xff, 0xff, 0x9f, 0x3c, 0x20, 
	0x00, 0x00, 0x00, 0x00, 0x00, 0x00, 0x28, 0x08, 0x80, 0x82, 0x8a, 0xff, 0xff, 0xfe, 0xaa, 0xea, 
	0xe8, 0x88, 0xaa, 0xaf, 0xee, 0xef, 0x8e, 0xae, 0xa0, 0x00, 0x00, 0x00, 0x00, 0x00, 0x00, 0x70, 
	0x18, 0xc0, 0xc0, 0x01, 0x7f, 0xdf, 0xdf, 0xdd, 0xfc, 0x5c, 0x00, 0x00, 0x7f, 0xff, 0xff, 0xef, 
	0x8f, 0x00, 0x00, 0x00, 0x00, 0x00, 0x00, 0x00, 0xa0, 0x2a, 0x82, 0xa2, 0x00, 0xbf, 0xaa, 0xaa, 
	0xaa, 0xfa, 0xaa, 0x00, 0x22, 0xbf, 0xbf, 0xbf, 0xfb, 0xaf, 0x80, 0x00, 0x00, 0x00, 0x00, 0x00, 
	0x00, 0x60, 0x11, 0x80, 0x00, 0x00, 0x1f, 0xc5, 0x47, 0x14, 0x59, 0xf0, 0x00, 0x00, 0x7f, 0xff, 
	0xff, 0xff, 0xe7, 0xc0, 0x00, 0x00, 0x00, 0x00, 0x00, 0x00, 0xe0, 0x2b, 0x82, 0xa2, 0x80, 0x8b, 
	0xea, 0xaa, 0xaa, 0xaa, 0xa0, 0x88, 0x88, 0xfe, 0xef, 0xfe, 0xfe, 0x83, 0xe0, 0x80, 0x00, 0x00, 
	0x00, 0x00, 0x00, 0xe0, 0x07, 0x84, 0x41, 0x00, 0x1f, 0xfd, 0xc0, 0x45, 0x00, 0x00, 0x00, 0x05, 
	0xff, 0xff, 0xff, 0xff, 0xc5, 0xfd, 0x00, 0x00, 0x00, 0x00, 0x00, 0x00, 0xe0, 0xab, 0x82, 0xa3, 
	0x80, 0x2e, 0xba, 0xa0, 0xa8, 0x20, 0x00, 0x00, 0x0b, 0xbb, 0xbf, 0xff, 0xbf, 0xa2, 0xaa, 0x00, 
	0x00, 0x00, 0x00, 0x00, 0x00, 0x61, 0x6d, 0x00, 0x41, 0x00, 0x07, 0x70, 0x00, 0x00, 0x00, 0x00, 
	0x00, 0x47, 0x3f, 0xff, 0xff, 0xbf, 0xe4, 0x00, 0x00, 0x00, 0x00, 0x00, 0x00, 0x00, 0x28, 0xa8, 
	0x8a, 0xa0, 0x88, 0x0a, 0xa8, 0x88, 0x00, 0x80, 0x00, 0x00, 0xa8, 0xae, 0xef, 0xee, 0xae, 0xea, 
	0x00, 0x00, 0x00, 0x00, 0x00, 0x00, 0x00, 0x30, 0xd8, 0x04, 0x40, 0xc0, 0x07, 0x40, 0x00, 0x00, 
	0x00, 0x00, 0x00, 0x00, 0x7f, 0xff, 0xfd, 0xdf, 0xf4, 0x00, 0x00, 0x00, 0x00, 0x00, 0x00, 0x00, 
	0x2a, 0xa8, 0x8a, 0x22, 0xa2, 0x83, 0xaa, 0xa0, 0x00, 0x00, 0x00, 0x00, 0x00, 0xbb, 0xff, 0xfe, 
	0xab, 0xba, 0x00, 0x00, 0x00, 0x00, 0x00, 0x00, 0x00, 0x04, 0x10, 0x04, 0x10, 0x40, 0x01, 0xfc, 
	0x00, 0x00, 0x00, 0x00, 0x00, 0x00, 0xff, 0xff, 0xff, 0x17, 0xfd, 0x04, 0x00, 0x00, 0x00, 0x00, 
	0x00, 0x00, 0x00, 0x28, 0x8a, 0xa0, 0xa8, 0xa0, 0xaa, 0x88, 0x00, 0x00, 0x00, 0x08, 0x02, 0xee, 
	0xff, 0xff, 0xab, 0xee, 0xe8, 0x00, 0x00, 0x00, 0x00, 0x00, 0x00, 0x00, 0x11, 0x84, 0x10, 0x70, 
	0x54, 0x1d, 0x80, 0x00, 0x00, 0x00, 0x18, 0x07, 0xff, 0xff, 0xff, 0xc3, 0xff, 0xdf, 0x00, 0x00, 
	0x00, 0x00, 0x00, 0x00, 0x00, 0x0b, 0x8e, 0xa0, 0x28, 0xab, 0xaa, 0x00, 0x00, 0x00, 0x0a, 0xb8, 
	0x2a, 0xff, 0xff, 0xbf, 0xeb, 0xff, 0xbb, 0xa0, 0x00, 0x00, 0x00, 0x00, 0x00, 0x00, 0x07, 0x05, 
	0x10, 0x34, 0x13, 0xfc, 0x00, 0x00, 0x01, 0x54, 0x70, 0x00, 0x7f, 0xff, 0xff, 0xf3, 0xff, 0xff, 
	0xf0, 0x00, 0x00, 0x00, 0x00, 0x00, 0x00, 0x0a, 0x8e, 0xa8, 0x2a, 0x28, 0xea, 0x00, 0x00, 0x0a, 
	0x88, 0xa8, 0x00, 0xef, 0xfe, 0xfe, 0xea, 0xff, 0xfe, 0xa8, 0x00, 0x00, 0x00, 0x00, 0x00, 0x00, 
	0x1d, 0xcf, 0x50, 0x24, 0x04, 0xfc, 0x00, 0x00, 0x50, 0x4d, 0xe0, 0x00, 0xff, 0xfd, 0xff, 0xf1, 
	0xff, 0xff, 0xe4, 0x00, 0x00, 0x00, 0x00, 0x00, 0x02, 0xff, 0xef, 0xaa, 0xaa, 0xbf, 0xfa, 0x00, 
	0x0a, 0xaa, 0xaa, 0xe0, 0x2b, 0xaf, 0xff, 0xff, 0xaa, 0xff, 0xff, 0xae, 0x00, 0x00, 0x00, 0x00, 
	0x00, 0x03, 0xff, 0xe7, 0xd1, 0xc1, 0x7f, 0xfc, 0x00, 0x1d, 0x3f, 0x56, 0xc0, 0x07, 0xf7, 0xff, 
	0xff, 0xf0, 0x5f, 0xff, 0xf6, 0x00, 0x00, 0x00, 0x00, 0x00, 0x00, 0xae, 0xef, 0x88, 0xea, 0xee, 
	0xae, 0x00, 0x0e, 0xea, 0xaa, 0x80, 0x0e, 0xef, 0xee, 0xff, 0xa8, 0xae, 0xfe, 0xee, 0x00, 0x00, 
	0x00, 0x00, 0x00, 0x00, 0x0f, 0xff, 0x18, 0xd3, 0x87, 0xff, 0x00, 0x03, 0xc3, 0x05, 0x00, 0x1f, 
	0xff, 0xff, 0xff, 0xcc, 0x7f, 0xff, 0xf4, 0x00, 0x00, 0x00, 0x00, 0x00, 0x00, 0x0a, 0xfa, 0x3a, 
	0xfe, 0x03, 0xfb, 0xa0, 0xa2, 0xea, 0xaa, 0x00, 0x3f, 0xff, 0xff, 0xfe, 0xaa, 0xbf, 0xff, 0xba, 
	0x00, 0x00, 0x00, 0x00, 0x00, 0x00, 0x1d, 0xfd, 0xf8, 0x70, 0x00, 0x7f, 0xf1, 0xf0, 0x40, 0x04, 
	0x00, 0x7f, 0xff, 0xff, 0xff, 0x5c, 0xd7, 0xff, 0xf6, 0x00, 0x00, 0x00, 0x00, 0x00, 0x00, 0xa8, 
	0xff, 0xfa, 0xe8, 0x0a, 0xef, 0xea, 0xee, 0xaa, 0xa8, 0x00, 0xfe, 0xef, 0xfe, 0xfe, 0xaa, 0xea, 
	0xbf, 0xea, 0x80, 0x00, 0x00, 0x00, 0x00, 0x00, 0x71, 0xff, 0xfb, 0xc0, 0x1f, 0xff, 0xfc, 0x1e, 
	0x00, 0x0c, 0x07, 0xfd, 0xff, 0xff, 0xff, 0x84, 0x7f, 0xff, 0xfb, 0xc0, 0x00, 0x00, 0x00, 0x00, 
	0x00, 0xa3, 0xfb, 0xfb, 0x8a, 0xba, 0xab, 0xe2, 0x8e, 0x0a, 0xa8, 0x0f, 0xfb, 0xff, 0xff, 0xfe, 
	0xaa, 0xff, 0xff, 0xba, 0x28, 0x00, 0x00, 0x00, 0x00, 0x00, 0xe1, 0xf7, 0xf7, 0x87, 0xfc, 0x7f, 
	0xc3, 0xd4, 0x04, 0x10, 0x1f, 0xff, 0xff, 0xff, 0xff, 0x40, 0xff, 0xff, 0xff, 0x90, 0x00, 0x00, 
	0x00, 0x00, 0x00, 0xa3, 0xea, 0xea, 0x8b, 0xae, 0xaa, 0xae, 0xf8, 0x0a, 0xa0, 0xbf, 0xaa, 0xff, 
	0xfe, 0xfe, 0xea, 0xff, 0xfe, 0xfe, 0xae, 0x00, 0x00, 0x00, 0x00, 0x01, 0xc3, 0xc4, 0xf7, 0x83, 
	0xdf, 0x80, 0x7f, 0xfc, 0x00, 0x40, 0xff, 0xff, 0xff, 0xff, 0xff, 0x5c, 0x5f, 0xff, 0xff, 0xfc, 
	0x00, 0x00, 0x00, 0x00, 0x01, 0x83, 0x8b, 0xef, 0x83, 0xba, 0x00, 0x2a, 0xff, 0x80, 0x02, 0xfe, 
	0xaa, 0xff, 0xfa, 0xbe, 0xaa, 0xaf, 0xff, 0xff, 0xee, 0x00, 0x00, 0x00, 0x00, 0x01, 0xc7, 0xdf, 
	0x47, 0x03, 0xf4, 0x00, 0x07, 0xff, 0xf0, 0x07, 0xfd, 0xf1, 0xff, 0xff, 0xff, 0x14, 0x4f, 0xff, 
	0xff, 0xfc, 0x00, 0x00, 0x00, 0x00, 0x02, 0xee, 0xaa, 0xaa, 0x8f, 0xa2, 0x88, 0xaf, 0xff, 0xfa, 
	0x8f, 0xfe, 0xab, 0xff, 0xee, 0xee, 0xaa, 0xaf, 0xff, 0xff, 0xee, 0x00, 0x00, 0x00, 0x00, 0x01, 
	0x50, 0x01, 0xcf, 0x07, 0xc0, 0x0f, 0xff, 0xff, 0xff, 0xff, 0xf5, 0x6f, 0xff, 0xff, 0x7d, 0x84, 
	0x77, 0xff, 0xff, 0xfc, 0x00, 0x00, 0x00, 0x00, 0x02, 0xa2, 0xaa, 0xaa, 0x0f, 0x82, 0xba, 0xbf, 
	0xff, 0xff, 0xff, 0xea, 0xbf, 0xff, 0xfa, 0xee, 0xaa, 0xab, 0xfb, 0xff, 0xfe, 0x00, 0x00, 0x00, 
	0x00, 0x00, 0xdf, 0x83, 0x07, 0x07, 0x01, 0xf4, 0x37, 0xff, 0xff, 0xff, 0xf4, 0x7f, 0xff, 0xff, 
	0xfc, 0x40, 0x70, 0x7f, 0xff, 0xfe, 0x00, 0x00, 0x00, 0x00, 0x00, 0xff, 0x8a, 0x8e, 0x8e, 0x02, 
	0xba, 0xaf, 0xff, 0xef, 0xff, 0xea, 0xef, 0xfe, 0xee, 0xee, 0xa8, 0xaa, 0xef, 0xff, 0xfe, 0x80, 
	0x00, 0x00, 0x00, 0x01, 0xff, 0x84, 0x46, 0x1c, 0x03, 0xd4, 0x7d, 0xff, 0xff, 0xff, 0xff, 0xff, 
	0xff, 0xff, 0x6d, 0x60, 0x55, 0xff, 0xff, 0xff, 0xc0, 0x00, 0x00, 0x00, 0x0a, 0xff, 0xaa, 0xae, 
	0xa8, 0x0a, 0xba, 0xbe, 0xff, 0xff, 0xff, 0xfe, 0xbf, 0xff, 0xfe, 0xae, 0xa8, 0xab, 0xab, 0xff, 
	0xfe, 0x80, 0x00, 0x00, 0x00, 0x19, 0xff, 0x1d, 0x5f, 0xd0, 0x07, 0x51, 0x3d, 0xff, 0xff, 0xff, 
	0xff, 0xff, 0xff, 0xfc, 0x6c, 0x1f, 0xe3, 0xff, 0xff, 0xff, 0xe0, 0x00, 0x00, 0x00, 0x0a, 0xbe, 
	0xbe, 0xaa, 0xa8, 0x2e, 0xaa, 0xbe, 0xff, 0xee, 0xa8, 0x8e, 0xff, 0xfe, 0xfc, 0xe8, 0xaa, 0xee, 
	0xaa, 0xee, 0xef, 0xe8, 0x00, 0x00, 0x00, 0x1d, 0xfc, 0x1c, 0x5d, 0xc0, 0x1f, 0xdf, 0xdf, 0xff, 
	0xfe, 0x7f, 0xdf, 0xff, 0xff, 0xfc, 0x5c, 0x10, 0xef, 0xff, 0xff, 0xff, 0xf0, 0x00, 0x00, 0x00, 
	0x0e, 0xbb, 0xba, 0xba, 0x82, 0xbe, 0x8a, 0xbe, 0xff, 0xfe, 0xfa, 0x8f, 0xff, 0xff, 0xf8, 0xba, 
	0x08, 0xae, 0xaa, 0xbb, 0xbb, 0xf8, 0x00, 0x00, 0x00, 0x1f, 0xff, 0x5f, 0xf1, 0x1f, 0xf0, 0x00, 
	0x1f, 0x7f, 0xff, 0x73, 0xdf, 0xff, 0xff, 0xf0, 0x1c, 0x11, 0xff, 0xff, 0xff, 0xff, 0xf0, 0x00, 
	0x00, 0x00, 0x0e, 0xaf, 0xaf, 0xea, 0xa8, 0xa0, 0x08, 0x0b, 0xff, 0xfe, 0xfb, 0xcf, 0xbf, 0xfe, 
	0xe8, 0x8a, 0x28, 0xfa, 0xae, 0xee, 0xea, 0xf8, 0x00, 0x00, 0x00, 0x1f, 0xff, 0xff, 0xc1, 0x10, 
	0x00, 0x00, 0x01, 0xff, 0xff, 0xff, 0xc5, 0xff, 0xff, 0xf0, 0xd8, 0x21, 0xff, 0xff, 0xff, 0xff, 
	0xf8, 0x00, 0x00, 0x00, 0x0e, 0xab, 0xff, 0xe2, 0x20, 0x00, 0x2a, 0x83, 0xbf, 0xfa, 0xff, 0xeb, 
	0xff, 0xff, 0xf8, 0xba, 0x22, 0xea, 0xab, 0xaa, 0xab, 0xf8, 0x00, 0x00, 0x00, 0x1f, 0xff, 0xff, 
	0xf0, 0x30, 0x00, 0x7f, 0x81, 0xff, 0xff, 0x77, 0xe7, 0xff, 0xff, 0xf0, 0x18, 0x31, 0x7f, 0xff, 
	0xff, 0xff, 0xf0, 0x00, 0x00, 0x00, 0x0f, 0xaf, 0xee, 0xae, 0x20, 0x8b, 0xea, 0xe0, 0xff, 0xfe, 
	0xee, 0xef, 0xef, 0xff, 0xe8, 0x98, 0x22, 0xea, 0xaa, 0xaa, 0xaf, 0xe8, 0x00, 0x00, 0x00, 0x1f, 
	0xff, 0xff, 0xdf, 0x40, 0x7f, 0xd5, 0xf0, 0x7f, 0xff, 0x7f, 0xe7, 0xff, 0xff, 0xe0, 0x14, 0x61, 
	0xfd, 0xdd, 0xff, 0xff, 0xe0, 0x00, 0x00, 0x00, 0x3f, 0xff, 0xbb, 0xaf, 0xa0, 0xaf, 0xba, 0xba, 
	0xbf, 0xfe, 0xff, 0xef, 0xff, 0xff, 0xe0, 0xaa, 0xa2, 0xaa, 0xaa, 0xaa, 0xff, 0xe0, 0x00, 0x00, 
	0x00, 0x7f, 0xff, 0xff, 0xff, 0xc1, 0x87, 0xfd, 0x1d, 0xff, 0xff, 0x7f, 0xe7, 0xff, 0xff, 0xe0, 
	0x13, 0x03, 0xff, 0xff, 0xff, 0xff, 0xe0, 0x00, 0x00, 0x00, 0xff, 0xee, 0xee, 0xee, 0xea, 0x80, 
	0x8a, 0xae, 0xff, 0xfe, 0xbb, 0xef, 0xff, 0xff, 0xa0, 0x28, 0x2a, 0xaa, 0xaa, 0xae, 0xff, 0xc0, 
	0x00, 0x00, 0x01, 0xff, 0xff, 0xff, 0xff, 0xfa, 0x00, 0x01, 0xcf, 0xff, 0xff, 0xdb, 0xdf, 0xff, 
	0xff, 0xc0, 0x10, 0x07, 0xff, 0xff, 0xdf, 0xff, 0xc0, 0x00, 0x00, 0x03, 0xfb, 0xff, 0xfa, 0xba, 
	0xaa, 0x00, 0x08, 0xae, 0xff, 0xff, 0xfb, 0xff, 0xff, 0xff, 0xa0, 0x28, 0x8a, 0xaa, 0xaa, 0xab, 
	0xff, 0x80, 0x00, 0x00, 0x03, 0xff, 0xff, 0xff, 0xf7, 0xfe, 0x00, 0x00, 0x75, 0xff, 0xff, 0xf3, 
	0xff, 0xff, 0xff, 0x00, 0x60, 0x1f, 0xff, 0xff, 0xff, 0xff, 0xc0, 0x00, 0x00, 0x0a, 0xee, 0xfe, 
	0xea, 0xae, 0xae, 0x82, 0x88, 0xae, 0xff, 0xfe, 0xaa, 0xaf, 0xef, 0xef, 0x82, 0x2a, 0xaa, 0xaa, 
	0xaa, 0xff, 0xff, 0xc0, 0x00, 0x00, 0x0f, 0xff, 0xff, 0xff, 0xdd, 0xff, 0xc7, 0xf8, 0x7f, 0xff, 
	0xff, 0x7b, 0xcf, 0xff, 0xff, 0x80, 0x40, 0x7d, 0xdf, 0xff, 0xff, 0xff, 0xc0, 0x00, 0x00, 0x0f, 
	0xbb, 0xfb, 0xab, 0xba, 0xbb, 0xab, 0xaa, 0xbe, 0xff, 0xfe, 0xbb, 0xef, 0xaf, 0xbf, 0x80, 0x28, 
	0xfa, 0xab, 0xaf, 0xff, 0xff, 0x80, 0x00, 0x00, 0x07, 0xff, 0xff, 0xff, 0xff, 0xff, 0xf7, 0x47, 
	0x1f, 0x7f, 0xfd, 0xff, 0xf7, 0xff, 0xff, 0x00, 0x45, 0xff, 0xff, 0xff, 0xff, 0xff, 0xc0, 0x00, 
	0x00, 0x0f, 0xff, 0xee, 0xee, 0xaa, 0xae, 0xee, 0xea, 0xae, 0xff, 0xfa, 0xff, 0xeb, 0xff, 0xfe, 
	0x80, 0x8e, 0xea, 0xae, 0xef, 0xff, 0xef, 0xc0, 0x00, 0x00, 0x07, 0xff, 0xff, 0xff, 0xdd, 0xff, 
	0xff, 0x64, 0x67, 0xff, 0xf9, 0xff, 0xfb, 0xff, 0xff, 0x00, 0x1f, 0xff, 0xff, 0xff, 0xff, 0xff, 
	0xc0, 0x00, 0x00, 0x03, 0xfb, 0xbe, 0xba, 0xaa, 0xba, 0xff, 0xaa, 0x3b, 0xbf, 0xbb, 0xff, 0xfb, 
	0xef, 0xfe, 0x0a, 0xbf, 0xab, 0xaa, 0xff, 0xfb, 0xff, 0xa0, 0x00, 0x00, 0x01, 0xff, 0x7f, 0xff, 
	0xff, 0xff, 0xff, 0x74, 0x3f, 0xff, 0xf7, 0xff, 0xfd, 0xff, 0xfe, 0x03, 0xff, 0xff, 0xff, 0xff, 
	0xff, 0xff, 0xe0, 0x00, 0x00, 0x03, 0xfe, 0xef, 0xea, 0xaa, 0xee, 0xee, 0xea, 0xba, 0xef, 0xef, 
	0xee, 0xfb, 0xaf, 0xfe, 0x0a, 0x8e, 0xeb, 0xaf, 0xfe, 0xef, 0xfe, 0xe0, 0x00, 0x00, 0x07, 0xff, 
	0xff, 0xff, 0xff, 0xff, 0xff, 0xe0, 0xff, 0xff, 0xf7, 0xff, 0xfd, 0xff, 0xfc, 0x07, 0x1f, 0xff, 
	0xff, 0xff, 0xff, 0xff, 0xe0, 0x00, 0x00, 0x0f, 0xff, 0xbe, 0xbb, 0xba, 0xab, 0xbf, 0xaa, 0xef, 
	0xff, 0xfb, 0xea, 0xfb, 0xff, 0xf8, 0x0a, 0xbf, 0xae, 0xff, 0xfb, 0xbf, 0xff, 0xf8, 0x00, 0x00, 
	0x1f, 0xff, 0xff, 0x3f, 0xff, 0xff, 0xff, 0xd0, 0x15, 0xff, 0xf9, 0xff, 0xf3, 0xff, 0xf8, 0x1a, 
	0x7f, 0xff, 0xff, 0xff, 0xff, 0xff, 0xf8, 0x00, 0x00, 0xaf, 0xee, 0xee, 0xae, 0xea, 0xee, 0xef, 
	0xea, 0xaa, 0xee, 0xf8, 0xee, 0xeb, 0xff, 0xf8, 0x2a, 0xae, 0xee, 0xfe, 0xea, 0xee, 0xff, 0xf8, 
	0x00, 0x00, 0xff, 0xff, 0xff, 0xff, 0xff, 0xff, 0xff, 0xcd, 0x9c, 0xff, 0xfc, 0xff, 0xc7, 0xff, 
	0xf0, 0x57, 0x7f, 0xff, 0xff, 0xff, 0xff, 0xff, 0xfc, 0x00, 0x02, 0xff, 0xff, 0xbb, 0xeb, 0xab, 
	0xab, 0xff, 0xea, 0xaa, 0xff, 0xfe, 0xbf, 0xaf, 0xbf, 0xe2, 0xaa, 0xab, 0xfb, 0xff, 0xab, 0xab, 
	0xbf, 0xf8, 0x00, 0x01, 0xff, 0xff, 0xff, 0xf1, 0xff, 0xff, 0xff, 0xfe, 0x01, 0x7f, 0xff, 0x3f, 
	0x1f, 0xff, 0xc1, 0x32, 0xfb, 0xff, 0xff, 0xff, 0xff, 0xff, 0xf8, 0x00, 0x02, 0xef, 0xef, 0xee, 
	0xea, 0xff, 0xee, 0xff, 0xee, 0x88, 0xee, 0xee, 0xa8, 0xbe, 0xaf, 0x8a, 0xa2, 0xea, 0xef, 0xfe, 
	0xee, 0xee, 0xff, 0xe8, 0x00, 0x07, 0xff, 0xff, 0xff, 0xff, 0xdf, 0xff, 0xff, 0xf4, 0x8c, 0xff, 
	0xff, 0xf5, 0xff, 0xff, 0x8c, 0x41, 0xff, 0xff, 0xff, 0xff, 0xff, 0xff, 0xfc, 0x00, 0x0f, 0xff, 
	0xbf, 0xfa, 0xbb, 0xbf, 0xff, 0xff, 0xee, 0xaa, 0xbf, 0xaf, 0xff, 0xfa, 0xea, 0x28, 0xa3, 0xff, 
	0xff, 0xfa, 0xfe, 0xab, 0xff, 0xfe, 0x00, 0x07, 0xff, 0xff, 0xff, 0xff, 0xff, 0xff, 0xff, 0xe7, 
	0x07, 0x3f, 0xf7, 0xff, 0xf9, 0xf5, 0xec, 0x11, 0xff, 0xff, 0xff, 0xff, 0xff, 0xff, 0xfc, 0x00, 
	0x0f, 0xee, 0xee, 0xfe, 0xee, 0xeb, 0xef, 0xff, 0xea, 0xae, 0xaf, 0xef, 0xee, 0xe8, 0xfb, 0xe8, 
	0xa8, 0xef, 0xfe, 0xea, 0xfa, 0xaa, 0xef, 0xfe, 0x00, 0x1f, 0xff, 0xff, 0xff, 0xff, 0xff, 0xff, 
	0xff, 0xe7, 0x45, 0xff, 0xcf, 0xff, 0xfd, 0xff, 0xdc, 0xfd, 0xff, 0xff, 0xff, 0xff, 0xff, 0xff, 
	0xfe, 0x00, 0x2f, 0xff, 0xbb, 0xbf, 0xbb, 0xfe, 0xff, 0xff, 0xea, 0xaa, 0xff, 0xeb, 0xfb, 0xfa, 
	0xff, 0xba, 0xfe, 0xbf, 0xff, 0xfb, 0xea, 0xaf, 0xbf, 0xfe, 0x00, 0x3f, 0xff, 0xff, 0xff, 0xff, 
	0xff, 0x7f, 0xff, 0xf3, 0x86, 0xff, 0xff, 0xff, 0xff, 0xff, 0x71, 0xff, 0xff, 0xff, 0xff, 0xff, 
	0xff, 0xff, 0xfe, 0x00, 0x3f, 0xee, 0xea, 0xef, 0xee, 0xee, 0xbf, 0xfe, 0xab, 0xaa, 0xfe, 0xef, 
	0xef, 0xfa, 0xfe, 0xea, 0xff, 0xff, 0xff, 0xef, 0xea, 0xae, 0xee, 0xfe, 0x80, 0x7f, 0xff, 0xff, 
	0xff, 0xff, 0xff, 0x7f, 0xff, 0xd7, 0xe1, 0x7f, 0xff, 0xff, 0xff, 0xfe, 0xec, 0xff, 0xff, 0xff, 
	0xff, 0xff, 0xff, 0xff, 0xff, 0x00, 0xbf, 0xfb, 0xaa, 0xbf, 0xfb, 0xff, 0xbf, 0xfe, 0xab, 0xea, 
	0xbf, 0xfb, 0xff, 0xfb, 0xfe, 0xaa, 0xff, 0xfb, 0xff, 0xff, 0xaa, 0xab, 0xbb, 0xff, 0x80, 0x7f, 
	0xff, 0xff, 0xff, 0xff, 0xff, 0xff, 0xff, 0xdd, 0xf5, 0xdf, 0xff, 0xff, 0xff, 0xff, 0xff, 0xff, 
	0xff, 0xff, 0xff, 0xff, 0xff, 0xff, 0xff, 0x00
};
// 'nyxsleep', 200x200px
const unsigned char smallnyxsleep [] PROGMEM = {
	0x00, 0x00, 0x00, 0x00, 0x00, 0x00, 0x00, 0x00, 0x00, 0x00, 0x00, 0x00, 0x00, 0x00, 0x00, 0x00, 
	0x00, 0x00, 0x00, 0x00, 0x00, 0x00, 0x00, 0x00, 0x00, 0x00, 0x00, 0x00, 0x00, 0x00, 0x00, 0x00, 
	0x00, 0x00, 0x00, 0x00, 0x00, 0x00, 0x00, 0x00, 0x00, 0x00, 0x00, 0x00, 0x00, 0x00, 0x00, 0x00, 
	0x00, 0x00, 0x00, 0x02, 0xa0, 0x00, 0x00, 0x00, 0x00, 0x00, 0x00, 0x00, 0x00, 0x00, 0x00, 0x00, 
	0x00, 0x00, 0x00, 0x00, 0x00, 0x2a, 0x00, 0x00, 0x00, 0x00, 0x00, 0x00, 0x03, 0xf0, 0x00, 0x00, 
	0x00, 0x00, 0x00, 0x00, 0x00, 0x00, 0x00, 0x00, 0x00, 0x00, 0x00, 0x00, 0x00, 0x00, 0x7f, 0x00, 
	0x00, 0x00, 0x00, 0x00, 0x00, 0x07, 0xfe, 0x80, 0x00, 0x00, 0x00, 0x00, 0x00, 0x00, 0x00, 0x00, 
	0x00, 0x00, 0x00, 0x00, 0x00, 0x02, 0xbb, 0xef, 0x80, 0x00, 0x00, 0x00, 0x00, 0x00, 0x07, 0xff, 
	0xd0, 0x00, 0x00, 0x00, 0x00, 0x00, 0x00, 0x00, 0x00, 0x00, 0x00, 0x00, 0x00, 0x00, 0x04, 0x5f, 
	0xff, 0x00, 0x00, 0x00, 0x00, 0x00, 0x00, 0x07, 0xfe, 0xaa, 0x00, 0x00, 0x00, 0x00, 0x00, 0x00, 
	0x00, 0x00, 0x00, 0x00, 0x00, 0x00, 0x00, 0x2a, 0xbe, 0xbb, 0x80, 0x00, 0x00, 0x00, 0x00, 0x00, 
	0x07, 0xff, 0xe3, 0x00, 0x00, 0x00, 0x00, 0x00, 0x00, 0x00, 0x00, 0x00, 0x00, 0x00, 0x00, 0x00, 
	0x2d, 0x7f, 0xff, 0x00, 0x00, 0x00, 0x00, 0x00, 0x00, 0x02, 0xef, 0xe8, 0xa0, 0x00, 0x00, 0x00, 
	0x00, 0x00, 0x00, 0x00, 0x00, 0x00, 0x00, 0x00, 0x00, 0xab, 0xee, 0xee, 0x00, 0x00, 0x00, 0x00, 
	0x00, 0x00, 0x01, 0xff, 0xfc, 0x10, 0x00, 0x00, 0x00, 0x00, 0x00, 0x00, 0x00, 0x00, 0x00, 0x00, 
	0x00, 0x04, 0x47, 0xff, 0xfc, 0x00, 0x00, 0x00, 0x00, 0x00, 0x00, 0x02, 0xbb, 0xfe, 0x0a, 0x00, 
	0x00, 0x00, 0x00, 0x00, 0x00, 0x00, 0x00, 0x00, 0x00, 0x00, 0x2a, 0xab, 0xfb, 0xf8, 0x00, 0x00, 
	0x00, 0x00, 0x00, 0x00, 0x00, 0x7f, 0xff, 0x01, 0x00, 0x00, 0x00, 0x00, 0x00, 0x00, 0x00, 0x00, 
	0x00, 0x00, 0x00, 0x34, 0x1f, 0xff, 0xf0, 0x00, 0x00, 0x00, 0x00, 0x00, 0x00, 0x00, 0xeb, 0xff, 
	0x88, 0x88, 0x00, 0x00, 0x00, 0x00, 0x00, 0x00, 0x00, 0x00, 0x00, 0x00, 0x8a, 0xbe, 0xbe, 0xee, 
	0x00, 0x00, 0x00, 0x00, 0x00, 0x00, 0x00, 0xdf, 0xff, 0xc0, 0x44, 0x00, 0x00, 0x00, 0x00, 0x00, 
	0x00, 0x00, 0x00, 0x00, 0x00, 0x5c, 0x7f, 0xdf, 0xfc, 0x00, 0x00, 0x00, 0x00, 0x00, 0x00, 0x00, 
	0xae, 0xaf, 0xe8, 0x2a, 0x00, 0x00, 0x00, 0x00, 0x00, 0x00, 0x00, 0x00, 0x00, 0x00, 0xa8, 0xff, 
	0xaa, 0xba, 0x00, 0x00, 0x00, 0x00, 0x00, 0x00, 0x00, 0xff, 0xff, 0xfc, 0x06, 0x00, 0x00, 0x00, 
	0x00, 0x00, 0x00, 0x00, 0x00, 0x00, 0x03, 0x01, 0xff, 0xff, 0xf8, 0x00, 0x00, 0x00, 0x00, 0x00, 
	0x00, 0x00, 0xfe, 0xae, 0xee, 0x0a, 0xa0, 0x00, 0x00, 0x00, 0x00, 0x00, 0x00, 0x00, 0x00, 0x0a, 
	0xab, 0xea, 0xef, 0xf8, 0x00, 0x00, 0x00, 0x00, 0x00, 0x00, 0x00, 0x7f, 0xdd, 0xff, 0x01, 0x40, 
	0x00, 0x00, 0x00, 0x00, 0x00, 0x00, 0x00, 0x00, 0x05, 0x07, 0xfd, 0xff, 0xc0, 0x00, 0x00, 0x00, 
	0x00, 0x00, 0x00, 0x00, 0x2a, 0xaa, 0xbf, 0x80, 0xa0, 0x00, 0x00, 0x00, 0x00, 0x00, 0x00, 0x00, 
	0x00, 0x0a, 0x8f, 0xfa, 0xbf, 0xa0, 0x00, 0x00, 0x00, 0x00, 0x00, 0x00, 0x00, 0x17, 0xff, 0xff, 
	0x80, 0x10, 0x00, 0x00, 0x00, 0x00, 0x00, 0x00, 0x00, 0x00, 0x01, 0x1f, 0xff, 0xff, 0x60, 0x00, 
	0x00, 0x00, 0x00, 0x00, 0x00, 0x00, 0x2a, 0xaa, 0xee, 0xe0, 0x88, 0x00, 0x00, 0x00, 0x00, 0x00, 
	0x00, 0x00, 0x00, 0x0a, 0xbe, 0xea, 0xae, 0xe0, 0x00, 0x00, 0x00, 0x00, 0x00, 0x00, 0x00, 0x1d, 
	0xdf, 0xdf, 0xe0, 0x18, 0x00, 0x00, 0x00, 0x00, 0x00, 0x00, 0x00, 0x00, 0x10, 0x7f, 0xdf, 0xdf, 
	0xc0, 0x00, 0x00, 0x00, 0x00, 0x00, 0x00, 0x00, 0x0b, 0xaa, 0xbb, 0xa0, 0x02, 0x00, 0x00, 0x00, 
	0x00, 0x00, 0x00, 0x00, 0x00, 0x20, 0xbe, 0xaa, 0xaa, 0x80, 0x00, 0x00, 0x00, 0x00, 0x00, 0x00, 
	0x00, 0x0f, 0xff, 0xff, 0x50, 0x05, 0x00, 0x00, 0x00, 0x00, 0x00, 0x00, 0x00, 0x00, 0x60, 0x7f, 
	0xff, 0xff, 0x00, 0x00, 0x00, 0x00, 0x00, 0x00, 0x00, 0x00, 0x0e, 0xee, 0xae, 0xe8, 0x08, 0x80, 
	0x00, 0x00, 0x00, 0x80, 0x00, 0x00, 0x00, 0xc8, 0xae, 0xee, 0xfe, 0x80, 0x00, 0x00, 0x00, 0x00, 
	0x00, 0x00, 0x00, 0x07, 0xfd, 0xff, 0xfc, 0x00, 0x80, 0x00, 0x00, 0x03, 0xf0, 0x00, 0x00, 0x00, 
	0x40, 0xff, 0xff, 0xfe, 0x00, 0x00, 0x00, 0x00, 0x00, 0x00, 0x00, 0x00, 0x03, 0xaa, 0xab, 0xba, 
	0x00, 0x80, 0x00, 0x00, 0x0f, 0xaa, 0x00, 0x00, 0x02, 0x83, 0xfb, 0xba, 0xaa, 0x00, 0x00, 0x00, 
	0x00, 0x00, 0x00, 0x00, 0x00, 0x00, 0xff, 0xff, 0xfd, 0x00, 0x40, 0x00, 0x00, 0x18, 0x7f, 0x00, 
	0x00, 0x01, 0x83, 0xff, 0xff, 0xf4, 0x00, 0x00, 0x00, 0x00, 0x00, 0x00, 0x00, 0x00, 0x00, 0xaa, 
	0xaa, 0xff, 0x80, 0xa0, 0x00, 0x00, 0xa8, 0x2a, 0x80, 0x00, 0x02, 0x8a, 0xee, 0xea, 0xa8, 0x00, 
	0x00, 0x00, 0x00, 0x00, 0x00, 0x00, 0x00, 0x00, 0xc7, 0xff, 0xff, 0xc0, 0x40, 0x00, 0x00, 0xc0, 
	0x0f, 0xc0, 0x00, 0x04, 0x07, 0xfd, 0xff, 0x58, 0x00, 0x00, 0x00, 0x00, 0x00, 0x00, 0x00, 0x00, 
	0x00, 0x2a, 0xaa, 0xbf, 0xe0, 0x20, 0x00, 0x00, 0x80, 0x03, 0xa0, 0x00, 0x0e, 0x8f, 0xfa, 0xba, 
	0xe0, 0x00, 0x00, 0x00, 0x00, 0x00, 0x00, 0x00, 0x00, 0x00, 0x7f, 0xff, 0xff, 0xc0, 0x10, 0x00, 
	0x01, 0x00, 0x07, 0xe0, 0x00, 0x04, 0x0f, 0xff, 0xff, 0xe0, 0x00, 0x00, 0x00, 0x00, 0x00, 0x00, 
	0x00, 0x00, 0x00, 0x3e, 0xaa, 0xee, 0xa0, 0x08, 0x00, 0x00, 0x80, 0x02, 0xe2, 0xa8, 0x0e, 0x8a, 
	0xee, 0xaa, 0xe0, 0x00, 0x00, 0x00, 0x00, 0x00, 0x00, 0x00, 0x00, 0x00, 0x0f, 0xfd, 0xfd, 0xf0, 
	0x0c, 0x00, 0x01, 0x05, 0x83, 0xe7, 0xfd, 0xcf, 0x0f, 0xff, 0xff, 0xc0, 0x00, 0x00, 0x00, 0x00, 
	0x00, 0x00, 0x00, 0x00, 0x00, 0x02, 0xaa, 0xbb, 0xa8, 0x0a, 0x00, 0x00, 0x3f, 0xa3, 0xfe, 0xab, 
	0xfa, 0x2f, 0xaa, 0xaa, 0x80, 0x00, 0x00, 0x00, 0x00, 0x00, 0x00, 0x00, 0x00, 0x00, 0x07, 0xff, 
	0xff, 0xf4, 0x04, 0x00, 0x01, 0xc7, 0xff, 0xff, 0xff, 0xfe, 0x7f, 0xff, 0xff, 0x00, 0x00, 0x00, 
	0x00, 0x00, 0x00, 0x00, 0x00, 0x00, 0x00, 0x0a, 0xea, 0xee, 0xfe, 0x8a, 0x0a, 0xaa, 0xaf, 0xee, 
	0xff, 0xff, 0xfa, 0x3e, 0xea, 0xfe, 0x00, 0x00, 0x00, 0x00, 0x00, 0x00, 0x00, 0x00, 0x00, 0x00, 
	0x00, 0xff, 0xff, 0xfe, 0x00, 0x1f, 0xf1, 0xff, 0xff, 0xff, 0xff, 0xf8, 0x7f, 0xff, 0xfc, 0x00, 
	0x00, 0x00, 0x00, 0x00, 0x00, 0x00, 0x0b, 0xba, 0x00, 0x00, 0xba, 0xaf, 0xfa, 0x0a, 0x2a, 0xaa, 
	0xff, 0xff, 0xff, 0xff, 0xfa, 0x3f, 0xab, 0xb8, 0x00, 0x00, 0x00, 0x00, 0x00, 0x00, 0x00, 0x07, 
	0xfe, 0x00, 0x00, 0x7f, 0xff, 0xfe, 0x03, 0x41, 0x3f, 0x3f, 0xff, 0xff, 0xff, 0xf0, 0x7f, 0xff, 
	0xd0, 0x00, 0x00, 0x00, 0x00, 0x00, 0x00, 0x00, 0x00, 0x0e, 0x00, 0x00, 0x2a, 0xee, 0xee, 0x8a, 
	0xca, 0xee, 0xaf, 0xff, 0xfe, 0xef, 0xe8, 0xfe, 0xee, 0xa0, 0x00, 0x00, 0x00, 0x00, 0x00, 0x00, 
	0x00, 0x00, 0x1c, 0x00, 0x00, 0x0f, 0xff, 0xff, 0xc1, 0xcd, 0xff, 0xf1, 0xff, 0xff, 0xff, 0xf0, 
	0xff, 0xff, 0xc0, 0x00, 0x00, 0x00, 0x00, 0x00, 0x00, 0x00, 0x00, 0x38, 0x00, 0x00, 0x0b, 0xaf, 
	0xaf, 0xaa, 0xab, 0xff, 0xaa, 0xbf, 0xff, 0xff, 0xea, 0xff, 0xfb, 0x80, 0x00, 0x00, 0x00, 0x00, 
	0x00, 0x00, 0x00, 0x00, 0x70, 0x00, 0x00, 0x07, 0xff, 0xff, 0x41, 0x7f, 0xff, 0x00, 0x1f, 0xff, 
	0xff, 0xd3, 0x7f, 0xff, 0xe0, 0x00, 0x00, 0x00, 0x00, 0x00, 0x00, 0x00, 0x00, 0xe0, 0x00, 0xa8, 
	0x03, 0xea, 0xfe, 0x80, 0xbf, 0xe8, 0x08, 0x8a, 0xfe, 0xee, 0x88, 0xee, 0xff, 0xe8, 0x00, 0x00, 
	0x00, 0x00, 0x00, 0x00, 0x00, 0x01, 0xc0, 0x00, 0xf8, 0x01, 0xff, 0xff, 0xe0, 0x3f, 0xc0, 0x05, 
	0x0f, 0xff, 0xff, 0xc1, 0xff, 0xff, 0xfc, 0x00, 0x00, 0x00, 0x00, 0x00, 0x00, 0x00, 0x03, 0x80, 
	0x00, 0xb8, 0x00, 0xbb, 0xbb, 0xf8, 0xbe, 0x80, 0x02, 0xaf, 0xff, 0xff, 0x83, 0xfb, 0xff, 0xfa, 
	0x00, 0x00, 0x00, 0x00, 0x00, 0x00, 0x00, 0x07, 0x00, 0x00, 0x20, 0x00, 0x3f, 0xf7, 0xf9, 0x3e, 
	0x00, 0x00, 0x4f, 0xff, 0xff, 0xc7, 0xff, 0xff, 0xff, 0x00, 0x00, 0x00, 0x00, 0x00, 0x00, 0x00, 
	0x0f, 0xfe, 0x00, 0xe0, 0x00, 0x2e, 0xaa, 0xe8, 0xb8, 0x88, 0x0a, 0xee, 0xff, 0xff, 0xef, 0xff, 
	0xff, 0xfe, 0x80, 0x00, 0x00, 0x00, 0x00, 0x00, 0x00, 0x05, 0xdc, 0x00, 0xc0, 0x00, 0x0f, 0xdf, 
	0xf0, 0x3c, 0x00, 0x00, 0xff, 0xff, 0xff, 0xc5, 0xff, 0xff, 0xff, 0xc0, 0x00, 0x00, 0x00, 0x00, 
	0x00, 0x00, 0x00, 0x00, 0xa8, 0xb8, 0x00, 0x03, 0xfb, 0xfa, 0x2a, 0x00, 0x0a, 0xbf, 0xff, 0xff, 
	0x8b, 0xff, 0xff, 0xff, 0xa0, 0x00, 0x00, 0x00, 0x00, 0x00, 0x00, 0x00, 0x00, 0x5c, 0x00, 0x00, 
	0x01, 0xff, 0xfe, 0x7c, 0x00, 0x1f, 0xff, 0xff, 0xff, 0xc7, 0xff, 0xff, 0xff, 0xd0, 0x00, 0x00, 
	0x00, 0x00, 0x00, 0x00, 0x00, 0x00, 0x0c, 0x00, 0x00, 0x00, 0xae, 0xee, 0xa8, 0x00, 0xbf, 0xbf, 
	0xff, 0xef, 0xcf, 0xff, 0xff, 0xef, 0xe8, 0x00, 0x00, 0x00, 0x00, 0x00, 0x00, 0x00, 0x00, 0x18, 
	0x00, 0x00, 0x00, 0x1f, 0xfc, 0x1e, 0x00, 0x47, 0xff, 0xff, 0xff, 0x9f, 0xff, 0xff, 0xff, 0xe8, 
	0x00, 0x00, 0x00, 0x00, 0x00, 0x00, 0x00, 0x00, 0x28, 0x00, 0x00, 0x00, 0xaf, 0xfe, 0xae, 0x02, 
	0x03, 0xff, 0xff, 0xff, 0x8f, 0xff, 0xff, 0xfb, 0xea, 0x00, 0x00, 0x00, 0x00, 0x00, 0x00, 0x00, 
	0x00, 0x60, 0x00, 0x00, 0x00, 0x5f, 0xff, 0xde, 0x00, 0x06, 0x3f, 0xff, 0xff, 0x1f, 0xff, 0xff, 
	0xff, 0xfc, 0x00, 0x00, 0x00, 0x00, 0x00, 0x00, 0x00, 0x00, 0xec, 0x00, 0x00, 0x00, 0xbf, 0xef, 
	0x8e, 0x88, 0xa8, 0xbf, 0xff, 0xee, 0xaf, 0xfe, 0xff, 0xfe, 0xee, 0x00, 0x06, 0x00, 0x00, 0x00, 
	0x00, 0x00, 0x00, 0xfc, 0x00, 0x00, 0x00, 0x7f, 0xff, 0xcf, 0x04, 0x00, 0x7f, 0xff, 0xff, 0xff, 
	0xff, 0xff, 0xff, 0xff, 0x00, 0x04, 0x00, 0x00, 0x00, 0x00, 0x00, 0x00, 0x00, 0x02, 0x00, 0x02, 
	0xff, 0xef, 0xef, 0xa8, 0x20, 0xbf, 0xff, 0xfb, 0xbf, 0xff, 0xff, 0xff, 0xfb, 0x80, 0x0a, 0x00, 
	0x00, 0x00, 0x00, 0x00, 0x00, 0x00, 0x01, 0x40, 0x05, 0xff, 0xd7, 0xf7, 0x10, 0x00, 0x7f, 0xff, 
	0xff, 0xff, 0xff, 0xff, 0xff, 0xff, 0xe0, 0x0c, 0x00, 0x00, 0x00, 0x00, 0x00, 0x00, 0x00, 0x00, 
	0xe0, 0x0b, 0xff, 0xaa, 0xeb, 0xe0, 0x80, 0xfe, 0xff, 0xee, 0xef, 0xfe, 0xee, 0xff, 0xfe, 0xe8, 
	0x28, 0x00, 0x00, 0x00, 0x00, 0x00, 0x00, 0x00, 0x03, 0xe0, 0x17, 0xff, 0x44, 0xf7, 0xc0, 0x01, 
	0xff, 0xff, 0xff, 0xff, 0xff, 0xff, 0xff, 0xff, 0xff, 0xf0, 0x00, 0x00, 0x00, 0x00, 0x00, 0x00, 
	0x00, 0x03, 0xa0, 0x2b, 0xfe, 0xaa, 0xbb, 0x80, 0x01, 0xff, 0xff, 0xfb, 0xba, 0xff, 0xbf, 0xff, 
	0xff, 0xff, 0xa0, 0x00, 0x00, 0x00, 0x00, 0x00, 0x00, 0x00, 0x01, 0xc0, 0x2f, 0xfc, 0x00, 0x7f, 
	0x00, 0x01, 0xff, 0xff, 0xff, 0xfd, 0xff, 0xff, 0xff, 0xff, 0xff, 0x80, 0x00, 0x00, 0x00, 0x00, 
	0x00, 0x00, 0x00, 0x00, 0xa8, 0xae, 0xf8, 0xa8, 0xae, 0x00, 0x00, 0xff, 0xfe, 0xfe, 0xee, 0xfe, 
	0xee, 0xee, 0xff, 0xea, 0x80, 0x00, 0x00, 0x00, 0x00, 0x00, 0x00, 0x00, 0x00, 0x00, 0x5f, 0xf8, 
	0x00, 0x04, 0x00, 0x01, 0xff, 0xff, 0xff, 0xff, 0xff, 0xff, 0xff, 0xff, 0xf8, 0x00, 0x00, 0x00, 
	0x00, 0x00, 0x00, 0x00, 0x00, 0x00, 0x00, 0xbf, 0xe8, 0x22, 0x28, 0x00, 0x03, 0xff, 0xff, 0xff, 
	0xbe, 0xff, 0xff, 0xff, 0xff, 0xfa, 0x00, 0x00, 0x00, 0x00, 0x00, 0x00, 0x00, 0x00, 0x00, 0x00, 
	0x1f, 0xe0, 0x00, 0x10, 0x00, 0x05, 0xff, 0xff, 0xff, 0xff, 0xff, 0xff, 0xff, 0xff, 0xfe, 0x00, 
	0x00, 0x00, 0x00, 0x00, 0x00, 0x00, 0x00, 0x00, 0x00, 0xaa, 0xe8, 0x80, 0xa0, 0x08, 0x08, 0xfe, 
	0xee, 0xee, 0xee, 0xef, 0xff, 0xff, 0xee, 0xfe, 0x00, 0x00, 0x00, 0x00, 0x00, 0x00, 0x00, 0x00, 
	0x00, 0x01, 0x77, 0xc0, 0x00, 0x00, 0x00, 0x05, 0xff, 0xff, 0xff, 0xff, 0xff, 0xff, 0xff, 0xff, 
	0xff, 0x00, 0x00, 0x00, 0x00, 0x00, 0x00, 0xa0, 0x00, 0x00, 0x02, 0xab, 0x80, 0x00, 0x80, 0x00, 
	0x2a, 0xfb, 0xfb, 0xbb, 0xfa, 0xbf, 0xff, 0xff, 0xff, 0xff, 0x80, 0x00, 0x00, 0x00, 0x00, 0x01, 
	0x70, 0x00, 0x00, 0x02, 0x3f, 0x00, 0x00, 0x00, 0x00, 0x05, 0xff, 0xff, 0xff, 0xfd, 0xff, 0xff, 
	0xff, 0xff, 0xff, 0x80, 0x00, 0x00, 0x00, 0x00, 0x02, 0x8c, 0x00, 0x00, 0x08, 0xbe, 0x80, 0x00, 
	0x88, 0x00, 0x0e, 0xee, 0xef, 0xee, 0xfa, 0xee, 0xff, 0xff, 0xfe, 0xef, 0x80, 0x00, 0x00, 0x00, 
	0x00, 0x04, 0x04, 0x00, 0x00, 0x0c, 0xff, 0x00, 0x00, 0x00, 0x00, 0x06, 0xff, 0xff, 0xff, 0xdf, 
	0xff, 0xff, 0xff, 0xff, 0xff, 0xe0, 0x00, 0x00, 0x00, 0x00, 0x0a, 0x02, 0x00, 0x00, 0x2b, 0xee, 
	0x00, 0x02, 0x20, 0x00, 0x0e, 0xfb, 0xbb, 0xff, 0xbf, 0xbb, 0xbf, 0xff, 0xff, 0xfb, 0xa8, 0x00, 
	0x00, 0x00, 0x00, 0x04, 0x03, 0x00, 0x00, 0x13, 0xfc, 0x00, 0x00, 0x00, 0x00, 0x06, 0x7f, 0xff, 
	0xff, 0xff, 0xff, 0xff, 0xff, 0xff, 0xff, 0xfc, 0x00, 0x00, 0x00, 0x00, 0x0e, 0x8a, 0x00, 0x00, 
	0xab, 0xe8, 0x08, 0x02, 0x80, 0x00, 0x0e, 0xee, 0xee, 0xee, 0xee, 0xee, 0xef, 0xff, 0xff, 0xff, 
	0xee, 0x80, 0x80, 0x00, 0x00, 0x04, 0x0c, 0x00, 0x00, 0x5f, 0xf8, 0x00, 0x00, 0x00, 0x00, 0x0f, 
	0x7f, 0xff, 0xfd, 0xff, 0xff, 0xff, 0xff, 0xff, 0xff, 0xff, 0xc0, 0x80, 0x00, 0x00, 0x02, 0xa8, 
	0x00, 0x00, 0xbb, 0xb8, 0x00, 0x00, 0x00, 0x00, 0x0f, 0xbb, 0xba, 0xfb, 0xab, 0xab, 0xbb, 0xfb, 
	0xff, 0xff, 0xff, 0xbf, 0x80, 0x00, 0x00, 0x01, 0xf0, 0x80, 0x03, 0xf7, 0xf0, 0x00, 0x00, 0x00, 
	0x00, 0x0f, 0xbf, 0xff, 0xff, 0xff, 0xff, 0xff, 0xff, 0xff, 0xff, 0xff, 0xff, 0x00, 0x00, 0x00, 
	0x02, 0xa8, 0x80, 0x0a, 0xae, 0xe8, 0x80, 0x08, 0x00, 0x80, 0x0f, 0xae, 0xee, 0xfe, 0xee, 0xee, 
	0xef, 0xff, 0xff, 0xfe, 0xff, 0xfa, 0x00, 0x00, 0x00, 0x00, 0x40, 0x80, 0x1f, 0x2f, 0xc8, 0x00, 
	0x00, 0x00, 0x00, 0x0f, 0xdf, 0xf7, 0xff, 0xff, 0xff, 0xff, 0xff, 0xff, 0xff, 0xff, 0xf0, 0x00, 
	0x00, 0x00, 0x02, 0xa2, 0x88, 0xba, 0xaf, 0xaa, 0x00, 0x02, 0x00, 0x00, 0x0f, 0xab, 0xab, 0xfb, 
	0xbb, 0xfb, 0xbf, 0xff, 0xff, 0xff, 0xff, 0xe0, 0x00, 0x00, 0x00, 0x01, 0x80, 0x19, 0xf1, 0x1f, 
	0x10, 0x00, 0x00, 0x00, 0x00, 0x0f, 0xf7, 0xff, 0xff, 0xff, 0xff, 0xff, 0xdf, 0xff, 0xff, 0xfc, 
	0x00, 0x00, 0x00, 0x00, 0x00, 0x80, 0x0a, 0x82, 0xae, 0xba, 0x00, 0x08, 0x00, 0x80, 0x0e, 0xea, 
	0xee, 0xfe, 0xee, 0xfe, 0xaf, 0x8e, 0xee, 0xee, 0xfe, 0x00, 0x00, 0x00, 0x00, 0x00, 0x00, 0x00, 
	0x04, 0x7d, 0xf4, 0x00, 0x00, 0x00, 0x00, 0x0f, 0xff, 0xff, 0xff, 0xff, 0xff, 0x0f, 0x8f, 0xff, 
	0xff, 0xfe, 0x00, 0x00, 0x00, 0x00, 0x00, 0x00, 0x00, 0x08, 0xbb, 0xa2, 0x00, 0x00, 0x00, 0x00, 
	0x0b, 0xbb, 0xfb, 0xbf, 0xbb, 0xbe, 0x0a, 0xaf, 0xfe, 0xfb, 0xbe, 0x82, 0x00, 0x00, 0x00, 0x00, 
	0x00, 0x00, 0x10, 0x7f, 0xf0, 0x00, 0x00, 0x00, 0x00, 0x0f, 0xff, 0xff, 0xff, 0xff, 0xff, 0x01, 
	0x1f, 0xff, 0xff, 0xff, 0xc7, 0x00, 0x00, 0x00, 0x00, 0x00, 0x00, 0x28, 0xae, 0xe8, 0x00, 0x08, 
	0x00, 0x80, 0x0e, 0xee, 0xee, 0xee, 0xee, 0xee, 0xe8, 0xbf, 0xfe, 0xee, 0xea, 0xee, 0x00, 0x00, 
	0x00, 0x00, 0x00, 0x00, 0x21, 0xff, 0xc0, 0x00, 0x00, 0x00, 0x00, 0x0f, 0xff, 0xff, 0xff, 0xff, 
	0xff, 0xfc, 0x7f, 0xff, 0xff, 0xff, 0xfc, 0x00, 0x00, 0x00, 0x00, 0x00, 0x00, 0x23, 0xff, 0xe8, 
	0x00, 0x20, 0x00, 0x00, 0x03, 0xbb, 0xbf, 0xff, 0xfb, 0xbf, 0xfa, 0x2f, 0xff, 0xbf, 0xbf, 0xaa, 
	0x82, 0x00, 0x00, 0x00, 0x00, 0x00, 0x47, 0xff, 0xd0, 0x00, 0x00, 0x00, 0x00, 0x07, 0xff, 0xff, 
	0xff, 0xff, 0xff, 0xfc, 0x07, 0xff, 0xff, 0xff, 0xff, 0x03, 0x00, 0x00, 0x00, 0x00, 0x00, 0x8f, 
	0xee, 0xe0, 0x80, 0x00, 0x00, 0x80, 0x0b, 0xee, 0xee, 0xee, 0xee, 0xff, 0xe8, 0xa3, 0xff, 0xff, 
	0xee, 0xee, 0xfe, 0x00, 0x00, 0x00, 0x00, 0x00, 0xcf, 0xff, 0xc0, 0x00, 0x00, 0x00, 0x00, 0x07, 
	0xff, 0xff, 0xff, 0xff, 0xff, 0xf1, 0xf3, 0xff, 0xff, 0xff, 0xff, 0xfc, 0x00, 0x00, 0x00, 0x00, 
	0x00, 0xab, 0xfb, 0xe0, 0x80, 0x20, 0x00, 0x00, 0x03, 0xbf, 0xbf, 0xfb, 0xfb, 0xff, 0xe2, 0xfb, 
	0xff, 0xff, 0xff, 0xff, 0xb8, 0x00, 0x00, 0x00, 0x00, 0x01, 0x9f, 0xff, 0xc0, 0x00, 0x00, 0x00, 
	0x00, 0x03, 0xff, 0xff, 0xff, 0xff, 0xff, 0xe3, 0xff, 0xff, 0xff, 0xff, 0xff, 0xf0, 0x00, 0x00, 
	0x00, 0x00, 0x00, 0xae, 0xee, 0xe0, 0x80, 0x00, 0x00, 0x88, 0x0b, 0xee, 0xfe, 0xfa, 0xfe, 0xff, 
	0xca, 0xff, 0xef, 0xef, 0xff, 0xee, 0xe8, 0x00, 0x00, 0x00, 0x00, 0x01, 0xff, 0xdf, 0xc0, 0x00, 
	0x00, 0x00, 0x00, 0x01, 0xff, 0xff, 0xfd, 0xff, 0xff, 0xc7, 0xff, 0xff, 0xff, 0xff, 0xff, 0xe0, 
	0x00, 0x00, 0x00, 0x00, 0x02, 0xbb, 0xbf, 0x82, 0x80, 0x20, 0x00, 0x80, 0x08, 0xff, 0xff, 0xfa, 
	0xff, 0xff, 0xeb, 0xff, 0xfe, 0xbf, 0xff, 0xbb, 0xa0, 0x00, 0x00, 0x00, 0x00, 0x03, 0xff, 0xff, 
	0x80, 0x00, 0x00, 0x01, 0x00, 0x00, 0xff, 0xff, 0xfc, 0x7f, 0xff, 0xff, 0xff, 0xfe, 0x7f, 0xff, 
	0xff, 0x00, 0x00, 0x00, 0x00, 0x00, 0x0e, 0xee, 0xbf, 0x8e, 0x82, 0x88, 0x02, 0x88, 0x02, 0xee, 
	0xfe, 0xf8, 0xaf, 0xff, 0xee, 0xff, 0xfe, 0xee, 0xef, 0xee, 0x00, 0x00, 0x00, 0x00, 0x00, 0x0f, 
	0xff, 0xff, 0x8f, 0x07, 0x80, 0x00, 0x80, 0x01, 0x7f, 0xff, 0xfc, 0x7f, 0xff, 0xff, 0xff, 0xff, 
	0xf7, 0xff, 0xfc, 0x00, 0x00, 0x00, 0x00, 0x00, 0x2a, 0xbf, 0xbe, 0x8f, 0x8f, 0x80, 0x02, 0x8a, 
	0x02, 0xbf, 0xff, 0xfa, 0x3f, 0xff, 0xfb, 0xff, 0xff, 0xfb, 0xff, 0xfe, 0xa0, 0x00, 0x00, 0x00, 
	0x00, 0x7f, 0xff, 0xfd, 0x07, 0xdf, 0x00, 0x01, 0x80, 0x01, 0xdf, 0xff, 0xf8, 0x1f, 0xff, 0xff, 
	0xff, 0xff, 0xfd, 0xff, 0xff, 0xc0, 0x00, 0x00, 0x00, 0x0e, 0xae, 0xef, 0xea, 0x83, 0xee, 0x08, 
	0x0a, 0x88, 0x02, 0xef, 0xff, 0xe8, 0x0e, 0xef, 0xee, 0xff, 0xee, 0xea, 0xfe, 0xff, 0x80, 0x00, 
	0x00, 0x00, 0x0f, 0xff, 0xff, 0xfe, 0x01, 0xfc, 0x00, 0x01, 0xc0, 0x00, 0xef, 0xff, 0xf8, 0x07, 
	0xff, 0xff, 0xff, 0xff, 0xe4, 0xff, 0xff, 0xc0, 0x00, 0x00, 0x00, 0x0b, 0xff, 0xbb, 0xea, 0x22, 
	0xf8, 0x00, 0x03, 0xc2, 0x00, 0xfb, 0xff, 0xfa, 0xab, 0xff, 0xfb, 0xff, 0xff, 0xea, 0xeb, 0xff, 
	0xa8, 0x00, 0x00, 0x00, 0x03, 0xff, 0xff, 0xf6, 0x01, 0xf8, 0x00, 0x01, 0xc0, 0x00, 0x7f, 0xff, 
	0xff, 0xff, 0xff, 0xff, 0xff, 0xff, 0xfc, 0xff, 0xff, 0xfc, 0x00, 0x00, 0x00, 0x00, 0xee, 0xfa, 
	0xee, 0x03, 0xf8, 0x08, 0x00, 0xa2, 0x80, 0xbf, 0xff, 0xee, 0x8a, 0xef, 0xee, 0xff, 0xef, 0xf8, 
	0xfe, 0xff, 0xee, 0x00, 0x00, 0x00, 0x00, 0xff, 0xff, 0xfc, 0x07, 0xde, 0x00, 0x01, 0x40, 0x00, 
	0x7f, 0xff, 0xfc, 0x00, 0x7f, 0xff, 0xff, 0xff, 0xf8, 0xff, 0xff, 0xff, 0xc0, 0x00, 0x00, 0x00, 
	0x3b, 0xeb, 0xf8, 0x2f, 0x8e, 0xa0, 0x22, 0xa2, 0x80, 0x3f, 0xff, 0xfa, 0x00, 0xaa, 0xbf, 0xff, 
	0xff, 0xfb, 0xff, 0xff, 0xfa, 0xe0, 0x00, 0x00, 0x00, 0x0f, 0xff, 0xf8, 0x1f, 0x0f, 0x00, 0x03, 
	0x10, 0x00, 0x3f, 0xff, 0xf0, 0x00, 0x07, 0xff, 0xff, 0xff, 0xff, 0xff, 0xff, 0xff, 0xf0, 0x00, 
	0x00, 0x00, 0x0a, 0xfe, 0xe8, 0x8e, 0x8a, 0xa8, 0x2a, 0xaa, 0x80, 0x8f, 0xfe, 0xe8, 0x00, 0x0a, 
	0xee, 0xef, 0xff, 0xff, 0xff, 0xff, 0xfe, 0xf8, 0x00, 0x00, 0x00, 0x00, 0x1f, 0x70, 0x04, 0x02, 
	0x00, 0x02, 0x11, 0x00, 0x0f, 0xff, 0xf0, 0x00, 0x00, 0x7f, 0xff, 0xff, 0xff, 0xff, 0xff, 0xff, 
	0xfc, 0x00, 0x00, 0x00, 0x00, 0x0e, 0xa2, 0x00, 0x00, 0x20, 0x22, 0x0a, 0xa0, 0x2b, 0xff, 0xaa, 
	0x80, 0x02, 0xbf, 0xff, 0xfe, 0xff, 0xff, 0xff, 0xff, 0xfa, 0x80, 0x00, 0x00, 0x00, 0x1f, 0xc0, 
	0x00, 0x00, 0x20, 0x34, 0x1c, 0x00, 0x03, 0xff, 0x74, 0x00, 0x05, 0x3f, 0xff, 0xff, 0x7f, 0xff, 
	0xff, 0xff, 0xff, 0x80, 0x00, 0x00, 0x00, 0x2f, 0x8a, 0x88, 0x80, 0x28, 0xae, 0xee, 0xa8, 0x0a, 
	0xfe, 0xa8, 0x00, 0x2a, 0xbe, 0xef, 0xfe, 0xbe, 0xff, 0xff, 0xff, 0xee, 0xa0, 0x00, 0x00, 0x00, 
	0x3f, 0x84, 0x40, 0x00, 0x00, 0x57, 0xc4, 0x60, 0x04, 0xff, 0x70, 0x00, 0x5f, 0xff, 0xff, 0xff, 
	0x7f, 0xff, 0xff, 0xff, 0xff, 0xe0, 0x00, 0x00, 0x00, 0x3e, 0xae, 0x00, 0xa0, 0x0a, 0x2a, 0x2a, 
	0x28, 0x03, 0xbe, 0xea, 0xaa, 0x3f, 0xff, 0xff, 0xfe, 0xbb, 0xff, 0xff, 0xff, 0xff, 0xf8, 0x00, 
	0x00, 0x00, 0x7c, 0x5c, 0x00, 0x00, 0x10, 0x18, 0x17, 0x10, 0x01, 0xfd, 0x57, 0x41, 0x7f, 0xff, 
	0xff, 0xff, 0xf9, 0xff, 0xff, 0xff, 0xff, 0xf0, 0x00, 0x00, 0x00, 0xea, 0xf8, 0x08, 0x80, 0x08, 
	0xa8, 0x0a, 0x88, 0x88, 0xfe, 0xaa, 0xae, 0xef, 0xef, 0xef, 0xfe, 0xaa, 0xef, 0xff, 0xff, 0xee, 
	0xf8, 0x00, 0x00, 0x00, 0x7f, 0xfc, 0x00, 0x00, 0x18, 0x50, 0x00, 0xcc, 0x00, 0x7d, 0xc7, 0xff, 
	0xff, 0xff, 0xff, 0xff, 0xcc, 0x7f, 0xff, 0xff, 0xff, 0xf0, 0x00, 0x00, 0x00, 0xbf, 0xb8, 0x08, 
	0x20, 0x08, 0xa8, 0x02, 0xaa, 0x00, 0xba, 0xaf, 0xff, 0xfb, 0xff, 0xff, 0xff, 0xea, 0xbf, 0xff, 
	0xff, 0xfb, 0xf8, 0x00, 0x00, 0x01, 0xff, 0x78, 0x10, 0x00, 0x08, 0x50, 0x00, 0x47, 0x00, 0x3f, 
	0x1f, 0xff, 0xfd, 0xff, 0xff, 0xff, 0xff, 0x5f, 0xff, 0xff, 0xff, 0xf0, 0x00, 0x00, 0x02, 0xfe, 
	0xa8, 0x08, 0xa0, 0x88, 0xa8, 0x00, 0xaa, 0x88, 0xbe, 0xaf, 0xfe, 0xea, 0xef, 0xff, 0xfe, 0xee, 
	0xaa, 0xef, 0xff, 0xef, 0xf8, 0x00, 0x00, 0x03, 0xfc, 0x10, 0x18, 0x00, 0x04, 0xc0, 0x01, 0xc1, 
	0xc4, 0x1c, 0x15, 0x7c, 0x75, 0xff, 0xff, 0xff, 0xfc, 0xdc, 0xdf, 0xff, 0xff, 0xf0, 0x00, 0x02, 
	0x0b, 0xbe, 0xa8, 0x38, 0xa0, 0x02, 0xa8, 0x2e, 0xab, 0xaa, 0x8a, 0x02, 0xaa, 0xaa, 0xff, 0xff, 
	0xff, 0xfa, 0xaa, 0xbb, 0xff, 0xfb, 0xe0, 0x00, 0x01, 0x5f, 0xfc, 0x70, 0x30, 0x10, 0x06, 0xd1, 
	0x51, 0xf5, 0x4f, 0x97, 0x00, 0x00, 0x03, 0xff, 0xff, 0xff, 0x76, 0x5f, 0x5f, 0xff, 0xff, 0xe0, 
	0x00, 0x00, 0xfe, 0xe8, 0xa8, 0xa8, 0xa8, 0x0a, 0xe8, 0x8a, 0xea, 0xaa, 0xea, 0xa0, 0x88, 0x8b, 
	0xfe, 0xee, 0xff, 0xee, 0xae, 0xae, 0xee, 0xff, 0xe0, 0x00, 0x00, 0x1f, 0xf0, 0xc0, 0x40, 0x10, 
	0x01, 0xfd, 0xff, 0xfc, 0xd5, 0xdf, 0xc0, 0x00, 0x07, 0xff, 0xff, 0xff, 0xff, 0x7d, 0xcd, 0xff, 
	0xff, 0xe0, 0x00, 0x00, 0x2f, 0xfa, 0x80, 0xa8, 0x28, 0x2a, 0xff, 0xff, 0xfa, 0xab, 0xaa, 0x00, 
	0x02, 0xae, 0xff, 0xff, 0xff, 0xab, 0xab, 0xab, 0xbf, 0xff, 0xe0, 0x00, 0x00, 0x3f, 0xf1, 0xc0, 
	0x44, 0x40, 0x01, 0xff, 0xff, 0xc0, 0x47, 0x00, 0x00, 0x00, 0x3d, 0x7f, 0xff, 0xff, 0xf1, 0x1f, 
	0xd7, 0xff, 0xff, 0xf0, 0x00, 0x00, 0xfe, 0xfb, 0x88, 0xaa, 0xa8, 0x0a, 0xff, 0xfe, 0x88, 0xa8, 
	0x80, 0x00, 0x0a, 0xaa, 0xee, 0xfe, 0xfe, 0xea, 0xae, 0xae, 0xee, 0xff, 0xe8, 0x00, 0x00, 0xff, 
	0xf7, 0x10, 0xc4, 0x04, 0x1f, 0xff, 0xfc, 0x00, 0x00, 0x00, 0x00, 0x01, 0x58, 0xff, 0xff, 0xff, 
	0xf5, 0xf5, 0xdf, 0xff, 0xff, 0xfc, 0x00, 0x03, 0xff, 0xfb, 0xa2, 0xa2, 0x22, 0xa2, 0xee, 0xea, 
	0x00, 0x02, 0x00, 0x00, 0x00, 0xaa, 0xaf, 0xff, 0xfe, 0xea, 0xba, 0xaa, 0xab, 0xff, 0xf8, 0x00, 
	0x01, 0xff, 0xf7, 0x31, 0x46, 0x33, 0x00, 0x7f, 0x80, 0x00, 0x00, 0x00, 0x00, 0x00, 0x01, 0xff, 
	0xff, 0xff, 0x7f, 0xf1, 0xff, 0xff, 0xff, 0xfe, 0x00, 0x03, 0xef, 0xfa, 0xea, 0x8a, 0x2a, 0xa0, 
	0xaa, 0x88, 0x80, 0x00, 0x80, 0x00, 0x00, 0x0a, 0xee, 0xfe, 0xfe, 0xaa, 0xeb, 0xee, 0xae, 0xfe, 
	0xfe, 0x00, 0x01, 0xff, 0xff, 0xf1, 0xc6, 0x1d, 0x00, 0x1c, 0x00, 0x00, 0x00, 0x00, 0x00, 0x00, 
	0x47, 0xff, 0xff, 0xff, 0x1d, 0x45, 0xff, 0xff, 0xff, 0xfe, 0x00, 0x03, 0xff, 0xfb, 0xe3, 0xab, 
	0x3a, 0x88, 0x0a, 0xaa, 0x00, 0x00, 0x00, 0x00, 0x00, 0xbf, 0xff, 0xfb, 0xfa, 0x2f, 0xeb, 0xba, 
	0xaa, 0xaf, 0xbf, 0x00, 0x07, 0xff, 0xfd, 0xf1, 0xc7, 0x1d, 0x02, 0x01, 0x50, 0x00, 0x00, 0x00, 
	0x00, 0x00, 0x17, 0xff, 0xff, 0xff, 0x5f, 0xcf, 0xff, 0xff, 0xff, 0xff, 0x00, 0x0b, 0xff, 0xee, 
	0xea, 0xab, 0x8e, 0x8a, 0xaa, 0xa8, 0x80, 0x00, 0x00, 0x00, 0x00, 0x0b, 0xaf, 0xeb, 0xfe, 0x8f, 
	0xee, 0xea, 0xea, 0xee, 0xef, 0x00, 0x0f, 0xff, 0xff, 0xd1, 0xf7, 0xd4, 0x40, 0x7f, 0xc0, 0x00, 
	0x00, 0x00, 0x00, 0x00, 0x07, 0xdf, 0xf7, 0xfc, 0x0f, 0xff, 0xfd, 0xff, 0xff, 0xff, 0x00, 0x3f, 
	0xff, 0xbf, 0xaa, 0xfb, 0xaa, 0xa2, 0xae, 0xa8, 0x00, 0x00, 0x00, 0x00, 0x00, 0x2e, 0xbf, 0xef, 
	0xfe, 0xaa, 0xea, 0xaa, 0xab, 0xfb, 0xff, 0x00, 0x1f, 0xff, 0xff, 0xff, 0xff, 0xe7, 0x39, 0x07, 
	0xf0, 0x00, 0x00, 0x00, 0x00, 0x00, 0x3f, 0xff, 0xff, 0xff, 0x69, 0xff, 0xff, 0xff, 0xff, 0xff, 
	0x00, 0x3f, 0xee, 0xee, 0xff, 0xef, 0xef, 0xaa, 0xaa, 0xa8, 0x80, 0x00, 0x00, 0x00, 0x00, 0xff, 
	0xef, 0xff, 0xfa, 0xaa, 0xea, 0xea, 0xef, 0xef, 0xff, 0x00, 0x7f, 0xff, 0xff, 0xff, 0xff, 0xff, 
	0xde, 0x75, 0xc0, 0x00, 0x00, 0x00, 0x00, 0x01, 0xff, 0xff, 0xff, 0xfc, 0x17, 0xff, 0xff, 0xff, 
	0xff, 0xff, 0x00, 0xff, 0xff, 0xff, 0xff, 0xab, 0xbb, 0xff, 0xfa, 0xe8, 0x00, 0x00, 0x22, 0x00, 
	0x03, 0xff, 0xff, 0xff, 0xfa, 0xab, 0xbb, 0xff, 0xff, 0xff, 0xff, 0x01, 0xff, 0xff, 0xff, 0xff, 
	0xff, 0xff, 0xff, 0xff, 0xfd, 0x00, 0x00, 0x00, 0x00, 0x07, 0xff, 0xff, 0xff, 0xf4, 0x1f, 0xff, 
	0xff, 0xff, 0xff, 0xff, 0x0b, 0xef, 0xfe, 0xfe, 0xea, 0xef, 0xef, 0xfe, 0xef, 0xff, 0xe8, 0x00, 
	0x00, 0x00, 0x0f, 0xff, 0xff, 0xef, 0xee, 0xbe, 0xaa, 0xff, 0xee, 0xff, 0xff, 0x0f, 0xff, 0xff, 
	0xff, 0xff, 0xff, 0xff, 0xff, 0xff, 0xff, 0xfc, 0x00, 0x00, 0x00, 0x7f, 0xff, 0xff, 0xff, 0xf4, 
	0x7f, 0xff, 0xff, 0xff, 0xff, 0xff, 0x0f, 0xff, 0xff, 0xba, 0xaa, 0xbf, 0xff, 0xbb, 0xff, 0xbf, 
	0xfe, 0xa0, 0x00, 0x00, 0xbf, 0xff, 0xff, 0xff, 0xfa, 0xbf, 0xff, 0xfe, 0xab, 0xff, 0xff, 0x1f, 
	0xff, 0xff, 0xff, 0xff, 0xff, 0xff, 0xff, 0xff, 0xff, 0xff, 0xf4, 0x00, 0x03, 0xff, 0xff, 0xff, 
	0xff, 0xfd, 0xff, 0xff, 0xff, 0xff, 0xff, 0xff, 0x2f, 0xff, 0xfe, 0xee, 0xae, 0xff, 0xee, 0xeb, 
	0xfe, 0xee, 0xee, 0xee, 0x80, 0x0b, 0xee, 0xff, 0xfe, 0xee, 0xea, 0xee, 0xff, 0xee, 0xee, 0xff, 
	0xff, 0x1f, 0xff, 0xff, 0xff, 0xff, 0xff, 0xff, 0xff, 0xff, 0xff, 0xff, 0xff, 0xf0, 0x3f, 0xff, 
	0xff, 0xff, 0xff, 0xd1, 0xff, 0xff, 0xff, 0xff, 0xff, 0xff, 0x3f, 0xff, 0xff, 0xaa, 0xbf, 0xff, 
	0xaa, 0xbf, 0xff, 0xab, 0xbf, 0xbf, 0xfa, 0xbf, 0xfb, 0xbf, 0xff, 0xff, 0xbb, 0xbf, 0xfa, 0xaa, 
	0xbb, 0xff, 0xff, 0x1f, 0xff, 0xff, 0xff, 0xff, 0xff, 0xff, 0xff, 0xff, 0xff, 0xff, 0xff, 0xff, 
	0xff, 0xff, 0xff, 0xff, 0xff, 0x7f, 0xff, 0xff, 0xff, 0xff, 0xff, 0xff, 0x3f, 0xff, 0xee, 0xea, 
	0xfe, 0xee, 0xee, 0xee, 0xee, 0xee, 0xee, 0xef, 0xff, 0xfe, 0xfe, 0xee, 0xff, 0xef, 0xae, 0xff, 
	0xee, 0xef, 0xee, 0xee, 0xff, 0x7f, 0xff, 0xff, 0xff, 0xff, 0xff, 0xff, 0xff, 0xff, 0xff, 0xff, 
	0xff, 0xff, 0xff, 0xff, 0xff, 0xff, 0xff, 0xff, 0xff, 0xff, 0xff, 0xff, 0xff, 0xff, 0x3f, 0xff, 
	0xaa, 0xbf, 0xfb, 0xaa, 0xab, 0xff, 0xea, 0xaa, 0xab, 0xff, 0xff, 0xff, 0xaa, 0xab, 0xaf, 0xff, 
	0xbf, 0xff, 0xbf, 0xff, 0xff, 0xff, 0xbf, 0x7f, 0xff, 0xff, 0xff, 0xff, 0xff, 0xff, 0xff, 0xff, 
	0xff, 0xff, 0xff, 0xff, 0xff, 0xff, 0xff, 0x87, 0xff, 0x7f, 0xff, 0xff, 0xff, 0xff, 0xff, 0xff, 
	0x3f, 0xfe, 0xea, 0xef, 0xea, 0xaa, 0xae, 0xee, 0xea, 0xee, 0xea, 0xee, 0xff, 0xfe, 0xae, 0xef, 
	0x8e, 0xfe, 0xff, 0xff, 0xff, 0xff, 0xff, 0xfe, 0xff, 0x7f, 0xff, 0xff, 0xff, 0xff, 0xfd, 0xff, 
	0xff, 0xdf, 0xff, 0xff, 0xff, 0xff, 0xff, 0xff, 0xfd, 0xdf, 0xff, 0xff, 0xff, 0xff, 0xff, 0xff, 
	0xff, 0xff, 0x3f, 0xfa, 0xbb, 0xbb, 0xaa, 0xaa, 0xbb, 0xfa, 0xab, 0xaa, 0xbf, 0xbf, 0xff, 0xfb, 
	0xbf, 0xb8, 0xbf, 0xff, 0xff, 0xfe, 0xaa, 0xbb, 0xff, 0xff, 0xff, 0x7f, 0xff, 0xff, 0xff, 0xff, 
	0xff, 0xff, 0xff, 0xff, 0xff, 0xff, 0xff, 0xff, 0xff, 0xff, 0xf8, 0x7f, 0xff, 0xff, 0xff, 0xff, 
	0xff, 0xff, 0xff, 0xff, 0x3e, 0xef, 0xee, 0xee, 0xea, 0xaa, 0xee, 0xae, 0xaa, 0xaa, 0xae, 0xff, 
	0xef, 0xfe, 0xee, 0xf8, 0xee, 0xef, 0xee, 0xee, 0xea, 0xaf, 0xef, 0xff, 0xff, 0x7f, 0xff, 0xff, 
	0xff, 0xdd, 0xff, 0xff, 0xff, 0xff, 0xff, 0xff, 0xff, 0xff, 0xff, 0xff, 0xfd, 0xff, 0xff, 0xff, 
	0xff, 0xff, 0xff, 0xff, 0xff, 0xff, 0xff, 0xbb, 0xbb, 0xba, 0xaa, 0xaa, 0xaa, 0xaa, 0xaa, 0xae, 
	0xff, 0xff, 0xff, 0xff, 0xfb, 0xef, 0xfb, 0xff, 0xff, 0xff, 0xfa, 0xab, 0xfb, 0xff, 0xff, 0xff, 
	0xff, 0xff, 0xff, 0xff, 0xff, 0xff, 0xff, 0xff, 0xff, 0xff, 0xff, 0xff, 0xff, 0xff, 0xc7, 0xff, 
	0xff, 0xff, 0xff, 0xff, 0xff, 0xff, 0xff, 0xff, 0xfe, 0xee, 0xee, 0xee, 0xee, 0xae, 0xaa, 0xea, 
	0xaa, 0xea, 0xff, 0xff, 0xff, 0xff, 0xfa, 0x8b, 0xef, 0xff, 0xee, 0xee, 0xee, 0xee, 0xef, 0xff, 
	0xef, 0xff, 0xff, 0xff, 0xff, 0xff, 0xff, 0xff, 0xff, 0xff, 0xff, 0xff, 0xff, 0xff, 0xff, 0xf1, 
	0xc7, 0xff, 0xff, 0xff, 0xff, 0xff, 0xff, 0xff, 0xff, 0xff, 0xff, 0xbf, 0xfb, 0xbb, 0xba, 0xaa, 
	0xaa, 0xaa, 0xba, 0xbf, 0xff, 0xff, 0xff, 0xff, 0xe8, 0xab, 0xff, 0xfb, 0xff, 0xfb, 0xbb, 0xbf, 
	0xfb, 0xff, 0xff, 0xff, 0xff, 0xff, 0xff, 0xff, 0xff, 0xff, 0xff, 0xff, 0xff, 0xff, 0xff, 0xff, 
	0xff, 0xfd, 0x7f, 0xff, 0xff, 0xff, 0xff, 0xff, 0xff, 0xff, 0xff, 0xff, 0xee, 0xee, 0xee, 0xee, 
	0xee, 0xee, 0xae, 0xae, 0xae, 0xef, 0xff, 0xfe, 0xfe, 0xee, 0xef, 0xff, 0xff, 0xee, 0xef, 0xfe, 
	0xea, 0xee, 0xee, 0xff, 0xff, 0xff, 0xff, 0xff, 0xff, 0xff, 0xff, 0xff, 0xff, 0xff, 0xff, 0xff, 
	0xff, 0xff, 0xff, 0xff, 0xff, 0xff, 0xff, 0xff, 0xff, 0xff, 0xff, 0xff, 0xff, 0xff, 0xff, 0xfb, 
	0xfb, 0xbf, 0xfb, 0xbb, 0xaa, 0xaa, 0xbb, 0xff, 0xff, 0xff, 0xfb, 0xaf, 0xbf, 0xff, 0xff, 0xfb, 
	0xfb, 0xff, 0xfa, 0xbb, 0xff, 0xbf, 0xff, 0xff, 0xff, 0xff, 0xff, 0xff, 0xff, 0xff, 0xff, 0xff, 
	0xff, 0xff, 0xff, 0xff, 0xff, 0xff, 0xff, 0xff, 0xff, 0xff, 0xff, 0xff, 0xff, 0xff, 0xff, 0xff, 
	0xff, 0xee, 0xee, 0xef, 0xff, 0xfe, 0xee, 0xae, 0xef, 0xff, 0xff, 0xee, 0xee, 0xee, 0xee, 0xfe, 
	0xff, 0xfe, 0xee, 0xff, 0xfe, 0xee, 0xef, 0xff, 0xff, 0xff, 0xff, 0xff, 0xff, 0xff, 0xff, 0xff, 
	0xff, 0xff, 0xff, 0xff, 0xff, 0xff, 0xfd, 0xff, 0xff, 0xff, 0xff, 0xff, 0xff, 0xff, 0xff, 0xff, 
	0xff, 0xff, 0xff, 0xff, 0xff, 0xff, 0xff, 0xff, 0xff, 0xfb, 0xff, 0xff, 0xff, 0xfa, 0xba, 0xaa, 
	0xab, 0xff, 0xff, 0xff, 0xbb, 0xbf, 0xff, 0xbf, 0xff, 0xff, 0xfe, 0xff, 0xff, 0xff, 0xff, 0xff, 
	0xff, 0xff, 0xff, 0xff, 0xff, 0xff, 0xff, 0xff, 0xff, 0xff, 0xff, 0xff, 0xff, 0xff, 0xff, 0xff, 
	0xff, 0xff, 0xff, 0xfd, 0xff, 0xff, 0xff, 0xff, 0xff, 0xff, 0xfe, 0xee, 0xef, 0xff, 0xff, 0xee, 
	0xea, 0xea, 0xaa, 0xee, 0xff, 0xfe, 0xee, 0xee, 0xfe, 0xee, 0xff, 0xfe, 0xfa, 0x7f, 0xff, 0xff, 
	0xff, 0xff, 0xff, 0xff, 0xff, 0xff, 0xff, 0xff, 0xff, 0xff, 0xff, 0xff, 0xdf, 0xff, 0xff, 0xff, 
	0xff, 0xff, 0xff, 0xff, 0xff, 0xf4, 0x3f, 0xff, 0xff, 0xff, 0xff, 0xff, 0xff, 0xff, 0xff, 0xff, 
	0xff, 0xbb, 0xab, 0xbb, 0xba, 0xab, 0xfb, 0xff, 0xfe, 0xab, 0xfb, 0xbb, 0xff, 0xff, 0xea, 0x7f, 
	0xff, 0xff, 0xff, 0xff, 0xff, 0xff, 0xff, 0xff, 0xff, 0xff, 0xff, 0xff, 0xff, 0xff, 0xff, 0xff, 
	0xff, 0xff, 0xff, 0xff, 0xff, 0xff, 0xff, 0xd4, 0xff, 0xff, 0xff, 0xff, 0xff, 0xff, 0xff, 0xff, 
	0xff, 0xff, 0xfe, 0xee, 0xee, 0xee, 0xea, 0xee, 0xee, 0xff, 0xee, 0xee, 0xee, 0xee, 0xff, 0xfe, 
	0xaa, 0xff, 0xff, 0xff, 0xff, 0xff, 0xff, 0xff, 0xff, 0xff, 0xff, 0xff, 0xff, 0xff, 0xff, 0xff, 
	0xff, 0xff, 0xff, 0xff, 0xdf, 0xff, 0xff, 0xff, 0xff, 0xd4, 0xbf, 0xff, 0xff, 0xff, 0xff, 0xff, 
	0xff, 0xff, 0xff, 0xff, 0xff, 0xff, 0xbb, 0xfb, 0xba, 0xaa, 0xbf, 0xbf, 0xfe, 0xab, 0xbb, 0xbf, 
	0xff, 0xff, 0xa8, 0x5f, 0xff, 0xff, 0xff, 0xff, 0xff, 0xff, 0xff, 0xff, 0xff, 0xff, 0xff, 0xff, 
	0xff, 0xff, 0xff, 0xff, 0xff, 0xff, 0xf7, 0xff, 0xff, 0xff, 0xff, 0x70, 0xaf, 0xff, 0xff, 0xff, 
	0xff, 0xff, 0xff, 0xff, 0xff, 0xff, 0xfe, 0xee, 0xee, 0xee, 0xee, 0xee, 0xee, 0xee, 0xee, 0xee, 
	0xee, 0xef, 0xff, 0xff, 0xa8, 0x47, 0xff, 0xff, 0xff, 0xff, 0xff, 0xff, 0xff, 0xff, 0xff, 0xff, 
	0xff, 0xff, 0xff, 0xff, 0xff, 0xff, 0xff, 0xff, 0xff, 0xff, 0xff, 0xff, 0xff, 0x40, 0x2a, 0xbf, 
	0xff, 0xff, 0xff, 0xff, 0xff, 0xff, 0xff, 0xff, 0xff, 0xff, 0xff, 0xff, 0xbf, 0xff, 0xbb, 0xbf, 
	0xff, 0xfb, 0xbf, 0xff, 0xff, 0xfe, 0xa0, 0x15, 0x7f, 0xff, 0xff, 0xff, 0xff, 0xff, 0xff, 0xff, 
	0xff, 0xff, 0xff, 0xff, 0xff, 0xff, 0xff, 0xff, 0xff, 0xff, 0xff, 0xff, 0xff, 0xff, 0xff, 0x50, 
	0x0a, 0xaa, 0xff, 0xff, 0xff, 0xfe, 0xef, 0xfe, 0xff, 0xff, 0xff, 0xff, 0xff, 0xff, 0xef, 0xee, 
	0xee, 0xee, 0xee, 0xee, 0xef, 0xff, 0xef, 0xfe, 0xa0, 0x00, 0x55, 0xdf, 0xff, 0xdf, 0xdf, 0xff, 
	0xff, 0xff, 0xff, 0xff, 0xff, 0xff, 0xff, 0xff, 0xff, 0xff, 0xff, 0xff, 0xff, 0xff, 0xff, 0xff, 
	0xfd, 0x40, 0x00, 0x2a, 0xaa, 0xaa, 0xaa, 0xab, 0xff, 0xff, 0xff, 0xff, 0xff, 0xff, 0xff, 0xff, 
	0xff, 0xff, 0xbf, 0xbb, 0xbb, 0xff, 0xff, 0xff, 0xff, 0xfa, 0x80, 0x00, 0x00, 0x15, 0xd5, 0x35, 
	0xb4, 0xff, 0xff, 0xff, 0xff, 0xff, 0xff, 0xff, 0xff, 0xff, 0xff, 0xff, 0xff, 0xff, 0xff, 0xff, 
	0xff, 0xff, 0xfd, 0x40, 0x00, 0x00, 0x0a, 0xaa, 0xaa, 0xaa, 0xaa, 0xff, 0xff, 0xff, 0xff, 0xff, 
	0xff, 0xff, 0xff, 0xee, 0xef, 0xee, 0xee, 0xee, 0xff, 0xff, 0xff, 0xfa, 0x80, 0x00, 0x00, 0x00, 
	0x00, 0x48, 0x45, 0xdd, 0xdf, 0xff, 0xff, 0xff, 0xff, 0xff, 0xff, 0xff, 0xff, 0xff, 0xff, 0xff, 
	0xff, 0xff, 0xff, 0xff, 0xfc, 0x00, 0x00, 0x00, 0x00, 0x00, 0x0a, 0x2a, 0xaa, 0xaa, 0xab, 0xff, 
	0xff, 0xff, 0xff, 0xff, 0xff, 0xff, 0xff, 0xff, 0xff, 0xff, 0xff, 0xff, 0xff, 0xea, 0x00, 0x00, 
	0x00, 0x00, 0x00, 0x00, 0x05, 0x45, 0x15, 0x7d, 0xff, 0xff, 0xff, 0xff, 0xff, 0xff, 0xff, 0xff, 
	0xff, 0xff, 0xff, 0xff, 0xff, 0xff, 0xd8, 0x00
};
// 'nyxsmoking', 200x200px
const unsigned char smallnyxsmoking [] PROGMEM = {
	0x00, 0x00, 0x00, 0x00, 0x00, 0x00, 0x00, 0x0f, 0xea, 0x80, 0x00, 0x00, 0x00, 0x00, 0x00, 0x00, 
	0x00, 0x00, 0x00, 0x88, 0x00, 0x00, 0x00, 0x00, 0x00, 0x00, 0x00, 0x00, 0x00, 0x00, 0x00, 0x00, 
	0x0f, 0xf9, 0x40, 0x00, 0x00, 0x00, 0x00, 0x00, 0x00, 0x00, 0x00, 0x01, 0xfc, 0x00, 0x00, 0x00, 
	0x00, 0x00, 0x00, 0x00, 0x00, 0x00, 0x00, 0x00, 0x00, 0x0b, 0xfa, 0xa0, 0x00, 0x00, 0x00, 0x00, 
	0x00, 0x00, 0x00, 0x00, 0xab, 0xfe, 0x00, 0x00, 0x00, 0x00, 0x00, 0x00, 0x00, 0x00, 0x00, 0x00, 
	0x00, 0x00, 0x07, 0xff, 0x10, 0x00, 0x00, 0x00, 0x00, 0x00, 0x00, 0x00, 0x05, 0x7f, 0xfc, 0x00, 
	0x00, 0x00, 0x00, 0x00, 0x00, 0x00, 0x00, 0x00, 0x00, 0x00, 0x00, 0x02, 0xef, 0x88, 0x00, 0x00, 
	0x00, 0x00, 0x00, 0x00, 0x00, 0x0a, 0xfe, 0xee, 0x00, 0x00, 0x00, 0x00, 0x00, 0x00, 0x00, 0x00, 
	0x00, 0x00, 0x00, 0x00, 0x01, 0xff, 0x84, 0x00, 0x00, 0x00, 0x00, 0x00, 0x00, 0x00, 0x1f, 0xff, 
	0xfc, 0x00, 0x00, 0x00, 0x00, 0x00, 0x00, 0x00, 0x00, 0x00, 0x00, 0x00, 0x00, 0x02, 0xbf, 0xaa, 
	0x00, 0x00, 0x00, 0x00, 0x00, 0x00, 0x02, 0xaf, 0xff, 0xf8, 0x00, 0x00, 0x00, 0x00, 0x00, 0x00, 
	0x00, 0x00, 0x00, 0x00, 0x00, 0x00, 0x07, 0xff, 0xe2, 0x00, 0x00, 0x00, 0x00, 0x00, 0x00, 0x04, 
	0x1f, 0xff, 0xf0, 0x00, 0x00, 0x00, 0x00, 0x00, 0x00, 0x00, 0x00, 0x00, 0x00, 0x00, 0x00, 0x02, 
	0xee, 0xe8, 0x80, 0x00, 0x00, 0x00, 0x00, 0x00, 0x0a, 0xbf, 0xee, 0xe0, 0x00, 0x00, 0x00, 0x00, 
	0x00, 0x00, 0x00, 0x00, 0x00, 0x00, 0x00, 0x00, 0x01, 0xff, 0xf0, 0x80, 0x00, 0x00, 0x00, 0x00, 
	0x00, 0x0c, 0xff, 0xff, 0xc0, 0x00, 0x00, 0x00, 0x00, 0x00, 0x00, 0x00, 0x00, 0x00, 0x00, 0x00, 
	0x00, 0x02, 0xff, 0xfa, 0xa0, 0x00, 0x00, 0x00, 0x00, 0x00, 0x2a, 0xff, 0xba, 0xa0, 0x00, 0x00, 
	0x00, 0x00, 0x00, 0x00, 0x00, 0x00, 0x00, 0x00, 0x00, 0x00, 0x01, 0xff, 0xf8, 0x00, 0x00, 0x00, 
	0x00, 0x00, 0x00, 0x43, 0xff, 0xff, 0xf0, 0x00, 0x00, 0x00, 0x00, 0x00, 0x00, 0x00, 0x00, 0x00, 
	0x00, 0x00, 0x00, 0x00, 0xee, 0xf8, 0xa0, 0x00, 0x00, 0x00, 0x00, 0x00, 0x8b, 0xfe, 0xee, 0xe0, 
	0x00, 0x00, 0x00, 0x00, 0x00, 0x00, 0x00, 0x00, 0x00, 0x00, 0x00, 0x00, 0x00, 0xff, 0xfc, 0x00, 
	0x00, 0x00, 0x00, 0x00, 0x00, 0x4f, 0xff, 0xff, 0xc0, 0x00, 0x00, 0x00, 0x00, 0x00, 0x00, 0x00, 
	0x00, 0x00, 0x00, 0x00, 0x00, 0x00, 0xab, 0xbe, 0xa0, 0x00, 0x00, 0x00, 0x00, 0x02, 0xaf, 0xfa, 
	0xbb, 0x80, 0x00, 0x00, 0x00, 0x00, 0x00, 0x00, 0x00, 0x40, 0x00, 0x00, 0x00, 0x00, 0x00, 0x7f, 
	0xfc, 0x00, 0x00, 0x00, 0x00, 0x00, 0x06, 0x1f, 0xff, 0xff, 0x00, 0x00, 0x00, 0x00, 0x00, 0x00, 
	0x00, 0x08, 0x08, 0x80, 0x00, 0x08, 0x00, 0x00, 0xae, 0xfe, 0x08, 0x00, 0x00, 0x00, 0x00, 0x0a, 
	0xbe, 0xee, 0xfa, 0x00, 0x00, 0x00, 0x00, 0x00, 0x00, 0x00, 0x00, 0x00, 0x00, 0x00, 0x00, 0x00, 
	0x00, 0x7f, 0xff, 0x04, 0x00, 0x00, 0x00, 0x00, 0x08, 0x7f, 0xff, 0xff, 0x00, 0x00, 0x00, 0x00, 
	0x00, 0x00, 0x00, 0x80, 0x02, 0x00, 0x00, 0x00, 0x00, 0x00, 0x3a, 0xef, 0x88, 0x00, 0x00, 0x00, 
	0x2a, 0x28, 0xbf, 0xfa, 0xbe, 0x00, 0x00, 0x00, 0x00, 0x00, 0x00, 0x00, 0x00, 0x00, 0x00, 0x00, 
	0x00, 0x00, 0x00, 0x3f, 0xff, 0x04, 0x00, 0x00, 0x00, 0x7f, 0x11, 0xff, 0xff, 0xfe, 0x00, 0x00, 
	0x00, 0x00, 0x00, 0x00, 0x00, 0x00, 0x00, 0x80, 0x00, 0x00, 0x80, 0x00, 0x2a, 0xee, 0x8a, 0x00, 
	0x02, 0x80, 0x8b, 0xab, 0xee, 0xee, 0xea, 0x00, 0x00, 0x00, 0x00, 0x00, 0x00, 0x00, 0x00, 0x00, 
	0x00, 0x00, 0x00, 0x00, 0x00, 0x1f, 0xff, 0xc4, 0x00, 0x05, 0xe1, 0x01, 0xc3, 0xff, 0xff, 0xf0, 
	0x00, 0x00, 0x00, 0x00, 0x00, 0x00, 0x02, 0x00, 0x00, 0x00, 0x00, 0x00, 0x80, 0x00, 0x0b, 0xaf, 
	0xa2, 0x0a, 0xaa, 0xaa, 0xaa, 0xa3, 0xff, 0xab, 0xa0, 0x00, 0x00, 0x00, 0x00, 0x00, 0x00, 0x00, 
	0x00, 0x00, 0x00, 0x00, 0x00, 0x00, 0x00, 0x03, 0xff, 0x42, 0x1d, 0xe7, 0xff, 0xff, 0xc7, 0xff, 
	0xff, 0xd0, 0x00, 0x00, 0x00, 0x00, 0x00, 0x00, 0x08, 0x80, 0x00, 0x00, 0x00, 0x08, 0x00, 0x00, 
	0x0f, 0xef, 0x8a, 0xae, 0xef, 0xff, 0xff, 0xaf, 0xee, 0xee, 0xe8, 0x00, 0x00, 0x00, 0x00, 0x00, 
	0x00, 0x00, 0x00, 0x00, 0x00, 0x00, 0x00, 0x00, 0x00, 0x07, 0xff, 0xc5, 0xff, 0xff, 0xff, 0xff, 
	0x8f, 0xff, 0xff, 0xe0, 0x00, 0x00, 0x00, 0x00, 0x00, 0x00, 0x02, 0x80, 0x00, 0x00, 0x00, 0x02, 
	0x20, 0x00, 0x03, 0xaf, 0xeb, 0xfb, 0xab, 0xff, 0xfe, 0x8f, 0xfb, 0xbf, 0xa0, 0x00, 0x00, 0x00, 
	0x00, 0x00, 0x00, 0x00, 0x00, 0x00, 0x00, 0x00, 0x01, 0x00, 0x00, 0x03, 0xff, 0xf5, 0xd0, 0x41, 
	0xff, 0xff, 0x1f, 0xff, 0xff, 0x80, 0x00, 0x00, 0x00, 0x00, 0x00, 0x00, 0x28, 0x88, 0x80, 0x08, 
	0x88, 0xaa, 0x80, 0x00, 0x02, 0xee, 0xaa, 0x88, 0xaa, 0xfe, 0xfe, 0x8f, 0xfe, 0xee, 0x80, 0x00, 
	0x00, 0x00, 0x00, 0x00, 0x00, 0x00, 0x00, 0x00, 0x00, 0x00, 0x44, 0x00, 0x00, 0x01, 0xff, 0xc5, 
	0x00, 0x1d, 0xff, 0xfe, 0x1f, 0xff, 0xfe, 0x00, 0x00, 0x00, 0x00, 0x00, 0x00, 0x00, 0xaa, 0xa2, 
	0x00, 0x8a, 0xaa, 0xaa, 0x00, 0x00, 0x00, 0xff, 0xe3, 0x80, 0x2b, 0xff, 0xfe, 0x3f, 0xfb, 0xbe, 
	0x82, 0x00, 0x00, 0x00, 0x00, 0x00, 0x00, 0x10, 0x00, 0x00, 0x10, 0x51, 0x14, 0x00, 0x00, 0x00, 
	0x7f, 0xf7, 0x07, 0xdf, 0xff, 0xfe, 0x7f, 0xff, 0xfd, 0xf0, 0x00, 0x00, 0x00, 0x00, 0x00, 0x00, 
	0x8a, 0xaa, 0xa8, 0xaa, 0xaa, 0xaa, 0x80, 0x00, 0x00, 0x3e, 0xee, 0x0a, 0xef, 0xff, 0xfa, 0xff, 
	0xee, 0xfe, 0xaa, 0x80, 0x00, 0x00, 0x00, 0x00, 0x00, 0x05, 0x40, 0x04, 0x44, 0x55, 0x40, 0x00, 
	0x00, 0x00, 0x5f, 0xf7, 0x45, 0xff, 0xff, 0xfc, 0xff, 0xff, 0xff, 0xc1, 0x80, 0x00, 0x00, 0x00, 
	0x00, 0x00, 0xaa, 0xaa, 0xaa, 0xaa, 0xaa, 0xa2, 0x00, 0x00, 0x02, 0xbf, 0xfb, 0xae, 0xff, 0xff, 
	0xf8, 0xbf, 0xfb, 0xff, 0xf8, 0x80, 0x00, 0x00, 0x00, 0x00, 0x00, 0x15, 0x00, 0x01, 0x05, 0x41, 
	0x40, 0x00, 0x00, 0x03, 0x7f, 0xfb, 0x87, 0xff, 0xff, 0xf9, 0xff, 0xff, 0xff, 0xfc, 0x40, 0x00, 
	0x00, 0x00, 0x00, 0x00, 0xaa, 0xaa, 0xaa, 0xaa, 0x80, 0x88, 0x00, 0x00, 0x0a, 0xfe, 0xfa, 0x8a, 
	0xff, 0xfe, 0xfa, 0xfe, 0xef, 0xff, 0xfe, 0xa0, 0x00, 0x00, 0x00, 0x00, 0x00, 0x9d, 0x40, 0x45, 
	0x44, 0x00, 0x40, 0x00, 0x00, 0x19, 0xfd, 0xf0, 0x07, 0xff, 0xff, 0xf9, 0xff, 0xff, 0xff, 0xff, 
	0xe0, 0x00, 0x00, 0x00, 0x00, 0x00, 0xaa, 0xaa, 0xaa, 0xaa, 0x00, 0x00, 0x00, 0x00, 0x2b, 0xea, 
	0xa2, 0x0f, 0xff, 0xff, 0xfb, 0xff, 0xff, 0xff, 0xff, 0xe0, 0x00, 0x00, 0x00, 0x00, 0x00, 0x15, 
	0x75, 0x55, 0x54, 0x00, 0x00, 0x00, 0x00, 0x47, 0xd1, 0x00, 0x1f, 0xff, 0xff, 0xf7, 0xff, 0xff, 
	0xff, 0xff, 0xf0, 0x00, 0x00, 0x00, 0x00, 0x00, 0x8a, 0xaa, 0xaa, 0xa8, 0x80, 0x00, 0x00, 0x00, 
	0x8e, 0xaa, 0x88, 0x3f, 0xff, 0xfe, 0xeb, 0xff, 0xff, 0xff, 0xff, 0xe8, 0x00, 0x00, 0x00, 0x00, 
	0x00, 0x0d, 0xd4, 0x54, 0x40, 0x00, 0x00, 0x00, 0x00, 0x9f, 0x00, 0x00, 0x7f, 0xff, 0xff, 0xf7, 
	0xff, 0xff, 0xff, 0xff, 0xfc, 0x00, 0x00, 0x00, 0x00, 0x00, 0x0a, 0xaa, 0xaa, 0xaa, 0x00, 0x00, 
	0x00, 0x02, 0xaa, 0x08, 0x80, 0xff, 0xff, 0xff, 0xef, 0xff, 0xff, 0xff, 0xff, 0xee, 0x00, 0x00, 
	0x00, 0x00, 0x00, 0x05, 0x75, 0x55, 0x50, 0x00, 0x00, 0x00, 0x01, 0x3c, 0x00, 0x00, 0xff, 0xff, 
	0xff, 0xff, 0xff, 0xff, 0xff, 0xff, 0xf7, 0x00, 0x00, 0x00, 0x00, 0x00, 0x2a, 0xaa, 0xaa, 0xaa, 
	0x00, 0x00, 0x00, 0x02, 0xa8, 0x80, 0x02, 0xff, 0xff, 0xfe, 0xef, 0xff, 0xff, 0xff, 0xff, 0xfe, 
	0x80, 0x00, 0x00, 0x00, 0x00, 0x11, 0xdd, 0xd5, 0x54, 0x00, 0x00, 0x00, 0x04, 0x60, 0x00, 0x05, 
	0xff, 0xff, 0xff, 0xff, 0xff, 0xff, 0xff, 0xff, 0xff, 0x40, 0x00, 0x00, 0x00, 0x00, 0x08, 0xaa, 
	0xaa, 0xaa, 0x00, 0x00, 0x00, 0x08, 0xa0, 0x80, 0x0b, 0xff, 0xff, 0xff, 0xff, 0xff, 0xff, 0xff, 
	0xff, 0xff, 0xa0, 0x00, 0x00, 0x00, 0x00, 0x04, 0x01, 0xf5, 0x50, 0x00, 0x00, 0x00, 0x01, 0x00, 
	0x00, 0x0b, 0xff, 0xff, 0xff, 0xff, 0xff, 0xff, 0xff, 0xff, 0xff, 0x90, 0x00, 0x00, 0x00, 0x00, 
	0x0a, 0x82, 0xaa, 0xa8, 0x80, 0x00, 0x00, 0x0a, 0x8a, 0x08, 0x0b, 0xee, 0xfe, 0xee, 0xeb, 0xef, 
	0xff, 0xef, 0xef, 0xff, 0x88, 0x00, 0x00, 0x00, 0x00, 0x00, 0x00, 0x5d, 0x54, 0x00, 0x00, 0x00, 
	0x0c, 0x40, 0x00, 0x1f, 0xff, 0xff, 0xff, 0xff, 0xff, 0xff, 0xff, 0xff, 0xff, 0xcc, 0x00, 0x00, 
	0x00, 0x00, 0x00, 0x00, 0xaa, 0xaa, 0x00, 0x00, 0x80, 0x2a, 0x80, 0x20, 0x3b, 0xff, 0xff, 0xff, 
	0xfb, 0xff, 0xff, 0xbf, 0xff, 0xff, 0xea, 0x00, 0x00, 0x00, 0x00, 0x00, 0x00, 0x5f, 0x54, 0x00, 
	0x00, 0x41, 0x7f, 0x00, 0x00, 0x37, 0xff, 0xff, 0xff, 0xff, 0xff, 0xff, 0xff, 0xff, 0xff, 0xe4, 
	0x00, 0x00, 0x00, 0x00, 0x00, 0x00, 0x8a, 0xaa, 0x80, 0x00, 0x2a, 0xee, 0x88, 0x80, 0x3f, 0xee, 
	0xfe, 0xee, 0xee, 0xee, 0xee, 0xee, 0xff, 0xff, 0xea, 0x00, 0x00, 0x00, 0x00, 0x00, 0x00, 0x04, 
	0xc4, 0x00, 0x00, 0x1f, 0xfe, 0x00, 0x00, 0x77, 0xff, 0xff, 0xff, 0xff, 0xff, 0xff, 0xff, 0xff, 
	0xff, 0xf2, 0x00, 0x00, 0x00, 0x00, 0x00, 0x00, 0x2a, 0xaa, 0x80, 0x00, 0x0b, 0xee, 0x20, 0x00, 
	0x3b, 0xff, 0xfb, 0xfe, 0xbf, 0xfa, 0xef, 0xff, 0xff, 0xff, 0xfa, 0x00, 0x00, 0x00, 0x00, 0x00, 
	0x00, 0x03, 0x75, 0x40, 0x00, 0x01, 0x7c, 0x00, 0x00, 0x7f, 0xff, 0xff, 0xdf, 0xff, 0xff, 0xff, 
	0xff, 0xff, 0xff, 0xf9, 0x00, 0x00, 0x00, 0x00, 0x00, 0x00, 0x0a, 0xaa, 0x80, 0x00, 0x00, 0xe8, 
	0x00, 0x00, 0xfa, 0xee, 0xbe, 0xaf, 0xee, 0xfe, 0xee, 0xfe, 0xff, 0xff, 0xfe, 0x80, 0x00, 0x00, 
	0x00, 0x00, 0x00, 0x01, 0x74, 0x40, 0x00, 0x01, 0xd4, 0x00, 0x00, 0xff, 0xdd, 0xff, 0xff, 0xff, 
	0xff, 0xff, 0xff, 0xff, 0xff, 0xfd, 0x80, 0x00, 0x00, 0x00, 0x00, 0x00, 0x2a, 0xaa, 0x88, 0x00, 
	0x03, 0xa8, 0x02, 0x00, 0xff, 0xbb, 0xff, 0xbf, 0xff, 0xfa, 0xbf, 0xff, 0xbf, 0xff, 0xfe, 0x80, 
	0x00, 0x00, 0x00, 0x00, 0x00, 0x15, 0x55, 0x40, 0x00, 0x07, 0x20, 0x00, 0x01, 0xff, 0xff, 0xff, 
	0xff, 0xff, 0xff, 0xff, 0xff, 0xff, 0xff, 0xff, 0x80, 0x00, 0x00, 0x00, 0x00, 0x00, 0x2a, 0xaa, 
	0x88, 0x00, 0x0e, 0x28, 0x80, 0x00, 0xee, 0xee, 0xfe, 0xef, 0xee, 0xee, 0xee, 0xfe, 0xff, 0xff, 
	0xfe, 0x80, 0x00, 0x00, 0x00, 0x00, 0x00, 0x5d, 0xd4, 0xc0, 0x00, 0x0c, 0x40, 0x00, 0x01, 0xff, 
	0xff, 0xff, 0xff, 0xff, 0xff, 0xff, 0xff, 0xff, 0xff, 0xff, 0xc0, 0x00, 0x00, 0x00, 0x00, 0x28, 
	0x2a, 0xaa, 0xa0, 0x00, 0x08, 0x8a, 0x08, 0x02, 0xff, 0xff, 0xff, 0xff, 0xff, 0xff, 0xff, 0xbf, 
	0xff, 0xff, 0xff, 0xe0, 0x00, 0x00, 0x00, 0x01, 0x00, 0x55, 0x75, 0x10, 0x00, 0x10, 0x10, 0x00, 
	0x01, 0xff, 0xff, 0xff, 0xff, 0xff, 0xff, 0xff, 0xff, 0xff, 0xff, 0xff, 0xf0, 0x00, 0x00, 0x00, 
	0x02, 0xaa, 0xaa, 0xaa, 0xa0, 0x00, 0x28, 0xa8, 0x88, 0x08, 0xee, 0xee, 0xfe, 0xee, 0xee, 0xee, 
	0xee, 0xef, 0xef, 0xff, 0xff, 0xe8, 0x00, 0x00, 0x00, 0x04, 0x55, 0xdd, 0xd4, 0x40, 0x00, 0x30, 
	0x10, 0x00, 0x01, 0xff, 0xff, 0xff, 0xff, 0xff, 0xff, 0xff, 0xff, 0xff, 0xff, 0xff, 0xfc, 0x00, 
	0x00, 0x00, 0x0a, 0x2a, 0xaa, 0xaa, 0x80, 0x00, 0x22, 0x38, 0x88, 0x02, 0xff, 0xff, 0xff, 0xff, 
	0xfb, 0xbb, 0xff, 0xff, 0xff, 0xff, 0xff, 0xfe, 0x00, 0x00, 0x00, 0x08, 0x55, 0x55, 0x40, 0x00, 
	0x00, 0x30, 0x7c, 0x00, 0x03, 0xff, 0xff, 0xff, 0xff, 0xf1, 0xf9, 0xff, 0xff, 0xff, 0xff, 0xff, 
	0xff, 0x40, 0x00, 0x00, 0x08, 0xaa, 0xaa, 0x8a, 0x80, 0x00, 0x2a, 0xec, 0xa8, 0x0a, 0xee, 0xee, 
	0xef, 0xee, 0xe8, 0xe8, 0xfe, 0xff, 0xef, 0xff, 0xff, 0xff, 0xea, 0x00, 0x00, 0x11, 0xd5, 0x5c, 
	0x4c, 0x00, 0x00, 0x1c, 0xe0, 0x10, 0x01, 0xff, 0xff, 0xff, 0xff, 0xfc, 0xc3, 0xff, 0xff, 0xff, 
	0xff, 0xff, 0xff, 0xfc, 0x00, 0x00, 0x22, 0xaa, 0xa8, 0x28, 0x00, 0x00, 0x2a, 0xe2, 0x2a, 0x02, 
	0xff, 0xff, 0xaf, 0xbf, 0xfa, 0x2b, 0xff, 0xff, 0xff, 0xff, 0xff, 0xff, 0xf8, 0x00, 0x00, 0x11, 
	0x55, 0x40, 0x00, 0x00, 0x00, 0x13, 0xd0, 0x10, 0x07, 0xff, 0xff, 0xdf, 0xff, 0xff, 0x0f, 0xff, 
	0xff, 0xff, 0xff, 0xff, 0xf7, 0x50, 0x00, 0x00, 0x02, 0xaa, 0xa8, 0x00, 0x00, 0x00, 0xab, 0xca, 
	0x08, 0x8a, 0xff, 0xfe, 0xaf, 0xef, 0xee, 0x8e, 0xef, 0xef, 0xff, 0xff, 0xff, 0xf8, 0x80, 0x00, 
	0x00, 0x05, 0x55, 0xc0, 0x00, 0x00, 0x41, 0xf7, 0xd8, 0x10, 0x07, 0xff, 0xff, 0xcf, 0xff, 0xfe, 
	0x07, 0xff, 0xff, 0xff, 0xff, 0xff, 0xfc, 0x00, 0x00, 0x00, 0x02, 0xaa, 0x88, 0x00, 0x00, 0x2a, 
	0xba, 0x8a, 0xaa, 0x0b, 0xbf, 0xff, 0x8f, 0xff, 0xfa, 0xa3, 0xff, 0xff, 0xff, 0xff, 0xff, 0xee, 
	0x00, 0x00, 0x00, 0x05, 0x55, 0x10, 0x00, 0x00, 0x3f, 0xf7, 0x80, 0x12, 0x03, 0xff, 0xff, 0x07, 
	0xff, 0xf8, 0xf1, 0xff, 0xff, 0xff, 0xff, 0xff, 0xf6, 0x00, 0x00, 0x00, 0x0a, 0xaa, 0x88, 0x00, 
	0x00, 0x0e, 0xef, 0x82, 0xae, 0x8b, 0xff, 0xfe, 0x8b, 0xff, 0xe8, 0xf8, 0xef, 0xfe, 0xef, 0xff, 
	0xff, 0xee, 0x00, 0x00, 0x00, 0x01, 0x55, 0x50, 0x00, 0x00, 0x07, 0xff, 0x00, 0x5e, 0x07, 0xff, 
	0xff, 0xc7, 0xff, 0xf1, 0xfd, 0xff, 0xff, 0xff, 0xff, 0xff, 0xf2, 0x00, 0x00, 0x00, 0x02, 0xaa, 
	0x88, 0x00, 0x00, 0x02, 0xba, 0x22, 0x3a, 0x0b, 0xff, 0xff, 0xab, 0xff, 0xfb, 0xbf, 0xff, 0xff, 
	0xff, 0xff, 0xff, 0xea, 0x00, 0x00, 0x00, 0x11, 0x55, 0x10, 0x00, 0x00, 0x00, 0x1f, 0x02, 0x38, 
	0x05, 0xff, 0xff, 0x51, 0xff, 0xff, 0xff, 0xff, 0xff, 0xff, 0xff, 0xff, 0xf1, 0x00, 0x00, 0x00, 
	0x00, 0xaa, 0xa8, 0x00, 0x00, 0x00, 0x0a, 0x22, 0xa8, 0x8a, 0xfe, 0xfe, 0x82, 0xaf, 0xee, 0xee, 
	0xef, 0xfe, 0xee, 0xff, 0xef, 0xe8, 0x80, 0x00, 0x00, 0x00, 0x54, 0x40, 0x00, 0x00, 0x00, 0x1a, 
	0x40, 0xf5, 0x85, 0xff, 0xfe, 0x00, 0xff, 0xff, 0xff, 0xff, 0xff, 0xff, 0xff, 0xff, 0xfd, 0x80, 
	0x00, 0x00, 0x08, 0x2a, 0xa8, 0x00, 0x00, 0x00, 0x2a, 0xa2, 0xaa, 0xa2, 0xff, 0xfa, 0x00, 0xbf, 
	0xfe, 0xff, 0xfb, 0xff, 0xff, 0xff, 0xff, 0xfa, 0x80, 0x00, 0x00, 0x00, 0x15, 0x50, 0x00, 0x00, 
	0x00, 0x24, 0x01, 0xfd, 0xc5, 0xff, 0xfc, 0x00, 0x7f, 0xff, 0xff, 0xff, 0xff, 0xff, 0xff, 0xff, 
	0xff, 0x80, 0x00, 0x00, 0x02, 0x2a, 0xaa, 0x88, 0x00, 0x00, 0x2c, 0xaa, 0xfa, 0x88, 0xbe, 0xfe, 
	0x80, 0xaf, 0xee, 0xee, 0xff, 0xff, 0xee, 0xff, 0xff, 0xee, 0x80, 0x00, 0x00, 0x01, 0x05, 0x5c, 
	0x04, 0x00, 0x00, 0x21, 0xc5, 0xff, 0xc1, 0xff, 0xff, 0xc0, 0x1f, 0xff, 0xff, 0xff, 0xff, 0xff, 
	0xff, 0xff, 0xff, 0x00, 0x00, 0x00, 0x00, 0xaa, 0xaa, 0xaa, 0x80, 0x00, 0x2a, 0xab, 0xfe, 0xaa, 
	0xff, 0xba, 0xaa, 0xab, 0xfb, 0xff, 0xff, 0xff, 0xff, 0xff, 0xff, 0xff, 0xa0, 0x00, 0x00, 0x00, 
	0x11, 0x15, 0x50, 0x00, 0x00, 0x33, 0x81, 0xff, 0x40, 0x7f, 0x7f, 0xfd, 0x5f, 0xff, 0xff, 0xff, 
	0xff, 0xff, 0xff, 0xff, 0xff, 0xe0, 0x00, 0x00, 0x00, 0x28, 0x0a, 0xa8, 0x80, 0x00, 0x0a, 0xaa, 
	0xff, 0xa8, 0xbe, 0xef, 0xff, 0xee, 0xee, 0xef, 0xff, 0xfe, 0xff, 0xef, 0xff, 0xff, 0xe8, 0x00, 
	0x00, 0x00, 0x00, 0x1d, 0xc4, 0x00, 0x00, 0x17, 0x91, 0xff, 0xe4, 0xfe, 0xff, 0xff, 0xff, 0xff, 
	0xff, 0xff, 0xff, 0xff, 0xff, 0xff, 0xff, 0xfc, 0x10, 0x00, 0x00, 0x00, 0x02, 0xaa, 0x20, 0x00, 
	0x0f, 0xaa, 0xff, 0xea, 0xfa, 0xaf, 0xff, 0xfe, 0xbf, 0xff, 0xff, 0xa2, 0xff, 0xff, 0xff, 0xff, 
	0xff, 0xa0, 0x00, 0x00, 0x00, 0x02, 0x71, 0x00, 0x00, 0x1f, 0x51, 0xff, 0xf7, 0x7f, 0x3f, 0xff, 
	0xff, 0xff, 0xff, 0xff, 0x84, 0xff, 0xff, 0xff, 0xff, 0xff, 0xc0, 0x00, 0x00, 0x00, 0x00, 0xaa, 
	0x80, 0x02, 0xae, 0x88, 0xfe, 0xea, 0xbe, 0xaa, 0xfb, 0xff, 0xfe, 0xff, 0xee, 0xae, 0xff, 0xef, 
	0xff, 0xff, 0xff, 0x80, 0x00, 0x00, 0x00, 0x00, 0x1c, 0x00, 0x01, 0xfc, 0x54, 0xdc, 0xf7, 0x9c, 
	0x00, 0xff, 0xf7, 0xff, 0xff, 0xff, 0x7f, 0x7f, 0xff, 0xff, 0xff, 0xff, 0x80, 0x00, 0x00, 0x00, 
	0x00, 0x2a, 0x88, 0x00, 0xa8, 0x2a, 0xfe, 0xaa, 0xaa, 0x80, 0xae, 0xab, 0xff, 0xff, 0xff, 0xfe, 
	0xbf, 0xff, 0xff, 0xff, 0xfe, 0x00, 0x00, 0x00, 0x00, 0x00, 0x05, 0x00, 0x00, 0x10, 0x0d, 0x7d, 
	0xff, 0x7d, 0x00, 0x45, 0x47, 0x7f, 0xff, 0xff, 0xf7, 0x7f, 0xff, 0xff, 0xff, 0xd0, 0x00, 0x00, 
	0x00, 0x00, 0x00, 0x2a, 0x88, 0x00, 0x08, 0x2e, 0xfe, 0xaa, 0xae, 0x82, 0xa8, 0x8a, 0xef, 0xff, 
	0xff, 0xfa, 0xbf, 0xff, 0xef, 0xfa, 0x80, 0x00, 0x00, 0x00, 0x00, 0x00, 0x44, 0x00, 0x00, 0x18, 
	0x17, 0x1c, 0x00, 0x07, 0xc1, 0xf5, 0xdc, 0xff, 0xff, 0xff, 0xd7, 0xff, 0xff, 0xff, 0xf8, 0x00, 
	0x00, 0x00, 0x00, 0x00, 0x00, 0x2a, 0xa0, 0x00, 0x08, 0x0b, 0xa8, 0x02, 0x02, 0x80, 0xab, 0xaa, 
	0xff, 0xff, 0xff, 0xaa, 0xbf, 0xfb, 0xff, 0xf8, 0x00, 0x00, 0x00, 0x00, 0x00, 0x00, 0x11, 0x00, 
	0x00, 0x0c, 0x17, 0xf0, 0x00, 0x00, 0x00, 0x13, 0xa1, 0xff, 0xff, 0xff, 0xf0, 0x7f, 0xff, 0xff, 
	0xfc, 0x00, 0x00, 0x00, 0x00, 0x00, 0x00, 0xaa, 0xa0, 0x00, 0x0c, 0x0a, 0xe8, 0x00, 0x80, 0x08, 
	0x8a, 0xaa, 0xef, 0xee, 0xff, 0xe8, 0xbf, 0xfe, 0xff, 0xfe, 0x00, 0x00, 0x00, 0x00, 0x00, 0x00, 
	0x05, 0x40, 0x00, 0x06, 0x17, 0xf0, 0x00, 0x00, 0x00, 0x00, 0x01, 0xff, 0xff, 0xff, 0xf8, 0x7f, 
	0xff, 0xff, 0xfe, 0x00, 0x00, 0x00, 0x00, 0x00, 0x00, 0x2a, 0x00, 0x00, 0x02, 0x2a, 0xb8, 0x00, 
	0x00, 0x02, 0x2a, 0xab, 0xff, 0xff, 0xfb, 0xaa, 0xff, 0xff, 0xff, 0xbf, 0x80, 0x00, 0x00, 0x00, 
	0x00, 0x01, 0x04, 0x00, 0x00, 0x00, 0x1d, 0x7c, 0x00, 0x00, 0x00, 0x00, 0x07, 0xff, 0xff, 0xff, 
	0xc4, 0xff, 0xff, 0xff, 0xbf, 0xc4, 0x00, 0x00, 0x00, 0x00, 0x00, 0xa8, 0x80, 0x00, 0x00, 0xae, 
	0xe8, 0x00, 0x00, 0x00, 0x88, 0x8f, 0xfe, 0xfe, 0xff, 0xeb, 0xfe, 0xff, 0xff, 0x8f, 0xe8, 0x00, 
	0x00, 0x00, 0x00, 0x01, 0x44, 0x00, 0x00, 0x00, 0x7e, 0x7c, 0x00, 0x00, 0x00, 0x00, 0x0f, 0xff, 
	0xff, 0xff, 0xf5, 0xff, 0xff, 0xff, 0x81, 0xf0, 0x00, 0x00, 0x00, 0x00, 0x03, 0xaa, 0x80, 0x00, 
	0x0a, 0xae, 0xba, 0x00, 0x00, 0x00, 0x20, 0x3f, 0xff, 0xff, 0xfa, 0xab, 0xff, 0xff, 0xff, 0x80, 
	0xa0, 0x00, 0x00, 0x00, 0x00, 0x01, 0x00, 0x00, 0x00, 0x01, 0x07, 0x7c, 0x00, 0x00, 0x00, 0x04, 
	0x7f, 0xff, 0xff, 0xf7, 0x5f, 0xff, 0xff, 0xf7, 0x80, 0x00, 0x00, 0x00, 0x00, 0x00, 0x00, 0x8a, 
	0x80, 0x00, 0x00, 0x0b, 0xac, 0x00, 0x00, 0x00, 0x0a, 0xea, 0xee, 0xfe, 0xee, 0xbf, 0xff, 0xff, 
	0xfb, 0x80, 0x00, 0x00, 0x00, 0x00, 0x00, 0x00, 0x44, 0x00, 0x00, 0x00, 0x07, 0xdc, 0x00, 0x00, 
	0x00, 0x01, 0xf5, 0xff, 0xff, 0xe6, 0xff, 0xff, 0xff, 0xf7, 0x00, 0x00, 0x00, 0x00, 0x00, 0x00, 
	0x00, 0x2a, 0xa2, 0x00, 0x00, 0x0e, 0xaa, 0x00, 0x00, 0x00, 0x02, 0xab, 0xbf, 0xff, 0xea, 0xff, 
	0xff, 0xff, 0xee, 0x00, 0x00, 0x00, 0x00, 0x00, 0x00, 0x00, 0x11, 0x50, 0x00, 0x00, 0x0e, 0x17, 
	0x00, 0x00, 0x00, 0x00, 0x03, 0xff, 0xff, 0xfd, 0xff, 0xff, 0xff, 0xc7, 0x00, 0x00, 0x00, 0x00, 
	0x00, 0x00, 0x00, 0x00, 0x8a, 0x80, 0x00, 0x2e, 0xaa, 0xe0, 0x00, 0x00, 0x00, 0x0e, 0xff, 0xff, 
	0xff, 0xef, 0xff, 0xff, 0xee, 0x00, 0x00, 0x00, 0x00, 0x00, 0x00, 0x00, 0x00, 0x0c, 0x00, 0x00, 
	0x44, 0xdf, 0xe0, 0x00, 0x00, 0x00, 0x1f, 0xff, 0xff, 0xfd, 0xff, 0xff, 0xff, 0xec, 0x00, 0x00, 
	0x00, 0x00, 0x00, 0x00, 0x00, 0x00, 0x0a, 0x00, 0x00, 0x00, 0xaa, 0xa8, 0x00, 0x00, 0x02, 0x3f, 
	0xff, 0xff, 0xff, 0xab, 0xff, 0xff, 0xe8, 0x00, 0x00, 0x00, 0x00, 0x00, 0x00, 0x00, 0x00, 0x00, 
	0x00, 0x00, 0x03, 0x01, 0xc0, 0x00, 0x00, 0x03, 0xff, 0xff, 0xff, 0xff, 0x95, 0xff, 0xff, 0xf8, 
	0x00, 0x00, 0x00, 0x00, 0x00, 0x00, 0x00, 0x00, 0x00, 0x80, 0x00, 0xaa, 0x0e, 0x80, 0x00, 0x00, 
	0x00, 0xab, 0xff, 0xff, 0xee, 0x8a, 0xff, 0xfe, 0xfa, 0xa0, 0x00, 0x00, 0x00, 0x00, 0x00, 0x00, 
	0x00, 0x00, 0x00, 0x00, 0x40, 0x7f, 0xc0, 0x00, 0x00, 0x00, 0x5f, 0xff, 0xff, 0xff, 0xc6, 0xff, 
	0xff, 0xff, 0xc0, 0x00, 0x00, 0x00, 0x00, 0x00, 0x00, 0x00, 0x02, 0x80, 0x0a, 0x82, 0xba, 0xa0, 
	0x00, 0x00, 0x00, 0x2b, 0xff, 0xbf, 0xbf, 0xaa, 0xff, 0xfe, 0xbf, 0xea, 0xaa, 0x00, 0x00, 0x00, 
	0x00, 0x00, 0x00, 0x00, 0x00, 0x70, 0x07, 0xdf, 0x60, 0x00, 0x00, 0x00, 0x07, 0xff, 0xff, 0xff, 
	0x07, 0xff, 0xff, 0xff, 0xff, 0xff, 0xf0, 0x00, 0x00, 0x00, 0x00, 0x00, 0x00, 0x22, 0xe8, 0xaa, 
	0x8a, 0xa0, 0x00, 0x00, 0x00, 0xae, 0xef, 0xfe, 0xba, 0x8b, 0xef, 0xef, 0xff, 0xff, 0xee, 0xa8, 
	0x00, 0x00, 0x00, 0x00, 0x00, 0x00, 0x07, 0xd1, 0xd0, 0xdf, 0xd0, 0x00, 0x00, 0x00, 0xff, 0xff, 
	0xfd, 0xff, 0x0f, 0xff, 0xff, 0xff, 0xff, 0xff, 0xdc, 0x00, 0x00, 0x00, 0x00, 0x00, 0x00, 0x0e, 
	0xfa, 0x80, 0x8b, 0xb8, 0x00, 0x00, 0x03, 0xff, 0xff, 0xfa, 0xbf, 0xab, 0xff, 0xff, 0xff, 0xff, 
	0xff, 0xaa, 0x00, 0x00, 0x00, 0x00, 0x00, 0x00, 0x07, 0xfc, 0x01, 0x9f, 0xf0, 0x00, 0x00, 0x1f, 
	0xff, 0xff, 0xff, 0x77, 0x1d, 0xff, 0xff, 0xff, 0xff, 0xff, 0xfe, 0x00, 0x00, 0x00, 0x00, 0x00, 
	0x00, 0x0a, 0xe8, 0x02, 0x8b, 0xa8, 0x00, 0x0a, 0xff, 0xef, 0xff, 0xea, 0xaa, 0xbe, 0xff, 0xff, 
	0xff, 0xfe, 0xfa, 0xee, 0x00, 0x00, 0x00, 0x00, 0x00, 0x00, 0x01, 0x40, 0x00, 0x1f, 0xdc, 0x00, 
	0x5f, 0xff, 0xff, 0xff, 0xfc, 0x7f, 0x5e, 0xff, 0xff, 0xff, 0xff, 0xff, 0xff, 0x00, 0x00, 0x00, 
	0x00, 0x00, 0x00, 0x00, 0x00, 0x00, 0x2f, 0xaa, 0x0a, 0xff, 0xff, 0xfb, 0xff, 0xea, 0xbe, 0xff, 
	0xfb, 0xbb, 0xaa, 0xbf, 0xff, 0xfa, 0x00, 0x00, 0x00, 0x00, 0x00, 0x00, 0x00, 0x00, 0x00, 0x1f, 
	0xd7, 0xff, 0xbf, 0xff, 0xff, 0xff, 0xe1, 0x5f, 0xff, 0xff, 0xff, 0xff, 0xff, 0xff, 0xff, 0x00, 
	0x00, 0x00, 0x00, 0x00, 0x00, 0x00, 0x00, 0x08, 0xae, 0xaa, 0xab, 0xaf, 0xff, 0xff, 0xee, 0xaa, 
	0xee, 0xee, 0xae, 0xee, 0xee, 0xee, 0xee, 0xfe, 0x00, 0x00, 0x00, 0x00, 0x00, 0x00, 0x00, 0x00, 
	0x05, 0x9c, 0xdd, 0xdf, 0x1f, 0xff, 0xff, 0xff, 0xdf, 0xff, 0xff, 0xff, 0xff, 0xff, 0xff, 0xff, 
	0xff, 0x00, 0x00, 0x00, 0x00, 0x00, 0x00, 0x00, 0x00, 0x02, 0x3a, 0xaa, 0xab, 0x8f, 0xff, 0xff, 
	0xfb, 0xff, 0xff, 0xba, 0xbb, 0xab, 0xfb, 0xbf, 0xfb, 0xfe, 0x00, 0x00, 0x00, 0x00, 0x00, 0x00, 
	0x00, 0x00, 0x00, 0x1c, 0xd5, 0xf7, 0x0f, 0xff, 0xff, 0xff, 0xff, 0xff, 0xff, 0xff, 0xff, 0xff, 
	0xff, 0xff, 0xff, 0x00, 0x00, 0x00, 0x00, 0x00, 0x00, 0x00, 0x00, 0x00, 0x28, 0xea, 0xaa, 0x8e, 
	0xff, 0xff, 0xee, 0xef, 0xee, 0xee, 0xee, 0xee, 0xee, 0xee, 0xee, 0xee, 0x00, 0x00, 0x00, 0x00, 
	0x00, 0x00, 0x00, 0x00, 0x00, 0x38, 0x4d, 0xdc, 0x84, 0x7f, 0xff, 0xff, 0xff, 0xff, 0xff, 0xff, 
	0xff, 0xff, 0xff, 0xff, 0xff, 0x00, 0x00, 0x00, 0x00, 0x00, 0x00, 0x00, 0x00, 0x00, 0x38, 0x2e, 
	0xaa, 0x8e, 0x3f, 0xff, 0xbf, 0xff, 0xbf, 0xba, 0xaa, 0xab, 0xab, 0xfb, 0xfb, 0xfe, 0x00, 0x00, 
	0x00, 0x00, 0x00, 0x00, 0x00, 0x00, 0x00, 0x30, 0x37, 0x7e, 0x18, 0x3f, 0xff, 0xff, 0xff, 0xff, 
	0xff, 0xff, 0xff, 0xff, 0xff, 0xff, 0xfe, 0x00, 0x00, 0x00, 0x00, 0x00, 0x00, 0x00, 0x00, 0x00, 
	0x28, 0x2e, 0xae, 0xa8, 0xff, 0xef, 0xee, 0xee, 0xee, 0xee, 0xee, 0xee, 0xee, 0xee, 0xef, 0xfe, 
	0x00, 0x00, 0x00, 0x00, 0x00, 0x00, 0x00, 0x00, 0x00, 0x10, 0x1f, 0xde, 0x01, 0xff, 0xff, 0xff, 
	0xff, 0xff, 0xff, 0xff, 0xff, 0xff, 0xff, 0xff, 0xfc, 0x00, 0x00, 0x00, 0x00, 0x00, 0x00, 0x00, 
	0x00, 0x00, 0x20, 0x0a, 0xae, 0x83, 0xff, 0xff, 0xff, 0xff, 0xbb, 0xff, 0xaa, 0xab, 0xbb, 0xbf, 
	0xff, 0xfe, 0x00, 0x00, 0x00, 0x00, 0x00, 0x00, 0x00, 0x00, 0x00, 0x10, 0x1f, 0xfd, 0x87, 0xff, 
	0xff, 0xff, 0xff, 0xff, 0xff, 0xff, 0xff, 0xff, 0xff, 0xff, 0xfc, 0x00, 0x00, 0x00, 0x00, 0x00, 
	0x00, 0x00, 0x00, 0x00, 0x08, 0x0e, 0xae, 0xee, 0xff, 0xff, 0xfe, 0xfe, 0xef, 0xee, 0xee, 0xee, 
	0xee, 0xee, 0xff, 0xfe, 0x80, 0x00, 0x00, 0x00, 0x00, 0x00, 0x00, 0x00, 0x00, 0x0c, 0x07, 0xfc, 
	0x7f, 0xff, 0xff, 0xff, 0xff, 0xff, 0xff, 0xff, 0xff, 0xff, 0xff, 0xff, 0xff, 0xc0, 0x00, 0x00, 
	0x00, 0x00, 0x00, 0x00, 0x00, 0x00, 0x0e, 0x0f, 0xaa, 0x2f, 0xff, 0xff, 0xff, 0xff, 0xfb, 0xfa, 
	0xaf, 0xff, 0xbf, 0xfb, 0xff, 0xfe, 0xa0, 0x00, 0x00, 0x00, 0x00, 0x00, 0x00, 0x00, 0x00, 0x07, 
	0x47, 0xfe, 0x1f, 0xff, 0xff, 0xff, 0xff, 0xff, 0xff, 0xff, 0xff, 0xff, 0xff, 0xff, 0xff, 0x60, 
	0x00, 0x00, 0x00, 0x00, 0x00, 0x00, 0x00, 0x00, 0x02, 0x8e, 0xaa, 0x2f, 0xff, 0xff, 0xee, 0xff, 
	0xfe, 0xee, 0xee, 0xee, 0xee, 0xee, 0xff, 0xfe, 0xa8, 0x00, 0x00, 0x00, 0x00, 0x00, 0x00, 0x00, 
	0x00, 0x00, 0x04, 0xdf, 0x7f, 0xff, 0xff, 0xff, 0xff, 0xff, 0xff, 0xff, 0xff, 0xff, 0xff, 0xff, 
	0xff, 0xd8, 0x00, 0x00, 0x00, 0x00, 0x00, 0x00, 0x00, 0x00, 0x00, 0x0e, 0xeb, 0xff, 0xff, 0xff, 
	0xff, 0xff, 0xff, 0xbe, 0xaf, 0xeb, 0xbf, 0xff, 0xff, 0xff, 0xe8, 0x00, 0x00, 0x00, 0x00, 0x00, 
	0x00, 0x00, 0x00, 0x00, 0x04, 0x77, 0xff, 0xff, 0xff, 0xff, 0xff, 0xff, 0xff, 0xff, 0xff, 0xff, 
	0xff, 0xff, 0xff, 0xfc, 0x00, 0x00, 0x00, 0x00, 0x00, 0x00, 0x00, 0x00, 0x00, 0x0c, 0x2f, 0xfe, 
	0xee, 0xee, 0xfe, 0xef, 0xef, 0xee, 0xee, 0xae, 0xee, 0xff, 0xff, 0xfe, 0xec, 0x00, 0x00, 0x00, 
	0x00, 0x00, 0x00, 0x00, 0x00, 0x00, 0x0c, 0x1f, 0xff, 0xff, 0xff, 0xff, 0xff, 0xff, 0xff, 0xff, 
	0xff, 0xff, 0xff, 0xff, 0xff, 0xfc, 0x00, 0x00, 0x00, 0x00, 0x00, 0x00, 0x00, 0x00, 0x00, 0x08, 
	0x0f, 0xff, 0xfb, 0xbb, 0xff, 0xff, 0xbb, 0xfb, 0xbf, 0xbf, 0xff, 0xff, 0xff, 0xff, 0xfa, 0x00, 
	0x00, 0x00, 0x00, 0x00, 0x00, 0x00, 0x00, 0x00, 0x18, 0x1f, 0xff, 0xff, 0xff, 0xff, 0xff, 0xff, 
	0xff, 0xff, 0xff, 0xff, 0xff, 0xff, 0xff, 0xfe, 0x00, 0x00, 0x00, 0x00, 0x00, 0x00, 0x00, 0x00, 
	0x00, 0x08, 0x2e, 0xee, 0xee, 0xee, 0xee, 0xff, 0xee, 0xee, 0xee, 0xee, 0xee, 0xee, 0xef, 0xef, 
	0xfe, 0x00, 0x00, 0x00, 0x00, 0x00, 0x00, 0x00, 0x00, 0x00, 0x10, 0x1f, 0xff, 0xff, 0xff, 0xff, 
	0xff, 0xff, 0xff, 0xff, 0xff, 0xff, 0xff, 0xff, 0xff, 0xfe, 0x00, 0x00, 0x00, 0x00, 0x00, 0x00, 
	0x00, 0x00, 0x00, 0x20, 0x3f, 0xff, 0xea, 0xaa, 0xbf, 0xbf, 0xff, 0xff, 0xff, 0xbf, 0xff, 0xff, 
	0xff, 0xbf, 0xfe, 0x00, 0x00, 0x00, 0x00, 0x00, 0x00, 0x00, 0x00, 0x00, 0x00, 0x7f, 0xff, 0xff, 
	0xff, 0xff, 0xff, 0xff, 0xff, 0xff, 0xff, 0xff, 0xff, 0xff, 0xff, 0xfe, 0x00, 0x00, 0x00, 0x00, 
	0x00, 0x00, 0x00, 0x00, 0x00, 0x00, 0xef, 0xef, 0xee, 0xee, 0xee, 0xee, 0xfe, 0xee, 0xee, 0xee, 
	0xee, 0xee, 0xee, 0xff, 0xfe, 0x00, 0x00, 0x00, 0x00, 0x00, 0x00, 0x00, 0x00, 0x00, 0x00, 0xff, 
	0xff, 0xff, 0xff, 0xff, 0xff, 0xff, 0xff, 0xff, 0xff, 0xff, 0xff, 0xff, 0xff, 0xfc, 0x00, 0x00, 
	0x00, 0x00, 0x00, 0x00, 0x00, 0x00, 0x00, 0x00, 0xff, 0xff, 0xff, 0xab, 0xab, 0xbf, 0xbf, 0xff, 
	0xfb, 0xbf, 0xbb, 0xff, 0xff, 0xff, 0xf8, 0x00, 0x00, 0x00, 0x00, 0x00, 0x00, 0x00, 0x00, 0x04, 
	0x01, 0xff, 0xff, 0xff, 0xff, 0xff, 0xff, 0xff, 0xff, 0xff, 0xff, 0xff, 0xff, 0xff, 0xff, 0xf8, 
	0x00, 0x00, 0x00, 0x00, 0x00, 0x00, 0x00, 0x00, 0x06, 0x0b, 0xff, 0xef, 0xef, 0xee, 0xee, 0xee, 
	0xef, 0xfe, 0xee, 0xee, 0xee, 0xee, 0xff, 0xff, 0xf8, 0x00, 0x00, 0x00, 0x00, 0x00, 0x00, 0x00, 
	0x00, 0x06, 0x1f, 0xff, 0xff, 0xff, 0xff, 0xff, 0xff, 0xff, 0xff, 0xff, 0xff, 0xff, 0xff, 0xff, 
	0xff, 0xf0, 0x00, 0x00, 0x00, 0x00, 0x00, 0x00, 0x00, 0x00, 0x02, 0xbb, 0xff, 0xeb, 0xbb, 0xfe, 
	0xab, 0xbf, 0xbf, 0xff, 0xff, 0xff, 0xff, 0xff, 0xff, 0xff, 0xe0, 0x00, 0x00, 0x00, 0x00, 0x00, 
	0x00, 0x00, 0x00, 0x01, 0xff, 0xff, 0xff, 0xff, 0xff, 0xff, 0xff, 0xff, 0xff, 0xff, 0xff, 0xff, 
	0xff, 0xff, 0xff, 0xe0, 0x00, 0x00, 0x00, 0x00, 0x00, 0x00, 0x00, 0x00, 0x00, 0xef, 0xee, 0xee, 
	0xee, 0xef, 0xee, 0xee, 0xee, 0xff, 0xff, 0xee, 0xee, 0xee, 0xef, 0xff, 0xe0, 0x00, 0x00, 0x00, 
	0x00, 0x00, 0x00, 0x00, 0x00, 0x00, 0x0f, 0xff, 0xff, 0xff, 0xff, 0xff, 0xff, 0xff, 0xff, 0xff, 
	0xff, 0xff, 0xff, 0xff, 0xff, 0xc0, 0x00, 0x00, 0x00, 0x00, 0x00, 0x00, 0x00, 0x00, 0x00, 0x0f, 
	0xff, 0xbb, 0xbb, 0xff, 0xeb, 0xff, 0xff, 0xff, 0xff, 0xff, 0xbf, 0xff, 0xff, 0xff, 0x80, 0x00, 
	0x00, 0x00, 0x00, 0x00, 0x00, 0x00, 0x00, 0x00, 0x1f, 0xff, 0xff, 0xff, 0xff, 0xff, 0xff, 0xff, 
	0xff, 0xff, 0xff, 0xff, 0xff, 0xff, 0xff, 0x80, 0x00, 0x00, 0x00, 0x00, 0x00, 0x00, 0x00, 0x00, 
	0x00, 0x2f, 0xef, 0xee, 0xee, 0xee, 0xee, 0xee, 0xfe, 0xee, 0xff, 0xff, 0xff, 0xff, 0xff, 0xfe, 
	0x80, 0x00, 0x00, 0x00, 0x00, 0x00, 0x00, 0x00, 0x00, 0x00, 0x7f, 0xff, 0xff, 0xff, 0xff, 0xff, 
	0xff, 0xff, 0xff, 0x7f, 0xff, 0xff, 0xff, 0xff, 0xff, 0x00, 0x00, 0x00, 0x00, 0x00, 0x00, 0x00, 
	0x00, 0x00, 0x00, 0xff, 0xff, 0xfb, 0xbb, 0xbf, 0xff, 0xfb, 0xbf, 0xbf, 0xbf, 0xff, 0xff, 0xff, 
	0xff, 0xfe, 0x00, 0x00, 0x00, 0x00, 0x00, 0x00, 0x00, 0x00, 0x00, 0x01, 0xff, 0xff, 0xff, 0xff, 
	0xff, 0xff, 0xff, 0xff, 0xfd, 0x1f, 0xff, 0xff, 0xff, 0xff, 0xfc, 0x00, 0x00, 0x00, 0x00, 0x00, 
	0x00, 0x00, 0x00, 0x00, 0xee, 0xff, 0xfe, 0xee, 0xee, 0xee, 0xfe, 0xee, 0xee, 0xee, 0xaf, 0xff, 
	0xff, 0xff, 0xff, 0xfe, 0x00, 0x00, 0x00, 0x00, 0x00, 0x00, 0x00, 0x00, 0x00, 0x7f, 0xff, 0xff, 
	0xff, 0xff, 0xff, 0xff, 0xff, 0xff, 0xff, 0xff, 0xff, 0xff, 0xff, 0xff, 0xfe, 0x00, 0x00, 0x00, 
	0x00, 0x00, 0x00, 0x00, 0x00, 0x00, 0x3f, 0xff, 0xff, 0xfb, 0xfb, 0xff, 0xff, 0xff, 0xff, 0xfe, 
	0xbb, 0xff, 0xff, 0xff, 0xff, 0xfe, 0x00, 0x00, 0x00, 0x00, 0x00, 0x00, 0x00, 0x00, 0x00, 0x1f, 
	0xff, 0xff, 0xff, 0xff, 0xff, 0xff, 0xff, 0xff, 0xff, 0x5f, 0xff, 0xff, 0xff, 0xff, 0xff, 0x00, 
	0x00, 0x00, 0x00, 0x00, 0x00, 0x00, 0x00, 0x00, 0x08, 0xee, 0xee, 0xee, 0xee, 0xee, 0xff, 0xfe, 
	0xef, 0xfe, 0xef, 0xff, 0xff, 0xff, 0xff, 0xff, 0x80, 0x00, 0x00, 0x00, 0x00, 0x00, 0x00, 0x00, 
	0x00, 0x01, 0xff, 0xff, 0xff, 0xff, 0xff, 0xff, 0xff, 0xff, 0xff, 0xff, 0xff, 0xff, 0xff, 0xff, 
	0xff, 0x80, 0x00, 0x00, 0x00, 0x00, 0x00, 0x00, 0x00, 0x00, 0x02, 0xff, 0xff, 0xbf, 0xbf, 0xfb, 
	0xff, 0xff, 0xff, 0xff, 0xff, 0xff, 0xff, 0xff, 0xff, 0xff, 0x80, 0x00, 0x00, 0x00, 0x00, 0x00, 
	0x00, 0x00, 0x00, 0x01, 0xff, 0xff, 0xff, 0xff, 0xff, 0xff, 0xff, 0xff, 0xff, 0xff, 0xff, 0xff, 
	0xff, 0xff, 0xff, 0xc0, 0x00, 0x00, 0x00, 0x00, 0x00, 0x00, 0x00, 0x00, 0x03, 0xfe, 0xee, 0xee, 
	0xee, 0xee, 0xef, 0xfe, 0xef, 0xee, 0xee, 0xfe, 0xbf, 0xff, 0xff, 0xff, 0xc0, 0x00, 0x00, 0x00, 
	0x00, 0x00, 0x00, 0x00, 0x00, 0x07, 0xff, 0xff, 0xff, 0xff, 0xff, 0xff, 0xff, 0xff, 0xff, 0xff, 
	0x7f, 0xff, 0xff, 0xff, 0xdf, 0xe0, 0x00, 0x00, 0x00, 0x00, 0x00, 0x00, 0x00, 0x00, 0x03, 0xff, 
	0xff, 0xff, 0xbf, 0xff, 0xff, 0xff, 0xff, 0xff, 0xae, 0xbe, 0xef, 0xff, 0xfe, 0xbf, 0xe0, 0x00, 
	0x00, 0x00, 0x00, 0x00, 0x00, 0x00, 0x00, 0x07, 0xff, 0xff, 0xff, 0xff, 0xff, 0xff, 0xff, 0xff, 
	0xff, 0xc6, 0x7f, 0x7f, 0xff, 0xff, 0x7f, 0xf0, 0x00, 0x00, 0x00, 0x00, 0x00, 0x00, 0x00, 0x00, 
	0x0f, 0xfe, 0xfe, 0xee, 0xee, 0xee, 0xef, 0xfe, 0xef, 0xee, 0xe0, 0xee, 0xaf, 0xee, 0xff, 0xbf, 
	0xf8, 0x00, 0x00, 0x00, 0x00, 0x00, 0x00, 0x00, 0x00, 0x1f, 0xff, 0xff, 0xff, 0xff, 0xff, 0xff, 
	0xff, 0xff, 0xfd, 0xf0, 0xfd, 0x5f, 0xff, 0xff, 0xdf, 0xf0, 0x00, 0x00, 0x00, 0x00, 0x00, 0x00, 
	0x00, 0x00, 0x2f, 0xff, 0xff, 0xff, 0xff, 0xff, 0xff, 0xff, 0xff, 0xff, 0xf8, 0xbb, 0xab, 0xfb, 
	0xff, 0xaf, 0xf8, 0x00, 0x00, 0x00, 0x00, 0x00, 0x00, 0x00, 0x00, 0x3f, 0xff, 0xff, 0xff, 0xff, 
	0xff, 0xff, 0xff, 0xff, 0xff, 0xf1, 0x3f, 0x3f, 0xff, 0xff, 0x7f, 0xfc, 0x00, 0x00, 0x00, 0x00, 
	0x00, 0x00, 0x00, 0x00, 0x3f, 0xef, 0xfe, 0xee, 0xee, 0xee, 0xee, 0xee, 0xee, 0xfe, 0xea, 0x8e, 
	0xbf, 0xef, 0xbf, 0xef, 0xf8, 0x00, 0x00, 0x00, 0x00, 0x00, 0x00, 0x00, 0x00, 0x7f, 0xff, 0xff, 
	0xff, 0xff, 0xff, 0xff, 0xff, 0xff, 0xff, 0xe7, 0xdf, 0xff, 0xff, 0xff, 0xff, 0xfc, 0x00, 0x00, 
	0x00, 0x00, 0x00, 0x00, 0x00, 0x00, 0xff, 0xff, 0xff, 0xff, 0xff, 0xff, 0xff, 0xff, 0xff, 0xff, 
	0xeb, 0xbf, 0xff, 0xff, 0xff, 0xff, 0xfe, 0x00, 0x00, 0x00, 0x00, 0x00, 0x00, 0x00, 0x00, 0x7f, 
	0xff, 0xff, 0xff, 0xff, 0xff, 0xff, 0xff, 0xff, 0xff, 0xff, 0xff, 0xff, 0xff, 0xff, 0xff, 0xfe, 
	0x00, 0x00, 0x00, 0x00, 0x00, 0x00, 0x00, 0x00, 0xff, 0xff, 0xee, 0xee, 0xee, 0xee, 0xff, 0xff, 
	0xff, 0xff, 0xee, 0xee, 0xee, 0xef, 0xff, 0xff, 0xfe, 0x00, 0x00, 0x00, 0x00, 0x00, 0x00, 0x00, 
	0x01, 0xff, 0xff, 0xff, 0xff, 0xff, 0xff, 0xff, 0xff, 0xff, 0xff, 0xff, 0xff, 0xff, 0xff, 0xff, 
	0xff, 0xff, 0x00, 0x00, 0x00, 0x00, 0x00, 0x00, 0x00, 0x03, 0xff, 0xff, 0xff, 0xff, 0xbf, 0xff, 
	0xff, 0xff, 0xff, 0xff, 0xff, 0xff, 0xef, 0xff, 0xeb, 0xef, 0xff, 0x00, 0x00, 0x00, 0x00, 0x00, 
	0x00, 0x00, 0x03, 0xff, 0xff, 0xff, 0xff, 0xff, 0xff, 0xff, 0xff, 0xff, 0xff, 0xff, 0xdf, 0xc7, 
	0xff, 0xc7, 0xff, 0xff, 0x00, 0x00, 0x00, 0x00, 0x00, 0x00, 0x00, 0x03, 0xff, 0xfe, 0xee, 0xee, 
	0xee, 0xee, 0xee, 0xff, 0xff, 0xff, 0xfa, 0x8e, 0x8a, 0xef, 0xeb, 0xeb, 0xff, 0x00, 0x00, 0x00, 
	0x00, 0x00, 0x00, 0x00, 0x07, 0xff, 0xff, 0xff, 0xff, 0xff, 0xff, 0xff, 0xff, 0xff, 0xff, 0xfc, 
	0x9f, 0xd5, 0xff, 0xff, 0xff, 0xff, 0x00, 0x00, 0x00, 0x00, 0x00, 0x00, 0x00, 0x0f, 0xff, 0xff, 
	0xff, 0xfb, 0xff, 0xff, 0xff, 0xff, 0xff, 0xff, 0xfa, 0xbb, 0xaf, 0xff, 0xfb, 0xef, 0xff, 0x00, 
	0x00, 0x00, 0x00, 0x00, 0x00, 0x00, 0x07, 0xff, 0xff, 0xff, 0xff, 0xff, 0xff, 0xff, 0xff, 0xff, 
	0xff, 0xff, 0x7f, 0xf7, 0xff, 0xff, 0xf7, 0xff
};
// 'nyxtalk', 200x200px
const unsigned char smallnyxtalk [] PROGMEM = {
	0x88, 0x88, 0xfe, 0xe8, 0x88, 0x88, 0x88, 0x88, 0x88, 0x88, 0x88, 0x88, 0x88, 0x88, 0x88, 0x88, 
	0x88, 0x88, 0x8a, 0xbf, 0x88, 0x88, 0x88, 0x88, 0x88, 0x00, 0x00, 0x7f, 0x54, 0x00, 0x00, 0x00, 
	0x00, 0x00, 0x00, 0x00, 0x00, 0x00, 0x00, 0x00, 0x00, 0x00, 0x00, 0x07, 0x7f, 0xc0, 0x00, 0x00, 
	0x00, 0x00, 0x00, 0x00, 0xff, 0xaa, 0x80, 0x00, 0x00, 0x00, 0x00, 0x00, 0x00, 0x00, 0x00, 0x00, 
	0x00, 0x00, 0x00, 0x00, 0x2a, 0xfb, 0x80, 0x00, 0x00, 0x00, 0x00, 0x00, 0x00, 0xff, 0xfc, 0xc0, 
	0x00, 0x00, 0x00, 0x00, 0x00, 0x00, 0x00, 0x00, 0x00, 0x00, 0x00, 0x00, 0x00, 0x67, 0xff, 0x80, 
	0x00, 0x00, 0x00, 0x00, 0x00, 0x00, 0xea, 0xee, 0xaa, 0x00, 0x00, 0x00, 0x00, 0x00, 0x00, 0x00, 
	0x00, 0x00, 0x00, 0x00, 0x00, 0x08, 0xae, 0xee, 0x80, 0x00, 0x00, 0x00, 0x00, 0x00, 0x00, 0x7f, 
	0xff, 0xcc, 0x00, 0x00, 0x00, 0x00, 0x00, 0x00, 0x00, 0x00, 0x00, 0x00, 0x00, 0x00, 0x1d, 0x7f, 
	0xff, 0x00, 0x00, 0x00, 0x00, 0x00, 0x00, 0x00, 0x3b, 0xff, 0xea, 0x28, 0x00, 0x00, 0x00, 0x00, 
	0x00, 0x00, 0x00, 0x00, 0x00, 0x00, 0x00, 0x2a, 0xfb, 0xbe, 0x00, 0x00, 0x00, 0x00, 0x00, 0x00, 
	0x00, 0x1f, 0xff, 0xf1, 0x1c, 0x00, 0x00, 0x00, 0x00, 0x00, 0x00, 0x00, 0x00, 0x00, 0x00, 0x00, 
	0x51, 0xff, 0xfe, 0x00, 0x00, 0x00, 0x00, 0x00, 0x00, 0x00, 0x0e, 0xee, 0xe8, 0xcc, 0x00, 0x00, 
	0x00, 0x00, 0x00, 0x00, 0x00, 0x00, 0x00, 0x00, 0x02, 0xab, 0xee, 0xee, 0x00, 0x00, 0x00, 0x00, 
	0x00, 0x00, 0x00, 0x0f, 0xff, 0xfc, 0x04, 0x00, 0x00, 0x00, 0x00, 0x00, 0x00, 0x00, 0x00, 0x00, 
	0x00, 0x04, 0xcf, 0xdf, 0xfc, 0x00, 0x00, 0x00, 0x00, 0x00, 0x00, 0x00, 0x3b, 0xab, 0xfe, 0x2a, 
	0x00, 0x00, 0x00, 0x00, 0x00, 0x00, 0x00, 0x00, 0x00, 0x00, 0x0a, 0xaf, 0xea, 0xaa, 0x00, 0x00, 
	0x00, 0x00, 0x00, 0x00, 0x00, 0x3f, 0x7f, 0xff, 0x01, 0x00, 0x00, 0x00, 0x00, 0x00, 0x00, 0x00, 
	0x00, 0x00, 0x00, 0x15, 0x3f, 0xff, 0xfc, 0x00, 0x00, 0x00, 0x00, 0x00, 0x00, 0x00, 0x0e, 0xaa, 
	0xaf, 0x88, 0xa0, 0x00, 0x00, 0x00, 0x00, 0x00, 0x00, 0x00, 0x00, 0x00, 0x2e, 0xfe, 0xea, 0xe8, 
	0x00, 0x00, 0x00, 0x00, 0x00, 0x00, 0x00, 0x0f, 0xfd, 0xff, 0xc0, 0x00, 0x00, 0x00, 0x00, 0x00, 
	0x00, 0x00, 0x00, 0x00, 0x00, 0x2c, 0xff, 0xff, 0xfc, 0x00, 0x00, 0x00, 0x00, 0x00, 0x00, 0x00, 
	0x0b, 0xba, 0xef, 0xe0, 0x8a, 0x00, 0x00, 0x00, 0x00, 0x00, 0x00, 0x00, 0x00, 0x00, 0xaa, 0xfa, 
	0xaf, 0xa8, 0x00, 0x00, 0x00, 0x00, 0x00, 0x00, 0x00, 0x01, 0xff, 0xff, 0xf0, 0x11, 0x00, 0x00, 
	0x00, 0x00, 0x00, 0x00, 0x00, 0x00, 0x00, 0x47, 0xff, 0xff, 0xc0, 0x00, 0x00, 0x00, 0x00, 0x00, 
	0x00, 0x00, 0x02, 0xee, 0xee, 0xf8, 0x08, 0x80, 0x00, 0x00, 0x00, 0x00, 0x00, 0x00, 0x00, 0x00, 
	0xe7, 0xee, 0xae, 0xa0, 0x00, 0x00, 0x00, 0x00, 0x00, 0x00, 0x00, 0x07, 0x7f, 0xff, 0xfc, 0x03, 
	0x00, 0x00, 0x00, 0x00, 0x00, 0x00, 0x00, 0x00, 0x01, 0x4f, 0xff, 0xff, 0xf0, 0x00, 0x00, 0x00, 
	0x00, 0x00, 0x00, 0x00, 0x03, 0xfb, 0xaa, 0xbe, 0x22, 0x00, 0x00, 0x00, 0x02, 0xa0, 0x00, 0x00, 
	0x00, 0x02, 0x8f, 0xba, 0xab, 0xe0, 0x00, 0x00, 0x00, 0x00, 0x00, 0x00, 0x00, 0x01, 0xff, 0xff, 
	0xff, 0x01, 0x00, 0x00, 0x00, 0x07, 0xf4, 0x00, 0x00, 0x00, 0x01, 0x1f, 0xff, 0xff, 0xe0, 0x00, 
	0x00, 0x00, 0x00, 0x00, 0x00, 0x00, 0x00, 0xaa, 0xae, 0xea, 0x82, 0x80, 0x00, 0x00, 0x2a, 0xae, 
	0x00, 0x00, 0x00, 0x0e, 0xbf, 0xea, 0xee, 0x80, 0x00, 0x00, 0x00, 0x00, 0x00, 0x00, 0x00, 0x00, 
	0xff, 0xdd, 0xfc, 0x00, 0x40, 0x00, 0x00, 0x60, 0x7f, 0x00, 0x00, 0x00, 0x04, 0x1f, 0xfd, 0xff, 
	0xc0, 0x00, 0x00, 0x00, 0x00, 0x00, 0x00, 0x00, 0x00, 0x2a, 0xaa, 0xae, 0x82, 0x00, 0x00, 0x00, 
	0xa0, 0x0b, 0x80, 0x00, 0x00, 0x2a, 0xba, 0xaa, 0xfe, 0x80, 0x00, 0x00, 0x00, 0x00, 0x00, 0x00, 
	0x00, 0x00, 0x17, 0xff, 0xff, 0xc0, 0x20, 0x00, 0x01, 0x00, 0x07, 0xc0, 0x00, 0x00, 0x78, 0xff, 
	0xff, 0xfc, 0x00, 0x00, 0x00, 0x00, 0x00, 0x00, 0x00, 0x00, 0x00, 0x2a, 0xee, 0xef, 0xe0, 0x20, 
	0x00, 0x00, 0x80, 0x0e, 0xe0, 0x00, 0x00, 0x28, 0xfe, 0xea, 0xe8, 0x00, 0x00, 0x00, 0x00, 0x00, 
	0x00, 0x00, 0x00, 0x00, 0x1f, 0xfd, 0xff, 0xe0, 0x00, 0x00, 0x00, 0x00, 0x07, 0xc0, 0x00, 0x00, 
	0x71, 0xff, 0xff, 0xfc, 0x00, 0x00, 0x00, 0x00, 0x00, 0x00, 0x00, 0x00, 0x00, 0x0b, 0xab, 0xab, 
	0xaa, 0x28, 0x00, 0x02, 0x2a, 0x03, 0xaa, 0x00, 0x00, 0xe0, 0xfe, 0xba, 0xa8, 0x00, 0x00, 0x00, 
	0x00, 0x00, 0x00, 0x00, 0x00, 0x00, 0x07, 0xff, 0xff, 0xf0, 0x10, 0x00, 0x03, 0x7f, 0x47, 0xff, 
	0xc0, 0x00, 0x63, 0xff, 0xff, 0x10, 0x00, 0x00, 0x00, 0x00, 0x00, 0x00, 0x00, 0x00, 0x00, 0x0a, 
	0xaa, 0xea, 0xe8, 0xa8, 0x28, 0xaa, 0xee, 0xef, 0xfa, 0xea, 0x80, 0xab, 0xee, 0xea, 0xa8, 0x00, 
	0x00, 0x00, 0x00, 0x00, 0x00, 0x00, 0x00, 0x00, 0x01, 0xff, 0xff, 0xfc, 0x04, 0x7f, 0xc1, 0xff, 
	0xff, 0xff, 0xff, 0x81, 0x0f, 0xff, 0xff, 0xe0, 0x00, 0x00, 0x00, 0x00, 0x00, 0x00, 0x00, 0x00, 
	0x00, 0x00, 0x2a, 0xab, 0xfa, 0x2a, 0xaa, 0xab, 0xff, 0xff, 0xff, 0xfb, 0xab, 0x8f, 0xba, 0xbe, 
	0xa0, 0x00, 0x00, 0x00, 0x00, 0x00, 0x00, 0x00, 0x00, 0x00, 0x00, 0x3f, 0xf7, 0xfc, 0x07, 0x95, 
	0xff, 0xff, 0xff, 0xff, 0xff, 0xff, 0x1f, 0xff, 0xff, 0x00, 0x00, 0x00, 0x00, 0x00, 0x00, 0x00, 
	0x00, 0x00, 0x00, 0x00, 0xea, 0xaa, 0xfe, 0x2a, 0xaf, 0xee, 0xff, 0xff, 0xff, 0xff, 0xef, 0x8f, 
	0xee, 0xea, 0x80, 0x00, 0x00, 0x00, 0x00, 0x00, 0x00, 0x00, 0x00, 0x00, 0x00, 0x5f, 0xdf, 0xff, 
	0x05, 0x5f, 0xff, 0xff, 0xff, 0xff, 0xff, 0xfd, 0x1f, 0xff, 0xfe, 0x00, 0x00, 0x00, 0x00, 0x00, 
	0x00, 0x00, 0x00, 0x00, 0x00, 0x00, 0x0b, 0xfe, 0xfa, 0x0b, 0xbf, 0xea, 0xab, 0xff, 0xfb, 0xff, 
	0xfa, 0x3f, 0xaa, 0xe8, 0x00, 0x00, 0x00, 0x00, 0x00, 0x00, 0x00, 0x00, 0x00, 0x00, 0x00, 0x0f, 
	0xff, 0xff, 0x01, 0xff, 0xc0, 0x01, 0xff, 0xff, 0xff, 0xfd, 0x3f, 0xff, 0xf0, 0x00, 0x00, 0x00, 
	0x00, 0x00, 0x00, 0x00, 0x00, 0x00, 0x00, 0x00, 0x0a, 0xea, 0xef, 0x8b, 0xfe, 0x80, 0x08, 0xff, 
	0xff, 0xff, 0xf8, 0x2e, 0xee, 0xe8, 0x00, 0x00, 0x00, 0x00, 0x00, 0x00, 0x00, 0x00, 0x00, 0x00, 
	0x00, 0x07, 0xdf, 0xff, 0xc1, 0xf8, 0x00, 0x1c, 0x7f, 0xff, 0xff, 0xf8, 0x7f, 0xdf, 0xf0, 0x00, 
	0x00, 0x00, 0x00, 0x00, 0x00, 0x00, 0x00, 0x00, 0x00, 0x00, 0x02, 0xab, 0xff, 0xa2, 0xe0, 0x2a, 
	0xaa, 0x3f, 0xff, 0xbf, 0xe8, 0xff, 0xaf, 0xe0, 0x00, 0x00, 0x00, 0x00, 0x00, 0x00, 0x00, 0x00, 
	0x00, 0x00, 0x00, 0x01, 0xff, 0xff, 0xc1, 0xc0, 0x00, 0x06, 0x3f, 0xff, 0xff, 0xe8, 0xff, 0xff, 
	0xc0, 0x00, 0x00, 0x00, 0x00, 0x00, 0x00, 0x00, 0x00, 0x00, 0x00, 0x00, 0x00, 0xee, 0xef, 0xe2, 
	0xe8, 0x00, 0x0a, 0xbf, 0xff, 0xfe, 0xe8, 0xee, 0xee, 0x80, 0x00, 0x00, 0x00, 0x00, 0x00, 0x00, 
	0x00, 0x00, 0x00, 0x00, 0x00, 0x00, 0x7f, 0xdf, 0xf2, 0xc0, 0x00, 0x51, 0xff, 0xff, 0xff, 0xe1, 
	0xff, 0xff, 0x00, 0x00, 0x00, 0x00, 0x00, 0x00, 0x00, 0x00, 0x00, 0x00, 0x00, 0x00, 0x00, 0x2a, 
	0xbf, 0xfa, 0xe0, 0x00, 0xfa, 0xff, 0xff, 0xff, 0xe2, 0xff, 0xbe, 0x00, 0x00, 0x00, 0x00, 0x00, 
	0x00, 0x00, 0x00, 0x00, 0x00, 0x00, 0x00, 0x00, 0x1f, 0xff, 0xf9, 0xf0, 0x01, 0xfc, 0xff, 0xff, 
	0xff, 0xf1, 0xff, 0xff, 0x00, 0x00, 0x00, 0x00, 0x00, 0x00, 0x00, 0x00, 0x00, 0x00, 0x00, 0x00, 
	0x00, 0x0b, 0xef, 0xe8, 0xe0, 0x0a, 0xae, 0xff, 0xff, 0xff, 0xeb, 0xee, 0xfe, 0x80, 0x00, 0x00, 
	0x00, 0x00, 0x00, 0x00, 0x00, 0x00, 0x00, 0x00, 0x00, 0x00, 0x01, 0xff, 0xf0, 0xe0, 0x00, 0x7f, 
	0xff, 0xff, 0xff, 0xe7, 0xff, 0xff, 0xc0, 0x00, 0x00, 0x00, 0x00, 0x00, 0x00, 0x00, 0x00, 0x00, 
	0x00, 0x00, 0x00, 0x0a, 0xea, 0xfa, 0xb0, 0x83, 0xef, 0xff, 0xff, 0xff, 0xef, 0xff, 0xff, 0xa0, 
	0x00, 0x00, 0x00, 0x00, 0x00, 0x00, 0x00, 0x00, 0x00, 0x00, 0x00, 0x00, 0x01, 0xff, 0xfe, 0x70, 
	0x07, 0x07, 0xff, 0xff, 0xff, 0xef, 0xff, 0xff, 0xf0, 0x00, 0x00, 0x00, 0x00, 0x00, 0x00, 0x00, 
	0x00, 0x00, 0x00, 0x00, 0x00, 0x2b, 0xfe, 0xfe, 0xe8, 0x8a, 0x0b, 0xff, 0xfe, 0xff, 0xca, 0xff, 
	0xff, 0xe8, 0x00, 0x00, 0x00, 0x00, 0x00, 0x00, 0x00, 0x00, 0x00, 0x00, 0x00, 0x00, 0x1f, 0xff, 
	0xff, 0x7c, 0x40, 0x03, 0xff, 0xff, 0xff, 0xcf, 0xff, 0xff, 0xfc, 0x00, 0x00, 0x00, 0x00, 0x00, 
	0x00, 0x00, 0x00, 0x00, 0x00, 0x00, 0x00, 0x2f, 0xfa, 0xef, 0xb9, 0x80, 0x02, 0xef, 0xff, 0xbf, 
	0x8f, 0xff, 0xff, 0xfa, 0x00, 0x00, 0x00, 0x00, 0x00, 0x00, 0x00, 0x00, 0x00, 0x00, 0x00, 0x00, 
	0x1f, 0xf1, 0xff, 0xbc, 0x00, 0x07, 0xff, 0xff, 0xff, 0x8f, 0xff, 0xff, 0xfd, 0x00, 0x00, 0x00, 
	0x00, 0x00, 0x00, 0x00, 0x00, 0x00, 0x00, 0x00, 0x00, 0xbf, 0xea, 0xaf, 0xba, 0x00, 0x0e, 0xff, 
	0xff, 0xee, 0xaf, 0xff, 0xfe, 0xee, 0x80, 0x00, 0x00, 0x00, 0x00, 0x00, 0x00, 0x00, 0x00, 0x00, 
	0x00, 0x01, 0x7f, 0xc0, 0x47, 0xd8, 0x00, 0x0f, 0xff, 0xff, 0xff, 0xff, 0xff, 0xff, 0xfe, 0x80, 
	0x00, 0x00, 0x00, 0x00, 0x00, 0x00, 0x00, 0x00, 0x00, 0x00, 0x02, 0xbb, 0xa0, 0xab, 0xe0, 0x00, 
	0x0f, 0xff, 0xfb, 0xfb, 0xbf, 0xff, 0xff, 0xbb, 0xa0, 0x00, 0x00, 0x00, 0x00, 0x00, 0x00, 0x00, 
	0x00, 0x00, 0x00, 0x02, 0xff, 0x00, 0x01, 0xc0, 0x00, 0x1f, 0xff, 0xff, 0xff, 0xff, 0xff, 0xff, 
	0xff, 0x60, 0x00, 0x00, 0x00, 0x00, 0x00, 0x00, 0x00, 0x00, 0x00, 0x00, 0x0a, 0xee, 0x88, 0x8a, 
	0x80, 0x80, 0x0f, 0xfe, 0xee, 0xee, 0xef, 0xef, 0xef, 0xfe, 0xe0, 0x00, 0x00, 0x00, 0x00, 0x00, 
	0x00, 0x00, 0x00, 0x00, 0x00, 0x05, 0xde, 0x00, 0x04, 0x00, 0x00, 0x1f, 0xff, 0xff, 0xff, 0xff, 
	0xff, 0xff, 0xff, 0xe0, 0x00, 0x00, 0x00, 0x00, 0x00, 0x00, 0x00, 0x00, 0x00, 0x00, 0x0a, 0xac, 
	0x88, 0x00, 0x00, 0x00, 0x0f, 0xff, 0xfb, 0xff, 0xbb, 0xfb, 0xfb, 0xff, 0xb8, 0x00, 0x00, 0x00, 
	0x00, 0x00, 0x00, 0x00, 0x00, 0x00, 0x00, 0x11, 0x7c, 0x00, 0x00, 0x00, 0x00, 0x1f, 0xff, 0xff, 
	0xff, 0xff, 0xff, 0xff, 0xff, 0xf8, 0x00, 0x00, 0x00, 0x00, 0x00, 0x00, 0x00, 0x00, 0x00, 0x00, 
	0x2a, 0xa8, 0x80, 0x08, 0x80, 0x00, 0xae, 0xef, 0xfe, 0xee, 0xea, 0xfe, 0xef, 0xff, 0xea, 0x00, 
	0x20, 0x00, 0x00, 0x00, 0x00, 0x00, 0x00, 0x00, 0x00, 0x4f, 0xe0, 0x00, 0x00, 0x00, 0x00, 0x5f, 
	0xff, 0xff, 0xff, 0xff, 0xff, 0xff, 0xff, 0xff, 0x80, 0x40, 0x00, 0x00, 0x00, 0x00, 0x00, 0x00, 
	0x00, 0x00, 0x8e, 0xa0, 0x00, 0x22, 0x02, 0x00, 0xaf, 0xbf, 0xbb, 0xbf, 0xab, 0xbf, 0xfb, 0xff, 
	0xff, 0x80, 0x80, 0x00, 0x00, 0x00, 0x00, 0x00, 0x00, 0x00, 0x00, 0x1f, 0xe0, 0x00, 0x00, 0x00, 
	0x00, 0x6f, 0xff, 0xff, 0xff, 0xf7, 0xff, 0xff, 0xff, 0xff, 0xff, 0x80, 0x00, 0x00, 0x00, 0x00, 
	0x00, 0x00, 0x00, 0x02, 0xae, 0xa8, 0x80, 0xa8, 0x08, 0x00, 0xef, 0xee, 0xee, 0xef, 0xee, 0xee, 
	0xfe, 0xff, 0xff, 0xee, 0x80, 0x00, 0x00, 0x00, 0x00, 0x00, 0x00, 0x00, 0x05, 0xdd, 0xc0, 0x00, 
	0x00, 0x00, 0x00, 0x6f, 0xff, 0xff, 0xff, 0xdf, 0xff, 0xff, 0xff, 0xff, 0xfc, 0x00, 0x00, 0x00, 
	0x00, 0x00, 0x00, 0x00, 0x00, 0x0b, 0xbb, 0xa0, 0x00, 0x00, 0x00, 0x00, 0xf3, 0xfb, 0xaf, 0xba, 
	0xeb, 0xbf, 0xff, 0xff, 0xff, 0x80, 0x00, 0x00, 0x00, 0x00, 0x00, 0x00, 0x00, 0x00, 0x16, 0x3f, 
	0xc0, 0x00, 0x00, 0x00, 0x00, 0x77, 0xff, 0xff, 0xfd, 0xff, 0xff, 0xff, 0xff, 0xff, 0x80, 0x00, 
	0x00, 0x00, 0x00, 0x00, 0x00, 0x00, 0x28, 0xe8, 0xab, 0xa0, 0x00, 0x80, 0x00, 0x00, 0xea, 0xee, 
	0xee, 0xea, 0xea, 0xef, 0xee, 0xff, 0xff, 0x80, 0x00, 0x00, 0x00, 0x00, 0x00, 0x00, 0x00, 0x1f, 
	0x41, 0x7f, 0xc0, 0x00, 0x00, 0x00, 0x00, 0x7d, 0xff, 0xff, 0xdf, 0xff, 0xff, 0xff, 0xff, 0xff, 
	0xc0, 0x00, 0x00, 0x00, 0x00, 0x00, 0x00, 0x00, 0x0a, 0x0a, 0xef, 0x82, 0x00, 0x80, 0x00, 0x00, 
	0xfb, 0xbb, 0xef, 0xab, 0xff, 0xbb, 0xff, 0xff, 0xff, 0xe0, 0x00, 0x00, 0x00, 0x00, 0x00, 0x00, 
	0x00, 0x00, 0x01, 0xff, 0x00, 0x00, 0x00, 0x00, 0x00, 0x7d, 0xbf, 0xff, 0xff, 0xff, 0xff, 0xff, 
	0xff, 0xff, 0xf0, 0x00, 0x00, 0x00, 0x00, 0x00, 0x00, 0x00, 0x00, 0x2a, 0xee, 0x88, 0x02, 0x80, 
	0x00, 0x00, 0xee, 0xaa, 0xef, 0xee, 0xee, 0xee, 0xff, 0xff, 0xee, 0xe8, 0x00, 0x00, 0x00, 0x00, 
	0x00, 0x00, 0x00, 0x00, 0x41, 0xff, 0x00, 0x00, 0x00, 0x00, 0x00, 0x7f, 0xff, 0xff, 0xff, 0xff, 
	0xff, 0xff, 0xff, 0xff, 0xf8, 0x00, 0x00, 0x00, 0x00, 0x00, 0x00, 0x00, 0x00, 0x8a, 0xfe, 0x00, 
	0x02, 0x00, 0x20, 0x00, 0xfb, 0xbb, 0xbb, 0xfb, 0xbe, 0xbf, 0xff, 0xff, 0xff, 0xba, 0x00, 0x00, 
	0x00, 0x00, 0x00, 0x00, 0x00, 0x00, 0x05, 0xfe, 0x00, 0x00, 0x00, 0x00, 0x00, 0x7f, 0xbf, 0xff, 
	0xff, 0xff, 0xff, 0xff, 0xff, 0xff, 0xfe, 0x00, 0x00, 0x00, 0x00, 0x00, 0x00, 0x00, 0x02, 0x8b, 
	0xee, 0x80, 0x08, 0x00, 0x00, 0x00, 0xee, 0xbe, 0xef, 0xee, 0xee, 0xee, 0xff, 0xff, 0xef, 0xee, 
	0x80, 0x00, 0x00, 0x00, 0x00, 0x00, 0x00, 0x00, 0x1f, 0xfc, 0x00, 0x00, 0x00, 0x00, 0x00, 0x7f, 
	0xff, 0xff, 0xff, 0xff, 0xff, 0xff, 0xff, 0xff, 0xff, 0xc0, 0x00, 0x00, 0x00, 0x00, 0x00, 0x00, 
	0x02, 0x3f, 0xfa, 0x00, 0x00, 0x00, 0x00, 0x02, 0xfb, 0xbb, 0xbb, 0xfb, 0xff, 0xef, 0xe3, 0xff, 
	0xff, 0xfb, 0xa8, 0x20, 0x00, 0x00, 0x00, 0x00, 0x00, 0x04, 0x7f, 0xf0, 0x00, 0x00, 0x00, 0x00, 
	0x00, 0x7f, 0xff, 0xff, 0xff, 0xff, 0x87, 0xf3, 0xff, 0xff, 0xff, 0xf8, 0x60, 0x00, 0x00, 0x00, 
	0x00, 0x00, 0x0e, 0xae, 0xe0, 0x88, 0x08, 0x00, 0x80, 0x00, 0xae, 0xee, 0xef, 0xee, 0xef, 0x82, 
	0xe2, 0xfe, 0xef, 0xff, 0xef, 0x80, 0x00, 0x00, 0x00, 0x00, 0x00, 0x07, 0xff, 0xc0, 0x00, 0x00, 
	0x00, 0x00, 0x00, 0x7f, 0xff, 0xff, 0xff, 0xff, 0xc0, 0xc7, 0xff, 0xff, 0xff, 0xff, 0xc0, 0x00, 
	0x00, 0x00, 0x00, 0x00, 0x0e, 0xab, 0xa8, 0x00, 0x0a, 0x00, 0x00, 0x00, 0x3b, 0xbb, 0xbb, 0xfb, 
	0xff, 0xe8, 0x8f, 0xff, 0xff, 0xff, 0xfa, 0x00, 0x00, 0x00, 0x00, 0x00, 0x00, 0x1f, 0xff, 0x80, 
	0x00, 0x00, 0x00, 0x00, 0x00, 0x3f, 0xff, 0xff, 0xff, 0xff, 0xfc, 0x1f, 0xff, 0xff, 0xff, 0xf0, 
	0x00, 0x00, 0x00, 0x00, 0x00, 0x00, 0xee, 0xee, 0x8a, 0x00, 0x08, 0x00, 0x80, 0x00, 0xaf, 0xef, 
	0xff, 0xfe, 0xef, 0xee, 0xaf, 0xfe, 0xfe, 0xee, 0x80, 0x00, 0x00, 0x00, 0x00, 0x00, 0x01, 0xff, 
	0xff, 0x08, 0x00, 0x00, 0x00, 0x00, 0x00, 0x1f, 0xff, 0xff, 0xff, 0xff, 0xfc, 0x07, 0xff, 0xff, 
	0xff, 0x00, 0x00, 0x00, 0x00, 0x00, 0x00, 0x2a, 0xaa, 0xfa, 0x08, 0x00, 0x00, 0x00, 0x82, 0x02, 
	0x9f, 0xbf, 0xff, 0xbf, 0xff, 0xfa, 0x23, 0xff, 0xeb, 0xab, 0x80, 0x00, 0x00, 0x00, 0x00, 0x00, 
	0x7f, 0xff, 0xfc, 0xd0, 0x00, 0x00, 0x00, 0x00, 0x00, 0x0f, 0xff, 0xff, 0x7f, 0xff, 0xf0, 0xf1, 
	0xff, 0xff, 0xf7, 0xc0, 0x00, 0x00, 0x00, 0x00, 0x00, 0x2e, 0xae, 0xea, 0xa8, 0xa0, 0x88, 0x00, 
	0xc0, 0x00, 0x8f, 0xef, 0xfe, 0xbe, 0xff, 0xe8, 0xe8, 0xff, 0xea, 0xea, 0xe0, 0x00, 0x00, 0x00, 
	0x00, 0x00, 0x1f, 0xff, 0xcf, 0x97, 0x01, 0xc0, 0x00, 0x40, 0x00, 0x07, 0xff, 0xff, 0x1f, 0xff, 
	0xe1, 0xfd, 0xff, 0xff, 0xff, 0xf0, 0x00, 0x00, 0x00, 0x00, 0x00, 0x2b, 0xbb, 0xbf, 0xa2, 0xa3, 
	0xc2, 0x00, 0xe2, 0x00, 0xaf, 0xbf, 0xff, 0xaf, 0xff, 0xe3, 0xff, 0xff, 0xfb, 0xfb, 0xba, 0x02, 
	0x00, 0x00, 0x00, 0x00, 0x07, 0xff, 0xff, 0x73, 0xc7, 0xc0, 0x00, 0x40, 0x00, 0x37, 0xff, 0xff, 
	0x0f, 0xff, 0xf7, 0xff, 0xff, 0xff, 0xff, 0xff, 0x43, 0x00, 0x00, 0x00, 0x00, 0x02, 0xee, 0xee, 
	0xe2, 0xee, 0x88, 0x00, 0xe0, 0x80, 0xbb, 0xff, 0xfe, 0x8f, 0xef, 0xfe, 0xef, 0xff, 0xff, 0xfe, 
	0xee, 0xee, 0x00, 0x00, 0x00, 0x00, 0x01, 0xdf, 0xfe, 0x60, 0xff, 0x00, 0x00, 0xc0, 0x00, 0x3f, 
	0xff, 0xff, 0x07, 0xff, 0xff, 0xff, 0xff, 0xff, 0xff, 0xff, 0xfc, 0x00, 0x00, 0x00, 0x00, 0x00, 
	0xba, 0xbe, 0xe0, 0xbe, 0x20, 0x22, 0xa2, 0x80, 0xba, 0xff, 0xfe, 0x03, 0xff, 0xfb, 0xff, 0xff, 
	0xfb, 0xff, 0xff, 0xfa, 0x2a, 0xaa, 0x00, 0x00, 0x00, 0x3f, 0xfd, 0xc0, 0x7c, 0x00, 0x00, 0x80, 
	0x00, 0x3f, 0xff, 0xff, 0x03, 0xff, 0xff, 0xff, 0xff, 0xff, 0xff, 0xff, 0xf8, 0x7f, 0xff, 0x00, 
	0x00, 0x00, 0x0b, 0xfb, 0x80, 0xfe, 0x08, 0x20, 0xa2, 0x80, 0xbe, 0xff, 0xee, 0xae, 0xee, 0xee, 
	0xee, 0xff, 0xae, 0xef, 0xee, 0xea, 0xaa, 0xaa, 0xe0, 0x00, 0x00, 0x01, 0xfd, 0xc5, 0xff, 0x00, 
	0x01, 0x10, 0x00, 0x1f, 0x7f, 0xff, 0xfc, 0x7f, 0xff, 0xff, 0xff, 0x87, 0xff, 0xff, 0xf5, 0x80, 
	0x00, 0xc0, 0x00, 0x00, 0x03, 0xfb, 0x83, 0xaf, 0xa8, 0x22, 0x8a, 0x00, 0x3f, 0xbf, 0xff, 0xa0, 
	0xbf, 0xff, 0xff, 0xff, 0xbb, 0xff, 0xbf, 0xaa, 0x00, 0x00, 0x28, 0x00, 0x00, 0x07, 0xfb, 0x07, 
	0xc7, 0xc0, 0x03, 0x00, 0x00, 0x1f, 0xdf, 0xff, 0x00, 0x1f, 0xff, 0xff, 0xff, 0xfd, 0xff, 0xff, 
	0x84, 0x00, 0x00, 0x1c, 0x00, 0x00, 0x0e, 0xea, 0x8e, 0xa3, 0x88, 0x2a, 0x08, 0x80, 0x0f, 0xee, 
	0xfe, 0x80, 0x2e, 0xfe, 0xff, 0xee, 0xfe, 0xef, 0xfe, 0x08, 0x00, 0x00, 0x0e, 0x00, 0x00, 0x07, 
	0xff, 0x04, 0x01, 0x80, 0x4d, 0x4d, 0x00, 0x1f, 0xff, 0xfc, 0x00, 0x07, 0xff, 0xff, 0xff, 0xdc, 
	0xff, 0xf0, 0x18, 0x00, 0x00, 0x0c, 0x00, 0x00, 0x0a, 0xfa, 0x00, 0x20, 0x00, 0xab, 0xfa, 0x80, 
	0x2f, 0xff, 0xfa, 0x00, 0x0a, 0xff, 0xbf, 0xff, 0xee, 0xff, 0xfe, 0xa8, 0x00, 0x00, 0x0a, 0x00, 
	0x00, 0x17, 0xfe, 0x00, 0x00, 0x00, 0x04, 0x51, 0x00, 0x0f, 0xff, 0xfc, 0x01, 0x01, 0x7f, 0xff, 
	0xff, 0xf6, 0xff, 0xff, 0xb0, 0x00, 0x00, 0x07, 0x00, 0x00, 0x2e, 0xec, 0x88, 0x20, 0x08, 0x8a, 
	0x08, 0x88, 0x0f, 0xfe, 0xf8, 0xa8, 0xaa, 0xbe, 0xff, 0xfe, 0xea, 0xff, 0xfe, 0xa0, 0x00, 0x80, 
	0x8a, 0x00, 0x00, 0x7f, 0xfc, 0x00, 0x00, 0x10, 0x0c, 0x04, 0x00, 0x07, 0xff, 0xfd, 0xc5, 0xff, 
	0xff, 0xff, 0xff, 0xf2, 0xff, 0xfc, 0x30, 0x70, 0xc1, 0x86, 0x00, 0x00, 0xaf, 0xb8, 0x88, 0x20, 
	0x08, 0x88, 0x02, 0x20, 0x03, 0xff, 0xbe, 0x2f, 0xff, 0xff, 0xff, 0xff, 0xea, 0xff, 0xa8, 0x20, 
	0xfb, 0xe3, 0x8a, 0x00, 0x01, 0xff, 0x70, 0x00, 0x00, 0x00, 0x90, 0x01, 0x10, 0x03, 0xff, 0x71, 
	0xff, 0xff, 0xff, 0xff, 0xff, 0xf5, 0xff, 0x80, 0x30, 0x71, 0xe3, 0xc7, 0x02, 0x86, 0xae, 0xe8, 
	0x08, 0x00, 0x88, 0xa8, 0x00, 0x88, 0x09, 0xfe, 0xef, 0xff, 0xff, 0xfe, 0xef, 0xfe, 0xf8, 0xef, 
	0x80, 0x20, 0x20, 0x82, 0x8a, 0x00, 0xfd, 0xfe, 0x44, 0x00, 0x00, 0x00, 0xe0, 0x04, 0x1c, 0x01, 
	0xff, 0xff, 0xff, 0xff, 0xff, 0xff, 0xfd, 0xfd, 0xfd, 0xc0, 0x30, 0x00, 0x00, 0x06, 0x00, 0xba, 
	0xae, 0xaa, 0x08, 0x00, 0x08, 0xaa, 0xa2, 0x8a, 0x02, 0xfe, 0xef, 0xfb, 0xfa, 0xfb, 0xff, 0xfe, 
	0xfb, 0xfc, 0x80, 0x20, 0x00, 0x00, 0x0a, 0x00, 0x1f, 0xe0, 0x3c, 0x0c, 0x00, 0x01, 0xf1, 0xfe, 
	0x46, 0x01, 0xfe, 0xff, 0xfd, 0xf9, 0xff, 0xff, 0xfd, 0xff, 0xfc, 0x80, 0x30, 0x00, 0x00, 0x07, 
	0x00, 0x00, 0xea, 0xee, 0x08, 0x80, 0x0e, 0xaf, 0xfe, 0xae, 0x88, 0xfe, 0xbe, 0xee, 0xa8, 0xaf, 
	0xef, 0xea, 0xff, 0xe8, 0x80, 0x08, 0x00, 0x00, 0x0e, 0x00, 0x01, 0xf0, 0x5c, 0x08, 0x00, 0x07, 
	0xff, 0xff, 0xc5, 0x00, 0xfd, 0xfc, 0xff, 0xd1, 0xff, 0xff, 0xf8, 0xff, 0xfc, 0xc0, 0x18, 0x00, 
	0x00, 0x0c, 0x00, 0x03, 0xa0, 0x2a, 0x28, 0x22, 0x2b, 0xff, 0xff, 0xea, 0x80, 0x3a, 0xaa, 0xaa, 
	0xa2, 0xbb, 0xff, 0xfa, 0xbf, 0xf8, 0x80, 0x0a, 0x00, 0x00, 0x28, 0x00, 0x01, 0xc0, 0x54, 0x00, 
	0x00, 0x7f, 0xff, 0xff, 0xf9, 0x10, 0x3c, 0x10, 0x60, 0x5f, 0xff, 0xff, 0xfe, 0x7f, 0xf8, 0x80, 
	0x07, 0x00, 0x00, 0x10, 0x00, 0x02, 0x80, 0xa8, 0x08, 0x88, 0x8f, 0xff, 0xef, 0xea, 0xaa, 0x3e, 
	0x88, 0x28, 0xfa, 0xee, 0xff, 0xe8, 0xfe, 0xe8, 0x80, 0x02, 0x80, 0x00, 0xe8, 0x00, 0x05, 0x80, 
	0xb8, 0x04, 0x00, 0x03, 0xf5, 0xff, 0xfd, 0x9c, 0x1f, 0xc0, 0x5f, 0xfc, 0xff, 0xff, 0xf9, 0xff, 
	0xf1, 0x00, 0x00, 0xc0, 0x04, 0xc0, 0x00, 0x03, 0x80, 0xa8, 0x28, 0xa0, 0x2b, 0xfa, 0xaa, 0xa2, 
	0xaa, 0xaa, 0xa0, 0xaa, 0xaa, 0xff, 0xff, 0xbe, 0xff, 0xe2, 0x00, 0x03, 0xbb, 0xff, 0x80, 0x00, 
	0x07, 0x01, 0x30, 0x04, 0x00, 0x01, 0xf8, 0x50, 0x41, 0x77, 0xf7, 0x00, 0x00, 0x11, 0xff, 0xff, 
	0xff, 0xff, 0xf4, 0x00, 0x03, 0x71, 0x55, 0x00, 0x00, 0x06, 0x80, 0xa8, 0x2c, 0x88, 0x88, 0xfe, 
	0x28, 0x82, 0xba, 0xaa, 0xa0, 0x08, 0xaa, 0xfe, 0xee, 0xee, 0xfe, 0xe8, 0x00, 0x0a, 0xe0, 0x00, 
	0x00, 0x00, 0x07, 0x00, 0x50, 0x44, 0x00, 0x00, 0xf7, 0x0f, 0x04, 0x6c, 0x00, 0x00, 0x00, 0x07, 
	0xfd, 0xff, 0xff, 0xff, 0x7c, 0x00, 0x07, 0xc0, 0x00, 0x00, 0x00, 0x02, 0x02, 0xb8, 0x2c, 0x28, 
	0x00, 0xab, 0xea, 0x0a, 0xa8, 0x22, 0x00, 0x02, 0xab, 0xfb, 0xbf, 0xff, 0xbf, 0xbe, 0x88, 0x02, 
	0x00, 0x00, 0x00, 0x00, 0x03, 0x01, 0x70, 0x64, 0x40, 0x10, 0x77, 0xc0, 0x00, 0x00, 0x00, 0x00, 
	0x00, 0x07, 0xff, 0xff, 0xff, 0xff, 0x1f, 0xf0, 0x00, 0x00, 0x00, 0x00, 0x00, 0x03, 0x8b, 0xaa, 
	0xec, 0x88, 0x08, 0xea, 0xa8, 0x88, 0x00, 0x80, 0x00, 0x08, 0xae, 0xee, 0xef, 0xfb, 0xee, 0xab, 
	0xe8, 0x00, 0x00, 0x00, 0x00, 0x00, 0x01, 0xc7, 0xb0, 0x64, 0x44, 0x0c, 0x74, 0x00, 0x00, 0x00, 
	0x00, 0x00, 0x00, 0x1f, 0xff, 0xff, 0xff, 0xff, 0x90, 0x40, 0x00, 0x00, 0x00, 0x00, 0x00, 0x00, 
	0xaa, 0xa2, 0xa2, 0x22, 0x02, 0x2a, 0xaa, 0x00, 0x02, 0x00, 0x00, 0x02, 0xba, 0xab, 0xff, 0xfb, 
	0xff, 0xa0, 0x00, 0x00, 0x00, 0x00, 0x00, 0x00, 0x00, 0x70, 0x50, 0xf6, 0x46, 0x01, 0x1c, 0x00, 
	0x00, 0x00, 0x00, 0x00, 0x01, 0x71, 0xff, 0xff, 0xfd, 0xff, 0xf0, 0x00, 0x00, 0x00, 0x00, 0x00, 
	0x00, 0x00, 0x00, 0x28, 0xca, 0x22, 0x80, 0xaa, 0x88, 0x80, 0x02, 0x80, 0x00, 0x00, 0x8a, 0xee, 
	0xff, 0xf8, 0xee, 0xe0, 0x00, 0x00, 0x00, 0x00, 0x00, 0x00, 0x00, 0x00, 0x18, 0xc4, 0x61, 0x40, 
	0x78, 0xe0, 0x00, 0x00, 0x00, 0x00, 0x00, 0x07, 0xff, 0xff, 0xfd, 0xff, 0xe0, 0x00, 0x00, 0x00, 
	0x00, 0x00, 0x00, 0x00, 0x00, 0x28, 0xee, 0x22, 0xa0, 0xba, 0xa8, 0x00, 0x00, 0x00, 0x00, 0x02, 
	0x2b, 0xbf, 0xff, 0xfe, 0xfb, 0xa8, 0x20, 0x00, 0x00, 0x00, 0x00, 0x00, 0x00, 0x00, 0x18, 0xe6, 
	0x10, 0x40, 0x1b, 0x00, 0x00, 0x00, 0x00, 0x00, 0x00, 0x1f, 0xff, 0xff, 0xff, 0xff, 0xfc, 0x30, 
	0x00, 0x00, 0x00, 0x00, 0x00, 0x00, 0x00, 0x08, 0xae, 0x28, 0xa8, 0x0e, 0xa8, 0x00, 0x00, 0x00, 
	0x00, 0x00, 0xae, 0xff, 0xee, 0xee, 0xfe, 0xee, 0xe0, 0x00, 0x00, 0x00, 0x00, 0x00, 0x00, 0x00, 
	0x0d, 0x14, 0x10, 0x70, 0x0c, 0x00, 0x00, 0x00, 0x00, 0x00, 0x00, 0x07, 0xff, 0xff, 0xfe, 0x7f, 
	0xff, 0xc0, 0x00, 0x00, 0x00, 0x00, 0x00, 0x00, 0x00, 0x0a, 0xba, 0x28, 0xb8, 0x0e, 0x80, 0x00, 
	0x00, 0x00, 0x00, 0x00, 0x2b, 0xff, 0xef, 0xfa, 0xbf, 0xff, 0xa8, 0x00, 0x00, 0x00, 0x00, 0x00, 
	0x00, 0x00, 0x05, 0x79, 0x1c, 0x10, 0x07, 0x00, 0x00, 0x00, 0x00, 0x00, 0x00, 0x07, 0xff, 0xff, 
	0xf1, 0x7f, 0xff, 0xfd, 0x00, 0x00, 0x00, 0x00, 0x00, 0x00, 0x00, 0x02, 0xea, 0x88, 0x2a, 0x80, 
	0xa8, 0x00, 0x00, 0x00, 0x00, 0x00, 0xae, 0xff, 0xaf, 0xfe, 0xbf, 0xff, 0xee, 0x80, 0x00, 0x00, 
	0x00, 0x00, 0x00, 0x00, 0x01, 0x4f, 0x0c, 0x0d, 0xf4, 0x50, 0x00, 0x00, 0x00, 0x00, 0x00, 0xfd, 
	0xff, 0xdf, 0xfd, 0x1f, 0xff, 0xff, 0xc0, 0x00, 0x00, 0x00, 0x00, 0x00, 0x00, 0x02, 0xbe, 0xa2, 
	0x0a, 0xab, 0xe8, 0x00, 0x00, 0x00, 0x00, 0x00, 0xae, 0xff, 0xff, 0xba, 0xbf, 0xbf, 0xfb, 0xa0, 
	0x00, 0x00, 0x00, 0x00, 0x00, 0x00, 0x07, 0xff, 0x43, 0x04, 0x59, 0xf0, 0x00, 0x00, 0x40, 0x00, 
	0x01, 0xff, 0xff, 0xff, 0xff, 0x5f, 0xff, 0xff, 0xf0, 0x00, 0x00, 0x00, 0x00, 0x00, 0x02, 0xaf, 
	0xfe, 0xe3, 0x8a, 0x8a, 0xa8, 0x00, 0x00, 0x80, 0x00, 0x02, 0xee, 0xfe, 0xee, 0xee, 0xaa, 0xef, 
	0xfe, 0xe0, 0x00, 0x00, 0x00, 0x00, 0x00, 0x01, 0xff, 0x5e, 0x73, 0xc4, 0x45, 0xfc, 0x00, 0x00, 
	0x00, 0x00, 0x0f, 0xff, 0xff, 0xff, 0xfd, 0x0f, 0xff, 0xff, 0xe0, 0x00, 0x00, 0x00, 0x00, 0x00, 
	0x00, 0xaa, 0xbe, 0xfb, 0xa2, 0xaa, 0xfe, 0x80, 0x00, 0x00, 0x00, 0x2f, 0xff, 0xff, 0xff, 0xea, 
	0xaf, 0xff, 0xff, 0xe0, 0x00, 0x00, 0x00, 0x00, 0x00, 0x00, 0x00, 0xbf, 0xf9, 0x80, 0x53, 0x7f, 
	0xc0, 0x00, 0x00, 0x00, 0x3f, 0xdf, 0xff, 0xff, 0xfe, 0x37, 0xff, 0xff, 0xf0, 0x00, 0x00, 0x00, 
	0x00, 0x00, 0x00, 0x00, 0xae, 0xee, 0x8a, 0xaa, 0xfb, 0xe8, 0x00, 0x00, 0x00, 0xfe, 0xaf, 0xfe, 
	0xee, 0xae, 0xba, 0xef, 0xfe, 0xe8, 0x00, 0x00, 0x00, 0x00, 0x00, 0x00, 0x01, 0x17, 0xdf, 0x61, 
	0xf5, 0x7f, 0xfc, 0x00, 0x00, 0x01, 0xff, 0x7f, 0xff, 0xff, 0xcc, 0x5e, 0xcf, 0xff, 0xfc, 0x00, 
	0x00, 0x00, 0x00, 0x00, 0x00, 0x02, 0x3b, 0xaf, 0xb8, 0xaa, 0xbb, 0xfe, 0x80, 0x00, 0x0b, 0xfa, 
	0xff, 0xff, 0xff, 0xea, 0xbf, 0xaf, 0xff, 0xea, 0x00, 0x00, 0x00, 0x00, 0x00, 0x00, 0x01, 0x1f, 
	0x7f, 0x75, 0x71, 0xd7, 0xff, 0xc0, 0x00, 0x1f, 0xfd, 0xff, 0xff, 0xff, 0xe3, 0x1f, 0xff, 0xff, 
	0xf1, 0x00, 0x00, 0x00, 0x00, 0x00, 0x00, 0x02, 0x8e, 0xbf, 0xea, 0xea, 0xea, 0xff, 0xe8, 0x00, 
	0x3f, 0xea, 0xaf, 0xff, 0xee, 0xea, 0xbf, 0xff, 0xef, 0xfa, 0xa0, 0x00, 0x00, 0x00, 0x00, 0x00, 
	0x01, 0x1c, 0xff, 0x70, 0x4c, 0xf7, 0xff, 0xfc, 0x00, 0xff, 0xd7, 0x7f, 0xff, 0xff, 0xd0, 0x0f, 
	0xff, 0xff, 0xff, 0x60, 0x00, 0x00, 0x00, 0x00, 0x00, 0x02, 0xaa, 0xbf, 0xba, 0xaa, 0xbf, 0xff, 
	0xff, 0x83, 0xff, 0xaa, 0x3f, 0xbf, 0xbf, 0xba, 0xaf, 0xff, 0xbf, 0xfa, 0xa0, 0x00, 0x00, 0x00, 
	0x00, 0x00, 0x00, 0x77, 0x7f, 0x70, 0x00, 0x5f, 0xff, 0xff, 0xf7, 0xff, 0xc0, 0x3f, 0xff, 0xff, 
	0x99, 0x17, 0xff, 0xff, 0xff, 0xe0, 0x00, 0x00, 0x00, 0x00, 0x00, 0x00, 0xae, 0xbe, 0xfa, 0x8a, 
	0xaf, 0xff, 0xef, 0xff, 0xfe, 0xaa, 0xef, 0xfe, 0xef, 0x88, 0xab, 0xfe, 0xef, 0xfe, 0xe0, 0x00, 
	0x00, 0x00, 0x00, 0x00, 0x01, 0xcf, 0x3d, 0xf0, 0x00, 0x4f, 0xff, 0xdf, 0xff, 0xfd, 0x41, 0xff, 
	0xff, 0xff, 0x85, 0x15, 0xff, 0xff, 0xff, 0xe0, 0x00, 0x00, 0x00, 0x00, 0x00, 0x22, 0xaf, 0xbf, 
	0xfa, 0xaa, 0xef, 0xff, 0xeb, 0xff, 0xea, 0xaf, 0xff, 0xbf, 0xfb, 0xab, 0xba, 0xbf, 0xff, 0xff, 
	0xe0, 0x00, 0x00, 0x00, 0x00, 0x00, 0x25, 0xff, 0x9b, 0xf0, 0x01, 0x47, 0xff, 0xff, 0xff, 0xfd, 
	0xff, 0xff, 0xff, 0xff, 0x81, 0x18, 0xff, 0xff, 0xff, 0xf0, 0x00, 0x00, 0x00, 0x00, 0x00, 0x2a, 
	0xef, 0xeb, 0xea, 0x8a, 0xaf, 0xff, 0xfe, 0xef, 0xee, 0xef, 0xff, 0xee, 0xee, 0xaa, 0xaa, 0xee, 
	0xef, 0xff, 0xe8, 0x00, 0x00, 0x00, 0x00, 0x00, 0x0f, 0xff, 0xff, 0xfc, 0x00, 0x77, 0xff, 0xff, 
	0xdf, 0xff, 0xff, 0xff, 0xff, 0x47, 0xe1, 0x1f, 0xff, 0xff, 0xff, 0xf8, 0x00, 0x00, 0x00, 0x00, 
	0x00, 0x0a, 0xef, 0xfe, 0xea, 0x20, 0xbb, 0xff, 0xff, 0x82, 0x0a, 0xff, 0xff, 0xbe, 0x2e, 0xaa, 
	0xbf, 0xbb, 0xbb, 0xff, 0xfe, 0x00, 0x00, 0x00, 0x00, 0x00, 0x1f, 0xff, 0xff, 0xdc, 0x00, 0x33, 
	0xff, 0xff, 0x3f, 0xcf, 0xff, 0xff, 0xff, 0x57, 0x13, 0x7f, 0xff, 0xff, 0xff, 0xfe, 0x00, 0x00, 
	0x00, 0x00, 0x00, 0x0f, 0xaf, 0xfa, 0xac, 0x02, 0xab, 0xff, 0xff, 0xba, 0xee, 0xef, 0xff, 0xae, 
	0xae, 0x8a, 0xfe, 0xaa, 0xee, 0xee, 0xfe, 0x00, 0x00, 0x00, 0x00, 0x00, 0x1f, 0xff, 0xfd, 0xdc, 
	0x00, 0x3f, 0xff, 0xff, 0x7d, 0xcf, 0xff, 0xff, 0xfe, 0x46, 0x06, 0xff, 0xff, 0xff, 0xff, 0xff, 
	0x80, 0x00, 0x00, 0x00, 0x00, 0x0f, 0xfb, 0xea, 0xae, 0x00, 0x3b, 0xff, 0xff, 0xbf, 0xef, 0xfb, 
	0xff, 0xfe, 0x2e, 0xa2, 0xfa, 0xaa, 0xaa, 0xbb, 0xfb, 0x80, 0x00, 0x00, 0x00, 0x00, 0x1f, 0xff, 
	0xf5, 0x1d, 0x00, 0x3d, 0xff, 0xfd, 0x3f, 0xe7, 0x7f, 0xff, 0xfe, 0x47, 0x05, 0xff, 0xff, 0xff, 
	0xff, 0xff, 0x80, 0x00, 0x00, 0x00, 0x00, 0x2f, 0xea, 0xea, 0xa8, 0x88, 0xb8, 0xff, 0xff, 0xae, 
	0xee, 0xff, 0xff, 0xfe, 0x2e, 0xae, 0xea, 0xaa, 0xaa, 0xae, 0xee, 0x80, 0x00, 0x00, 0x00, 0x00, 
	0x3f, 0xff, 0xf8, 0x4d, 0x00, 0x3d, 0xff, 0xff, 0xff, 0xcf, 0xff, 0xff, 0xfc, 0x44, 0x47, 0xff, 
	0xfd, 0xdf, 0xff, 0xff, 0x80, 0x00, 0x00, 0x00, 0x00, 0x2f, 0xfe, 0xba, 0xa8, 0x80, 0xbb, 0xbf, 
	0xff, 0xbf, 0xef, 0xff, 0xff, 0xf8, 0x2e, 0x2f, 0xaa, 0xaa, 0xab, 0xab, 0xff, 0x80, 0x00, 0x00, 
	0x00, 0x00, 0x7f, 0xff, 0xfd, 0x59, 0x81, 0x1f, 0xff, 0xff, 0x7f, 0xe7, 0xff, 0xff, 0xf8, 0x07, 
	0x1f, 0xf9, 0xff, 0xff, 0xff, 0xff, 0x00, 0x00, 0x00, 0x00, 0x00, 0xef, 0xee, 0xae, 0xa8, 0x80, 
	0x8f, 0xff, 0xff, 0xbf, 0xee, 0xff, 0xfe, 0xf8, 0x8a, 0x8e, 0xaa, 0xaa, 0xae, 0xee, 0xfe, 0x80, 
	0x00, 0x00, 0x00, 0x01, 0xff, 0xff, 0xff, 0xd9, 0x80, 0x0d, 0xff, 0xff, 0xfd, 0xe7, 0xff, 0xff, 
	0xf8, 0x0c, 0x9f, 0xdd, 0xff, 0xff, 0xff, 0xff, 0x00, 0x00, 0x00, 0x00, 0x03, 0xff, 0xff, 0xab, 
	0xaa, 0x80, 0xae, 0xff, 0xff, 0xbb, 0xaf, 0xff, 0xff, 0xf8, 0x8a, 0xba, 0xab, 0xaa, 0xab, 0xff, 
	0xfe, 0x00, 0x00, 0x00, 0x00, 0x07, 0xff, 0xff, 0xff, 0xf2, 0x00, 0x0f, 0xff, 0xff, 0xfb, 0xff, 
	0xff, 0xff, 0xf0, 0x19, 0xff, 0xff, 0xff, 0xff, 0xff, 0xfc, 0x00, 0x00, 0x00, 0x00, 0x0e, 0xee, 
	0xee, 0xee, 0xea, 0x88, 0x8a, 0xff, 0xef, 0xea, 0xff, 0xef, 0xff, 0xe0, 0x8a, 0xee, 0xaa, 0xae, 
	0xff, 0xff, 0xfc, 0x00, 0x00, 0x00, 0x00, 0x07, 0xff, 0xff, 0xff, 0xf7, 0xc0, 0x07, 0x7f, 0xff, 
	0x9f, 0xdf, 0xff, 0xff, 0xc0, 0x1d, 0xff, 0xff, 0xff, 0xff, 0xff, 0xfc, 0x00, 0x00, 0x00, 0x00, 
	0x0b, 0xfa, 0xbf, 0xea, 0xab, 0xa2, 0x0b, 0xff, 0xff, 0x3b, 0xaf, 0xff, 0xff, 0xe0, 0x23, 0xaa, 
	0xaa, 0xef, 0xff, 0xff, 0xfa, 0x00, 0x00, 0x00, 0x00, 0x07, 0xff, 0xff, 0xff, 0xf7, 0x80, 0x13, 
	0xff, 0xfc, 0x7f, 0xe7, 0xff, 0xff, 0xc0, 0x37, 0xff, 0xff, 0xff, 0xff, 0xff, 0xfc, 0x00, 0x00, 
	0x00, 0x00, 0x03, 0xee, 0xae, 0xee, 0xae, 0xc8, 0x8b, 0xbf, 0xee, 0xff, 0xe3, 0xef, 0xff, 0x80, 
	0xae, 0xae, 0xee, 0xff, 0xee, 0xff, 0xfc, 0x00, 0x00, 0x00, 0x00, 0x01, 0xff, 0xff, 0xff, 0xf7, 
	0xc0, 0x09, 0xff, 0xfc, 0xff, 0xf3, 0xff, 0xff, 0x80, 0x7f, 0xdf, 0xff, 0xff, 0xff, 0xff, 0xfc, 
	0x00, 0x00, 0x00, 0x00, 0x00, 0xff, 0xab, 0xae, 0xaf, 0x80, 0x0b, 0xaf, 0xb9, 0xff, 0xfb, 0xfb, 
	0xff, 0xa2, 0x7e, 0xaa, 0xab, 0xff, 0xbb, 0xbf, 0xfe, 0x00, 0x00, 0x00, 0x00, 0x01, 0xff, 0xff, 
	0xff, 0xf7, 0xd0, 0x0d, 0xff, 0xf9, 0xff, 0xfd, 0xff, 0xff, 0x00, 0x7f, 0xff, 0xff, 0xff, 0xff, 
	0xff, 0xff, 0x00, 0x00, 0x00, 0x00, 0x00, 0xff, 0xea, 0xee, 0xeb, 0xc8, 0x2a, 0xfe, 0xfb, 0xfe, 
	0xfb, 0xef, 0xee, 0xa0, 0xee, 0xae, 0xef, 0xee, 0xee, 0xff, 0xee, 0x80, 0x00, 0x00, 0x00, 0x01, 
	0xff, 0xff, 0xff, 0xff, 0xd8, 0x17, 0xff, 0xff, 0xff, 0xfd, 0xff, 0xff, 0x41, 0xf7, 0xff, 0xff, 
	0xff, 0xff, 0xff, 0xff, 0x00, 0x00, 0x00, 0x00, 0x03, 0xff, 0xfe, 0xbb, 0xfb, 0xa8, 0x22, 0xbf, 
	0xfa, 0xfa, 0xfb, 0xff, 0xfe, 0x03, 0xeb, 0xfb, 0xbf, 0xfa, 0xbf, 0xff, 0xff, 0x80, 0x00, 0x00, 
	0x00, 0x07, 0xff, 0xff, 0xff, 0xfd, 0xbc, 0x06, 0xff, 0xfd, 0xff, 0xf1, 0xff, 0xfc, 0x07, 0xff, 
	0xff, 0xff, 0xf5, 0xdf, 0xff, 0xff, 0x80, 0x00, 0x00, 0x00, 0x0e, 0xee, 0xff, 0xee, 0xee, 0xaa, 
	0x0a, 0xee, 0xfe, 0xee, 0xea, 0xee, 0xf8, 0x8b, 0xef, 0xef, 0xfe, 0xea, 0xee, 0xee, 0xff, 0x80, 
	0x00, 0x00, 0x00, 0x0f, 0xff, 0xff, 0xff, 0xfc, 0xf4, 0x00, 0x7f, 0xfc, 0x7f, 0xc7, 0xff, 0xf8, 
	0x1b, 0xff, 0xff, 0xff, 0xdf, 0xff, 0xff, 0xff, 0xc0, 0x00, 0x00, 0x00, 0x2f, 0xff, 0xff, 0xfb, 
	0xfa, 0xfa, 0x02, 0xbf, 0xfe, 0xbb, 0xaf, 0xff, 0xfa, 0xa2, 0xbf, 0xff, 0xff, 0xaf, 0xab, 0xbb, 
	0xff, 0xa0, 0x00, 0x00, 0x00, 0x3f, 0xff, 0xff, 0xff, 0xff, 0xf4, 0x01, 0x1f, 0xff, 0x1f, 0x1f, 
	0xff, 0xe5, 0x47, 0xdf, 0xff, 0xff, 0xff, 0xff, 0xff, 0xff, 0xc0, 0x00, 0x00, 0x00, 0x2f, 0xfe, 
	0xfe, 0xfe, 0xfe, 0xea, 0x88, 0x8e, 0xef, 0xa0, 0xbf, 0xee, 0xea, 0xce, 0xba, 0xfe, 0xef, 0xae, 
	0xae, 0xee, 0xfe, 0xe0, 0x00, 0x00, 0x00, 0x7f, 0xff, 0xff, 0xff, 0xff, 0xff, 0x05, 0xc7, 0xff, 
	0xf5, 0xff, 0xff, 0xcc, 0xc7, 0xff, 0xff, 0xff, 0xff, 0xff, 0xff, 0xff, 0xe0, 0x00, 0x00, 0x00, 
	0xbf, 0xff, 0xbf, 0xff, 0xff, 0xbb, 0xa2, 0xfb, 0xeb, 0xff, 0xfa, 0xaa, 0xa8, 0xab, 0xff, 0xff, 
	0xfe, 0xfe, 0xab, 0xbf, 0xff, 0xe0, 0x00, 0x00, 0x00, 0x7f, 0xff, 0xff, 0xff, 0xff, 0xbd, 0xa1, 
	0x7f, 0xff, 0xff, 0xf3, 0xf1, 0xf9, 0xa7, 0xff, 0xff, 0xff, 0xff, 0xff, 0xff, 0xff, 0xe0, 0x00, 
	0x00, 0x00, 0xee, 0xef, 0xee, 0xff, 0xef, 0xae, 0xa8, 0xfe, 0xeb, 0xee, 0xea, 0xff, 0xea, 0xae, 
	0xff, 0xff, 0xfe, 0xee, 0xee, 0xee, 0xff, 0xe8, 0x00, 0x00, 0x01, 0xff, 0xff, 0xff, 0xff, 0xff, 
	0xff, 0x31, 0xff, 0xff, 0xff, 0xfd, 0xff, 0xd7, 0xff, 0xff, 0xff, 0xff, 0xff, 0xff, 0xff, 0xff, 
	0xf0, 0x00, 0x00, 0x03, 0xfb, 0xfb, 0xff, 0xff, 0xff, 0xfa, 0xaa, 0xbf, 0xbb, 0xfb, 0xfb, 0xbf, 
	0xaf, 0xbf, 0xff, 0xff, 0xbf, 0xfa, 0xaa, 0xbb, 0xff, 0xf8, 0x00, 0x00, 0x01, 0xff, 0xff, 0xff, 
	0xff, 0xff, 0xff, 0x72, 0xff, 0xf7, 0xff, 0xf7, 0xff, 0x77, 0xff, 0xff, 0xff, 0xff, 0xff, 0xff, 
	0xff, 0xff, 0xf0, 0x00, 0x00, 0x03, 0xfe, 0xef, 0xee, 0xff, 0xff, 0xfe, 0xfa, 0xee, 0xef, 0xee, 
	0xee, 0xfe, 0xee, 0xff, 0xfe, 0xef, 0xff, 0xee, 0xee, 0xee, 0xff, 0xf8, 0x00, 0x00, 0x07, 0xff, 
	0xff, 0xff, 0xff, 0xff, 0xfd, 0xff, 0x4f, 0xff, 0xff, 0xff, 0xff, 0xf7, 0xff, 0xff, 0xff, 0xff, 
	0xff, 0xdf, 0xff, 0xff, 0xfc, 0x00, 0x00, 0x03, 0xff, 0xfb, 0xfb, 0xff, 0xff, 0xfe, 0xfb, 0xab, 
	0xff, 0xfb, 0xfb, 0xff, 0xfb, 0xff, 0xef, 0xff, 0xff, 0xbb, 0xaa, 0xbb, 0xbf, 0xfa, 0x00, 0xff, 
	0xff, 0xff, 0xff, 0xff, 0xff, 0xff, 0xff, 0xff, 0xff, 0xff, 0xff, 0xff, 0xff, 0xff, 0xff, 0xff, 
	0xff, 0xff, 0xff, 0xff, 0xff, 0xff, 0xff, 0xff
};


#endif // MYBITMAP_H
