#include "TFT_eSPI.h"
const uint8_t BeauRivage_Regular32pt7bBitmaps[] PROGMEM = {
  0x00, 0x00, 0x01, 0x00, 0x01, 0xC0, 0x01, 0xC0, 0x01, 0xE0, 0x00, 0xE0,
  0x00, 0x70, 0x00, 0x70, 0x00, 0x38, 0x00, 0x38, 0x00, 0x1C, 0x00, 0x1C,
  0x00, 0x0E, 0x00, 0x06, 0x00, 0x07, 0x00, 0x03, 0x00, 0x01, 0x80, 0x01,
  0x80, 0x00, 0xC0, 0x00, 0xC0, 0x00, 0x60, 0x00, 0x20, 0x00, 0x30, 0x00,
  0x18, 0x00, 0x08, 0x00, 0x04, 0x00, 0x06, 0x00, 0x02, 0x00, 0x01, 0x00,
  0x00, 0x80, 0x00, 0x40, 0x00, 0x40, 0x00, 0x00, 0x00, 0x00, 0x00, 0x00,
  0x00, 0x00, 0x00, 0x01, 0x00, 0x03, 0x00, 0x07, 0x80, 0x03, 0x80, 0x01,
  0xC0, 0x00, 0xC0, 0x00, 0x00, 0x38, 0xE7, 0xBC, 0xE7, 0x9C, 0x63, 0x0C,
  0x61, 0x0C, 0x61, 0x0C, 0x61, 0x08, 0x21, 0x08, 0x41, 0x00, 0x00, 0x01,
  0x01, 0x00, 0x00, 0x10, 0x10, 0x00, 0x01, 0x01, 0x00, 0x00, 0x10, 0x10,
  0x00, 0x01, 0x01, 0x00, 0x00, 0x10, 0x20, 0x00, 0x02, 0x02, 0x00, 0x00,
  0x20, 0x60, 0x00, 0x04, 0x04, 0x00, 0x00, 0x40, 0x40, 0x0F, 0xFF, 0xFF,
  0xF0, 0x3F, 0x80, 0x80, 0x00, 0x08, 0x18, 0x00, 0x01, 0x81, 0x80, 0x00,
  0x10, 0x10, 0x00, 0x03, 0x03, 0x00, 0x00, 0x20, 0x20, 0x00, 0x06, 0x06,
  0x00, 0x00, 0x60, 0x60, 0x00, 0x0C, 0x0C, 0x00, 0x00, 0xC0, 0xC0, 0x00,
  0x18, 0x18, 0x00, 0xFF, 0xFF, 0xFF, 0x07, 0xFF, 0xF8, 0x00, 0x07, 0x03,
  0x00, 0x00, 0x70, 0x70, 0x00, 0x0E, 0x06, 0x00, 0x00, 0xE0, 0xE0, 0x00,
  0x1C, 0x0C, 0x00, 0x01, 0x81, 0xC0, 0x00, 0x00, 0x38, 0x00, 0x00, 0x00,
  0x00, 0x00, 0x03, 0x00, 0x00, 0x00, 0x06, 0x00, 0x00, 0x00, 0x0C, 0x00,
  0x00, 0x00, 0x1C, 0x00, 0x00, 0x00, 0x18, 0x00, 0x00, 0x00, 0x38, 0x00,
  0x00, 0x00, 0x70, 0x00, 0x00, 0x00, 0x60, 0x00, 0x00, 0x0F, 0xE0, 0x00,
  0x00, 0x70, 0xF8, 0x00, 0x01, 0xC1, 0x8C, 0x00, 0x03, 0x83, 0x8C, 0x00,
  0x07, 0x83, 0x0C, 0x00, 0x07, 0x07, 0x18, 0x00, 0x07, 0x06, 0x70, 0x00,
  0x07, 0x0C, 0x00, 0x00, 0x07, 0x0C, 0x00, 0x00, 0x07, 0x98, 0x00, 0x00,
  0x03, 0x98, 0x00, 0x00, 0x01, 0xF0, 0x00, 0x00, 0x00, 0xF0, 0x00, 0x00,
  0x00, 0x7C, 0x00, 0x00, 0x00, 0xDE, 0x00, 0x01, 0xF0, 0xCF, 0x80, 0x06,
  0x00, 0x87, 0xC0, 0x08, 0x01, 0x83, 0xC0, 0x30, 0x01, 0x81, 0xE0, 0x30,
  0x03, 0x01, 0xE0, 0x60, 0x03, 0x01, 0xE0, 0x60, 0x06, 0x01, 0xE0, 0xE0,
  0x06, 0x01, 0xE0, 0xE0, 0x0C, 0x01, 0xE0, 0xE0, 0x0C, 0x01, 0xE0, 0xE0,
  0x08, 0x03, 0xC0, 0xE0, 0x18, 0x03, 0xC0, 0x70, 0x18, 0x07, 0x80, 0x30,
  0x30, 0x0F, 0x00, 0x38, 0x30, 0x3C, 0x00, 0x0E, 0x31, 0xF0, 0x00, 0x03,
  0xFF, 0xC0, 0x00, 0x00, 0x60, 0x00, 0x00, 0x00, 0x60, 0x00, 0x00, 0x00,
  0xC0, 0x00, 0x00, 0x00, 0xC0, 0x00, 0x00, 0x00, 0xC0, 0x00, 0x00, 0x01,
  0xC0, 0x00, 0x00, 0x01, 0x80, 0x00, 0x00, 0x01, 0x80, 0x00, 0x00, 0x01,
  0x80, 0x00, 0x00, 0x03, 0x80, 0x00, 0x00, 0x03, 0x80, 0x00, 0x00, 0x03,
  0x80, 0x00, 0x00, 0x03, 0x80, 0x00, 0x00, 0x00, 0x3F, 0xFF, 0x80, 0xFF,
  0xFF, 0x80, 0x86, 0x01, 0xC0, 0x83, 0x81, 0xC0, 0xC1, 0xC1, 0xC0, 0xC0,
  0xE0, 0xC0, 0xE0, 0x70, 0xE0, 0x70, 0x30, 0xE0, 0x30, 0x38, 0x60, 0x38,
  0x18, 0x70, 0x1C, 0x18, 0x70, 0x0F, 0x18, 0x30, 0x03, 0xF8, 0x38, 0x01,
  0xF0, 0x38, 0x00, 0x00, 0x18, 0x00, 0x00, 0x18, 0x00, 0x00, 0x1C, 0x00,
  0x00, 0x0C, 0x0F, 0x00, 0x0C, 0x1F, 0xC0, 0x0E, 0x18, 0x60, 0x06, 0x18,
  0x30, 0x06, 0x18, 0x18, 0x06, 0x1C, 0x0C, 0x07, 0x0C, 0x0E, 0x03, 0x0E,
  0x07, 0x03, 0x07, 0x03, 0x03, 0x83, 0x83, 0x01, 0x81, 0xC3, 0x81, 0x80,
  0xE3, 0x81, 0xC0, 0x7F, 0x01, 0xC0, 0x1E, 0x00, 0xC0, 0x00, 0x00, 0xE0,
  0x00, 0x00, 0x00, 0x00, 0x00, 0x00, 0x0F, 0xFF, 0x80, 0x00, 0x00, 0x00,
  0x00, 0x0F, 0xFF, 0xFE, 0x00, 0x00, 0x00, 0x00, 0x07, 0xC0, 0x0F, 0xE0,
  0x00, 0x00, 0x00, 0x03, 0x80, 0x00, 0x3C, 0x00, 0x00, 0x00, 0x00, 0xC0,
  0x00, 0x03, 0x80, 0x00, 0x00, 0x00, 0x20, 0x00, 0x00, 0x30, 0x00, 0x00,
  0x00, 0x08, 0x00, 0x00, 0x04, 0x00, 0x00, 0x00, 0x03, 0x00, 0x00, 0x01,
  0x00, 0x00, 0x00, 0x00, 0x60, 0x00, 0x00, 0x00, 0x00, 0x00, 0x00, 0x1C,
  0x00, 0x00, 0x00, 0x00, 0x00, 0x00, 0x03, 0xC0, 0x00, 0x00, 0x00, 0x00,
  0x00, 0x00, 0x7C, 0x00, 0x00, 0x00, 0x00, 0x00, 0x00, 0x07, 0xE0, 0x00,
  0x00, 0x00, 0x00, 0x00, 0x00, 0x7F, 0x00, 0x00, 0x00, 0x00, 0x00, 0x00,
  0x07, 0xFE, 0x00, 0x00, 0x00, 0x00, 0x00, 0x00, 0x1F, 0xF8, 0x00, 0x00,
  0x00, 0x00, 0x00, 0x07, 0xFF, 0x00, 0x00, 0x00, 0x40, 0x00, 0x0F, 0xFF,
  0x80, 0x00, 0x00, 0x04, 0x00, 0x0F, 0xE0, 0x00, 0x00, 0x00, 0x00, 0x80,
  0x07, 0xE0, 0x00, 0x00, 0x00, 0x00, 0x10, 0x07, 0xE0, 0x07, 0xFE, 0x00,
  0x00, 0x04, 0x01, 0xE0, 0x07, 0xFF, 0xFF, 0x00, 0x01, 0x80, 0xF8, 0x03,
  0xFF, 0xFF, 0xFF, 0x80, 0xE0, 0x3C, 0x00, 0xE0, 0x03, 0xFF, 0xFF, 0xF8,
  0x0F, 0x00, 0x20, 0x00, 0x01, 0xDF, 0xFC, 0x03, 0xC0, 0x08, 0x00, 0x00,
  0x38, 0x00, 0x00, 0xF0, 0x02, 0x00, 0x00, 0x07, 0x00, 0x00, 0x1C, 0x00,
  0x40, 0x00, 0x00, 0x60, 0x00, 0x07, 0x80, 0x18, 0x00, 0x00, 0x0C, 0x00,
  0x00, 0xE0, 0x01, 0x00, 0x00, 0x03, 0x80, 0x00, 0x3C, 0x00, 0x00, 0x00,
  0x00, 0x70, 0x00, 0x07, 0x00, 0x00, 0x00, 0x00, 0x0C, 0x00, 0x00, 0xE0,
  0x00, 0x00, 0x00, 0x03, 0x80, 0x00, 0x1C, 0x00, 0x00, 0x00, 0x00, 0x60,
  0x00, 0x03, 0x80, 0x00, 0x00, 0x00, 0x18, 0x00, 0x00, 0x70, 0x00, 0x00,
  0x00, 0x07, 0x00, 0x00, 0x0F, 0x00, 0x00, 0x00, 0x01, 0xC0, 0x00, 0x00,
  0xE0, 0x00, 0x00, 0x00, 0x60, 0x00, 0x00, 0x0E, 0x00, 0x00, 0x00, 0x38,
  0x00, 0x00, 0x00, 0xF0, 0x00, 0x00, 0x1C, 0x00, 0x00, 0x00, 0x0F, 0x00,
  0x00, 0x3E, 0x00, 0x00, 0x00, 0x00, 0x7E, 0x00, 0xFE, 0x00, 0x00, 0x00,
  0x00, 0x00, 0xFF, 0xF8, 0x00, 0x00, 0x00, 0x00, 0x00, 0x38, 0xF3, 0x8E,
  0x30, 0xC3, 0x08, 0x61, 0x04, 0x20, 0x00, 0x00, 0x00, 0x07, 0xC0, 0x00,
  0x00, 0x1E, 0x00, 0x00, 0x00, 0x38, 0x00, 0x00, 0x00, 0x38, 0x00, 0x00,
  0x00, 0x38, 0x00, 0x00, 0x00, 0x3C, 0x00, 0x00, 0x00, 0x1C, 0x00, 0x00,
  0x00, 0x0E, 0x00, 0x00, 0x00, 0x0F, 0x00, 0x00, 0x00, 0x07, 0x00, 0x00,
  0x00, 0x03, 0x80, 0x00, 0x00, 0x01, 0xC0, 0x00, 0x00, 0x00, 0xE0, 0x00,
  0x00, 0x00, 0x70, 0x00, 0x00, 0x00, 0x3C, 0x00, 0x00, 0x00, 0x0E, 0x00,
  0x00, 0x00, 0x07, 0x00, 0x00, 0x00, 0x03, 0xC0, 0x00, 0x00, 0x00, 0xE0,
  0x00, 0x00, 0x00, 0x70, 0x00, 0x00, 0x00, 0x1C, 0x00, 0x00, 0x00, 0x0E,
  0x00, 0x00, 0x00, 0x03, 0x80, 0x00, 0x00, 0x01, 0xE0, 0x00, 0x00, 0x00,
  0x70, 0x00, 0x00, 0x00, 0x1C, 0x00, 0x00, 0x00, 0x07, 0x00, 0x00, 0x00,
  0x03, 0x80, 0x00, 0x00, 0x00, 0xE0, 0x00, 0x00, 0x00, 0x38, 0x00, 0x00,
  0x00, 0x0E, 0x00, 0x00, 0x00, 0x03, 0x80, 0x00, 0x00, 0x00, 0xE0, 0x00,
  0x00, 0x00, 0x38, 0x00, 0x00, 0x00, 0x0E, 0x00, 0x00, 0x00, 0x03, 0x80,
  0x00, 0x00, 0x00, 0xE0, 0x00, 0x00, 0x00, 0x3C, 0x00, 0x00, 0x00, 0x0F,
  0x00, 0x00, 0x00, 0x01, 0xE0, 0x00, 0x00, 0x00, 0x78, 0x00, 0x00, 0x00,
  0x0F, 0xF0, 0x00, 0x00, 0x00, 0xF0, 0x00, 0x00, 0x00, 0x00, 0x00, 0x7F,
  0x00, 0x00, 0x00, 0x1F, 0x80, 0x00, 0x00, 0x07, 0x80, 0x00, 0x00, 0x07,
  0x80, 0x00, 0x00, 0x07, 0x80, 0x00, 0x00, 0x07, 0x00, 0x00, 0x00, 0x0F,
  0x00, 0x00, 0x00, 0x1E, 0x00, 0x00, 0x00, 0x1C, 0x00, 0x00, 0x00, 0x38,
  0x00, 0x00, 0x00, 0x78, 0x00, 0x00, 0x00, 0xF0, 0x00, 0x00, 0x01, 0xE0,
  0x00, 0x00, 0x03, 0xC0, 0x00, 0x00, 0x07, 0x00, 0x00, 0x00, 0x0E, 0x00,
  0x00, 0x00, 0x1C, 0x00, 0x00, 0x00, 0x38, 0x00, 0x00, 0x00, 0xF0, 0x00,
  0x00, 0x01, 0xC0, 0x00, 0x00, 0x03, 0x80, 0x00, 0x00, 0x07, 0x00, 0x00,
  0x00, 0x1C, 0x00, 0x00, 0x00, 0x38, 0x00, 0x00, 0x00, 0xE0, 0x00, 0x00,
  0x01, 0xC0, 0x00, 0x00, 0x07, 0x00, 0x00, 0x00, 0x0C, 0x00, 0x00, 0x00,
  0x38, 0x00, 0x00, 0x00, 0x60, 0x00, 0x00, 0x01, 0x80, 0x00, 0x00, 0x07,
  0x00, 0x00, 0x00, 0x0C, 0x00, 0x00, 0x00, 0x30, 0x00, 0x00, 0x00, 0xC0,
  0x00, 0x00, 0x03, 0x00, 0x00, 0x00, 0x0C, 0x00, 0x00, 0x00, 0x30, 0x00,
  0x00, 0x00, 0xC0, 0x00, 0x00, 0x03, 0x00, 0x00, 0x00, 0x18, 0x00, 0x00,
  0x00, 0xE0, 0x00, 0x00, 0x07, 0x00, 0x00, 0x00, 0x38, 0x00, 0x00, 0x0F,
  0x80, 0x00, 0x00, 0x00, 0x00, 0x00, 0x80, 0x00, 0x00, 0x00, 0x80, 0x00,
  0x00, 0x00, 0x80, 0x00, 0x00, 0x00, 0x80, 0x00, 0x04, 0x00, 0x80, 0x10,
  0x02, 0x00, 0x80, 0x20, 0x01, 0x00, 0x80, 0x40, 0x01, 0x80, 0x80, 0x80,
  0x00, 0xC0, 0x81, 0x00, 0x00, 0x60, 0x82, 0x00, 0x00, 0x30, 0x8C, 0x00,
  0x00, 0x18, 0x98, 0x00, 0x00, 0x0C, 0xB0, 0x00, 0x00, 0x06, 0xE0, 0x00,
  0x00, 0x03, 0xFF, 0xFF, 0xFF, 0xFF, 0xFF, 0xFF, 0x00, 0x03, 0xC0, 0x00,
  0x00, 0x06, 0xE0, 0x00, 0x00, 0x0E, 0xB0, 0x00, 0x00, 0x1C, 0x98, 0x00,
  0x00, 0x38, 0x8C, 0x00, 0x00, 0x70, 0x87, 0x00, 0x00, 0xE0, 0x83, 0x80,
  0x00, 0xC0, 0x81, 0xC0, 0x01, 0x80, 0x80, 0xE0, 0x03, 0x00, 0x80, 0x60,
  0x06, 0x00, 0x80, 0x20, 0x00, 0x00, 0x80, 0x00, 0x00, 0x00, 0xC0, 0x00,
  0x00, 0x00, 0xC0, 0x00, 0x00, 0x00, 0x80, 0x00, 0x00, 0x08, 0x00, 0x00,
  0x30, 0x00, 0x00, 0xE0, 0x00, 0x01, 0xC0, 0x00, 0x03, 0x80, 0x00, 0x07,
  0x00, 0x00, 0x0E, 0x00, 0x00, 0x1C, 0x00, 0x00, 0x38, 0x00, 0x00, 0x60,
  0x00, 0x01, 0xC0, 0x00, 0x03, 0x80, 0x0F, 0xFF, 0xFF, 0x8F, 0xFF, 0xFF,
  0xC0, 0x18, 0x00, 0x00, 0x30, 0x00, 0x00, 0x60, 0x00, 0x00, 0xC0, 0x00,
  0x03, 0x80, 0x00, 0x06, 0x00, 0x00, 0x0C, 0x00, 0x00, 0x18, 0x00, 0x00,
  0x20, 0x00, 0x00, 0x40, 0x00, 0x01, 0x80, 0x00, 0x02, 0x00, 0x00, 0x11,
  0xCE, 0x73, 0x18, 0x84, 0x66, 0x20, 0x3F, 0xE7, 0xFF, 0xDC, 0x00, 0x3B,
  0x39, 0xCC, 0x00, 0x00, 0x00, 0x00, 0x02, 0x00, 0x00, 0x00, 0x07, 0x00,
  0x00, 0x00, 0x0E, 0x00, 0x00, 0x00, 0x0C, 0x00, 0x00, 0x00, 0x1C, 0x00,
  0x00, 0x00, 0x38, 0x00, 0x00, 0x00, 0x30, 0x00, 0x00, 0x00, 0x70, 0x00,
  0x00, 0x00, 0xE0, 0x00, 0x00, 0x00, 0xC0, 0x00, 0x00, 0x01, 0xC0, 0x00,
  0x00, 0x03, 0x80, 0x00, 0x00, 0x03, 0x00, 0x00, 0x00, 0x06, 0x00, 0x00,
  0x00, 0x0E, 0x00, 0x00, 0x00, 0x0C, 0x00, 0x00, 0x00, 0x18, 0x00, 0x00,
  0x00, 0x38, 0x00, 0x00, 0x00, 0x30, 0x00, 0x00, 0x00, 0x60, 0x00, 0x00,
  0x00, 0xE0, 0x00, 0x00, 0x00, 0xC0, 0x00, 0x00, 0x01, 0x80, 0x00, 0x00,
  0x03, 0x80, 0x00, 0x00, 0x03, 0x00, 0x00, 0x00, 0x06, 0x00, 0x00, 0x00,
  0x0E, 0x00, 0x00, 0x00, 0x0C, 0x00, 0x00, 0x00, 0x18, 0x00, 0x00, 0x00,
  0x38, 0x00, 0x00, 0x00, 0x30, 0x00, 0x00, 0x00, 0x60, 0x00, 0x00, 0x00,
  0xE0, 0x00, 0x00, 0x01, 0xC0, 0x00, 0x00, 0x01, 0x80, 0x00, 0x00, 0x03,
  0x80, 0x00, 0x00, 0x07, 0x00, 0x00, 0x00, 0x06, 0x00, 0x00, 0x00, 0x0E,
  0x00, 0x00, 0x00, 0x1C, 0x00, 0x00, 0x00, 0x18, 0x00, 0x00, 0x00, 0x38,
  0x00, 0x00, 0x00, 0x70, 0x00, 0x00, 0x00, 0x70, 0x00, 0x00, 0x00, 0xC0,
  0x00, 0x00, 0x00, 0x00, 0x00, 0x07, 0xFE, 0x00, 0x00, 0x00, 0x1F, 0xFF,
  0xF8, 0x00, 0x00, 0x0F, 0x80, 0x03, 0xC0, 0x00, 0x0F, 0x80, 0x1F, 0x8C,
  0x00, 0x07, 0xC0, 0x3C, 0x00, 0xC0, 0x01, 0xE0, 0x1C, 0x00, 0x04, 0x00,
  0x70, 0x0E, 0x00, 0x00, 0x40, 0x3C, 0x07, 0x80, 0x00, 0x04, 0x0F, 0x03,
  0xC0, 0x00, 0x00, 0x81, 0xC0, 0xF0, 0x00, 0x00, 0x08, 0x70, 0x38, 0x00,
  0x00, 0x01, 0x1C, 0x1E, 0x00, 0x00, 0x00, 0x27, 0x87, 0x80, 0x00, 0x00,
  0x04, 0xE1, 0xE0, 0x00, 0x00, 0x00, 0x5C, 0x78, 0x00, 0x00, 0x00, 0x0F,
  0x0E, 0x00, 0x00, 0x00, 0x01, 0xE3, 0x80, 0x00, 0x00, 0x00, 0x3C, 0xE0,
  0x00, 0x00, 0x00, 0x0F, 0xBC, 0x00, 0x00, 0x00, 0x01, 0x67, 0x00, 0x00,
  0x00, 0x00, 0x2D, 0xC0, 0x00, 0x00, 0x00, 0x05, 0xF0, 0x00, 0x00, 0x00,
  0x01, 0x9E, 0x00, 0x00, 0x00, 0x00, 0x33, 0x80, 0x00, 0x00, 0x00, 0x04,
  0x70, 0x00, 0x00, 0x00, 0x01, 0x8E, 0x00, 0x00, 0x00, 0x00, 0x71, 0xE0,
  0x00, 0x00, 0x00, 0x0C, 0x3E, 0x00, 0x00, 0x00, 0x03, 0x84, 0xE0, 0x00,
  0x00, 0x00, 0xE0, 0x8F, 0x00, 0x00, 0x00, 0x3C, 0x30, 0x78, 0x00, 0x00,
  0x0F, 0x06, 0x03, 0xE0, 0x00, 0x03, 0xC0, 0x40, 0x1F, 0xF0, 0x00, 0xF0,
  0x08, 0x00, 0x00, 0x00, 0x3E, 0x01, 0x00, 0x00, 0x00, 0x0F, 0x80, 0x30,
  0x00, 0x00, 0x07, 0xE0, 0x06, 0x00, 0x00, 0x03, 0xF8, 0x00, 0x60, 0x00,
  0x00, 0xFC, 0x00, 0x0E, 0x00, 0x00, 0x7F, 0x00, 0x00, 0xE0, 0x00, 0x7F,
  0x80, 0x00, 0x0F, 0x80, 0xFF, 0xE0, 0x00, 0x00, 0xFF, 0xFF, 0xF0, 0x00,
  0x00, 0x07, 0xFF, 0xF0, 0x00, 0x00, 0x00, 0x3F, 0xF0, 0x00, 0x00, 0x00,
  0x00, 0x00, 0x00, 0x03, 0x00, 0x00, 0x00, 0x07, 0xC0, 0x00, 0x00, 0x07,
  0xE0, 0x00, 0x00, 0x07, 0xE0, 0x00, 0x00, 0x07, 0xE0, 0x00, 0x00, 0x07,
  0xE0, 0x00, 0x00, 0x07, 0xE0, 0x00, 0x00, 0x07, 0xE0, 0x00, 0x00, 0x07,
  0x70, 0x00, 0x00, 0x0F, 0x70, 0x00, 0x00, 0x0E, 0x70, 0x00, 0x00, 0x0E,
  0x70, 0x00, 0x00, 0x0E, 0x30, 0x00, 0x00, 0x0C, 0x38, 0x00, 0x00, 0x0C,
  0x38, 0x00, 0x00, 0x0C, 0x18, 0x00, 0x00, 0x00, 0x18, 0x00, 0x00, 0x00,
  0x1C, 0x00, 0x00, 0x00, 0x0C, 0x00, 0x00, 0x00, 0x0E, 0x00, 0x00, 0x00,
  0x0E, 0x00, 0x00, 0x00, 0x07, 0x00, 0x00, 0x00, 0x07, 0x00, 0x00, 0x00,
  0x03, 0x00, 0x00, 0x00, 0x03, 0x80, 0x00, 0x00, 0x03, 0xC0, 0x00, 0x00,
  0x01, 0xC0, 0x00, 0x00, 0x00, 0xE0, 0x00, 0x00, 0x00, 0xE0, 0x00, 0x00,
  0x00, 0x70, 0x00, 0x00, 0x00, 0x78, 0x00, 0x00, 0x00, 0x3C, 0x00, 0x00,
  0x00, 0x1C, 0x00, 0x00, 0x00, 0x0E, 0x00, 0x00, 0x00, 0x0F, 0x00, 0x00,
  0x00, 0x07, 0x80, 0x00, 0x0F, 0xFF, 0xFF, 0xE0, 0x07, 0xFF, 0xF8, 0x00,
  0x03, 0xF8, 0x60, 0x00, 0x00, 0x00, 0x00, 0x00, 0x03, 0xFF, 0x00, 0x00,
  0x00, 0x00, 0x7E, 0x07, 0x80, 0x00, 0x00, 0x03, 0xE0, 0x03, 0x80, 0x00,
  0x00, 0x1E, 0x00, 0x03, 0x80, 0x00, 0x00, 0x70, 0x00, 0x07, 0x80, 0x00,
  0x01, 0xC0, 0x00, 0x0F, 0x00, 0x00, 0x07, 0x00, 0x00, 0x1E, 0x00, 0x00,
  0x1C, 0x00, 0x00, 0x3C, 0x00, 0x00, 0x30, 0x00, 0x00, 0x78, 0x00, 0x00,
  0xC0, 0x00, 0x00, 0xF0, 0x00, 0x01, 0x80, 0x00, 0x03, 0xE0, 0x00, 0x03,
  0x00, 0x00, 0x07, 0x80, 0x00, 0x06, 0x00, 0x00, 0x1F, 0x00, 0x00, 0x04,
  0x00, 0x00, 0x7C, 0x00, 0x00, 0x08, 0x00, 0x00, 0xF0, 0x00, 0x00, 0x00,
  0x00, 0x03, 0xE0, 0x00, 0x00, 0x00, 0x00, 0x0F, 0x80, 0x00, 0x00, 0x00,
  0x00, 0x3E, 0x00, 0x00, 0x00, 0x00, 0x00, 0xF8, 0x00, 0x00, 0x00, 0x00,
  0x07, 0xE0, 0x00, 0x00, 0x00, 0x00, 0x1F, 0x00, 0x00, 0x00, 0x00, 0x00,
  0x7C, 0x00, 0x00, 0x00, 0x00, 0x01, 0xF0, 0x00, 0x00, 0x00, 0x00, 0x0F,
  0xC0, 0x00, 0x00, 0x00, 0x00, 0x3E, 0x00, 0x00, 0x00, 0x00, 0x01, 0xF8,
  0x00, 0x00, 0x00, 0x00, 0x07, 0xC0, 0x00, 0x00, 0x00, 0x00, 0x3E, 0x00,
  0x18, 0x00, 0x00, 0x01, 0xF8, 0x00, 0x0C, 0x00, 0x00, 0x07, 0xC0, 0x00,
  0x06, 0x00, 0x00, 0x3E, 0x00, 0x00, 0x02, 0x0F, 0xC1, 0xF0, 0x00, 0x00,
  0x02, 0x7F, 0xFF, 0x80, 0x00, 0x00, 0x07, 0xC1, 0xFC, 0x00, 0x00, 0x00,
  0x07, 0x03, 0xFF, 0x00, 0x00, 0x00, 0x0A, 0x1E, 0x0F, 0xE0, 0x00, 0x00,
  0x13, 0xE0, 0x07, 0xFC, 0x00, 0x00, 0x20, 0x00, 0x03, 0xFF, 0xC0, 0x01,
  0xC0, 0x00, 0x00, 0xFF, 0xFC, 0x1F, 0x00, 0x00, 0x00, 0x7F, 0xFF, 0xFC,
  0x00, 0x00, 0x00, 0x1F, 0xFF, 0xF0, 0x00, 0x00, 0x00, 0x03, 0xFF, 0x00,
  0x00, 0x00, 0x00, 0x0F, 0xFF, 0xE0, 0x00, 0x00, 0x00, 0x3F, 0xFF, 0xFC,
  0x00, 0x00, 0x00, 0xFF, 0x00, 0x1F, 0x80, 0x00, 0x00, 0xF8, 0x00, 0x00,
  0xE0, 0x00, 0x00, 0xF0, 0x00, 0x00, 0x30, 0x00, 0x00, 0x60, 0x00, 0x00,
  0x0C, 0x00, 0x00, 0x30, 0x00, 0x00, 0x06, 0x00, 0x00, 0x10, 0x00, 0x00,
  0x07, 0x00, 0x00, 0x00, 0x00, 0x00, 0x03, 0x00, 0x00, 0x00, 0x00, 0x00,
  0x07, 0x80, 0x00, 0x00, 0x00, 0x00, 0x0F, 0x80, 0x00, 0x00, 0x00, 0x00,
  0x1F, 0x80, 0x00, 0x00, 0x00, 0x00, 0x7F, 0x80, 0x00, 0x00, 0x00, 0x03,
  0xFF, 0x00, 0x00, 0x00, 0x00, 0x1F, 0xFC, 0x00, 0x00, 0x00, 0x00, 0xFF,
  0xE0, 0x00, 0x00, 0x00, 0x00, 0x7F, 0xF8, 0x00, 0x00, 0x00, 0x00, 0x1F,
  0xFF, 0xC0, 0x00, 0x00, 0x00, 0x00, 0x07, 0xF8, 0x00, 0x00, 0x00, 0x00,
  0x00, 0x7F, 0x00, 0x00, 0x00, 0x00, 0x00, 0x0F, 0xC0, 0x00, 0x00, 0x00,
  0x00, 0x01, 0xF0, 0x00, 0x00, 0x00, 0x00, 0x00, 0x7C, 0x00, 0x00, 0x00,
  0x00, 0x00, 0x3E, 0x00, 0x00, 0x00, 0x00, 0x00, 0x0F, 0x80, 0x00, 0x00,
  0x00, 0x00, 0x07, 0xC0, 0xFC, 0x00, 0x00, 0x00, 0x03, 0xE3, 0xF8, 0x00,
  0x00, 0x00, 0x01, 0xF3, 0xC0, 0x00, 0x00, 0x00, 0x00, 0xFB, 0xC0, 0x00,
  0x00, 0x00, 0x00, 0xFB, 0xC0, 0x00, 0x00, 0x00, 0x00, 0x7D, 0xE0, 0x00,
  0x00, 0x00, 0x00, 0x7C, 0xF0, 0x00, 0x00, 0x00, 0x00, 0x7C, 0x78, 0x00,
  0x00, 0x00, 0x00, 0x7C, 0x3E, 0x00, 0x00, 0x00, 0x00, 0x7C, 0x0F, 0x00,
  0x00, 0x00, 0x00, 0x7C, 0x07, 0xC0, 0x00, 0x00, 0x00, 0xF8, 0x01, 0xF0,
  0x00, 0x00, 0x01, 0xF0, 0x00, 0x7E, 0x00, 0x00, 0x07, 0xE0, 0x00, 0x0F,
  0xE0, 0x00, 0x3F, 0xC0, 0x00, 0x00, 0xFF, 0xFF, 0xFE, 0x00, 0x00, 0x00,
  0x07, 0xFF, 0xF0, 0x00, 0x00, 0x00, 0x00, 0x00, 0x00, 0x00, 0x00, 0xE0,
  0x00, 0x00, 0x00, 0x00, 0x03, 0xE0, 0x00, 0x00, 0x00, 0x00, 0x03, 0xC0,
  0x00, 0x00, 0x00, 0x00, 0x0F, 0xC0, 0x00, 0x00, 0x00, 0x00, 0x1F, 0x80,
  0x00, 0x00, 0x00, 0x00, 0x1F, 0x00, 0x00, 0x00, 0x00, 0x00, 0x3F, 0x00,
  0x00, 0x00, 0x00, 0x00, 0x7E, 0x00, 0x00, 0x00, 0x00, 0x00, 0xFE, 0x00,
  0x00, 0x00, 0x00, 0x01, 0xFC, 0x00, 0x00, 0x00, 0x00, 0x03, 0xFC, 0x00,
  0x00, 0x00, 0x00, 0x07, 0x78, 0x00, 0x00, 0x00, 0x00, 0x0E, 0xF8, 0x00,
  0x00, 0x00, 0x00, 0x1C, 0xF0, 0x00, 0x00, 0x00, 0x00, 0x71, 0xF0, 0x00,
  0x00, 0x00, 0x00, 0xE1, 0xE0, 0x00, 0x00, 0x00, 0x01, 0xC3, 0xE1, 0xE0,
  0x00, 0x00, 0x03, 0x03, 0xC0, 0x3C, 0x00, 0x00, 0x06, 0x07, 0x80, 0x0E,
  0x00, 0x00, 0x1C, 0x07, 0x80, 0x06, 0x00, 0x00, 0x30, 0x0F, 0x00, 0x03,
  0x00, 0x00, 0xC0, 0x0F, 0x00, 0x03, 0x00, 0x03, 0x80, 0x1E, 0x00, 0x01,
  0x3F, 0x8C, 0x00, 0x1E, 0x00, 0x01, 0xC1, 0xF8, 0x00, 0x1C, 0x00, 0x01,
  0xE7, 0xFF, 0xC0, 0x3C, 0x00, 0x03, 0x7E, 0x0F, 0xFF, 0xB8, 0x00, 0x07,
  0x00, 0x00, 0xFF, 0xFE, 0x00, 0x3E, 0x00, 0x00, 0x0F, 0xFF, 0xFF, 0xFC,
  0x00, 0x00, 0x00, 0xFF, 0xFF, 0xF0, 0x00, 0x00, 0x00, 0xE7, 0xFF, 0x80,
  0x00, 0x00, 0x00, 0xC0, 0x00, 0x00, 0x00, 0x00, 0x00, 0xC0, 0x00, 0x00,
  0x00, 0x00, 0x01, 0x80, 0x00, 0x00, 0x00, 0x00, 0x01, 0x80, 0x00, 0x00,
  0x00, 0x00, 0x03, 0x00, 0x00, 0x00, 0x00, 0x00, 0x03, 0x00, 0x00, 0x00,
  0x00, 0x00, 0x03, 0xFF, 0xE0, 0x00, 0x00, 0x07, 0xFF, 0xE0, 0x20, 0x00,
  0x00, 0x07, 0xFE, 0x00, 0x00, 0x00, 0x00, 0x07, 0xE0, 0x00, 0x00, 0x00,
  0x00, 0x00, 0x00, 0x00, 0x01, 0xE0, 0x00, 0x00, 0x00, 0x00, 0x00, 0x18,
  0x00, 0x00, 0x00, 0x00, 0x00, 0x0C, 0x00, 0x00, 0x00, 0x00, 0x00, 0x02,
  0x00, 0x00, 0x00, 0x00, 0x00, 0x01, 0x00, 0x00, 0x00, 0x00, 0x00, 0x01,
  0x00, 0x00, 0x00, 0x00, 0x00, 0x01, 0x00, 0x00, 0x00, 0x00, 0x00, 0x01,
  0x00, 0x0F, 0xF8, 0x00, 0x00, 0x01, 0x00, 0x18, 0xFF, 0xE0, 0x00, 0x03,
  0x00, 0x10, 0x0F, 0xFF, 0xE0, 0x1E, 0x00, 0x0C, 0x01, 0xFF, 0xFF, 0xFC,
  0x00, 0x00, 0x0F, 0x1F, 0xFF, 0xF8, 0x00, 0x00, 0x1E, 0x01, 0xFF, 0xC0,
  0x00, 0x00, 0x1E, 0x00, 0x00, 0x00, 0x00, 0x00, 0x1C, 0x00, 0x00, 0x00,
  0x00, 0x00, 0x3C, 0x00, 0x00, 0x00, 0x00, 0x00, 0x38, 0x00, 0x00, 0x00,
  0x00, 0x00, 0x70, 0x00, 0x00, 0x00, 0x00, 0x00, 0xF0, 0x00, 0x00, 0x00,
  0x00, 0x00, 0xE0, 0x00, 0x00, 0x00, 0x00, 0x01, 0xE0, 0x3F, 0xF0, 0x00,
  0x00, 0x01, 0xC1, 0xE0, 0x7E, 0x00, 0x00, 0x03, 0x9E, 0x00, 0x0F, 0x00,
  0x00, 0x07, 0xE0, 0x00, 0x07, 0x80, 0x00, 0x06, 0x00, 0x00, 0x03, 0xC0,
  0x00, 0x00, 0x00, 0x00, 0x03, 0xC0, 0x00, 0x00, 0x00, 0x00, 0x03, 0xC0,
  0x00, 0x00, 0x00, 0x00, 0x03, 0xC0, 0x00, 0x00, 0x00, 0x00, 0x07, 0xC0,
  0x00, 0x00, 0x00, 0x00, 0x07, 0x80, 0x00, 0x00, 0x00, 0x00, 0x0F, 0x80,
  0x00, 0x00, 0x00, 0x00, 0x0F, 0x00, 0x00, 0x00, 0x00, 0x00, 0x1E, 0x00,
  0x00, 0x07, 0xC0, 0x00, 0x3E, 0x00, 0x00, 0x7C, 0x00, 0x00, 0x7C, 0x00,
  0x03, 0xC0, 0x00, 0x01, 0xF8, 0x00, 0x0F, 0x00, 0x00, 0x03, 0xE0, 0x00,
  0x3C, 0x00, 0x00, 0x07, 0xC0, 0x00, 0x70, 0x00, 0x00, 0x1F, 0x80, 0x00,
  0x60, 0x00, 0x00, 0x3E, 0x00, 0x00, 0xC0, 0x00, 0x00, 0xF8, 0x00, 0x00,
  0xC0, 0x00, 0x07, 0xE0, 0x00, 0x00, 0xC0, 0x00, 0x1F, 0x80, 0x00, 0x00,
  0x60, 0x00, 0xFC, 0x00, 0x00, 0x00, 0x3C, 0x3F, 0xE0, 0x00, 0x00, 0x00,
  0x0F, 0xF8, 0x00, 0x00, 0x00, 0x00, 0x00, 0x00, 0x00, 0x00, 0x01, 0x00,
  0x00, 0x00, 0x00, 0x0E, 0x00, 0x00, 0x00, 0x00, 0x78, 0x00, 0x00, 0x00,
  0x01, 0xE0, 0x00, 0x00, 0x00, 0x07, 0x80, 0x00, 0x00, 0x00, 0x1E, 0x00,
  0x00, 0x00, 0x00, 0x78, 0x00, 0x00, 0x00, 0x01, 0xE0, 0x00, 0x00, 0x00,
  0x07, 0xC0, 0x00, 0x00, 0x00, 0x0F, 0x00, 0x00, 0x00, 0x00, 0x3E, 0x00,
  0x00, 0x00, 0x00, 0x78, 0x00, 0x00, 0x00, 0x01, 0xF0, 0x00, 0x00, 0x00,
  0x03, 0xE0, 0x00, 0x00, 0x00, 0x07, 0xC0, 0x00, 0x00, 0x00, 0x0F, 0x00,
  0x00, 0x00, 0x00, 0x3E, 0x00, 0x00, 0x00, 0x00, 0x7C, 0x00, 0x00, 0x00,
  0x00, 0xF8, 0x00, 0x00, 0x00, 0x01, 0xF0, 0x00, 0x00, 0x00, 0x03, 0xE0,
  0x00, 0x00, 0x00, 0x07, 0xC0, 0x00, 0x3F, 0xC0, 0x0F, 0xC0, 0x01, 0xFF,
  0xE0, 0x0F, 0x80, 0x0F, 0x81, 0xF0, 0x1F, 0x00, 0x1C, 0x00, 0x78, 0x3E,
  0x00, 0x70, 0x00, 0x78, 0x3E, 0x01, 0xC0, 0x00, 0x78, 0x7C, 0x03, 0x80,
  0x00, 0x78, 0x7C, 0x06, 0x00, 0x00, 0x78, 0xF8, 0x0C, 0x00, 0x00, 0xF8,
  0xF8, 0x18, 0x00, 0x00, 0xF8, 0xF0, 0x30, 0x00, 0x01, 0xF0, 0xF0, 0x60,
  0x00, 0x03, 0xE0, 0xF0, 0xC0, 0x00, 0x03, 0xE0, 0xF1, 0x80, 0x00, 0x07,
  0xC0, 0xF3, 0x00, 0x00, 0x1F, 0x00, 0xF3, 0x00, 0x00, 0x3E, 0x00, 0xF6,
  0x00, 0x00, 0xFC, 0x00, 0x7E, 0x00, 0x03, 0xF0, 0x00, 0x7C, 0x00, 0x0F,
  0xC0, 0x00, 0x3E, 0x00, 0x7F, 0x00, 0x00, 0x1F, 0xFF, 0xF8, 0x00, 0x00,
  0x1B, 0xFF, 0x00, 0x00, 0x00, 0x18, 0x00, 0x00, 0x00, 0x00, 0x18, 0x00,
  0x00, 0x00, 0x00, 0x10, 0x00, 0x00, 0x00, 0x00, 0x00, 0x7F, 0xF0, 0x00,
  0x00, 0x03, 0xFF, 0xFF, 0x80, 0x03, 0x0F, 0xFF, 0xFF, 0xFF, 0xFE, 0x3F,
  0x80, 0x03, 0xFF, 0xF8, 0x7C, 0x00, 0x00, 0x00, 0x30, 0x60, 0x00, 0x00,
  0x00, 0xE0, 0x40, 0x00, 0x00, 0x01, 0x80, 0xC0, 0x00, 0x00, 0x07, 0x00,
  0x80, 0x00, 0x00, 0x0E, 0x00, 0x40, 0x00, 0x00, 0x1C, 0x00, 0x40, 0x00,
  0x00, 0x78, 0x00, 0x70, 0x00, 0x00, 0xF0, 0x00, 0x38, 0x00, 0x01, 0xC0,
  0x00, 0x0E, 0x00, 0x07, 0x80, 0x00, 0x03, 0xE0, 0x0F, 0x00, 0x00, 0x00,
  0x00, 0x1E, 0x00, 0x00, 0x00, 0x00, 0x3C, 0x00, 0x00, 0x00, 0x00, 0xF8,
  0x00, 0x00, 0x00, 0x01, 0xF0, 0x00, 0x00, 0x00, 0x03, 0xE0, 0x00, 0x00,
  0x00, 0x07, 0xC0, 0x00, 0x00, 0x00, 0x0F, 0x80, 0x00, 0x00, 0x00, 0x1F,
  0x00, 0x00, 0x00, 0x00, 0x3E, 0x00, 0x00, 0x00, 0x00, 0x7E, 0x00, 0x00,
  0x00, 0x00, 0x7C, 0x00, 0x00, 0x00, 0x00, 0xF8, 0x00, 0x00, 0x00, 0x01,
  0xF0, 0x00, 0x00, 0x00, 0x03, 0xF0, 0x00, 0x00, 0x00, 0x03, 0xE0, 0x00,
  0x00, 0x00, 0x07, 0xC0, 0x00, 0x00, 0x00, 0x07, 0xC0, 0x00, 0x00, 0x00,
  0x0F, 0x80, 0x00, 0x00, 0x00, 0x0F, 0x80, 0x00, 0x00, 0x00, 0x0F, 0x00,
  0x00, 0x00, 0x00, 0x1F, 0x00, 0x00, 0x00, 0x00, 0x1E, 0x00, 0x00, 0x00,
  0x00, 0x1E, 0x00, 0x00, 0x00, 0x00, 0x1E, 0x00, 0x00, 0x00, 0x00, 0x1E,
  0x00, 0x00, 0x00, 0x00, 0x0F, 0xC0, 0x00, 0x00, 0x00, 0x07, 0x80, 0x00,
  0x00, 0x00, 0x00, 0x00, 0x00, 0x20, 0x00, 0x00, 0x00, 0x04, 0x00, 0x00,
  0x00, 0x00, 0x80, 0x00, 0x00, 0x00, 0x30, 0x00, 0x00, 0x00, 0x04, 0x00,
  0x00, 0x07, 0xF9, 0x80, 0x00, 0x0F, 0xFF, 0xE0, 0x00, 0x0F, 0x80, 0x7C,
  0x00, 0x07, 0x00, 0x07, 0x80, 0x01, 0x80, 0x01, 0x10, 0x00, 0xC0, 0x00,
  0xC0, 0x00, 0x30, 0x00, 0x20, 0x00, 0x1C, 0x00, 0x18, 0x00, 0x07, 0x00,
  0x04, 0x00, 0x01, 0xC0, 0x02, 0x00, 0x00, 0x70, 0x01, 0x00, 0x00, 0x1C,
  0x00, 0x80, 0x00, 0x03, 0x80, 0x40, 0x00, 0x00, 0xE0, 0x20, 0x00, 0x00,
  0x38, 0x30, 0x00, 0x00, 0x07, 0x18, 0x00, 0x00, 0x01, 0xEC, 0x00, 0x00,
  0x00, 0x3C, 0x00, 0x00, 0x00, 0x0F, 0x80, 0x00, 0x00, 0x0F, 0xF0, 0x00,
  0x00, 0x07, 0x3C, 0x00, 0x00, 0x07, 0x07, 0x80, 0x00, 0x03, 0x81, 0xF0,
  0x00, 0x03, 0x80, 0x3E, 0x00, 0x01, 0xC0, 0x07, 0x80, 0x00, 0xE0, 0x01,
  0xF0, 0x00, 0x70, 0x00, 0x3C, 0x00, 0x38, 0x00, 0x0F, 0x00, 0x0E, 0x00,
  0x03, 0xC0, 0x07, 0x00, 0x00, 0xF0, 0x01, 0xC0, 0x00, 0x3C, 0x00, 0x60,
  0x00, 0x0F, 0x00, 0x38, 0x00, 0x03, 0xC0, 0x06, 0x00, 0x00, 0xE0, 0x01,
  0xC0, 0x00, 0x78, 0x00, 0x70, 0x00, 0x3C, 0x00, 0x0E, 0x00, 0x1E, 0x00,
  0x01, 0xE0, 0x1E, 0x00, 0x00, 0x3F, 0xFF, 0x00, 0x00, 0x01, 0xFE, 0x00,
  0x00, 0x00, 0x00, 0x00, 0x00, 0x03, 0x80, 0x00, 0x00, 0x01, 0xFF, 0xFC,
  0x00, 0x00, 0x1F, 0x80, 0x1F, 0x00, 0x00, 0xFC, 0x00, 0x07, 0x00, 0x03,
  0xE0, 0x00, 0x03, 0x00, 0x1F, 0x80, 0x00, 0x03, 0x00, 0x3E, 0x00, 0x00,
  0x02, 0x00, 0xF8, 0x00, 0x01, 0xC4, 0x01, 0xF0, 0x00, 0x03, 0xC0, 0x03,
  0xE0, 0x00, 0x07, 0x80, 0x07, 0x80, 0x00, 0x07, 0x80, 0x0F, 0x00, 0x00,
  0x0F, 0x00, 0x1E, 0x00, 0x00, 0x1E, 0x00, 0x3C, 0x00, 0x00, 0x3C, 0x00,
  0x38, 0x00, 0x00, 0x7C, 0x00, 0x70, 0x00, 0x01, 0xF8, 0x00, 0x70, 0x00,
  0x03, 0xF0, 0x00, 0x60, 0x00, 0x07, 0xE0, 0x00, 0xE0, 0x00, 0x1D, 0xC0,
  0x00, 0xC0, 0x00, 0x3B, 0x80, 0x00, 0xC0, 0x00, 0xE7, 0x80, 0x00, 0xE0,
  0x03, 0xCF, 0x00, 0x00, 0x70, 0x0F, 0x0E, 0x00, 0x00, 0x3F, 0xFC, 0x1C,
  0x00, 0x00, 0x1F, 0xC0, 0x3C, 0x00, 0x00, 0x00, 0x00, 0x78, 0x00, 0x00,
  0x00, 0x00, 0x70, 0x00, 0x00, 0x00, 0x00, 0xE0, 0x00, 0x00, 0x00, 0x01,
  0xE0, 0x00, 0x00, 0x00, 0x01, 0xC0, 0x00, 0x00, 0x00, 0x03, 0x80, 0x00,
  0x00, 0x00, 0x03, 0x80, 0x00, 0x00, 0x00, 0x07, 0x00, 0x00, 0x00, 0x00,
  0x06, 0x00, 0x00, 0x00, 0x00, 0x0E, 0x00, 0x00, 0x00, 0x00, 0x0C, 0x00,
  0x00, 0x00, 0x00, 0x1C, 0x00, 0x00, 0x00, 0x00, 0x18, 0x00, 0x00, 0x00,
  0x00, 0x18, 0x00, 0x00, 0x00, 0x00, 0x18, 0x00, 0x00, 0x00, 0x00, 0x10,
  0x00, 0x00, 0x00, 0x00, 0x10, 0x00, 0x00, 0x00, 0x00, 0x10, 0x00, 0x00,
  0x00, 0x00, 0x18, 0x00, 0x00, 0x00, 0x00, 0x0C, 0x00, 0x00, 0x00, 0x01,
  0x03, 0x07, 0x0F, 0x06, 0x04, 0x00, 0x00, 0x00, 0x00, 0x18, 0x60, 0xE0,
  0xE0, 0xC0, 0x00, 0x40, 0x30, 0x1C, 0x0F, 0x01, 0x80, 0x40, 0x00, 0x00,
  0x00, 0x00, 0x00, 0x00, 0x30, 0x1C, 0x03, 0x00, 0xC0, 0x30, 0x08, 0x06,
  0x01, 0x00, 0xC0, 0x20, 0x10, 0x08, 0x00, 0x00, 0x80, 0xC0, 0xC0, 0xC0,
  0x60, 0x60, 0x60, 0x30, 0x30, 0x30, 0x1C, 0x1E, 0x07, 0x81, 0xE0, 0x38,
  0x0E, 0x03, 0x00, 0xC0, 0x20, 0xFF, 0xFF, 0x7F, 0x00, 0x00, 0x00, 0x00,
  0x00, 0x00, 0x00, 0x00, 0x00, 0xFF, 0xFF, 0x7F, 0x80, 0x80, 0x60, 0x18,
  0x06, 0x03, 0x80, 0xF0, 0x3C, 0x0F, 0x03, 0x01, 0x81, 0x81, 0xC0, 0xC0,
  0xC0, 0xC0, 0x60, 0x60, 0x60, 0x20, 0x00, 0x00, 0x01, 0xFE, 0x00, 0x00,
  0x70, 0x1C, 0x00, 0x1C, 0x00, 0x38, 0x01, 0x80, 0x00, 0xE0, 0x30, 0x00,
  0x03, 0x03, 0x00, 0x00, 0x1C, 0x30, 0x00, 0x00, 0x63, 0x00, 0x00, 0x03,
  0x30, 0x00, 0x00, 0x19, 0x80, 0x00, 0x00, 0xDC, 0x00, 0x00, 0x0E, 0xE0,
  0x18, 0x00, 0x67, 0x03, 0x00, 0x07, 0x1F, 0xC0, 0x00, 0x78, 0x00, 0x00,
  0x07, 0x80, 0x00, 0x00, 0x78, 0x00, 0x00, 0x0F, 0x80, 0x00, 0x00, 0xF8,
  0x00, 0x00, 0x1F, 0x80, 0x00, 0x01, 0xF0, 0x00, 0x00, 0x3F, 0x00, 0x00,
  0x07, 0xE0, 0x00, 0x00, 0x7C, 0x00, 0x00, 0x0F, 0x80, 0x00, 0x00, 0xF8,
  0x00, 0x00, 0x0F, 0x00, 0x00, 0x00, 0xF0, 0x00, 0x00, 0x0E, 0x00, 0x00,
  0x00, 0xE0, 0x00, 0x00, 0x06, 0x00, 0x00, 0x00, 0x60, 0x00, 0x00, 0x02,
  0x00, 0x00, 0x00, 0x10, 0x00, 0x00, 0x00, 0x80, 0x00, 0x00, 0x04, 0x00,
  0x00, 0x00, 0x30, 0x00, 0x00, 0x00, 0x00, 0x00, 0x00, 0x00, 0x00, 0x00,
  0x00, 0x00, 0x00, 0x00, 0x01, 0x00, 0x00, 0x00, 0x30, 0x00, 0x00, 0x03,
  0x00, 0x00, 0x00, 0x38, 0x00, 0x00, 0x01, 0xC0, 0x00, 0x00, 0x0C, 0x00,
  0x00, 0x00, 0x00, 0x00, 0x00, 0x01, 0xFF, 0x80, 0x00, 0x00, 0x00, 0xFF,
  0xFF, 0x80, 0x00, 0x00, 0x1F, 0xE0, 0x0E, 0x00, 0x00, 0x03, 0xF0, 0x00,
  0x0C, 0x00, 0x00, 0x7E, 0x00, 0x00, 0x20, 0x00, 0x0F, 0xC0, 0x3F, 0x00,
  0x80, 0x00, 0xF8, 0x0F, 0x38, 0x06, 0x00, 0x1F, 0x01, 0xE0, 0xC0, 0x10,
  0x01, 0xF0, 0x1C, 0x06, 0x00, 0x80, 0x1E, 0x01, 0xC0, 0xB0, 0x06, 0x01,
  0xE0, 0x3C, 0x0F, 0x80, 0x30, 0x1E, 0x03, 0xC0, 0xF8, 0x39, 0x80, 0xE0,
  0x1C, 0x0F, 0x80, 0x7C, 0x0E, 0x01, 0xC0, 0xF8, 0x01, 0xE0, 0xE0, 0x1C,
  0x07, 0x80, 0x07, 0x07, 0x01, 0xC0, 0x78, 0x00, 0x3C, 0x70, 0x1E, 0x07,
  0xC0, 0x01, 0x73, 0x00, 0xE0, 0xDE, 0x00, 0x0B, 0xB8, 0x0E, 0x01, 0xE0,
  0x00, 0xDD, 0x80, 0x70, 0x0F, 0x00, 0x04, 0x7C, 0x07, 0x00, 0xF8, 0x00,
  0x63, 0xE0, 0x38, 0x05, 0xC0, 0x02, 0x1F, 0x01, 0x80, 0x7E, 0x00, 0x31,
  0xF0, 0x1C, 0x06, 0xF0, 0x01, 0x0E, 0x80, 0xC0, 0x27, 0x00, 0x10, 0x74,
  0x06, 0x03, 0x38, 0x01, 0x87, 0x20, 0x30, 0x31, 0xC0, 0x08, 0x39, 0x81,
  0x83, 0x0E, 0x00, 0x83, 0x84, 0x0F, 0xF0, 0x78, 0x0C, 0x38, 0x20, 0x3F,
  0x01, 0xC0, 0xC3, 0x81, 0x81, 0xF0, 0x0E, 0x0C, 0x30, 0x04, 0x00, 0x00,
  0x39, 0x87, 0x00, 0x30, 0x00, 0x00, 0xF8, 0x70, 0x00, 0xC0, 0x00, 0x00,
  0x0E, 0x00, 0x03, 0x00, 0x00, 0x01, 0xC0, 0x00, 0x06, 0x00, 0x00, 0x70,
  0x00, 0x00, 0x0F, 0x00, 0x3C, 0x00, 0x00, 0x00, 0x07, 0xFE, 0x00, 0x00,
  0x00, 0x00, 0x00, 0x00, 0x00, 0x0F, 0xFE, 0x00, 0x00, 0x00, 0x00, 0x00,
  0x00, 0x00, 0xFF, 0xFF, 0xF0, 0x00, 0x00, 0x00, 0x00, 0x00, 0x03, 0xFC,
  0x01, 0xFF, 0x00, 0x00, 0x00, 0x00, 0x00, 0x07, 0x80, 0x00, 0x0F, 0xE0,
  0x00, 0x00, 0x00, 0x00, 0x0E, 0x00, 0x00, 0x00, 0x7C, 0x00, 0x00, 0x00,
  0x00, 0x1C, 0x00, 0x00, 0x00, 0x0F, 0x0F, 0x00, 0x00, 0x00, 0x38, 0x00,
  0x00, 0x00, 0x01, 0xFF, 0x00, 0x00, 0x00, 0x70, 0x00, 0x00, 0x00, 0x00,
  0x7F, 0x00, 0x00, 0x00, 0x60, 0x00, 0x00, 0x00, 0x00, 0x6F, 0x00, 0x00,
  0x00, 0x60, 0x00, 0x00, 0x00, 0x00, 0xDE, 0x00, 0x00, 0x00, 0x60, 0x00,
  0x00, 0x00, 0x01, 0x9C, 0x00, 0x00, 0x00, 0x60, 0x00, 0x00, 0x00, 0x03,
  0x98, 0x00, 0x00, 0x00, 0x60, 0x00, 0x00, 0x00, 0x07, 0x38, 0x00, 0x00,
  0x00, 0x60, 0x00, 0x00, 0x00, 0x0E, 0x30, 0x00, 0x00, 0x00, 0x70, 0x00,
  0x00, 0x00, 0x1C, 0x70, 0x00, 0x00, 0x00, 0x38, 0x00, 0x00, 0x00, 0x38,
  0x70, 0x00, 0x00, 0x00, 0x1C, 0x00, 0x00, 0x00, 0x30, 0x60, 0x00, 0x00,
  0x00, 0x0E, 0x00, 0x80, 0x00, 0x60, 0xE0, 0x00, 0x00, 0x00, 0x07, 0xC1,
  0x00, 0x00, 0xE0, 0xC0, 0x00, 0x00, 0x00, 0x01, 0xFE, 0x00, 0x01, 0xC1,
  0xC0, 0x00, 0x00, 0x00, 0x00, 0x00, 0x00, 0x03, 0x81, 0xC0, 0x00, 0x00,
  0x00, 0x00, 0x00, 0x00, 0x07, 0x03, 0x80, 0x00, 0x00, 0x00, 0x00, 0x00,
  0x00, 0x06, 0x03, 0x80, 0x00, 0x00, 0x00, 0x00, 0x00, 0x00, 0x0C, 0x03,
  0x80, 0x00, 0x00, 0x00, 0x00, 0x00, 0x00, 0x18, 0x07, 0x00, 0x00, 0x00,
  0x00, 0x00, 0x00, 0x00, 0x38, 0x07, 0x00, 0x00, 0x00, 0x00, 0x00, 0x00,
  0x00, 0x70, 0x07, 0x00, 0x00, 0x00, 0x00, 0x00, 0x3F, 0xFF, 0xE0, 0x1E,
  0x00, 0x00, 0x00, 0x00, 0x01, 0xFF, 0xFF, 0xFF, 0xEE, 0x00, 0x00, 0x00,
  0x00, 0x06, 0x00, 0x03, 0xFF, 0xDE, 0x00, 0x00, 0x00, 0x00, 0x18, 0x00,
  0x03, 0x00, 0x1C, 0x00, 0x00, 0x00, 0x00, 0x20, 0x00, 0x06, 0x00, 0x1C,
  0x00, 0x00, 0x00, 0x00, 0x60, 0x00, 0x0C, 0x00, 0x1C, 0x00, 0x00, 0x00,
  0x00, 0x20, 0x00, 0x18, 0x00, 0x3C, 0x00, 0x00, 0x00, 0x00, 0x00, 0x00,
  0x30, 0x00, 0x38, 0x00, 0x00, 0x00, 0x00, 0x00, 0x00, 0x60, 0x00, 0x38,
  0x00, 0x00, 0x00, 0x00, 0x00, 0x00, 0xE0, 0x00, 0x38, 0x00, 0x0C, 0x00,
  0x00, 0x00, 0x01, 0x80, 0x00, 0x78, 0x00, 0x10, 0x00, 0x00, 0x00, 0x03,
  0x00, 0x00, 0x78, 0x00, 0x30, 0x00, 0x00, 0x00, 0x06, 0x00, 0x00, 0x78,
  0x00, 0xB0, 0x00, 0x00, 0x00, 0x0C, 0x00, 0x00, 0x70, 0x00, 0xF0, 0x00,
  0x00, 0x00, 0x38, 0x00, 0x00, 0x70, 0x00, 0x70, 0x00, 0x00, 0x00, 0x70,
  0x00, 0x00, 0x78, 0x00, 0x78, 0x00, 0x00, 0x00, 0xC0, 0x00, 0x00, 0x78,
  0x00, 0x78, 0x00, 0x00, 0x03, 0x00, 0x00, 0x00, 0x78, 0x40, 0x3C, 0x00,
  0x00, 0x0E, 0x00, 0x00, 0x00, 0x7F, 0x80, 0x1E, 0x00, 0x00, 0x38, 0x00,
  0x00, 0x00, 0x3E, 0x00, 0x1F, 0x80, 0x00, 0xE0, 0x00, 0x00, 0x00, 0x00,
  0x00, 0x07, 0xE0, 0x07, 0x80, 0x00, 0x00, 0x00, 0x00, 0x00, 0x03, 0xFF,
  0xFC, 0x00, 0x00, 0x00, 0x00, 0x00, 0x00, 0x00, 0x7F, 0xC0, 0x00, 0x00,
  0x00, 0x00, 0x00, 0x00, 0x00, 0x00, 0x00, 0x0F, 0xFF, 0xC0, 0x00, 0x00,
  0x00, 0x00, 0xFF, 0xFF, 0xFE, 0x00, 0x00, 0x00, 0x07, 0xFF, 0xFF, 0xFF,
  0xE0, 0x00, 0x00, 0x0F, 0xE0, 0x01, 0xCF, 0xFC, 0x00, 0x00, 0x3E, 0x00,
  0x07, 0x80, 0x3F, 0x80, 0x00, 0x38, 0x00, 0x07, 0x80, 0x03, 0xE0, 0x00,
  0x70, 0x00, 0x03, 0xC0, 0x00, 0x7C, 0x00, 0x60, 0x00, 0x03, 0xC0, 0x00,
  0x1E, 0x00, 0x60, 0x00, 0x01, 0xE0, 0x00, 0x03, 0x80, 0x40, 0x00, 0x00,
  0xE0, 0x00, 0x01, 0xC0, 0x40, 0x00, 0x00, 0xF0, 0x00, 0x00, 0x60, 0x40,
  0x00, 0x00, 0x70, 0x00, 0x00, 0x30, 0x20, 0x00, 0x00, 0x38, 0x00, 0x00,
  0x18, 0x20, 0x00, 0x00, 0x38, 0x00, 0x00, 0x0C, 0x10, 0x00, 0x00, 0x1C,
  0x00, 0x00, 0x0E, 0x08, 0x00, 0x00, 0x0E, 0x00, 0x00, 0x06, 0x04, 0x00,
  0x00, 0x0E, 0x00, 0x00, 0x06, 0x06, 0x00, 0x00, 0x07, 0x00, 0x00, 0x06,
  0x03, 0x00, 0x00, 0x03, 0x80, 0x00, 0x06, 0x00, 0xC0, 0x00, 0x03, 0x80,
  0x00, 0x0E, 0x00, 0x70, 0x00, 0x01, 0xC0, 0x00, 0x0E, 0x00, 0x07, 0x00,
  0x00, 0xE0, 0x00, 0x1C, 0x00, 0x00, 0x00, 0x00, 0xE0, 0x00, 0x38, 0x00,
  0x00, 0x00, 0x00, 0x70, 0x00, 0x78, 0x00, 0x00, 0x00, 0x00, 0x38, 0x01,
  0xF0, 0x00, 0x00, 0x00, 0x00, 0x38, 0x1F, 0xE0, 0x00, 0x00, 0x00, 0x00,
  0x1C, 0x7F, 0xF8, 0x00, 0x00, 0x00, 0x00, 0x1C, 0x7F, 0xFF, 0x80, 0x00,
  0x00, 0x00, 0x0E, 0x00, 0x1F, 0xF0, 0x00, 0x00, 0x00, 0x07, 0x00, 0x01,
  0xFC, 0x00, 0x00, 0x00, 0x07, 0x00, 0x00, 0x1F, 0x00, 0x00, 0x00, 0x03,
  0x80, 0x00, 0x07, 0xC0, 0x00, 0x00, 0x03, 0x80, 0x00, 0x01, 0xE0, 0x00,
  0x00, 0x01, 0xC0, 0x00, 0x00, 0x70, 0x00, 0x00, 0x01, 0xE0, 0x00, 0x00,
  0x38, 0x00, 0x00, 0x00, 0xE0, 0x00, 0x00, 0x1C, 0x00, 0x00, 0x00, 0x70,
  0x00, 0x00, 0x0E, 0x00, 0x00, 0x00, 0x70, 0x00, 0x00, 0x0E, 0x00, 0x00,
  0x00, 0x78, 0x00, 0x00, 0x07, 0x00, 0x00, 0x00, 0x38, 0x00, 0x00, 0x07,
  0x00, 0x00, 0x00, 0x3C, 0x00, 0x00, 0x07, 0x00, 0x00, 0x00, 0x1C, 0x00,
  0x00, 0x06, 0x00, 0x00, 0x00, 0x1C, 0x00, 0x00, 0x06, 0x00, 0x00, 0x00,
  0x1E, 0x00, 0x00, 0x1C, 0x00, 0x00, 0x00, 0x0E, 0x03, 0xFF, 0xF8, 0x00,
  0x02, 0x00, 0x0E, 0x03, 0xFF, 0xF0, 0x00, 0x02, 0x00, 0x0F, 0x03, 0xFF,
  0x80, 0x00, 0x01, 0x00, 0x0F, 0x00, 0x00, 0x00, 0x00, 0x00, 0x80, 0x0F,
  0x00, 0x00, 0x00, 0x00, 0x00, 0x60, 0x0E, 0x00, 0x00, 0x00, 0x00, 0x00,
  0x38, 0x1E, 0x00, 0x00, 0x00, 0x00, 0x00, 0x0F, 0xF8, 0x00, 0x00, 0x00,
  0x00, 0x00, 0x00, 0x00, 0x00, 0x00, 0x00, 0x7F, 0xF0, 0x00, 0x00, 0x00,
  0x00, 0x3E, 0x07, 0xE0, 0x00, 0x3F, 0xFC, 0x1C, 0x00, 0x07, 0x80, 0x1F,
  0xFF, 0xFF, 0x00, 0x00, 0x3C, 0x03, 0x00, 0x1F, 0xFF, 0x80, 0x01, 0xE0,
  0xC0, 0x00, 0x3B, 0xFF, 0x00, 0x0E, 0x18, 0x00, 0x0F, 0x01, 0xFE, 0x00,
  0xF3, 0x00, 0x01, 0xC0, 0x01, 0xFC, 0x0F, 0x60, 0x00, 0x38, 0x00, 0x03,
  0xF8, 0xF4, 0x00, 0x07, 0x00, 0x00, 0x07, 0xEF, 0xC0, 0x00, 0xE0, 0x00,
  0x00, 0x1F, 0xFE, 0x00, 0x1E, 0x00, 0x00, 0x00, 0x3E, 0x30, 0x03, 0xC0,
  0x00, 0x00, 0x00, 0xE0, 0xC0, 0x78, 0x00, 0x00, 0x00, 0x0C, 0x00, 0x0F,
  0x00, 0x00, 0x00, 0x00, 0x80, 0x00, 0xE0, 0x00, 0x00, 0x00, 0x00, 0x00,
  0x1E, 0x00, 0x00, 0x00, 0x00, 0x00, 0x03, 0xC0, 0x00, 0x00, 0x00, 0x00,
  0x00, 0x3C, 0x00, 0x00, 0x00, 0x00, 0x00, 0x07, 0x80, 0x00, 0x00, 0x00,
  0x00, 0x00, 0x78, 0x00, 0x00, 0x00, 0x00, 0x00, 0x0F, 0x00, 0x00, 0x00,
  0x00, 0x00, 0x00, 0xF0, 0x00, 0x00, 0x00, 0x00, 0x00, 0x0E, 0x00, 0x00,
  0x00, 0x00, 0x00, 0x01, 0xE0, 0x00, 0x00, 0x00, 0x00, 0x00, 0x1E, 0x00,
  0x00, 0x00, 0x00, 0x00, 0x01, 0xE0, 0x00, 0x00, 0x00, 0x00, 0x20, 0x1C,
  0x00, 0x00, 0x00, 0x00, 0x06, 0x01, 0xC0, 0x00, 0x00, 0x00, 0x00, 0x40,
  0x1C, 0x00, 0x00, 0x00, 0x00, 0x0C, 0x03, 0xC0, 0x00, 0x00, 0x00, 0x00,
  0xC0, 0x3C, 0x00, 0x00, 0x00, 0x00, 0x18, 0x01, 0xC0, 0x00, 0x00, 0x00,
  0x03, 0x80, 0x1C, 0x00, 0x00, 0x00, 0x00, 0x70, 0x01, 0xC0, 0x00, 0x00,
  0x00, 0x0E, 0x00, 0x1E, 0x00, 0x00, 0x00, 0x01, 0xC0, 0x01, 0xE0, 0x00,
  0x00, 0x00, 0x38, 0x00, 0x0F, 0x00, 0x00, 0x00, 0x06, 0x00, 0x00, 0xF0,
  0x00, 0x00, 0x00, 0xC0, 0x00, 0x07, 0x80, 0x00, 0x00, 0x30, 0x00, 0x00,
  0x7C, 0x00, 0x00, 0x0E, 0x00, 0x00, 0x03, 0xF0, 0x00, 0x03, 0x80, 0x00,
  0x00, 0x0F, 0xC0, 0x01, 0xC0, 0x00, 0x00, 0x00, 0x3F, 0xFF, 0xF0, 0x00,
  0x00, 0x00, 0x00, 0x7F, 0xE0, 0x00, 0x00, 0x00, 0x00, 0x00, 0x00, 0x00,
  0x00, 0x00, 0xFC, 0x00, 0x00, 0x00, 0x00, 0x00, 0x00, 0x06, 0x3C, 0x00,
  0x00, 0x00, 0x00, 0x00, 0x00, 0x30, 0x10, 0x00, 0x00, 0x00, 0x07, 0xFF,
  0xF9, 0xC0, 0x10, 0x00, 0x00, 0x01, 0xFF, 0xFF, 0xFF, 0x80, 0x20, 0x00,
  0x00, 0x3F, 0xFF, 0xFF, 0xFF, 0xE0, 0x40, 0x00, 0x03, 0xFC, 0x00, 0x00,
  0x7F, 0xF0, 0x80, 0x00, 0x1F, 0x00, 0x00, 0x01, 0xC3, 0xF8, 0x00, 0x00,
  0xF0, 0x00, 0x00, 0x07, 0x81, 0xF8, 0x00, 0x03, 0x00, 0x00, 0x00, 0x1E,
  0x00, 0xFC, 0x00, 0x0C, 0x00, 0x00, 0x00, 0x38, 0x00, 0x7C, 0x00, 0x20,
  0x00, 0x00, 0x00, 0xF0, 0x00, 0x7C, 0x00, 0x80, 0x00, 0x00, 0x01, 0xC0,
  0x00, 0x7C, 0x02, 0x00, 0x00, 0x00, 0x07, 0x80, 0x00, 0x7C, 0x08, 0x00,
  0x00, 0x00, 0x0F, 0x00, 0x00, 0x78, 0x10, 0x00, 0x00, 0x00, 0x3C, 0x00,
  0x00, 0x78, 0x40, 0x00, 0x00, 0x00, 0x78, 0x00, 0x00, 0x78, 0x80, 0x00,
  0x00, 0x01, 0xE0, 0x00, 0x00, 0x71, 0x00, 0x00, 0x00, 0x03, 0xC0, 0x00,
  0x00, 0xF6, 0x00, 0x00, 0x00, 0x07, 0x80, 0x00, 0x00, 0xEC, 0x00, 0x00,
  0x00, 0x1E, 0x00, 0x00, 0x01, 0xD8, 0x00, 0x00, 0x00, 0x3C, 0x00, 0x00,
  0x03, 0xD8, 0x00, 0x00, 0x00, 0x70, 0x00, 0x00, 0x03, 0xB8, 0x00, 0x00,
  0x01, 0xE0, 0x00, 0x00, 0x07, 0x0E, 0x00, 0x00, 0x03, 0xC0, 0x00, 0x00,
  0x0E, 0x00, 0x00, 0x00, 0x07, 0x00, 0x00, 0x00, 0x1C, 0x00, 0x00, 0x00,
  0x1E, 0x00, 0x00, 0x00, 0x38, 0x00, 0x00, 0x00, 0x3C, 0x00, 0x00, 0x00,
  0x70, 0x00, 0x00, 0x00, 0x70, 0x00, 0x00, 0x00, 0xE0, 0x00, 0x00, 0x01,
  0xE0, 0x00, 0x00, 0x01, 0xC0, 0x00, 0x00, 0x03, 0x80, 0x00, 0x00, 0x03,
  0x80, 0x00, 0x00, 0x0F, 0x00, 0x00, 0x00, 0x0E, 0x00, 0x00, 0x00, 0x1C,
  0x00, 0x00, 0x00, 0x1C, 0x00, 0x00, 0x00, 0x38, 0x00, 0x00, 0x00, 0x30,
  0x00, 0x00, 0x00, 0xF0, 0x00, 0x00, 0x00, 0xE1, 0xF8, 0x00, 0x01, 0xC0,
  0x00, 0x00, 0x01, 0x83, 0xFC, 0x00, 0x07, 0x00, 0x00, 0x00, 0x06, 0x06,
  0x1F, 0x00, 0x0E, 0x00, 0x00, 0x00, 0x1C, 0x0C, 0x07, 0x80, 0x38, 0x00,
  0x00, 0x00, 0x70, 0x18, 0x03, 0xC0, 0x70, 0x00, 0x00, 0x01, 0xC0, 0x38,
  0x01, 0xE1, 0xC0, 0x00, 0x00, 0x06, 0x00, 0x70, 0x00, 0xF3, 0x00, 0x00,
  0x00, 0x18, 0x00, 0x70, 0x00, 0x7E, 0x00, 0x00, 0x00, 0xE0, 0x00, 0xF0,
  0x00, 0x3E, 0x00, 0x00, 0x07, 0x00, 0x00, 0xF8, 0x00, 0xFF, 0xC0, 0x00,
  0x78, 0x00, 0x00, 0xF8, 0x03, 0x83, 0xFF, 0xFF, 0x80, 0x00, 0x00, 0x7E,
  0x1C, 0x00, 0x7F, 0xF8, 0x00, 0x00, 0x00, 0x3F, 0xE0, 0x00, 0x00, 0x00,
  0x00, 0x00, 0x00, 0x00, 0x00, 0x00, 0x00, 0x07, 0xF0, 0x00, 0x00, 0x00,
  0x00, 0x00, 0x01, 0xC7, 0x80, 0x00, 0x00, 0x00, 0x00, 0x00, 0x70, 0x10,
  0x00, 0x00, 0x00, 0x00, 0x00, 0x0C, 0x00, 0x80, 0x00, 0x00, 0x00, 0x00,
  0x03, 0x80, 0x08, 0x00, 0x00, 0x01, 0xFF, 0xF0, 0x70, 0x00, 0x80, 0x00,
  0x01, 0xFF, 0xFF, 0xFE, 0x00, 0x08, 0x00, 0x00, 0x70, 0x00, 0x1F, 0xFF,
  0x00, 0x00, 0x00, 0x18, 0x00, 0x00, 0x1F, 0xFF, 0xC0, 0x10, 0x02, 0x00,
  0x00, 0x03, 0xC3, 0xFF, 0xFE, 0x00, 0x40, 0x00, 0x00, 0x38, 0x01, 0xFF,
  0xC0, 0x0C, 0x00, 0x00, 0x07, 0x00, 0x01, 0xF8, 0x00, 0x80, 0x00, 0x00,
  0x70, 0x00, 0x00, 0x00, 0x18, 0x00, 0x00, 0x0E, 0x00, 0x00, 0x00, 0x01,
  0x80, 0x00, 0x00, 0xE0, 0x00, 0x00, 0x00, 0x0C, 0x00, 0x00, 0x1E, 0x00,
  0x00, 0x00, 0x00, 0x38, 0x00, 0x01, 0xC0, 0x00, 0x00, 0x00, 0x00, 0x00,
  0x00, 0x3C, 0x00, 0x00, 0x00, 0x00, 0x00, 0x00, 0x03, 0x80, 0x00, 0x00,
  0x00, 0x00, 0x00, 0x00, 0x78, 0x00, 0x00, 0x00, 0x00, 0x00, 0x00, 0x07,
  0x80, 0x00, 0x00, 0x00, 0x00, 0x00, 0x00, 0x70, 0x00, 0x00, 0x00, 0x00,
  0x00, 0x00, 0x0F, 0x00, 0x00, 0x00, 0x00, 0x00, 0x00, 0x00, 0xE0, 0x00,
  0x00, 0x00, 0x00, 0x00, 0x07, 0xFF, 0xFF, 0xFF, 0x80, 0x00, 0x00, 0x03,
  0xFF, 0xFF, 0xFF, 0xF0, 0x00, 0x00, 0x01, 0xC0, 0x1F, 0xFF, 0xF0, 0x00,
  0x00, 0x00, 0x20, 0x03, 0xC0, 0x00, 0x00, 0x00, 0x00, 0x0C, 0x00, 0x3C,
  0x00, 0x00, 0x00, 0x00, 0x00, 0x80, 0x03, 0x80, 0x00, 0x00, 0x00, 0x00,
  0x18, 0x00, 0x78, 0x00, 0x00, 0x00, 0x00, 0x00, 0x00, 0x07, 0x00, 0x00,
  0x00, 0x00, 0x00, 0x00, 0x00, 0x70, 0x00, 0x00, 0x00, 0x03, 0x00, 0x00,
  0x0F, 0x00, 0x00, 0x00, 0x00, 0x7C, 0x00, 0x00, 0xE0, 0x00, 0x00, 0x00,
  0x0F, 0xF8, 0x00, 0x1E, 0x00, 0x00, 0x00, 0x00, 0xE1, 0xE0, 0x01, 0xC0,
  0x00, 0x00, 0x00, 0x0E, 0x07, 0x80, 0x1C, 0x00, 0x00, 0x00, 0x00, 0xE0,
  0x0E, 0x03, 0x80, 0x00, 0x00, 0x01, 0x0E, 0x00, 0x70, 0x30, 0x00, 0x00,
  0x00, 0x10, 0x70, 0x01, 0xC7, 0x00, 0x00, 0x00, 0x01, 0x87, 0x80, 0x07,
  0x60, 0x00, 0x00, 0x00, 0x10, 0x3C, 0x00, 0x1C, 0x00, 0x00, 0x00, 0x03,
  0x01, 0xE0, 0x01, 0xF8, 0x00, 0x00, 0x00, 0x30, 0x0F, 0x80, 0x31, 0xF8,
  0x00, 0x00, 0x0E, 0x00, 0x7E, 0x0E, 0x03, 0xFC, 0x00, 0x07, 0xE0, 0x00,
  0xFF, 0x80, 0x07, 0xFF, 0xFF, 0xF8, 0x00, 0x00, 0x00, 0x00, 0x07, 0xFF,
  0xFF, 0x00, 0x00, 0x00, 0x00, 0x00, 0x07, 0xFF, 0x80, 0x00, 0x00, 0x00,
  0xFF, 0xFE, 0x00, 0x00, 0x00, 0x00, 0x00, 0x03, 0xFF, 0xFF, 0xE0, 0x01,
  0xE0, 0x00, 0x00, 0x07, 0x00, 0x1F, 0xFC, 0x03, 0x80, 0x00, 0x00, 0x0E,
  0x00, 0x00, 0xFF, 0xC7, 0xC0, 0x00, 0x00, 0x0C, 0x00, 0x00, 0x0F, 0xFB,
  0xC0, 0x00, 0x00, 0x08, 0x00, 0x00, 0x00, 0xFF, 0xC0, 0x00, 0x00, 0x08,
  0x00, 0x00, 0x00, 0x1F, 0xF0, 0x00, 0x02, 0x08, 0x00, 0x00, 0x00, 0x01,
  0xFE, 0x00, 0x01, 0x0C, 0x00, 0x00, 0x00, 0x00, 0x7F, 0xE0, 0x00, 0x8C,
  0x00, 0x00, 0x00, 0x00, 0x7F, 0xFE, 0x00, 0x8E, 0x00, 0x00, 0x00, 0x00,
  0x38, 0x7F, 0xFF, 0x86, 0x00, 0x00, 0x00, 0x00, 0x1C, 0x07, 0xFF, 0x87,
  0x00, 0x00, 0x00, 0x00, 0x1C, 0x00, 0x7F, 0x03, 0x80, 0x00, 0x00, 0x00,
  0x0E, 0x00, 0x00, 0x01, 0x80, 0x00, 0x00, 0x00, 0x07, 0x00, 0x00, 0x01,
  0xC0, 0x00, 0x00, 0x00, 0x07, 0x00, 0x00, 0x00, 0xE0, 0x00, 0x00, 0x00,
  0x03, 0x80, 0x00, 0x00, 0x70, 0x00, 0x00, 0x00, 0x01, 0xC0, 0x00, 0x00,
  0x28, 0x00, 0x00, 0x00, 0x01, 0xC0, 0x00, 0x00, 0x04, 0x00, 0x00, 0x00,
  0x00, 0xE0, 0x00, 0x00, 0x01, 0x00, 0x00, 0x00, 0x00, 0x70, 0x00, 0x00,
  0x00, 0x80, 0x00, 0x00, 0x00, 0x70, 0x00, 0x00, 0x00, 0x00, 0x00, 0x00,
  0x00, 0x38, 0x00, 0x00, 0x00, 0x00, 0x00, 0x07, 0xF0, 0x18, 0x01, 0x80,
  0x00, 0x00, 0x00, 0x0F, 0xFF, 0xFF, 0xFF, 0x80, 0x00, 0x00, 0x00, 0x0F,
  0xFF, 0xFF, 0xFE, 0x00, 0x00, 0x00, 0x00, 0x0C, 0x00, 0x06, 0x00, 0x00,
  0x00, 0x00, 0x00, 0x0E, 0x00, 0x07, 0x00, 0x00, 0x00, 0x00, 0x00, 0x0F,
  0x00, 0x03, 0x80, 0x00, 0x00, 0x00, 0x00, 0x07, 0x80, 0x03, 0x80, 0x00,
  0x00, 0x00, 0x00, 0x01, 0xC0, 0x01, 0xC0, 0x00, 0x00, 0x00, 0x00, 0x00,
  0xE0, 0x01, 0xC0, 0x00, 0x00, 0x00, 0x00, 0x00, 0x60, 0x00, 0xC0, 0x00,
  0x00, 0x00, 0x00, 0x00, 0x20, 0x00, 0xE0, 0x00, 0x00, 0x00, 0x00, 0x00,
  0x20, 0x00, 0x60, 0x00, 0x00, 0x00, 0x00, 0x00, 0x20, 0x00, 0x70, 0x00,
  0x00, 0x00, 0x00, 0x00, 0x00, 0x00, 0x30, 0x00, 0x00, 0x00, 0x00, 0x00,
  0x00, 0x00, 0x30, 0x00, 0x00, 0x00, 0x00, 0x00, 0x00, 0x00, 0x30, 0x00,
  0x00, 0x00, 0x00, 0x01, 0x00, 0x00, 0x30, 0x00, 0x00, 0x00, 0x00, 0x01,
  0x00, 0x00, 0x10, 0x00, 0x00, 0x00, 0x00, 0x00, 0x80, 0x00, 0x10, 0x00,
  0x00, 0x00, 0x00, 0x00, 0x80, 0x00, 0x10, 0x00, 0x00, 0x00, 0x00, 0x00,
  0x60, 0x00, 0x30, 0x00, 0x00, 0x00, 0x00, 0x00, 0x78, 0x00, 0x30, 0x00,
  0x00, 0x00, 0x00, 0x00, 0x1F, 0x80, 0xE0, 0x00, 0x00, 0x00, 0x00, 0x00,
  0x03, 0xFF, 0xC0, 0x00, 0x00, 0x00, 0x00, 0x00, 0x00, 0x7F, 0x00, 0x00,
  0x00, 0x00, 0x00, 0x00, 0x00, 0x00, 0x00, 0x00, 0x7F, 0xF0, 0x00, 0x00,
  0x00, 0x00, 0x01, 0xF0, 0x3F, 0x00, 0x00, 0x0F, 0xFF, 0x07, 0x00, 0x01,
  0xE0, 0x00, 0x3F, 0xFF, 0xFE, 0x00, 0x00, 0x78, 0x00, 0x30, 0x00, 0xFF,
  0xF8, 0x00, 0x1E, 0x00, 0x60, 0x00, 0x1C, 0xFF, 0x80, 0x07, 0x00, 0x60,
  0x00, 0x3C, 0x07, 0xF8, 0x03, 0xC0, 0x60, 0x00, 0x38, 0x00, 0x3F, 0x81,
  0xE0, 0x60, 0x00, 0x38, 0x00, 0x03, 0xF8, 0xF0, 0x20, 0x00, 0x38, 0x00,
  0x00, 0x3F, 0x78, 0x30, 0x00, 0x38, 0x00, 0x00, 0x07, 0xFC, 0x1C, 0x00,
  0x3C, 0x00, 0x00, 0x00, 0xFC, 0x02, 0x00, 0x3C, 0x00, 0x00, 0x00, 0x1E,
  0x00, 0xE0, 0x3C, 0x00, 0x00, 0x00, 0x06, 0x00, 0x00, 0x3C, 0x00, 0x00,
  0x00, 0x03, 0x00, 0x00, 0x1E, 0x00, 0x00, 0x00, 0x00, 0x00, 0x00, 0x1E,
  0x00, 0x00, 0x00, 0x00, 0x00, 0x00, 0x1E, 0x00, 0x00, 0x00, 0x00, 0x00,
  0x00, 0x0F, 0x00, 0x00, 0x00, 0x00, 0x00, 0x00, 0x0F, 0x00, 0x00, 0x00,
  0x00, 0x00, 0x00, 0x07, 0x80, 0x00, 0x00, 0x00, 0x00, 0x00, 0x07, 0x80,
  0x00, 0x00, 0x00, 0x00, 0x04, 0x03, 0xC0, 0x00, 0x00, 0x00, 0x00, 0x04,
  0x01, 0xC0, 0x00, 0x00, 0x00, 0x00, 0x0C, 0x01, 0xE0, 0x00, 0x3F, 0xFF,
  0xFF, 0xF8, 0x00, 0xF0, 0x00, 0x7F, 0xFF, 0xFF, 0xFC, 0x00, 0x78, 0x01,
  0xC0, 0x00, 0x00, 0x3C, 0x00, 0x38, 0x01, 0x00, 0x00, 0x00, 0x1E, 0x00,
  0x1C, 0x01, 0x00, 0x00, 0x00, 0x0E, 0x00, 0x0E, 0x01, 0x80, 0x00, 0x00,
  0x07, 0x00, 0x0F, 0x00, 0x40, 0x00, 0x00, 0x03, 0x80, 0x07, 0x80, 0x00,
  0x00, 0x00, 0x03, 0x80, 0x01, 0xC0, 0x00, 0x00, 0x00, 0x03, 0xC0, 0x00,
  0xE0, 0x00, 0x00, 0x00, 0x03, 0xE0, 0x00, 0x70, 0x00, 0x00, 0x00, 0x03,
  0xF0, 0x00, 0x3C, 0x00, 0x00, 0x00, 0x03, 0xF0, 0x00, 0x1E, 0x00, 0x00,
  0x00, 0x03, 0xB8, 0x00, 0x07, 0x80, 0x00, 0x00, 0x03, 0x9C, 0x00, 0x03,
  0xC0, 0x00, 0x00, 0x03, 0x0E, 0x00, 0x00, 0xF0, 0x00, 0x00, 0x07, 0x0E,
  0x00, 0x00, 0x7C, 0x00, 0x00, 0x0E, 0x07, 0x00, 0x00, 0x0F, 0x80, 0x00,
  0x1C, 0x03, 0x80, 0x00, 0x03, 0xF0, 0x00, 0x70, 0x03, 0xC0, 0x00, 0x00,
  0x7F, 0xFF, 0xE0, 0x01, 0xC0, 0x00, 0x00, 0x07, 0xFF, 0x00, 0x00, 0xE0,
  0x00, 0x00, 0x00, 0x00, 0x00, 0x00, 0xF0, 0x00, 0x00, 0x00, 0x00, 0x00,
  0x00, 0x70, 0x00, 0x00, 0x00, 0x00, 0x00, 0x00, 0x38, 0x00, 0x00, 0x00,
  0x00, 0x00, 0x00, 0x38, 0x00, 0x00, 0x00, 0x00, 0x00, 0x00, 0x1C, 0x00,
  0x00, 0x00, 0x00, 0x00, 0x00, 0x1C, 0x00, 0x00, 0x00, 0x00, 0x00, 0x00,
  0x0E, 0x00, 0x00, 0x00, 0x00, 0x00, 0x00, 0x0E, 0x00, 0x00, 0x00, 0x00,
  0x00, 0x00, 0x07, 0x00, 0x00, 0x00, 0x00, 0x00, 0x40, 0x07, 0x00, 0x00,
  0x00, 0x00, 0x00, 0x40, 0x07, 0x00, 0x00, 0x00, 0x00, 0x00, 0x20, 0x07,
  0x00, 0x00, 0x00, 0x00, 0x00, 0x08, 0x07, 0x00, 0x00, 0x00, 0x00, 0x00,
  0x0E, 0x06, 0x00, 0x00, 0x00, 0x00, 0x00, 0x03, 0xFC, 0x00, 0x00, 0x00,
  0x00, 0x00, 0x00, 0x00, 0x00, 0x00, 0x00, 0x00, 0x0F, 0x80, 0x03, 0xFF,
  0x80, 0x00, 0x70, 0x00, 0x00, 0x1C, 0x00, 0x1F, 0xFF, 0xFE, 0x00, 0x7C,
  0x00, 0x00, 0x38, 0x00, 0x3F, 0x80, 0x1F, 0xE0, 0x3E, 0x00, 0x00, 0x38,
  0x00, 0x3C, 0x00, 0x00, 0x7F, 0x3E, 0x00, 0x00, 0x38, 0x00, 0x38, 0x00,
  0x00, 0x07, 0xFE, 0x00, 0x00, 0x38, 0x00, 0x38, 0x00, 0x00, 0x00, 0x3F,
  0x88, 0x00, 0x18, 0x00, 0x38, 0x00, 0x00, 0x00, 0x0F, 0xF8, 0x00, 0x1C,
  0x00, 0x38, 0x00, 0x00, 0x00, 0x0F, 0x00, 0x00, 0x1C, 0x00, 0x1C, 0x00,
  0x00, 0x00, 0x07, 0x80, 0x00, 0x1C, 0x00, 0x0C, 0x00, 0x00, 0x00, 0x03,
  0x80, 0x00, 0x0E, 0x00, 0x06, 0x00, 0x00, 0x00, 0x03, 0x80, 0x00, 0x0E,
  0x00, 0x03, 0x00, 0x00, 0x00, 0x01, 0xC0, 0x00, 0x07, 0x00, 0x01, 0x80,
  0x00, 0x00, 0x01, 0xC0, 0x00, 0x07, 0x00, 0x00, 0xC0, 0x00, 0x00, 0x00,
  0xE0, 0x00, 0x03, 0x80, 0x00, 0x70, 0x00, 0x00, 0x00, 0xE0, 0x00, 0x03,
  0x80, 0x00, 0x1C, 0x00, 0x00, 0x00, 0x70, 0x00, 0x03, 0xC0, 0x00, 0x07,
  0x00, 0x00, 0x00, 0x30, 0x00, 0x01, 0xC0, 0x00, 0x01, 0xC0, 0x10, 0x00,
  0x38, 0x00, 0x00, 0xE0, 0x00, 0x00, 0x7C, 0x10, 0x00, 0x1C, 0x00, 0x00,
  0xE0, 0x00, 0x00, 0x0F, 0xF0, 0x00, 0x1C, 0x00, 0x00, 0x70, 0x00, 0x00,
  0x00, 0x00, 0x00, 0x0E, 0x00, 0x00, 0x70, 0x00, 0x00, 0x00, 0x00, 0x00,
  0x06, 0x00, 0x00, 0x38, 0x00, 0x00, 0x00, 0x00, 0x00, 0x07, 0x00, 0x00,
  0x38, 0x00, 0x00, 0x00, 0x00, 0x00, 0x03, 0x00, 0x00, 0x1C, 0x00, 0x00,
  0x00, 0x00, 0x00, 0x03, 0x80, 0x00, 0x1E, 0x00, 0x00, 0x00, 0x00, 0x00,
  0x01, 0xC0, 0x00, 0x0E, 0x00, 0x00, 0x00, 0x00, 0x00, 0xFF, 0xFF, 0xFF,
  0xFF, 0x00, 0x00, 0x00, 0x00, 0x00, 0x3F, 0xFF, 0xFF, 0xFF, 0xFF, 0x80,
  0x00, 0x00, 0x00, 0x00, 0xE0, 0x00, 0x03, 0x80, 0x00, 0x00, 0x00, 0x00,
  0x00, 0x70, 0x00, 0x03, 0x80, 0x00, 0x00, 0x00, 0x00, 0x00, 0x70, 0x00,
  0x01, 0xC0, 0x00, 0x00, 0x00, 0x00, 0x00, 0x38, 0x00, 0x00, 0xE0, 0x00,
  0x00, 0x00, 0x00, 0x00, 0x18, 0x00, 0x00, 0xE0, 0x00, 0x00, 0x00, 0x00,
  0x00, 0x1C, 0x00, 0x00, 0x70, 0x00, 0x00, 0x00, 0x00, 0x00, 0x0C, 0x00,
  0x00, 0x30, 0x00, 0x00, 0x00, 0x00, 0x00, 0x0C, 0x00, 0x00, 0x38, 0x04,
  0x00, 0x00, 0x00, 0x00, 0x06, 0x00, 0x00, 0x1C, 0x04, 0x00, 0x00, 0x00,
  0x00, 0x06, 0x00, 0x00, 0x0E, 0x04, 0x00, 0x00, 0x00, 0x00, 0x06, 0x00,
  0x00, 0x0E, 0x02, 0x00, 0x00, 0x00, 0x00, 0x03, 0x00, 0x00, 0x07, 0x02,
  0x00, 0x00, 0x00, 0x00, 0x03, 0x00, 0x00, 0x03, 0x82, 0x00, 0x00, 0x04,
  0x00, 0x03, 0x00, 0x00, 0x01, 0xC3, 0x00, 0x00, 0x04, 0x00, 0x01, 0x00,
  0x00, 0x00, 0xE3, 0x00, 0x00, 0x04, 0x00, 0x01, 0x00, 0x00, 0x00, 0x7E,
  0x00, 0x00, 0x02, 0x00, 0x01, 0x00, 0x00, 0x00, 0x3E, 0x00, 0x00, 0x03,
  0x80, 0x03, 0x00, 0x00, 0x00, 0x0C, 0x00, 0x00, 0x01, 0xE0, 0x03, 0x00,
  0x00, 0x00, 0x00, 0x00, 0x00, 0x00, 0x7C, 0x06, 0x00, 0x00, 0x00, 0x00,
  0x00, 0x00, 0x00, 0x1F, 0xFE, 0x00, 0x00, 0x00, 0x00, 0x00, 0x00, 0x00,
  0x03, 0xF8, 0x00, 0x00, 0x00, 0x00, 0x00, 0x00, 0x00, 0x00, 0x00, 0x00,
  0x00, 0x00, 0x00, 0xE0, 0x00, 0x00, 0x00, 0x00, 0x1F, 0x00, 0x00, 0x00,
  0x00, 0x03, 0xE0, 0x00, 0x00, 0x00, 0x00, 0x3C, 0x00, 0x00, 0x00, 0x00,
  0x0F, 0x80, 0x00, 0x00, 0x00, 0x03, 0xF8, 0x00, 0x00, 0x00, 0x00, 0xC7,
  0x00, 0x00, 0x00, 0x00, 0x30, 0xF0, 0x00, 0x00, 0x00, 0x0C, 0x0F, 0x00,
  0x00, 0x00, 0x03, 0x00, 0xE0, 0x00, 0x00, 0x00, 0xE0, 0x1E, 0x00, 0x00,
  0x00, 0x1C, 0x01, 0xC0, 0x00, 0x00, 0x07, 0x00, 0x1C, 0x00, 0x00, 0x00,
  0xE0, 0x03, 0xC0, 0x00, 0x00, 0x1C, 0x00, 0x38, 0x00, 0x00, 0x03, 0x80,
  0x03, 0x80, 0x00, 0x00, 0x78, 0x00, 0x70, 0x00, 0x00, 0x07, 0x00, 0x07,
  0x00, 0x00, 0x00, 0x70, 0x00, 0x70, 0x00, 0x00, 0x0E, 0x00, 0x0E, 0x00,
  0x00, 0x00, 0xE0, 0x00, 0xE0, 0x00, 0x00, 0x0F, 0x00, 0x0E, 0x00, 0x00,
  0x00, 0x71, 0x81, 0xC0, 0x00, 0x00, 0x03, 0xE0, 0x1C, 0x00, 0x00, 0x00,
  0x00, 0x03, 0x80, 0x00, 0x00, 0x00, 0x00, 0x38, 0x00, 0x00, 0x00, 0x00,
  0x03, 0x00, 0x00, 0x00, 0x00, 0x00, 0x70, 0x00, 0x00, 0x00, 0x00, 0x07,
  0x00, 0x00, 0x00, 0x00, 0x00, 0xE0, 0x00, 0x00, 0x00, 0x00, 0x0E, 0x00,
  0x00, 0x00, 0x00, 0x01, 0xC0, 0x00, 0x00, 0x00, 0x00, 0x1C, 0x00, 0x00,
  0x00, 0x00, 0x03, 0x80, 0x00, 0x00, 0x00, 0x00, 0x38, 0x00, 0x00, 0x00,
  0x00, 0x07, 0x00, 0x00, 0x00, 0x00, 0x00, 0x60, 0x00, 0x00, 0x00, 0x00,
  0x0E, 0x00, 0x00, 0x00, 0x00, 0x01, 0xC0, 0x00, 0x00, 0x00, 0x00, 0x18,
  0x00, 0x00, 0x00, 0x00, 0x03, 0x80, 0x00, 0x01, 0x00, 0x00, 0x70, 0x00,
  0x00, 0x20, 0x00, 0x0E, 0x00, 0x00, 0x02, 0x00, 0x00, 0xC0, 0x00, 0x00,
  0x20, 0x00, 0x18, 0x00, 0x00, 0x0E, 0x00, 0x07, 0x00, 0x00, 0x00, 0x78,
  0x00, 0xE0, 0x00, 0x00, 0x03, 0xE0, 0x38, 0x00, 0x00, 0x00, 0x1F, 0xFE,
  0x00, 0x00, 0x00, 0x00, 0x7F, 0x00, 0x00, 0x00, 0x00, 0x00, 0x00, 0x00,
  0x00, 0x00, 0x00, 0x10, 0x00, 0x00, 0x00, 0x0F, 0xFE, 0x01, 0x00, 0x00,
  0x00, 0x0F, 0xFF, 0xFF, 0xE0, 0x00, 0x00, 0x07, 0xFC, 0x01, 0xF8, 0x00,
  0x00, 0x01, 0xF0, 0x00, 0x78, 0x00, 0x00, 0x00, 0x3C, 0x00, 0x0F, 0x00,
  0x00, 0x00, 0x07, 0x00, 0x00, 0xF0, 0x00, 0x00, 0x00, 0xC0, 0x00, 0x0E,
  0x00, 0x00, 0x00, 0x18, 0x00, 0x01, 0xE0, 0x00, 0x00, 0x03, 0x00, 0x00,
  0x1C, 0x00, 0x00, 0x00, 0x30, 0x00, 0x01, 0xC0, 0x00, 0x00, 0x03, 0x00,
  0x00, 0x3C, 0x00, 0x00, 0x00, 0x20, 0x00, 0x03, 0x80, 0x00, 0x00, 0x06,
  0x00, 0x00, 0x38, 0x00, 0x00, 0x00, 0x60, 0x00, 0x03, 0x80, 0x00, 0x00,
  0x03, 0x00, 0x00, 0x70, 0x00, 0x00, 0x00, 0x30, 0x00, 0x07, 0x00, 0x00,
  0x00, 0x03, 0x80, 0x00, 0x70, 0x00, 0x00, 0x00, 0x1C, 0x00, 0x0E, 0x00,
  0x00, 0x00, 0x00, 0xE0, 0x04, 0xE0, 0x00, 0x00, 0x00, 0x07, 0xC0, 0xCE,
  0x00, 0x00, 0x00, 0x00, 0x1F, 0xF0, 0xC0, 0x00, 0x00, 0x00, 0x00, 0x00,
  0x1C, 0x00, 0x00, 0x00, 0x00, 0x00, 0x01, 0xC0, 0x00, 0x00, 0x00, 0x00,
  0x00, 0x18, 0x00, 0x00, 0x00, 0x00, 0x00, 0x03, 0x80, 0x00, 0x00, 0x00,
  0x00, 0x00, 0x38, 0x00, 0x00, 0x00, 0x00, 0x00, 0x07, 0x00, 0x00, 0x00,
  0x00, 0x00, 0x00, 0x70, 0x00, 0x01, 0x00, 0x00, 0x00, 0x07, 0x00, 0x00,
  0x3E, 0x00, 0x00, 0x00, 0xE0, 0x00, 0x06, 0x10, 0x00, 0x00, 0x0E, 0x00,
  0x00, 0x40, 0x80, 0x00, 0x01, 0xC0, 0x00, 0x04, 0x00, 0x00, 0x00, 0x1C,
  0x00, 0x00, 0x80, 0x00, 0x00, 0x03, 0x80, 0x00, 0x08, 0x00, 0x00, 0x00,
  0x78, 0x00, 0x00, 0x80, 0x00, 0x00, 0x07, 0x00, 0x00, 0x0C, 0x00, 0x00,
  0x00, 0xE0, 0x00, 0x00, 0x40, 0x00, 0x00, 0x1C, 0x00, 0x00, 0x06, 0x00,
  0x00, 0x03, 0x80, 0x00, 0x00, 0x60, 0x00, 0x00, 0x70, 0x00, 0x00, 0x03,
  0x00, 0x00, 0x0E, 0x00, 0x00, 0x00, 0x1C, 0x00, 0x01, 0x80, 0x00, 0x00,
  0x00, 0xE0, 0x00, 0x70, 0x00, 0x00, 0x00, 0x07, 0xC0, 0x3C, 0x00, 0x00,
  0x00, 0x00, 0x3F, 0xFF, 0x00, 0x00, 0x00, 0x00, 0x00, 0x7F, 0x80, 0x00,
  0x00, 0x00, 0x00, 0x00, 0x07, 0xFF, 0x80, 0x00, 0xE0, 0x00, 0x03, 0xF8,
  0x00, 0x7F, 0xFF, 0xFC, 0x01, 0xF0, 0x00, 0x0F, 0xFE, 0x01, 0xFC, 0x00,
  0xFF, 0xC3, 0xE0, 0x00, 0x3F, 0x83, 0x07, 0xC0, 0x00, 0x03, 0xFF, 0xC0,
  0x00, 0xFE, 0x01, 0x0F, 0x00, 0x00, 0x00, 0x1F, 0xE2, 0x03, 0xF8, 0x00,
  0x1C, 0x00, 0x00, 0x00, 0x07, 0xFC, 0x07, 0xE0, 0x00, 0x1C, 0x00, 0x00,
  0x00, 0x0F, 0x00, 0x1F, 0x80, 0x00, 0x38, 0x00, 0x00, 0x00, 0x0F, 0x00,
  0x3E, 0x00, 0x00, 0x30, 0x00, 0x00, 0x00, 0x0E, 0x00, 0xF8, 0x00, 0x00,
  0x30, 0x00, 0x00, 0x00, 0x1E, 0x01, 0xF0, 0x00, 0x00, 0x30, 0x00, 0x00,
  0x00, 0x1C, 0x03, 0xC0, 0x00, 0x00, 0x30, 0x00, 0x00, 0x00, 0x1C, 0x0F,
  0x80, 0x00, 0x00, 0x30, 0x00, 0x00, 0x00, 0x38, 0x1E, 0x00, 0x00, 0x00,
  0x38, 0x00, 0x00, 0x00, 0x38, 0x3C, 0x00, 0x00, 0x00, 0x1C, 0x00, 0x00,
  0x00, 0x30, 0x70, 0x00, 0x00, 0x00, 0x1E, 0x00, 0x00, 0x00, 0x70, 0xE0,
  0x00, 0x00, 0x00, 0x0F, 0x00, 0x40, 0x00, 0x71, 0xC0, 0x00, 0x00, 0x00,
  0x03, 0xE0, 0x80, 0x00, 0xE3, 0x80, 0x00, 0x00, 0x00, 0x00, 0xFF, 0x00,
  0x00, 0xE6, 0x00, 0x00, 0x00, 0x00, 0x00, 0x00, 0x00, 0x00, 0xCC, 0x00,
  0x00, 0x00, 0x00, 0x00, 0x00, 0x00, 0x07, 0xD8, 0x00, 0x00, 0x00, 0x00,
  0x00, 0x00, 0x00, 0x07, 0xB0, 0x00, 0x00, 0x00, 0x00, 0x00, 0x00, 0x00,
  0x07, 0xE0, 0x00, 0x00, 0x00, 0x00, 0x00, 0x00, 0x00, 0x03, 0xC0, 0x00,
  0x00, 0x00, 0x00, 0x00, 0x00, 0x00, 0x03, 0xC0, 0x00, 0x00, 0x00, 0x00,
  0x00, 0x00, 0x00, 0x07, 0xE0, 0x00, 0x00, 0x00, 0x00, 0x00, 0x00, 0x00,
  0x07, 0xE0, 0x00, 0x00, 0x00, 0x00, 0x00, 0x00, 0x00, 0x0E, 0xF0, 0x00,
  0x00, 0x00, 0x00, 0x00, 0x00, 0x00, 0x0E, 0xF0, 0x00, 0x00, 0x00, 0x00,
  0x00, 0x00, 0x00, 0x1C, 0x78, 0x00, 0x00, 0x00, 0x00, 0x00, 0x00, 0x00,
  0x18, 0x7C, 0x00, 0x00, 0x00, 0x00, 0x00, 0x00, 0x00, 0x38, 0x3C, 0x00,
  0x00, 0x00, 0x00, 0x00, 0x00, 0x00, 0x30, 0x3E, 0x00, 0x00, 0x00, 0x00,
  0x00, 0x00, 0x00, 0x70, 0x1E, 0x00, 0x00, 0x00, 0x00, 0x00, 0x00, 0x00,
  0x60, 0x0F, 0x00, 0x00, 0x00, 0x00, 0x00, 0x00, 0x00, 0xC0, 0x0F, 0x80,
  0x00, 0x00, 0x00, 0x00, 0x00, 0x01, 0xC0, 0x07, 0xC0, 0x00, 0x80, 0x00,
  0x00, 0x00, 0x01, 0x80, 0x03, 0xC0, 0x00, 0x80, 0x00, 0x00, 0x00, 0x03,
  0x00, 0x03, 0xE0, 0x00, 0x80, 0x00, 0x00, 0x00, 0x07, 0x00, 0x01, 0xF0,
  0x01, 0x00, 0x00, 0x00, 0x00, 0x06, 0x00, 0x00, 0xF8, 0x01, 0x00, 0x00,
  0x10, 0x00, 0x0C, 0x00, 0x00, 0x7C, 0x03, 0x00, 0x00, 0x20, 0x00, 0x18,
  0x00, 0x00, 0x3F, 0x02, 0x00, 0x00, 0x40, 0x00, 0x30, 0x00, 0x00, 0x1F,
  0xFE, 0x00, 0x00, 0x40, 0x00, 0x60, 0x00, 0x00, 0x07, 0xFC, 0x00, 0x00,
  0xE0, 0x00, 0xC0, 0x00, 0x00, 0x01, 0xF8, 0x00, 0x00, 0xF0, 0x03, 0x80,
  0x00, 0x00, 0x00, 0x00, 0x00, 0x00, 0x7C, 0x0F, 0x00, 0x00, 0x00, 0x00,
  0x00, 0x00, 0x00, 0x3F, 0xFC, 0x00, 0x00, 0x00, 0x00, 0x00, 0x00, 0x00,
  0x0F, 0xE0, 0x00, 0x00, 0x00, 0x00, 0x00, 0x00, 0x00, 0x00, 0x00, 0x00,
  0x00, 0x00, 0x07, 0xF0, 0x00, 0x00, 0x00, 0x00, 0x00, 0x1E, 0x3C, 0x00,
  0x00, 0x00, 0x00, 0x00, 0x38, 0x04, 0x00, 0x00, 0x00, 0x00, 0x00, 0x38,
  0x01, 0x00, 0x00, 0x00, 0x00, 0x00, 0x38, 0x00, 0x80, 0x00, 0x00, 0x00,
  0x00, 0x38, 0x00, 0x40, 0x00, 0x00, 0x00, 0x00, 0x38, 0x07, 0x20, 0x00,
  0x00, 0x00, 0x00, 0x3C, 0x03, 0x80, 0x00, 0x00, 0x00, 0x00, 0x1C, 0x01,
  0xC0, 0x00, 0x00, 0x00, 0x00, 0x1C, 0x00, 0xE0, 0x00, 0x00, 0x00, 0x00,
  0x1E, 0x00, 0xE0, 0x00, 0x00, 0x00, 0x00, 0x0E, 0x00, 0x70, 0x00, 0x00,
  0x00, 0x00, 0x0F, 0x00, 0x38, 0x00, 0x00, 0x00, 0x00, 0x07, 0x00, 0x38,
  0x00, 0x00, 0x00, 0x00, 0x07, 0x80, 0x1C, 0x00, 0x00, 0x00, 0x00, 0x03,
  0xC0, 0x0C, 0x00, 0x00, 0x00, 0x00, 0x01, 0xC0, 0x0E, 0x00, 0x00, 0x00,
  0x00, 0x01, 0xE0, 0x06, 0x00, 0x00, 0x00, 0x00, 0x00, 0xE0, 0x06, 0x00,
  0x00, 0x00, 0x00, 0x00, 0xF0, 0x03, 0x00, 0x00, 0x00, 0x00, 0x00, 0x78,
  0x03, 0x00, 0x00, 0x00, 0x00, 0x00, 0x38, 0x03, 0x00, 0x00, 0x00, 0x00,
  0x00, 0x1C, 0x01, 0x80, 0x00, 0x00, 0x00, 0x60, 0x1E, 0x01, 0x80, 0x00,
  0x00, 0x00, 0x20, 0x0E, 0x01, 0x80, 0x00, 0x00, 0x00, 0x20, 0x07, 0x01,
  0x80, 0x00, 0x00, 0x00, 0x10, 0x07, 0x81, 0x80, 0x00, 0x00, 0x00, 0x0C,
  0x03, 0x83, 0x00, 0x00, 0x00, 0x00, 0x0F, 0x01, 0xC7, 0x00, 0x00, 0x00,
  0x00, 0x03, 0xE1, 0xEE, 0x00, 0x00, 0x00, 0x00, 0x00, 0xFF, 0xFC, 0x00,
  0x00, 0x00, 0x00, 0x00, 0x0F, 0xF0, 0x00, 0x00, 0x00, 0x00, 0x00, 0x00,
  0x70, 0x00, 0x00, 0x00, 0x00, 0x00, 0x00, 0x38, 0x00, 0x00, 0x00, 0x1F,
  0x80, 0x00, 0x38, 0x00, 0x00, 0x00, 0x1F, 0xF8, 0x00, 0x1C, 0x00, 0x00,
  0x00, 0x0E, 0x1F, 0x80, 0x1C, 0x00, 0x00, 0x00, 0x07, 0x00, 0xF8, 0x0E,
  0x00, 0x00, 0x00, 0x03, 0x80, 0x0F, 0x0E, 0x00, 0x00, 0x00, 0x05, 0xC0,
  0x01, 0xEE, 0x00, 0x00, 0x00, 0x02, 0x70, 0x00, 0x1F, 0x00, 0x00, 0x00,
  0x01, 0xBC, 0x00, 0x07, 0xC0, 0x00, 0x00, 0x00, 0x8F, 0x00, 0x07, 0x7C,
  0x00, 0x00, 0x00, 0xC3, 0xC0, 0x07, 0x07, 0xC0, 0x00, 0x00, 0xE0, 0xF8,
  0x06, 0x00, 0x7C, 0x00, 0x00, 0xE0, 0x3F, 0x0E, 0x00, 0x07, 0xF0, 0x07,
  0xE0, 0x07, 0xFC, 0x00, 0x00, 0x3F, 0xFF, 0xE0, 0x00, 0x00, 0x00, 0x00,
  0x01, 0xFF, 0x80, 0x00, 0x00, 0xFF, 0x00, 0x00, 0x00, 0x00, 0x00, 0x00,
  0x00, 0x00, 0x00, 0x01, 0xFF, 0xF8, 0x00, 0x00, 0x00, 0x00, 0x00, 0x00,
  0x00, 0x00, 0x00, 0xFF, 0xFF, 0xC0, 0x00, 0x00, 0x00, 0x00, 0x00, 0x00,
  0x00, 0x00, 0x70, 0x01, 0xFC, 0x00, 0x00, 0x00, 0x00, 0x00, 0x00, 0x00,
  0x00, 0x30, 0x00, 0x0F, 0xC0, 0x00, 0x00, 0x00, 0x00, 0x00, 0x00, 0x00,
  0x08, 0x00, 0x00, 0xF8, 0x00, 0x00, 0x00, 0x00, 0x00, 0x00, 0x00, 0x02,
  0x00, 0x00, 0x0F, 0x80, 0x00, 0x00, 0x00, 0x00, 0x00, 0xE0, 0x01, 0x80,
  0x00, 0x00, 0xF0, 0x00, 0x00, 0x00, 0x00, 0x03, 0xFF, 0x00, 0x60, 0x00,
  0x00, 0x1E, 0x60, 0x00, 0x00, 0x00, 0x1F, 0x83, 0xC0, 0x18, 0x00, 0x00,
  0x01, 0xF0, 0x00, 0x00, 0x00, 0x07, 0x00, 0x70, 0x06, 0x00, 0x00, 0x00,
  0x3C, 0x00, 0x00, 0x00, 0x03, 0x80, 0x18, 0x01, 0x80, 0x00, 0x00, 0x0F,
  0x00, 0x00, 0x00, 0x03, 0xC0, 0x06, 0x00, 0x00, 0x00, 0x00, 0x01, 0xC0,
  0x00, 0x00, 0x01, 0xF0, 0x01, 0x80, 0x00, 0x00, 0x00, 0x00, 0xF8, 0x00,
  0x00, 0x00, 0xF8, 0x00, 0x40, 0x00, 0x00, 0x00, 0x00, 0x3F, 0x00, 0x00,
  0x00, 0xEE, 0x00, 0x00, 0x00, 0x00, 0x00, 0x00, 0x0F, 0xC0, 0x00, 0x00,
  0x73, 0x00, 0x00, 0x00, 0x00, 0x00, 0x00, 0x03, 0xF8, 0x00, 0x00, 0x39,
  0xC0, 0x00, 0x00, 0x00, 0x00, 0x00, 0x01, 0xCE, 0x00, 0x00, 0x1C, 0x70,
  0x00, 0x00, 0x00, 0x00, 0x00, 0x00, 0x73, 0x80, 0x00, 0x0E, 0x18, 0x00,
  0x00, 0x00, 0x00, 0x00, 0x00, 0x3C, 0xF0, 0x00, 0x07, 0x0E, 0x00, 0x00,
  0x00, 0x00, 0x00, 0x00, 0x0E, 0x1C, 0x00, 0x03, 0x83, 0x00, 0x00, 0x00,
  0x00, 0x00, 0x00, 0x03, 0x87, 0x00, 0x01, 0xC1, 0xC0, 0x00, 0x00, 0x00,
  0x00, 0x00, 0x01, 0xE1, 0xE0, 0x00, 0xE0, 0x70, 0x00, 0x00, 0x00, 0x00,
  0x00, 0x00, 0x70, 0x38, 0x00, 0x30, 0x18, 0x00, 0x00, 0x00, 0x00, 0x00,
  0x00, 0x1C, 0x0E, 0x00, 0x18, 0x0E, 0x00, 0x00, 0x00, 0x00, 0x00, 0x00,
  0x0E, 0x03, 0x80, 0x0C, 0x03, 0x80, 0x00, 0x00, 0x00, 0x00, 0x00, 0x03,
  0x80, 0xF0, 0x06, 0x01, 0xC0, 0x00, 0x00, 0x00, 0x00, 0x00, 0x01, 0xE0,
  0x3C, 0x03, 0x80, 0x70, 0x00, 0x00, 0x00, 0x00, 0x00, 0x00, 0x70, 0x07,
  0x00, 0xC0, 0x1C, 0x00, 0x00, 0x00, 0x00, 0x00, 0x00, 0x3C, 0x01, 0xC0,
  0x60, 0x0E, 0x00, 0x00, 0x00, 0x00, 0x00, 0x00, 0x0E, 0x00, 0x70, 0x38,
  0x03, 0x80, 0x00, 0x00, 0x00, 0x00, 0x00, 0x03, 0x80, 0x1C, 0x0C, 0x00,
  0xE0, 0x00, 0x00, 0x00, 0x00, 0x00, 0x01, 0xE0, 0x07, 0x86, 0x00, 0x70,
  0x00, 0x00, 0x00, 0x00, 0x00, 0x00, 0x70, 0x01, 0xE3, 0x80, 0x1C, 0x00,
  0x00, 0x04, 0x00, 0x00, 0x00, 0x3C, 0x00, 0x78, 0xC0, 0x07, 0x00, 0x00,
  0x02, 0x00, 0x00, 0x00, 0x0E, 0x00, 0x1E, 0x60, 0x01, 0xC0, 0x00, 0x00,
  0xC0, 0x00, 0x00, 0x07, 0x80, 0x07, 0x98, 0x00, 0xE0, 0x00, 0x00, 0x30,
  0x00, 0x00, 0x01, 0xC0, 0x00, 0xEC, 0x00, 0x38, 0x00, 0x00, 0x0C, 0x00,
  0x00, 0x00, 0xF0, 0x00, 0x3F, 0x00, 0x0E, 0x00, 0x00, 0x03, 0x00, 0x00,
  0x00, 0x38, 0x00, 0x0F, 0xC0, 0x03, 0x80, 0x00, 0x00, 0xC0, 0x00, 0x00,
  0x1C, 0x00, 0x03, 0xE0, 0x01, 0xE0, 0x00, 0x00, 0x30, 0x00, 0x00, 0x0F,
  0x00, 0x00, 0xF8, 0x00, 0x70, 0x00, 0x00, 0x0C, 0x00, 0x00, 0x03, 0x80,
  0x00, 0x3E, 0x00, 0x1C, 0x00, 0x00, 0x03, 0x80, 0x00, 0x01, 0xC0, 0x00,
  0x0F, 0x00, 0x07, 0x00, 0x00, 0x00, 0xE0, 0x00, 0x00, 0xF0, 0x00, 0x03,
  0x80, 0x01, 0xC0, 0x00, 0x00, 0x18, 0x00, 0x00, 0x38, 0x00, 0x00, 0xC0,
  0x00, 0x70, 0x00, 0x00, 0x07, 0x00, 0x00, 0x1C, 0x00, 0x00, 0x20, 0x00,
  0x1C, 0x00, 0x00, 0x01, 0xC0, 0x00, 0x0E, 0x00, 0x00, 0x00, 0x00, 0x07,
  0x88, 0x00, 0x00, 0x38, 0x00, 0x07, 0x00, 0x00, 0x00, 0x00, 0x01, 0xFE,
  0x00, 0x00, 0x0F, 0x00, 0x03, 0x80, 0x00, 0x00, 0x00, 0x00, 0x3E, 0x00,
  0x00, 0x01, 0xC0, 0x01, 0xC0, 0x00, 0x00, 0x00, 0x00, 0x00, 0x00, 0x00,
  0x00, 0x3C, 0x01, 0xC0, 0x00, 0x00, 0x00, 0x00, 0x00, 0x00, 0x00, 0x00,
  0x03, 0x81, 0xC0, 0x00, 0x00, 0x00, 0x00, 0x00, 0x00, 0x00, 0x00, 0x00,
  0x3F, 0xC0, 0x00, 0x00, 0x00, 0x00, 0x00, 0x00, 0x00, 0x00, 0x00, 0x00,
  0x00, 0x00, 0x3F, 0x80, 0x00, 0x00, 0x00, 0x00, 0x00, 0x00, 0x00, 0x00,
  0x1F, 0xFC, 0x00, 0x00, 0x00, 0x00, 0x01, 0xF8, 0x00, 0x00, 0x0E, 0x03,
  0xE0, 0x00, 0x00, 0x00, 0x00, 0x70, 0x80, 0x00, 0x03, 0x00, 0x1E, 0x00,
  0x00, 0x00, 0x00, 0x3C, 0x00, 0x00, 0x00, 0xC0, 0x01, 0xE0, 0x00, 0x00,
  0x00, 0x0E, 0x00, 0x00, 0x00, 0x20, 0x00, 0x0E, 0x00, 0x00, 0x00, 0x01,
  0x80, 0x00, 0x00, 0x0C, 0x00, 0x00, 0xE0, 0x00, 0x00, 0x00, 0x70, 0x00,
  0x00, 0x01, 0x00, 0x00, 0x1E, 0x00, 0x00, 0x00, 0x1C, 0x00, 0x00, 0x00,
  0x40, 0x00, 0x01, 0xC0, 0x00, 0x00, 0x07, 0x00, 0x00, 0x00, 0x08, 0x00,
  0x00, 0x1C, 0x00, 0x00, 0x00, 0xE0, 0x00, 0x00, 0x03, 0x00, 0x00, 0x03,
  0xD0, 0x00, 0x00, 0x38, 0x00, 0x00, 0x00, 0x40, 0x00, 0x00, 0x3E, 0x00,
  0x00, 0x07, 0x00, 0x00, 0x00, 0x08, 0x00, 0x00, 0x03, 0xC0, 0x00, 0x01,
  0xC0, 0x00, 0x00, 0x01, 0x00, 0x00, 0x00, 0x78, 0x00, 0x00, 0x38, 0x00,
  0x00, 0x00, 0x00, 0x00, 0x00, 0x0F, 0x00, 0x00, 0x0E, 0x00, 0x00, 0x00,
  0x00, 0x00, 0x00, 0x01, 0xE0, 0x00, 0x01, 0xC0, 0x00, 0x00, 0x00, 0x00,
  0x00, 0x00, 0x3C, 0x00, 0x00, 0x38, 0x00, 0x00, 0x00, 0x00, 0x00, 0x00,
  0x0F, 0xC0, 0x00, 0x0E, 0x00, 0x00, 0x00, 0x00, 0x00, 0x00, 0x01, 0xF8,
  0x00, 0x01, 0xC0, 0x00, 0x00, 0x00, 0x00, 0x00, 0x00, 0x3B, 0x80, 0x00,
  0x70, 0x00, 0x00, 0x00, 0x00, 0x00, 0x00, 0x0E, 0x70, 0x00, 0x0E, 0x00,
  0x00, 0x00, 0x00, 0x00, 0x00, 0x01, 0xCF, 0x00, 0x01, 0xC0, 0x00, 0x00,
  0x00, 0x00, 0x00, 0x00, 0x78, 0xE0, 0x00, 0x70, 0x00, 0x00, 0x00, 0x00,
  0x00, 0x00, 0x0E, 0x1C, 0x00, 0x0E, 0x00, 0x00, 0x00, 0x00, 0x00, 0x00,
  0x01, 0xC1, 0xC0, 0x01, 0xC0, 0x00, 0x00, 0x00, 0x00, 0x00, 0x00, 0x70,
  0x38, 0x00, 0x70, 0x00, 0x00, 0x00, 0x00, 0x00, 0x00, 0x0E, 0x07, 0x80,
  0x0E, 0x00, 0x00, 0x00, 0x00, 0x00, 0x00, 0x03, 0x80, 0x70, 0x01, 0xC0,
  0x00, 0x00, 0x00, 0x00, 0x00, 0x00, 0x70, 0x0E, 0x00, 0x70, 0x00, 0x00,
  0x00, 0x00, 0x00, 0x00, 0x1E, 0x00, 0xE0, 0x0E, 0x00, 0x00, 0x00, 0x00,
  0x00, 0x00, 0x03, 0x80, 0x1C, 0x01, 0xC0, 0x00, 0x00, 0x00, 0x00, 0x00,
  0x00, 0xF0, 0x03, 0xC0, 0x70, 0x00, 0x00, 0x00, 0x00, 0x00, 0x00, 0x1C,
  0x00, 0x38, 0x0E, 0x00, 0x00, 0x00, 0x00, 0x00, 0x00, 0x07, 0x80, 0x07,
  0x01, 0xC0, 0x00, 0x00, 0x00, 0x00, 0x00, 0x00, 0xE0, 0x00, 0xF0, 0x78,
  0x00, 0x00, 0x40, 0x00, 0x00, 0x00, 0x3C, 0x00, 0x0E, 0x0E, 0x00, 0x00,
  0x08, 0x00, 0x00, 0x00, 0x07, 0x00, 0x01, 0xE1, 0xC0, 0x00, 0x01, 0x00,
  0x00, 0x00, 0x01, 0xE0, 0x00, 0x1C, 0x38, 0x00, 0x00, 0x20, 0x00, 0x00,
  0x00, 0x38, 0x00, 0x03, 0xCF, 0x00, 0x00, 0x04, 0x00, 0x00, 0x00, 0x0E,
  0x00, 0x00, 0x39, 0xC0, 0x00, 0x00, 0xC0, 0x00, 0x00, 0x03, 0xC0, 0x00,
  0x07, 0xB8, 0x00, 0x00, 0x18, 0x00, 0x00, 0x00, 0x70, 0x00, 0x00, 0xF7,
  0x00, 0x00, 0x03, 0x00, 0x00, 0x00, 0x1C, 0x00, 0x00, 0x0F, 0xE0, 0x00,
  0x00, 0x60, 0x00, 0x00, 0x07, 0x80, 0x00, 0x01, 0xFC, 0x00, 0x00, 0x0E,
  0x00, 0x00, 0x00, 0xE0, 0x00, 0x00, 0x1F, 0x80, 0x00, 0x01, 0xC0, 0x00,
  0x00, 0x38, 0x00, 0x00, 0x03, 0xE0, 0x00, 0x00, 0x38, 0x00, 0x00, 0x0E,
  0x00, 0x00, 0x00, 0x3E, 0x00, 0x00, 0x03, 0x80, 0x00, 0x03, 0x80, 0x00,
  0x00, 0x03, 0xC0, 0x60, 0x00, 0x70, 0x00, 0x00, 0xE0, 0x00, 0x00, 0x00,
  0x3C, 0x0C, 0x00, 0x07, 0x00, 0x00, 0x38, 0x00, 0x00, 0x00, 0x03, 0xC7,
  0x80, 0x00, 0xF0, 0x00, 0x0E, 0x00, 0x00, 0x00, 0x00, 0x3F, 0xC0, 0x00,
  0x0F, 0x00, 0x03, 0x80, 0x00, 0x00, 0x00, 0x00, 0x00, 0x00, 0x00, 0x70,
  0x01, 0xC0, 0x00, 0x00, 0x00, 0x00, 0x00, 0x00, 0x00, 0x07, 0x80, 0xE0,
  0x00, 0x00, 0x00, 0x00, 0x00, 0x00, 0x00, 0x00, 0x1F, 0xF0, 0x00, 0x00,
  0x00, 0x00, 0x00, 0x00, 0x00, 0x00, 0x00, 0x00, 0x07, 0xFF, 0xF0, 0x00,
  0x00, 0x00, 0x00, 0x0F, 0xC0, 0x3F, 0xF0, 0x00, 0x00, 0x00, 0x0E, 0x00,
  0x00, 0x1F, 0xC0, 0x00, 0x00, 0x0E, 0x00, 0x00, 0x00, 0x3F, 0x00, 0x00,
  0x07, 0x00, 0x00, 0x00, 0x00, 0xF8, 0x00, 0x01, 0xC0, 0x00, 0x00, 0x00,
  0x07, 0x80, 0x00, 0xE0, 0x00, 0x00, 0x00, 0x00, 0x3C, 0x00, 0x38, 0x00,
  0x00, 0x00, 0x00, 0x03, 0xC0, 0x0E, 0x00, 0x00, 0x00, 0x00, 0x00, 0x3C,
  0x03, 0x80, 0x00, 0x00, 0x00, 0xFF, 0xE3, 0xC0, 0x70, 0x00, 0x00, 0x01,
  0xC0, 0x1F, 0x3C, 0x1C, 0x00, 0x00, 0x00, 0xC0, 0x00, 0x03, 0x87, 0x00,
  0x00, 0x00, 0x60, 0x00, 0x00, 0x78, 0xE0, 0x00, 0x00, 0x30, 0x00, 0x00,
  0x07, 0xBC, 0x00, 0x00, 0x1C, 0x00, 0x00, 0x00, 0xF7, 0x00, 0x00, 0x07,
  0x00, 0x00, 0x00, 0x0E, 0xE0, 0x00, 0x01, 0xC0, 0x00, 0x00, 0x01, 0xFC,
  0x00, 0x00, 0xE0, 0x00, 0x00, 0x00, 0x3F, 0x80, 0x00, 0x3C, 0x00, 0x00,
  0x00, 0x07, 0xF0, 0x00, 0x0F, 0x00, 0x00, 0x00, 0x00, 0xFE, 0x00, 0x03,
  0xC0, 0x00, 0x00, 0x00, 0x1F, 0xC0, 0x00, 0x70, 0x00, 0x00, 0x00, 0x01,
  0xF8, 0x00, 0x1C, 0x00, 0x00, 0x00, 0x00, 0x3B, 0x80, 0x07, 0x80, 0x00,
  0x00, 0x00, 0x0F, 0x70, 0x01, 0xE0, 0x00, 0x00, 0x00, 0x01, 0xE7, 0x00,
  0x38, 0x00, 0x00, 0x00, 0x00, 0x3C, 0x70, 0x0F, 0x00, 0x00, 0x00, 0x00,
  0x07, 0x87, 0x01, 0xC0, 0x00, 0x00, 0x00, 0x00, 0xF0, 0x7E, 0x78, 0x00,
  0x00, 0x00, 0x00, 0x1E, 0x00, 0x0E, 0x00, 0x00, 0x00, 0x00, 0x07, 0x80,
  0x03, 0xC0, 0x00, 0x00, 0x00, 0x00, 0xF0, 0x00, 0x70, 0x00, 0x00, 0x00,
  0x00, 0x3C, 0x00, 0x0E, 0x00, 0x00, 0x00, 0x00, 0x07, 0x80, 0x01, 0xC0,
  0x00, 0x00, 0x00, 0x01, 0xE0, 0x00, 0x78, 0x00, 0x00, 0x00, 0x00, 0x3C,
  0x00, 0x0E, 0x00, 0x00, 0x00, 0x00, 0x0F, 0x00, 0x01, 0xC0, 0x00, 0x00,
  0x00, 0x03, 0xC0, 0x00, 0x38, 0x00, 0x00, 0x00, 0x00, 0xF8, 0x00, 0x07,
  0x00, 0x00, 0x00, 0x00, 0x3E, 0x00, 0x00, 0xE0, 0x00, 0x00, 0x00, 0x0F,
  0x80, 0x00, 0x1E, 0x00, 0x00, 0x00, 0x03, 0xE0, 0x00, 0x03, 0xC0, 0x00,
  0x00, 0x00, 0xF0, 0x00, 0x00, 0x38, 0x00, 0x00, 0x00, 0x3C, 0x00, 0x00,
  0x07, 0x80, 0x00, 0x00, 0x1F, 0x00, 0x00, 0x00, 0xF0, 0x00, 0x00, 0x07,
  0x80, 0x00, 0x00, 0x0F, 0x00, 0x00, 0x03, 0xC0, 0x00, 0x00, 0x00, 0xF0,
  0x00, 0x01, 0xE0, 0x00, 0x00, 0x00, 0x0F, 0x00, 0x00, 0xF0, 0x00, 0x00,
  0x00, 0x00, 0xF0, 0x00, 0xF8, 0x00, 0x00, 0x00, 0x00, 0x07, 0xFF, 0xF8,
  0x00, 0x00, 0x00, 0x00, 0x00, 0x3F, 0xF0, 0x00, 0x00, 0x00, 0x00, 0x00,
  0x00, 0x00, 0x1F, 0xFC, 0x00, 0x00, 0x00, 0x00, 0x00, 0x7F, 0xFF, 0xFE,
  0x00, 0x00, 0x00, 0x00, 0xFF, 0xFF, 0xFF, 0xF8, 0x00, 0x00, 0x00, 0x7F,
  0x80, 0x00, 0xFF, 0xE0, 0x00, 0x00, 0x3E, 0x00, 0x01, 0xC0, 0x7F, 0x00,
  0x00, 0x1E, 0x00, 0x00, 0xE0, 0x01, 0xF0, 0x00, 0x07, 0x00, 0x00, 0x78,
  0x00, 0x0F, 0x00, 0x01, 0x80, 0x00, 0x0F, 0x00, 0x00, 0xF0, 0x00, 0x60,
  0x00, 0x03, 0xC0, 0x00, 0x07, 0x00, 0x10, 0x00, 0x00, 0x78, 0x00, 0x00,
  0x70, 0x06, 0x00, 0x00, 0x0E, 0x00, 0x00, 0x0F, 0x00, 0x80, 0x00, 0x03,
  0xC0, 0x00, 0x00, 0xE0, 0x20, 0x00, 0x00, 0x70, 0x00, 0x00, 0x1C, 0x04,
  0x00, 0x00, 0x0E, 0x00, 0x00, 0x01, 0xC1, 0x00, 0x00, 0x03, 0xC0, 0x00,
  0x00, 0x38, 0x20, 0x00, 0x00, 0x70, 0x00, 0x00, 0x07, 0x04, 0x00, 0x00,
  0x0E, 0x00, 0x00, 0x00, 0xE0, 0x80, 0x00, 0x03, 0xC0, 0x00, 0x00, 0x1C,
  0x30, 0x00, 0x00, 0x70, 0x00, 0x00, 0x03, 0x07, 0x00, 0x00, 0x0E, 0x00,
  0x00, 0x00, 0xE0, 0x60, 0x00, 0x03, 0xC0, 0x00, 0x00, 0x18, 0x0E, 0x00,
  0x00, 0x70, 0x00, 0x00, 0x07, 0x00, 0x38, 0x00, 0x0E, 0x00, 0x00, 0x01,
  0xC0, 0x00, 0x00, 0x03, 0x80, 0x00, 0x00, 0x70, 0x00, 0x00, 0x00, 0x70,
  0x00, 0x00, 0x1C, 0x00, 0x00, 0x00, 0x0E, 0x00, 0x00, 0x07, 0x00, 0x00,
  0x00, 0x03, 0x80, 0x00, 0x03, 0x80, 0x00, 0x00, 0x00, 0x70, 0x00, 0x01,
  0xC0, 0x00, 0x00, 0x00, 0x0E, 0x00, 0x00, 0xE0, 0x00, 0x00, 0x00, 0x03,
  0x80, 0x01, 0xF0, 0x00, 0x00, 0x00, 0x00, 0x70, 0xFF, 0xF0, 0x00, 0x00,
  0x00, 0x00, 0x1C, 0x7F, 0xF0, 0x00, 0x00, 0x00, 0x00, 0x03, 0x9F, 0xE0,
  0x00, 0x00, 0x00, 0x00, 0x00, 0xF0, 0x00, 0x00, 0x00, 0x00, 0x00, 0x00,
  0x1C, 0x00, 0x00, 0x00, 0x00, 0x00, 0x00, 0x07, 0x80, 0x00, 0x00, 0x00,
  0x00, 0x00, 0x00, 0xE0, 0x00, 0x00, 0x00, 0x00, 0x00, 0x00, 0x3C, 0x00,
  0x00, 0x00, 0x00, 0x00, 0x00, 0x07, 0x00, 0x00, 0x00, 0x00, 0x00, 0x00,
  0x01, 0xE0, 0x00, 0x00, 0x00, 0x00, 0x00, 0x00, 0x38, 0x00, 0x00, 0x00,
  0x00, 0x00, 0x00, 0x0E, 0x00, 0x00, 0x00, 0x00, 0x00, 0x00, 0x03, 0xC0,
  0x00, 0x00, 0x00, 0x00, 0x00, 0x00, 0x70, 0x00, 0x00, 0x00, 0x00, 0x04,
  0x00, 0x1C, 0x00, 0x00, 0x00, 0x00, 0x01, 0x00, 0x07, 0x80, 0x00, 0x00,
  0x00, 0x00, 0x20, 0x01, 0xE0, 0x00, 0x00, 0x00, 0x00, 0x04, 0x00, 0x78,
  0x00, 0x00, 0x00, 0x00, 0x00, 0xC0, 0x1C, 0x00, 0x00, 0x00, 0x00, 0x00,
  0x1C, 0x0F, 0x00, 0x00, 0x00, 0x00, 0x00, 0x01, 0xFF, 0x00, 0x00, 0x00,
  0x00, 0x00, 0x00, 0x00, 0x00, 0x00, 0x00, 0x01, 0xFE, 0x00, 0x00, 0x00,
  0x00, 0x00, 0xFF, 0xFC, 0x00, 0x00, 0x00, 0x00, 0x3C, 0x00, 0xF0, 0x00,
  0x00, 0x00, 0x07, 0x00, 0x01, 0x80, 0x00, 0x00, 0x00, 0xE0, 0x01, 0xFC,
  0x00, 0x00, 0x00, 0x1C, 0x00, 0x1F, 0xF0, 0x00, 0x00, 0x03, 0x80, 0x01,
  0xFF, 0xE0, 0x00, 0x00, 0x30, 0x00, 0x00, 0x7F, 0x80, 0x00, 0x07, 0x00,
  0x00, 0x00, 0x3F, 0x00, 0x00, 0x70, 0x00, 0x00, 0x00, 0x7C, 0x00, 0x06,
  0x00, 0x00, 0x00, 0x01, 0xF0, 0x00, 0x60, 0x00, 0x00, 0x00, 0x03, 0xC0,
  0x06, 0x00, 0x00, 0x00, 0x00, 0x0F, 0x00, 0x70, 0x00, 0x00, 0x00, 0x00,
  0x78, 0x07, 0x00, 0x00, 0x00, 0x00, 0x01, 0xE0, 0x70, 0x00, 0x00, 0x00,
  0x00, 0x0F, 0x07, 0x00, 0x00, 0x00, 0x00, 0x00, 0x38, 0x78, 0x00, 0x00,
  0x00, 0x00, 0x01, 0xC3, 0x80, 0x00, 0x00, 0x00, 0x00, 0x0E, 0x3C, 0x00,
  0x00, 0x00, 0x00, 0x00, 0x71, 0xC0, 0x00, 0x00, 0x00, 0x00, 0x03, 0x9E,
  0x00, 0x00, 0x00, 0x00, 0x00, 0x1C, 0xE0, 0x00, 0x00, 0x00, 0x00, 0x01,
  0xCF, 0x00, 0x00, 0x00, 0x00, 0x00, 0x0E, 0x78, 0x00, 0x00, 0x00, 0x00,
  0x00, 0x63, 0xC0, 0x00, 0x00, 0x00, 0x00, 0x07, 0x1E, 0x00, 0x00, 0x00,
  0x00, 0x00, 0x30, 0xF0, 0x00, 0x00, 0x00, 0x00, 0x03, 0x07, 0x80, 0x00,
  0x00, 0x00, 0x00, 0x18, 0x3C, 0x00, 0x00, 0x00, 0x00, 0x01, 0x81, 0xE0,
  0x00, 0x00, 0x00, 0x00, 0x18, 0x0F, 0x00, 0x00, 0x00, 0x00, 0x01, 0x80,
  0x78, 0x00, 0x00, 0x00, 0x00, 0x18, 0x03, 0xE0, 0x00, 0x00, 0x00, 0x01,
  0x80, 0x1F, 0x00, 0x00, 0x00, 0x00, 0x18, 0x00, 0x7C, 0x00, 0x00, 0x00,
  0x01, 0x80, 0x03, 0xE0, 0x00, 0x00, 0x00, 0x10, 0x00, 0x1F, 0x80, 0x00,
  0x00, 0x03, 0x00, 0x00, 0x7E, 0x00, 0x00, 0x00, 0x60, 0x00, 0x01, 0xFC,
  0x00, 0x00, 0x0E, 0x00, 0x00, 0x07, 0xF8, 0x00, 0x03, 0xC0, 0x00, 0x00,
  0x1F, 0xFC, 0x00, 0xF0, 0x00, 0x00, 0x00, 0x3F, 0xFF, 0xFE, 0x00, 0x00,
  0x00, 0x00, 0x7F, 0xFF, 0x80, 0x00, 0x00, 0x01, 0xFC, 0x3F, 0x00, 0x00,
  0x00, 0x00, 0x3F, 0xF8, 0x00, 0x00, 0x00, 0x00, 0x03, 0x0F, 0xE0, 0x00,
  0x00, 0x00, 0x00, 0x10, 0x1F, 0xC0, 0x00, 0x00, 0x00, 0x00, 0x00, 0x7F,
  0x00, 0x00, 0x00, 0x00, 0x80, 0x00, 0xFC, 0x00, 0x00, 0x00, 0x0C, 0x00,
  0x03, 0xF0, 0x00, 0x00, 0x00, 0xC0, 0x00, 0x0F, 0xC0, 0x00, 0x00, 0x0E,
  0x00, 0x00, 0x3F, 0x00, 0x00, 0x00, 0xE0, 0x00, 0x00, 0xFC, 0x00, 0x00,
  0x0E, 0x00, 0x00, 0x03, 0xF0, 0x00, 0x00, 0xE0, 0x00, 0x00, 0x0F, 0xC0,
  0x00, 0x1C, 0x00, 0x00, 0x00, 0x3F, 0x80, 0x01, 0x80, 0x00, 0x00, 0x00,
  0x7F, 0x00, 0x70, 0x00, 0x00, 0x00, 0x00, 0xFF, 0xFC, 0x00, 0x00, 0x00,
  0x00, 0x00, 0xFF, 0x00, 0x00, 0x00, 0x00, 0x00, 0x00, 0x0F, 0xFF, 0xC0,
  0x00, 0x00, 0x00, 0x00, 0x7F, 0xFF, 0xFF, 0x80, 0x00, 0x00, 0x00, 0xFF,
  0xFF, 0xFF, 0xF8, 0x00, 0x00, 0x01, 0xFE, 0x00, 0x00, 0xFF, 0xC0, 0x00,
  0x01, 0xF0, 0x00, 0x0F, 0x03, 0xF8, 0x00, 0x01, 0xE0, 0x00, 0x0E, 0x00,
  0x1F, 0x80, 0x01, 0xC0, 0x00, 0x07, 0x80, 0x01, 0xF0, 0x00, 0xC0, 0x00,
  0x03, 0xC0, 0x00, 0x1E, 0x00, 0x60, 0x00, 0x00, 0xE0, 0x00, 0x03, 0x80,
  0x30, 0x00, 0x00, 0x78, 0x00, 0x00, 0x70, 0x18, 0x00, 0x00, 0x1C, 0x00,
  0x00, 0x1C, 0x04, 0x00, 0x00, 0x0F, 0x00, 0x00, 0x07, 0x02, 0x00, 0x00,
  0x03, 0x80, 0x00, 0x01, 0xC0, 0x80, 0x00, 0x00, 0xE0, 0x00, 0x00, 0x60,
  0x40, 0x00, 0x00, 0x38, 0x00, 0x00, 0x18, 0x10, 0x00, 0x00, 0x1C, 0x00,
  0x00, 0x0C, 0x04, 0x00, 0x00, 0x07, 0x00, 0x00, 0x07, 0x01, 0x00, 0x00,
  0x01, 0x80, 0x00, 0x03, 0x80, 0x60, 0x00, 0x00, 0xE0, 0x00, 0x01, 0xC0,
  0x18, 0x00, 0x00, 0x38, 0x00, 0x00, 0xC0, 0x07, 0x00, 0x00, 0x0C, 0x00,
  0x00, 0xE0, 0x00, 0x3C, 0x00, 0x0F, 0x00, 0x00, 0xE0, 0x00, 0x00, 0x00,
  0x07, 0xC0, 0x00, 0x70, 0x00, 0x00, 0x00, 0x00, 0xF0, 0x00, 0xF0, 0x00,
  0x00, 0x00, 0x00, 0x3E, 0x01, 0xF0, 0x00, 0x00, 0x00, 0x00, 0x0F, 0x9F,
  0xF0, 0x00, 0x00, 0x00, 0x00, 0x07, 0xFF, 0xE0, 0x00, 0x00, 0x00, 0x00,
  0x01, 0xFF, 0xC0, 0x00, 0x00, 0x00, 0x00, 0x00, 0x7F, 0x80, 0x00, 0x00,
  0x00, 0x00, 0x00, 0x39, 0xE0, 0x00, 0x00, 0x00, 0x00, 0x00, 0x0E, 0x7C,
  0x00, 0x00, 0x00, 0x00, 0x00, 0x07, 0x0F, 0x00, 0x00, 0x00, 0x00, 0x00,
  0x01, 0xC3, 0xE0, 0x00, 0x00, 0x00, 0x00, 0x00, 0xF0, 0x7C, 0x00, 0x00,
  0x00, 0x00, 0x00, 0x38, 0x0F, 0x00, 0x00, 0x00, 0x00, 0x00, 0x0E, 0x03,
  0xE0, 0x00, 0x00, 0x00, 0x00, 0x07, 0x00, 0x7C, 0x00, 0x08, 0x00, 0x00,
  0x01, 0xC0, 0x0F, 0x00, 0x02, 0x00, 0x00, 0x00, 0xE0, 0x03, 0xE0, 0x00,
  0x80, 0x00, 0x00, 0x78, 0x00, 0x7C, 0x00, 0x20, 0x00, 0x00, 0x1C, 0x00,
  0x0F, 0x80, 0x08, 0x00, 0x00, 0x0E, 0x00, 0x01, 0xF0, 0x04, 0x00, 0x00,
  0x03, 0x80, 0x00, 0x3E, 0x03, 0x00, 0x00, 0x01, 0xC0, 0x00, 0x07, 0xE1,
  0xC0, 0x00, 0x00, 0xE0, 0x00, 0x00, 0xFF, 0xE0, 0x00, 0x00, 0x78, 0x00,
  0x00, 0x0F, 0xF0, 0x04, 0x00, 0x3C, 0x00, 0x00, 0x00, 0x70, 0x02, 0x00,
  0x0E, 0x00, 0x00, 0x00, 0x00, 0x00, 0x80, 0x0F, 0x00, 0x00, 0x00, 0x00,
  0x00, 0x10, 0x07, 0x80, 0x00, 0x00, 0x00, 0x00, 0x0F, 0x07, 0x80, 0x00,
  0x00, 0x00, 0x00, 0x01, 0xFF, 0x80, 0x00, 0x00, 0x00, 0x00, 0x00, 0x00,
  0x00, 0x00, 0x00, 0x7E, 0x00, 0x00, 0x00, 0x00, 0x1F, 0xF8, 0x00, 0x00,
  0x00, 0x07, 0xFF, 0x90, 0x00, 0x00, 0x00, 0xE0, 0x1A, 0x00, 0x00, 0x00,
  0x38, 0x00, 0xC0, 0x00, 0x00, 0x06, 0x00, 0x0C, 0x00, 0x00, 0x00, 0xC0,
  0x00, 0x80, 0x00, 0x00, 0x0C, 0x00, 0x08, 0x00, 0x00, 0x01, 0x80, 0x01,
  0x80, 0x00, 0x00, 0x38, 0x00, 0x00, 0x00, 0x00, 0x03, 0x00, 0x00, 0x00,
  0x00, 0x00, 0x38, 0x00, 0x00, 0x00, 0x00, 0x03, 0x80, 0x00, 0x00, 0x00,
  0x00, 0x3C, 0x00, 0x00, 0x00, 0x00, 0x03, 0xE0, 0x00, 0x00, 0x00, 0x00,
  0x3F, 0x00, 0x00, 0x00, 0x00, 0x01, 0xFC, 0x00, 0x00, 0x00, 0x00, 0x0F,
  0xE0, 0x00, 0x00, 0x00, 0x00, 0x7F, 0x80, 0x00, 0x00, 0x00, 0x03, 0xFE,
  0x00, 0x00, 0x00, 0x00, 0x0F, 0xF0, 0x00, 0x00, 0x00, 0x00, 0x7F, 0x80,
  0x00, 0x07, 0x00, 0x01, 0xFC, 0x00, 0x01, 0xFC, 0x00, 0x0F, 0xE0, 0x00,
  0x38, 0x00, 0x00, 0x3E, 0x00, 0x0E, 0x00, 0x00, 0x01, 0xE0, 0x01, 0x80,
  0x00, 0x00, 0x0F, 0x00, 0x20, 0x00, 0x00, 0x00, 0xE0, 0x04, 0x00, 0x00,
  0x00, 0x06, 0x00, 0xC0, 0x00, 0x00, 0x00, 0x60, 0x18, 0x00, 0x00, 0x00,
  0x06, 0x01, 0x00, 0x00, 0x00, 0x00, 0x60, 0x30, 0x00, 0x00, 0x00, 0x0C,
  0x02, 0x00, 0x00, 0x00, 0x00, 0xC0, 0x60, 0x00, 0x00, 0x00, 0x0C, 0x06,
  0x00, 0x00, 0x00, 0x01, 0x80, 0xC0, 0x00, 0x00, 0x00, 0x30, 0x0C, 0x00,
  0x00, 0x00, 0x02, 0x00, 0xC0, 0x00, 0x00, 0x00, 0x60, 0x0C, 0x00, 0x00,
  0x00, 0x0C, 0x00, 0xE0, 0x00, 0x00, 0x03, 0x00, 0x0E, 0x00, 0x00, 0x00,
  0x60, 0x00, 0xF0, 0x00, 0x00, 0x1C, 0x00, 0x07, 0x80, 0x00, 0x07, 0x00,
  0x00, 0x7C, 0x00, 0x03, 0xC0, 0x00, 0x01, 0xFC, 0x03, 0xF0, 0x00, 0x00,
  0x0F, 0xFF, 0xF8, 0x00, 0x00, 0x00, 0x1F, 0xF8, 0x00, 0x00, 0x00, 0x00,
  0x0F, 0xFF, 0x00, 0x00, 0x00, 0x00, 0x00, 0x40, 0x0F, 0xFF, 0xFF, 0x80,
  0x00, 0x00, 0x00, 0x0C, 0x07, 0xFF, 0xFF, 0xFF, 0x00, 0x00, 0x00, 0x01,
  0x81, 0xE0, 0x0F, 0xFF, 0xFE, 0x00, 0x00, 0x00, 0x30, 0xC0, 0x00, 0x03,
  0xFF, 0xF8, 0x00, 0x00, 0x06, 0x30, 0x00, 0x00, 0x03, 0xFF, 0xF0, 0x00,
  0x01, 0x8C, 0x00, 0x00, 0x00, 0x07, 0xFF, 0xE0, 0x00, 0x73, 0x00, 0x00,
  0x00, 0x00, 0x3F, 0xFF, 0xC0, 0x3C, 0xE0, 0x00, 0x00, 0x00, 0x07, 0x8F,
  0xFF, 0xFF, 0x18, 0x00, 0x00, 0x00, 0x01, 0xF0, 0x1F, 0xFF, 0x83, 0x00,
  0x00, 0x00, 0x00, 0x3C, 0x00, 0x00, 0x00, 0x60, 0x00, 0x00, 0x00, 0x07,
  0x80, 0x00, 0x00, 0x0E, 0x00, 0x00, 0x00, 0x01, 0xE0, 0x00, 0x00, 0x01,
  0xC0, 0x00, 0x00, 0x00, 0x3C, 0x00, 0x00, 0x00, 0x38, 0x00, 0x00, 0x00,
  0x0F, 0x00, 0x00, 0x00, 0x07, 0x80, 0x00, 0x00, 0x01, 0xE0, 0x00, 0x00,
  0x00, 0x70, 0x00, 0x00, 0x00, 0x3C, 0x00, 0x00, 0x00, 0x0E, 0x00, 0x00,
  0x00, 0x0F, 0x00, 0x00, 0x00, 0x00, 0xE0, 0x00, 0x00, 0x01, 0xE0, 0x00,
  0x00, 0x00, 0x0E, 0x00, 0x00, 0x00, 0x78, 0x00, 0x00, 0x00, 0x00, 0xC0,
  0x00, 0x00, 0x0F, 0x00, 0x00, 0x00, 0x00, 0x0E, 0x00, 0x00, 0x03, 0xC0,
  0x00, 0x00, 0x00, 0x00, 0x70, 0x00, 0x00, 0x78, 0x00, 0x00, 0x00, 0x00,
  0x00, 0x00, 0x00, 0x0F, 0x00, 0x00, 0x00, 0x00, 0x00, 0x00, 0x00, 0x03,
  0xC0, 0x00, 0x00, 0x00, 0x00, 0x00, 0x00, 0x00, 0x78, 0x00, 0x00, 0x00,
  0x00, 0x00, 0x00, 0x00, 0x1E, 0x00, 0x00, 0x00, 0x00, 0x00, 0x00, 0x00,
  0x03, 0xC0, 0x00, 0x00, 0x00, 0x00, 0x00, 0x00, 0x00, 0xF0, 0x00, 0x00,
  0x00, 0x00, 0x00, 0x00, 0x00, 0x1E, 0x00, 0x00, 0x00, 0x00, 0x00, 0x00,
  0x00, 0x07, 0x80, 0x00, 0x00, 0x00, 0x00, 0x00, 0x00, 0x00, 0xF0, 0x00,
  0x00, 0x00, 0x00, 0x00, 0x00, 0x00, 0x3C, 0x00, 0x00, 0x00, 0x00, 0x00,
  0x00, 0x00, 0x0F, 0x00, 0x00, 0x00, 0x00, 0x00, 0x00, 0x00, 0x01, 0xE0,
  0x00, 0x00, 0x00, 0x00, 0x00, 0x00, 0x00, 0x78, 0x00, 0x00, 0x00, 0x00,
  0x00, 0x00, 0x00, 0x0E, 0x00, 0x00, 0x00, 0x00, 0x00, 0x00, 0x00, 0x03,
  0xC0, 0x00, 0x00, 0x00, 0x00, 0x00, 0x00, 0x00, 0xF0, 0x00, 0x00, 0x00,
  0x00, 0x02, 0x00, 0x00, 0x3C, 0x00, 0x00, 0x00, 0x00, 0x00, 0x40, 0x00,
  0x07, 0x00, 0x00, 0x00, 0x00, 0x00, 0x0C, 0x00, 0x01, 0xC0, 0x00, 0x00,
  0x00, 0x00, 0x01, 0xC0, 0x00, 0x70, 0x00, 0x00, 0x00, 0x00, 0x00, 0x1E,
  0x00, 0x18, 0x00, 0x00, 0x00, 0x00, 0x00, 0x01, 0xE0, 0x0E, 0x00, 0x00,
  0x00, 0x00, 0x00, 0x00, 0x1F, 0x03, 0x00, 0x00, 0x00, 0x00, 0x00, 0x00,
  0x01, 0xFF, 0x80, 0x00, 0x00, 0x00, 0x00, 0x00, 0x00, 0x0F, 0xC0, 0x00,
  0x00, 0x00, 0x00, 0x00, 0x00, 0x00, 0x03, 0xFF, 0x00, 0x00, 0x00, 0x00,
  0x00, 0x00, 0x78, 0xFF, 0xE0, 0x00, 0x00, 0x00, 0x00, 0x03, 0x00, 0x0F,
  0xFC, 0x00, 0x00, 0x00, 0x78, 0x18, 0x00, 0x01, 0xFF, 0x00, 0x00, 0x03,
  0x00, 0x60, 0x00, 0x00, 0x7F, 0xC0, 0x00, 0x1C, 0x01, 0x80, 0x00, 0x00,
  0x7F, 0xF8, 0x00, 0xF0, 0x07, 0x00, 0x00, 0x00, 0xFF, 0xFF, 0x03, 0xC0,
  0x1C, 0x00, 0x00, 0x01, 0xF0, 0x00, 0x0F, 0x00, 0x70, 0x00, 0x00, 0x03,
  0xC0, 0x00, 0x3E, 0x00, 0xE0, 0x00, 0x00, 0x07, 0x80, 0x00, 0x78, 0x03,
  0xC0, 0x00, 0x00, 0x0E, 0x00, 0x01, 0xE0, 0x07, 0x00, 0x00, 0x00, 0x1C,
  0x00, 0x03, 0xC0, 0x0E, 0x00, 0x00, 0x00, 0x38, 0x00, 0x07, 0x00, 0x1C,
  0x00, 0x00, 0x00, 0xE0, 0x00, 0x1E, 0x00, 0x38, 0x00, 0x00, 0x01, 0xC0,
  0x00, 0x38, 0x00, 0x70, 0x00, 0x00, 0x03, 0x00, 0x00, 0x70, 0x00, 0xE0,
  0x00, 0x00, 0x06, 0x00, 0x01, 0xC0, 0x01, 0xC0, 0x00, 0x00, 0x1C, 0x00,
  0x03, 0x80, 0x03, 0x80, 0x00, 0x00, 0x30, 0x00, 0x0E, 0x00, 0x07, 0x00,
  0x00, 0x00, 0x60, 0x00, 0x1C, 0x00, 0x06, 0x00, 0x00, 0x01, 0x80, 0x00,
  0x38, 0x00, 0x0E, 0x00, 0x00, 0x03, 0x00, 0x00, 0xE0, 0x00, 0x0E, 0x00,
  0x00, 0x06, 0x00, 0x01, 0xC0, 0x00, 0x1E, 0x00, 0x00, 0x1C, 0x00, 0x07,
  0x80, 0x00, 0x1E, 0x00, 0x00, 0x30, 0x00, 0x0E, 0x00, 0x00, 0x0F, 0xC0,
  0x00, 0xE0, 0x00, 0x3C, 0x00, 0x00, 0x00, 0x00, 0x01, 0xC0, 0x00, 0xF8,
  0x00, 0x00, 0x00, 0x00, 0x03, 0x00, 0x01, 0xE0, 0x00, 0x00, 0x00, 0x00,
  0x0E, 0x00, 0x07, 0xC0, 0x00, 0x40, 0x00, 0x00, 0x1C, 0x00, 0x0F, 0x80,
  0x00, 0x80, 0x00, 0x00, 0x30, 0x00, 0x37, 0x00, 0x02, 0x00, 0x00, 0x00,
  0xE0, 0x00, 0xDC, 0x00, 0x04, 0x00, 0x00, 0x01, 0xC0, 0x01, 0xB8, 0x00,
  0x10, 0x00, 0x00, 0x03, 0x80, 0x06, 0x70, 0x00, 0x40, 0x00, 0x00, 0x0E,
  0x00, 0x19, 0xE0, 0x00, 0x80, 0x00, 0x00, 0x1C, 0x00, 0x33, 0xC0, 0x03,
  0x80, 0x00, 0x00, 0x78, 0x00, 0xC7, 0x00, 0x0E, 0x00, 0x00, 0x00, 0xF0,
  0x03, 0x0E, 0x00, 0x38, 0x00, 0x00, 0x01, 0xE0, 0x0C, 0x1C, 0x00, 0x60,
  0x00, 0x00, 0x07, 0xC0, 0x30, 0x78, 0x01, 0x80, 0x00, 0x00, 0x0F, 0x80,
  0xC0, 0xF0, 0x06, 0x00, 0x00, 0x00, 0x1F, 0x07, 0x01, 0xF0, 0x30, 0x00,
  0x00, 0x00, 0x3F, 0x3C, 0x03, 0xE0, 0xC0, 0x00, 0x00, 0x00, 0x7F, 0xE0,
  0x07, 0xE7, 0x00, 0x00, 0x00, 0x00, 0xFF, 0x80, 0x07, 0xF8, 0x00, 0x00,
  0x00, 0x01, 0xFC, 0x00, 0x07, 0xC0, 0x00, 0x00, 0x00, 0x01, 0xE0, 0x00,
  0x00, 0x00, 0x00, 0x00, 0x00, 0x00, 0x00, 0x00, 0x00, 0x00, 0x00, 0x0F,
  0xE0, 0x00, 0x00, 0x00, 0x00, 0x00, 0x00, 0x00, 0x3F, 0xF8, 0x01, 0xFC,
  0x00, 0x00, 0x00, 0x00, 0x00, 0xFF, 0xFC, 0x0F, 0xFF, 0x80, 0x3F, 0x00,
  0x00, 0x03, 0xC0, 0x3E, 0x1C, 0x03, 0xE3, 0xFF, 0x80, 0x00, 0x07, 0x00,
  0x1F, 0x30, 0x00, 0xFF, 0xF0, 0x80, 0x00, 0x1C, 0x00, 0x07, 0x60, 0x03,
  0xFF, 0x00, 0x40, 0x00, 0x30, 0x00, 0x07, 0xE0, 0x7F, 0xFC, 0x00, 0x40,
  0x00, 0x60, 0x00, 0x02, 0xFF, 0xFE, 0x1E, 0x00, 0x00, 0x00, 0xC0, 0x00,
  0x02, 0x7F, 0xE0, 0x1E, 0x00, 0x00, 0x01, 0x80, 0x00, 0x02, 0x3C, 0x00,
  0x0F, 0x00, 0x00, 0x03, 0x00, 0x00, 0x04, 0x00, 0x00, 0x0F, 0x00, 0x00,
  0x06, 0x00, 0x00, 0x04, 0x00, 0x00, 0x0F, 0x00, 0x00, 0x0C, 0x00, 0x00,
  0x00, 0x00, 0x00, 0x07, 0x00, 0x00, 0x18, 0x00, 0x00, 0x00, 0x00, 0x00,
  0x07, 0x80, 0x00, 0x38, 0x00, 0x00, 0x00, 0x00, 0x00, 0x07, 0x80, 0x00,
  0x30, 0x00, 0x00, 0x00, 0x00, 0x00, 0x07, 0x80, 0x00, 0x60, 0x00, 0x00,
  0x00, 0x00, 0x00, 0x07, 0x80, 0x00, 0xC0, 0x00, 0x00, 0x00, 0x00, 0x00,
  0x03, 0x80, 0x01, 0x80, 0x00, 0x00, 0x00, 0x00, 0x00, 0x03, 0x80, 0x01,
  0x80, 0x00, 0x00, 0x00, 0x00, 0x00, 0x03, 0x80, 0x03, 0x00, 0x00, 0x00,
  0x00, 0x00, 0x00, 0x03, 0x80, 0x06, 0x00, 0x00, 0x00, 0x00, 0x00, 0x00,
  0x03, 0x80, 0x0E, 0x00, 0x00, 0x00, 0x00, 0x00, 0x00, 0x03, 0x80, 0x0C,
  0x00, 0x00, 0x00, 0x00, 0x00, 0x00, 0x03, 0x80, 0x18, 0x00, 0x00, 0x00,
  0x00, 0x00, 0x00, 0x03, 0x80, 0x38, 0x00, 0x00, 0x00, 0x00, 0x00, 0x00,
  0x03, 0x80, 0x30, 0x00, 0x00, 0x00, 0x00, 0x00, 0x00, 0x03, 0x80, 0x60,
  0x00, 0x00, 0x00, 0x00, 0x00, 0x00, 0x03, 0x80, 0xE0, 0x00, 0x00, 0x00,
  0x00, 0x00, 0x00, 0x03, 0x80, 0xC0, 0x00, 0x00, 0x00, 0x00, 0x00, 0x00,
  0x03, 0x81, 0x80, 0x00, 0x00, 0x00, 0x00, 0x00, 0x00, 0x07, 0x81, 0x80,
  0x00, 0x00, 0x00, 0x00, 0x00, 0x00, 0x07, 0x83, 0x00, 0x00, 0x00, 0x00,
  0x00, 0x00, 0x00, 0x07, 0x06, 0x00, 0x00, 0x00, 0x00, 0x00, 0x00, 0x00,
  0x07, 0x06, 0x00, 0x00, 0x00, 0x00, 0x00, 0x00, 0x00, 0x07, 0x0C, 0x00,
  0x00, 0x00, 0x00, 0x00, 0x00, 0x00, 0x07, 0x18, 0x00, 0x00, 0x00, 0x00,
  0x00, 0x00, 0x00, 0x07, 0x18, 0x00, 0x00, 0x00, 0x00, 0x00, 0x00, 0x00,
  0x07, 0x30, 0x00, 0x00, 0x00, 0x00, 0x00, 0x00, 0x00, 0x0F, 0x20, 0x00,
  0x00, 0x00, 0x00, 0x00, 0x00, 0x00, 0x0F, 0x60, 0x00, 0x00, 0x00, 0x00,
  0x00, 0x00, 0x00, 0x0F, 0xC0, 0x00, 0x00, 0x00, 0x00, 0x00, 0x00, 0x00,
  0x0F, 0x80, 0x00, 0x00, 0x00, 0x00, 0x00, 0x00, 0x00, 0x0F, 0x80, 0x00,
  0x00, 0x00, 0x00, 0x00, 0x00, 0x00, 0x0F, 0x00, 0x00, 0x00, 0x00, 0x00,
  0x00, 0x00, 0x00, 0x0E, 0x00, 0x00, 0x00, 0x00, 0x00, 0x00, 0x00, 0x00,
  0x1C, 0x00, 0x00, 0x00, 0x00, 0x00, 0x00, 0x00, 0x00, 0x1C, 0x00, 0x00,
  0x00, 0x00, 0x00, 0x00, 0x00, 0x00, 0x00, 0x00, 0x00, 0x00, 0x00, 0x00,
  0x00, 0x00, 0x00, 0x0F, 0x00, 0x00, 0x00, 0x00, 0x00, 0x00, 0x00, 0x00,
  0x00, 0x00, 0x00, 0x03, 0xFF, 0x80, 0x00, 0x00, 0x00, 0x00, 0x00, 0x00,
  0x00, 0x00, 0x00, 0x00, 0x3F, 0xFF, 0x00, 0x00, 0x00, 0x00, 0x00, 0x00,
  0x00, 0x00, 0x00, 0x00, 0x03, 0xE0, 0x7E, 0x00, 0x0F, 0xFF, 0x80, 0x00,
  0x00, 0x00, 0x00, 0x00, 0x00, 0x1C, 0x00, 0x78, 0x03, 0xFF, 0xFF, 0xF0,
  0x00, 0x00, 0x00, 0x00, 0x00, 0x00, 0xC0, 0x00, 0xF0, 0x3F, 0xFF, 0xFF,
  0xFC, 0x00, 0x00, 0x00, 0x00, 0x00, 0x0E, 0x00, 0x01, 0xC1, 0xFE, 0x00,
  0x00, 0x7E, 0x00, 0x00, 0x00, 0x00, 0x00, 0x60, 0x00, 0x02, 0x0F, 0x80,
  0x00, 0x00, 0x3F, 0x00, 0x00, 0x00, 0x00, 0x03, 0x00, 0x00, 0x08, 0x78,
  0x00, 0x00, 0x70, 0x1F, 0x80, 0x00, 0x00, 0x00, 0x18, 0x00, 0x00, 0x21,
  0xC0, 0x00, 0x03, 0xE0, 0x0F, 0xC0, 0x00, 0x00, 0x00, 0xC0, 0x00, 0x00,
  0x8E, 0x00, 0x00, 0x0F, 0xC0, 0x07, 0xFC, 0x00, 0x00, 0x06, 0x00, 0x00,
  0x04, 0x70, 0x00, 0x00, 0x1F, 0x00, 0x00, 0x00, 0x00, 0x00, 0x10, 0x00,
  0x00, 0x01, 0xC0, 0x00, 0x00, 0x3E, 0x00, 0x00, 0x00, 0x00, 0x00, 0xC0,
  0x00, 0x00, 0x0F, 0x00, 0x00, 0x00, 0x78, 0x00, 0x00, 0x00, 0x00, 0x06,
  0x00, 0x00, 0x00, 0x3C, 0x00, 0x00, 0x00, 0xE0, 0x00, 0x00, 0x00, 0x00,
  0x30, 0x00, 0x00, 0x00, 0xF0, 0x00, 0x00, 0x03, 0xC0, 0x00, 0x60, 0x00,
  0x01, 0x80, 0x00, 0x00, 0x03, 0xC0, 0x00, 0x00, 0x0F, 0x00, 0x03, 0xC0,
  0x00, 0x0C, 0x00, 0x00, 0x00, 0x07, 0x80, 0x00, 0x00, 0x1C, 0x00, 0x0F,
  0x00, 0x00, 0x30, 0x00, 0x00, 0x00, 0x0F, 0x00, 0x00, 0x00, 0x70, 0x00,
  0x3C, 0x00, 0x01, 0x80, 0x00, 0x00, 0x00, 0x3E, 0x00, 0x00, 0x01, 0xE0,
  0x00, 0xF0, 0x00, 0x0C, 0x00, 0x00, 0x00, 0x00, 0x3E, 0x00, 0x00, 0x07,
  0x80, 0x07, 0x80, 0x00, 0x60, 0x00, 0x00, 0x00, 0x00, 0x7E, 0x00, 0x00,
  0x1E, 0x00, 0x1E, 0x00, 0x01, 0x80, 0x00, 0x00, 0x00, 0x00, 0x7F, 0xF0,
  0x00, 0x78, 0x00, 0x78, 0x00, 0x0C, 0x00, 0x00, 0x00, 0x00, 0x00, 0x3E,
  0x00, 0x01, 0xE0, 0x03, 0xE0, 0x00, 0x60, 0x00, 0x00, 0x00, 0x00, 0x00,
  0x00, 0x00, 0x07, 0x80, 0x0F, 0x80, 0x03, 0x80, 0x00, 0x00, 0x00, 0x00,
  0x00, 0x00, 0x00, 0x1E, 0x00, 0x6E, 0x00, 0x0C, 0x00, 0x00, 0x00, 0x00,
  0x00, 0x00, 0x00, 0x00, 0x78, 0x01, 0xB8, 0x00, 0x60, 0x00, 0x00, 0x00,
  0x00, 0x00, 0x00, 0x00, 0x01, 0xE0, 0x0C, 0xE0, 0x03, 0x80, 0x00, 0x00,
  0x00, 0x00, 0x00, 0x00, 0x00, 0x07, 0x80, 0x33, 0x80, 0x0C, 0x00, 0x00,
  0x00, 0x00, 0x00, 0x00, 0x00, 0x00, 0x1E, 0x01, 0x8E, 0x00, 0x60, 0x00,
  0x00, 0x00, 0x00, 0x00, 0x00, 0x00, 0x00, 0x78, 0x06, 0x38, 0x03, 0x80,
  0x00, 0x00, 0x00, 0x00, 0x00, 0x00, 0x00, 0x01, 0xE0, 0x30, 0xE0, 0x0C,
  0x00, 0x00, 0x00, 0x00, 0x00, 0x00, 0x00, 0x00, 0x07, 0x81, 0x83, 0x80,
  0x60, 0x00, 0x00, 0x00, 0x00, 0x00, 0x00, 0x00, 0x00, 0x1E, 0x06, 0x0E,
  0x03, 0x80, 0x00, 0x00, 0x00, 0x00, 0x00, 0x00, 0x00, 0x00, 0x70, 0x30,
  0x38, 0x0C, 0x00, 0x00, 0x00, 0x00, 0x00, 0x00, 0x00, 0x00, 0x01, 0xC0,
  0x80, 0x60, 0x70, 0x00, 0x00, 0x00, 0x00, 0x00, 0x00, 0x00, 0x00, 0x07,
  0x06, 0x01, 0x83, 0x80, 0x00, 0x00, 0x00, 0x00, 0x00, 0x00, 0x00, 0x00,
  0x1C, 0x30, 0x06, 0x0C, 0x00, 0x00, 0x00, 0x00, 0x00, 0x00, 0x00, 0x00,
  0x00, 0x70, 0x80, 0x18, 0x70, 0x00, 0x00, 0x00, 0x00, 0x00, 0x00, 0x00,
  0x00, 0x03, 0xC6, 0x00, 0x63, 0x80, 0x00, 0x00, 0x00, 0x00, 0x00, 0x00,
  0x00, 0x00, 0x0F, 0x30, 0x01, 0xCC, 0x00, 0x00, 0x00, 0x00, 0x00, 0x00,
  0x00, 0x00, 0x00, 0x3D, 0x80, 0x07, 0x70, 0x00, 0x00, 0x00, 0x00, 0x00,
  0x00, 0x00, 0x00, 0x00, 0xF6, 0x00, 0x1F, 0x80, 0x00, 0x00, 0x00, 0x00,
  0x00, 0x00, 0x00, 0x00, 0x03, 0xB0, 0x00, 0x7C, 0x00, 0x00, 0x00, 0x00,
  0x00, 0x00, 0x00, 0x00, 0x00, 0x0F, 0x80, 0x01, 0xF0, 0x00, 0x00, 0x00,
  0x00, 0x00, 0x00, 0x00, 0x00, 0x00, 0x3E, 0x00, 0x07, 0x80, 0x00, 0x00,
  0x00, 0x00, 0x00, 0x00, 0x00, 0x00, 0x01, 0xF0, 0x00, 0x1C, 0x00, 0x00,
  0x00, 0x00, 0x00, 0x00, 0x00, 0x00, 0x00, 0x07, 0x80, 0x00, 0x70, 0x00,
  0x00, 0x00, 0x00, 0x00, 0x00, 0x00, 0x00, 0x00, 0x1C, 0x00, 0x01, 0xC0,
  0x00, 0x00, 0x00, 0x00, 0x00, 0x00, 0x00, 0x00, 0x00, 0x70, 0x00, 0x00,
  0x00, 0x00, 0x00, 0x00, 0x00, 0x00, 0x00, 0x00, 0x00, 0x01, 0xC0, 0x00,
  0x00, 0x00, 0x00, 0x00, 0x00, 0x00, 0x00, 0x00, 0x00, 0x7F, 0x20, 0x00,
  0x00, 0x00, 0x0F, 0x87, 0x00, 0x00, 0x00, 0x00, 0x78, 0xE0, 0x00, 0x3E,
  0x00, 0x07, 0xD8, 0x00, 0x03, 0xF0, 0x00, 0x3F, 0x00, 0x00, 0x3F, 0x80,
  0x01, 0xF0, 0x00, 0x03, 0xF0, 0x00, 0x1F, 0x80, 0x00, 0x3F, 0x00, 0x03,
  0x7C, 0x00, 0x03, 0xE0, 0x00, 0x61, 0xE0, 0x00, 0x3C, 0x00, 0x06, 0x0F,
  0x00, 0x03, 0xC0, 0x00, 0xE0, 0x78, 0x00, 0x3C, 0x00, 0x0E, 0x01, 0xC0,
  0x03, 0x80, 0x00, 0xE0, 0x0E, 0x00, 0x38, 0x00, 0x0E, 0x00, 0x70, 0x03,
  0x80, 0x00, 0xE0, 0x03, 0xC0, 0x18, 0x00, 0x0F, 0x00, 0x0E, 0x01, 0x80,
  0x00, 0x70, 0x00, 0x70, 0x18, 0x00, 0x07, 0x80, 0x03, 0x81, 0x80, 0x00,
  0x3C, 0x00, 0x1E, 0x18, 0x00, 0x01, 0xE0, 0x00, 0x71, 0x80, 0x00, 0x07,
  0x84, 0x03, 0x9C, 0x00, 0x00, 0x3E, 0x60, 0x1D, 0xC0, 0x00, 0x00, 0xFC,
  0x00, 0xFC, 0x00, 0x00, 0x00, 0x00, 0x03, 0xC0, 0x00, 0x00, 0x00, 0x00,
  0x1C, 0x00, 0x02, 0x00, 0x00, 0x00, 0xF0, 0x00, 0x08, 0x00, 0x00, 0x0F,
  0x80, 0x00, 0x40, 0x00, 0x00, 0xFC, 0x00, 0x02, 0x00, 0x00, 0x06, 0xF0,
  0x00, 0x10, 0x00, 0x00, 0x67, 0x80, 0x00, 0x80, 0x00, 0x06, 0x1E, 0x00,
  0x04, 0x00, 0x00, 0x60, 0xF0, 0x00, 0x20, 0x00, 0x06, 0x03, 0x80, 0x01,
  0x00, 0x00, 0x70, 0x1E, 0x00, 0x08, 0x00, 0x03, 0x00, 0xF0, 0x00, 0x40,
  0x00, 0x30, 0x03, 0xC0, 0x02, 0x00, 0x03, 0x00, 0x1E, 0x00, 0x30, 0x00,
  0x38, 0x00, 0x78, 0x01, 0x80, 0x03, 0x80, 0x03, 0xE0, 0x0C, 0x00, 0x18,
  0x00, 0x0F, 0x00, 0xC0, 0x01, 0xC0, 0x00, 0x7C, 0x06, 0x00, 0x1C, 0x00,
  0x01, 0xF0, 0x70, 0x01, 0xC0, 0x00, 0x07, 0xC7, 0x00, 0x1C, 0x00, 0x00,
  0x3F, 0xF0, 0x01, 0xE0, 0x00, 0x00, 0x7F, 0x80, 0x0E, 0x00, 0x00, 0x01,
  0xF0, 0x00, 0xC0, 0x00, 0x00, 0x00, 0x00, 0x0C, 0x00, 0x00, 0x00, 0x00,
  0x00, 0xC0, 0x00, 0x00, 0x00, 0x00, 0x00, 0x00, 0x00, 0x00, 0x00, 0x00,
  0x00, 0x00, 0xC0, 0x00, 0x00, 0x00, 0x00, 0x00, 0x00, 0x3C, 0x00, 0x00,
  0x00, 0x00, 0x00, 0x00, 0x0F, 0x80, 0x01, 0xFF, 0x80, 0x00, 0x00, 0x01,
  0xF0, 0x01, 0xFF, 0xFF, 0x00, 0x00, 0x00, 0x7C, 0x00, 0xE0, 0x07, 0xFE,
  0x00, 0x00, 0x0F, 0x80, 0x70, 0x00, 0x1F, 0xFC, 0x00, 0x01, 0xF0, 0x18,
  0x00, 0x00, 0x3F, 0xF8, 0x00, 0x3E, 0x0E, 0x00, 0x00, 0x03, 0xFF, 0xF8,
  0x07, 0xC3, 0x80, 0x00, 0x00, 0x78, 0x00, 0x01, 0xF0, 0x60, 0x00, 0x00,
  0x0E, 0x00, 0x00, 0x3E, 0x18, 0x00, 0x00, 0x01, 0xC0, 0x00, 0x0F, 0xC7,
  0x00, 0x00, 0x00, 0x38, 0x00, 0x01, 0xF8, 0xC0, 0x00, 0x00, 0x0E, 0x00,
  0x00, 0x2E, 0x18, 0x00, 0x00, 0x01, 0xC0, 0x00, 0x0F, 0xC6, 0x00, 0x00,
  0x00, 0x30, 0x00, 0x01, 0x78, 0xC0, 0x00, 0x00, 0x06, 0x00, 0x00, 0x6F,
  0x18, 0x00, 0x00, 0x01, 0xC0, 0x00, 0x0B, 0xE3, 0x00, 0x00, 0x00, 0x30,
  0x00, 0x03, 0x78, 0x60, 0x00, 0x00, 0x06, 0x00, 0x00, 0x4F, 0x0C, 0x00,
  0x00, 0x01, 0x80, 0x00, 0x19, 0xE1, 0x80, 0x00, 0x00, 0x30, 0x00, 0x06,
  0x78, 0x18, 0x00, 0x00, 0x06, 0x00, 0x00, 0xCF, 0x03, 0x00, 0x00, 0x01,
  0x80, 0x00, 0x31, 0xE0, 0x30, 0x00, 0x00, 0x30, 0x00, 0x06, 0x3C, 0x07,
  0x00, 0x00, 0x06, 0x00, 0x01, 0x8F, 0x00, 0x78, 0x00, 0x01, 0x80, 0x00,
  0x71, 0xE0, 0x07, 0xE0, 0x00, 0x30, 0x00, 0x0C, 0x3C, 0x00, 0x00, 0x00,
  0x06, 0x00, 0x03, 0x0F, 0x00, 0x00, 0x00, 0x01, 0x80, 0x00, 0x61, 0xE0,
  0x00, 0x00, 0x00, 0x30, 0x00, 0x18, 0x3C, 0x00, 0x00, 0x00, 0x0E, 0x00,
  0x06, 0x0F, 0x00, 0x00, 0x00, 0x01, 0xC0, 0x00, 0xC1, 0xE0, 0x00, 0x00,
  0x00, 0x30, 0x00, 0x30, 0x38, 0x00, 0x00, 0x00, 0x0E, 0x00, 0x0C, 0x0F,
  0x00, 0x00, 0x00, 0x01, 0xC0, 0x03, 0x01, 0xC0, 0x00, 0x00, 0x00, 0x78,
  0x00, 0x60, 0x38, 0x00, 0x00, 0x00, 0x0F, 0x00, 0x18, 0x0F, 0x00, 0x00,
  0x00, 0x01, 0xC0, 0x06, 0x01, 0xC0, 0x00, 0x00, 0x00, 0x78, 0x01, 0x80,
  0x78, 0x00, 0x00, 0x00, 0x0F, 0x00, 0x60, 0x0E, 0x00, 0x00, 0x00, 0x01,
  0xE0, 0x18, 0x01, 0xC0, 0x00, 0x00, 0x00, 0x7C, 0x06, 0x00, 0x70, 0x00,
  0x00, 0x00, 0x0F, 0x83, 0x80, 0x0E, 0x00, 0x00, 0x00, 0x01, 0xF9, 0xE0,
  0x03, 0x80, 0x00, 0x00, 0x00, 0x3F, 0xF8, 0x00, 0x70, 0x00, 0x00, 0x00,
  0x07, 0xFC, 0x00, 0x1C, 0x00, 0x00, 0x00, 0x00, 0x7E, 0x00, 0x03, 0x00,
  0x00, 0x00, 0x00, 0x02, 0x00, 0x00, 0xE0, 0x00, 0x00, 0x00, 0x00, 0x00,
  0x00, 0x18, 0x00, 0x00, 0x00, 0x00, 0x00, 0x00, 0x07, 0x00, 0x00, 0x00,
  0x00, 0x00, 0x00, 0x00, 0xC0, 0x00, 0x00, 0x00, 0x00, 0x00, 0x00, 0x30,
  0x00, 0x00, 0x00, 0x00, 0x00, 0x00, 0x0C, 0x00, 0x00, 0x00, 0x00, 0x00,
  0x00, 0x01, 0x80, 0x00, 0x00, 0x00, 0x00, 0x00, 0x00, 0x60, 0x00, 0x00,
  0x00, 0x00, 0x00, 0x00, 0x18, 0x00, 0x00, 0x00, 0x10, 0x00, 0x00, 0x06,
  0x00, 0x00, 0x00, 0x02, 0x00, 0x00, 0x00, 0x80, 0x00, 0x00, 0x00, 0x60,
  0x00, 0x00, 0x20, 0x00, 0x00, 0x00, 0x0E, 0x00, 0x00, 0x08, 0x00, 0x00,
  0x00, 0x00, 0xE0, 0x00, 0x02, 0x00, 0x00, 0x00, 0x00, 0x1E, 0x00, 0x01,
  0x80, 0x00, 0x00, 0x00, 0x01, 0xE0, 0x00, 0x60, 0x00, 0x00, 0x00, 0x00,
  0x1F, 0x00, 0x30, 0x00, 0x00, 0x00, 0x00, 0x01, 0xFE, 0x7C, 0x00, 0x00,
  0x00, 0x00, 0x00, 0x1F, 0xFE, 0x00, 0x00, 0x00, 0x00, 0x00, 0x00, 0xFE,
  0x00, 0x00, 0x00, 0x00, 0x00, 0x00, 0x00, 0x00, 0x3F, 0x00, 0x00, 0x00,
  0x00, 0x00, 0x00, 0x00, 0xFF, 0xFF, 0x00, 0x00, 0x00, 0x00, 0x00, 0x01,
  0xFF, 0xFF, 0xF8, 0x00, 0x00, 0x00, 0x00, 0x01, 0xE0, 0x01, 0xFF, 0xE0,
  0x01, 0xF0, 0x00, 0x01, 0x80, 0x00, 0x01, 0xFF, 0x87, 0x18, 0x00, 0x01,
  0x80, 0x00, 0x00, 0x03, 0xFF, 0xF0, 0x00, 0x00, 0x80, 0x00, 0x00, 0x00,
  0x18, 0x00, 0x00, 0x00, 0x40, 0x00, 0x00, 0x00, 0x18, 0x00, 0x00, 0x00,
  0x20, 0x00, 0x00, 0x00, 0x30, 0x00, 0x00, 0x00, 0x10, 0x00, 0x00, 0x00,
  0x30, 0x00, 0x00, 0x00, 0x04, 0x00, 0x00, 0x00, 0x70, 0x00, 0x00, 0x00,
  0x00, 0x00, 0x00, 0x00, 0x70, 0x00, 0x00, 0x00, 0x00, 0x00, 0x00, 0x00,
  0x70, 0x00, 0x00, 0x00, 0x00, 0x00, 0x00, 0x00, 0xF0, 0x00, 0x00, 0x00,
  0x00, 0x00, 0x00, 0x00, 0xF0, 0x00, 0x00, 0x00, 0x00, 0x00, 0x00, 0x00,
  0xF0, 0x00, 0x00, 0x00, 0x00, 0x00, 0x00, 0x00, 0xF0, 0x00, 0x00, 0x00,
  0x00, 0x00, 0x00, 0x00, 0xF0, 0x00, 0x00, 0x00, 0x00, 0x00, 0x00, 0x00,
  0xF0, 0x00, 0x00, 0x00, 0x00, 0x00, 0x00, 0x00, 0xF8, 0x00, 0x00, 0x00,
  0x00, 0x00, 0x00, 0x00, 0xF8, 0x00, 0x00, 0x00, 0x00, 0x00, 0x00, 0x00,
  0xF8, 0x00, 0x00, 0x00, 0x00, 0x00, 0x00, 0x00, 0xF8, 0x00, 0x00, 0x00,
  0x00, 0x00, 0x03, 0xFF, 0xFF, 0xFC, 0x00, 0x00, 0x00, 0x00, 0x0F, 0xFC,
  0xF0, 0x01, 0x80, 0x00, 0x00, 0x00, 0x0F, 0x80, 0xF0, 0x00, 0x00, 0x00,
  0x00, 0x00, 0x07, 0x00, 0xF8, 0x00, 0x00, 0x00, 0x00, 0x00, 0x03, 0x00,
  0xF8, 0x00, 0x00, 0x00, 0x00, 0x00, 0x00, 0x80, 0xF8, 0x00, 0x00, 0x00,
  0x00, 0x00, 0x00, 0x00, 0xF8, 0x00, 0x00, 0x00, 0x00, 0x00, 0x00, 0x00,
  0x78, 0x00, 0x00, 0x00, 0x00, 0x00, 0x00, 0x00, 0x78, 0x00, 0x00, 0x00,
  0x00, 0x00, 0x00, 0x00, 0x7C, 0x00, 0x00, 0x00, 0x00, 0x00, 0x00, 0x00,
  0x7C, 0x00, 0x00, 0x00, 0x00, 0x00, 0x00, 0x00, 0x7C, 0x00, 0x00, 0x00,
  0x00, 0x00, 0xFF, 0x80, 0x7C, 0x00, 0x00, 0x00, 0x00, 0x01, 0xF0, 0xFC,
  0x3C, 0x00, 0x00, 0x00, 0x00, 0x03, 0x80, 0x03, 0xBC, 0x00, 0x00, 0x00,
  0x00, 0x01, 0x80, 0x00, 0x7C, 0x00, 0x00, 0x00, 0x00, 0x00, 0xC0, 0x00,
  0x3F, 0xC0, 0x00, 0x00, 0x02, 0x00, 0xE0, 0x00, 0x3C, 0x78, 0x00, 0x00,
  0x01, 0x00, 0x30, 0x00, 0x3C, 0x0F, 0x80, 0x00, 0x00, 0x40, 0x1C, 0x00,
  0x3C, 0x01, 0xF0, 0x00, 0x00, 0x20, 0x07, 0x80, 0x78, 0x00, 0x3F, 0x00,
  0x00, 0x10, 0x01, 0xFF, 0xF0, 0x00, 0x07, 0xF0, 0x00, 0x08, 0x00, 0x3F,
  0xC0, 0x00, 0x00, 0xFF, 0x80, 0x08, 0x00, 0x00, 0x00, 0x00, 0x00, 0x1F,
  0xFF, 0xF8, 0x00, 0x00, 0x00, 0x00, 0x00, 0x01, 0xFF, 0xF8, 0x00, 0x00,
  0x00, 0x00, 0x00, 0x00, 0x1F, 0xE0, 0x00, 0x00, 0x00, 0x00, 0x00, 0x0F,
  0xF8, 0x00, 0x00, 0x00, 0x7F, 0xF0, 0x00, 0x00, 0x03, 0x80, 0x00, 0x00,
  0x00, 0x1E, 0x00, 0x00, 0x00, 0x00, 0x70, 0x00, 0x00, 0x00, 0x03, 0xC0,
  0x00, 0x00, 0x00, 0x0E, 0x00, 0x00, 0x00, 0x00, 0x78, 0x00, 0x00, 0x00,
  0x01, 0xC0, 0x00, 0x00, 0x00, 0x0E, 0x00, 0x00, 0x00, 0x00, 0x78, 0x00,
  0x00, 0x00, 0x01, 0xC0, 0x00, 0x00, 0x00, 0x0F, 0x00, 0x00, 0x00, 0x00,
  0x38, 0x00, 0x00, 0x00, 0x01, 0xE0, 0x00, 0x00, 0x00, 0x07, 0x00, 0x00,
  0x00, 0x00, 0x38, 0x00, 0x00, 0x00, 0x00, 0xE0, 0x00, 0x00, 0x00, 0x07,
  0x00, 0x00, 0x00, 0x00, 0x3C, 0x00, 0x00, 0x00, 0x00, 0xE0, 0x00, 0x00,
  0x00, 0x07, 0x80, 0x00, 0x00, 0x00, 0x1C, 0x00, 0x00, 0x00, 0x00, 0xF0,
  0x00, 0x00, 0x00, 0x03, 0x80, 0x00, 0x00, 0x00, 0x1C, 0x00, 0x00, 0x00,
  0x00, 0xF0, 0x00, 0x00, 0x00, 0x03, 0x80, 0x00, 0x00, 0x00, 0x1E, 0x00,
  0x00, 0x00, 0x00, 0x70, 0x00, 0x00, 0x00, 0x03, 0xC0, 0x00, 0x00, 0x00,
  0x0E, 0x00, 0x00, 0x00, 0x00, 0x78, 0x00, 0x00, 0x00, 0x03, 0xC0, 0x00,
  0x00, 0x00, 0x0E, 0x00, 0x00, 0x00, 0x00, 0x78, 0x00, 0x00, 0x00, 0x01,
  0xC0, 0x00, 0x00, 0x00, 0x0F, 0x00, 0x00, 0x00, 0x00, 0x38, 0x00, 0x00,
  0x00, 0x01, 0xE0, 0x00, 0x00, 0x00, 0x07, 0x00, 0x00, 0x00, 0x00, 0x38,
  0x00, 0x00, 0x00, 0x01, 0xE0, 0x00, 0x00, 0x00, 0x07, 0x00, 0x00, 0x00,
  0x00, 0x3C, 0x00, 0x00, 0x00, 0x00, 0xE0, 0x00, 0x00, 0x00, 0x07, 0x80,
  0x00, 0x00, 0x00, 0x1E, 0x00, 0x00, 0x00, 0x00, 0xF8, 0x00, 0x00, 0x00,
  0x01, 0xF8, 0x00, 0x00, 0x00, 0x01, 0xFF, 0xF0, 0x00, 0x00, 0x00, 0x40,
  0x00, 0x00, 0x00, 0xE0, 0x00, 0x00, 0x00, 0x70, 0x00, 0x00, 0x00, 0x30,
  0x00, 0x00, 0x00, 0x38, 0x00, 0x00, 0x00, 0x1C, 0x00, 0x00, 0x00, 0x0C,
  0x00, 0x00, 0x00, 0x0E, 0x00, 0x00, 0x00, 0x07, 0x00, 0x00, 0x00, 0x03,
  0x00, 0x00, 0x00, 0x03, 0x80, 0x00, 0x00, 0x01, 0xC0, 0x00, 0x00, 0x00,
  0xC0, 0x00, 0x00, 0x00, 0xE0, 0x00, 0x00, 0x00, 0x70, 0x00, 0x00, 0x00,
  0x30, 0x00, 0x00, 0x00, 0x38, 0x00, 0x00, 0x00, 0x1C, 0x00, 0x00, 0x00,
  0x0C, 0x00, 0x00, 0x00, 0x06, 0x00, 0x00, 0x00, 0x07, 0x00, 0x00, 0x00,
  0x03, 0x00, 0x00, 0x00, 0x01, 0x80, 0x00, 0x00, 0x01, 0xC0, 0x00, 0x00,
  0x00, 0xC0, 0x00, 0x00, 0x00, 0x60, 0x00, 0x00, 0x00, 0x70, 0x00, 0x00,
  0x00, 0x30, 0x00, 0x00, 0x00, 0x18, 0x00, 0x00, 0x00, 0x1C, 0x00, 0x00,
  0x00, 0x0C, 0x00, 0x00, 0x00, 0x06, 0x00, 0x00, 0x00, 0x07, 0x00, 0x00,
  0x00, 0x03, 0x80, 0x00, 0x00, 0x01, 0x80, 0x00, 0x00, 0x01, 0xC0, 0x00,
  0x00, 0x00, 0xE0, 0x00, 0x00, 0x00, 0x60, 0x00, 0x00, 0x00, 0x70, 0x00,
  0x00, 0x00, 0x38, 0x00, 0x00, 0x00, 0x38, 0x00, 0x00, 0x00, 0x1C, 0x00,
  0x00, 0x00, 0x0E, 0x00, 0x00, 0x00, 0x0F, 0x00, 0x00, 0x00, 0x03, 0x00,
  0x00, 0x03, 0xFF, 0x80, 0x00, 0x00, 0x07, 0x0F, 0xC0, 0x00, 0x00, 0x00,
  0x0F, 0xC0, 0x00, 0x00, 0x00, 0x1F, 0x00, 0x00, 0x00, 0x00, 0x78, 0x00,
  0x00, 0x00, 0x01, 0xE0, 0x00, 0x00, 0x00, 0x07, 0x00, 0x00, 0x00, 0x00,
  0x3C, 0x00, 0x00, 0x00, 0x00, 0xE0, 0x00, 0x00, 0x00, 0x07, 0x80, 0x00,
  0x00, 0x00, 0x3C, 0x00, 0x00, 0x00, 0x00, 0xE0, 0x00, 0x00, 0x00, 0x07,
  0x80, 0x00, 0x00, 0x00, 0x1C, 0x00, 0x00, 0x00, 0x00, 0xF0, 0x00, 0x00,
  0x00, 0x03, 0x80, 0x00, 0x00, 0x00, 0x1E, 0x00, 0x00, 0x00, 0x00, 0xF0,
  0x00, 0x00, 0x00, 0x03, 0x80, 0x00, 0x00, 0x00, 0x1E, 0x00, 0x00, 0x00,
  0x00, 0x70, 0x00, 0x00, 0x00, 0x03, 0xC0, 0x00, 0x00, 0x00, 0x0E, 0x00,
  0x00, 0x00, 0x00, 0x70, 0x00, 0x00, 0x00, 0x03, 0xC0, 0x00, 0x00, 0x00,
  0x0E, 0x00, 0x00, 0x00, 0x00, 0x78, 0x00, 0x00, 0x00, 0x01, 0xC0, 0x00,
  0x00, 0x00, 0x0F, 0x00, 0x00, 0x00, 0x00, 0x38, 0x00, 0x00, 0x00, 0x01,
  0xC0, 0x00, 0x00, 0x00, 0x0F, 0x00, 0x00, 0x00, 0x00, 0x38, 0x00, 0x00,
  0x00, 0x01, 0xE0, 0x00, 0x00, 0x00, 0x07, 0x00, 0x00, 0x00, 0x00, 0x3C,
  0x00, 0x00, 0x00, 0x00, 0xE0, 0x00, 0x00, 0x00, 0x07, 0x00, 0x00, 0x00,
  0x00, 0x3C, 0x00, 0x00, 0x00, 0x00, 0xE0, 0x00, 0x00, 0x00, 0x07, 0x80,
  0x00, 0x00, 0x00, 0x1C, 0x00, 0x00, 0x00, 0x00, 0xF0, 0x00, 0x00, 0x00,
  0x03, 0x80, 0x00, 0x00, 0x00, 0x1C, 0x00, 0x00, 0x00, 0x00, 0xF0, 0x00,
  0x00, 0x00, 0x03, 0x80, 0x00, 0x00, 0x00, 0x1E, 0x00, 0x00, 0x00, 0x00,
  0x70, 0x00, 0x00, 0x03, 0xFF, 0xC0, 0x00, 0x00, 0x07, 0xFC, 0x00, 0x00,
  0x00, 0x00, 0x00, 0xC0, 0x00, 0x78, 0x00, 0x7F, 0x00, 0x39, 0xE0, 0x1C,
  0x1C, 0x0C, 0x03, 0x86, 0x00, 0x3B, 0x00, 0x03, 0x7F, 0xFF, 0xFF, 0xFF,
  0xFF, 0xBF, 0xFF, 0xFF, 0xFF, 0xFF, 0xE0, 0xE0, 0x1E, 0x00, 0xE0, 0x0E,
  0x00, 0x70, 0x03, 0x00, 0x18, 0x00, 0x00, 0x07, 0x00, 0x1F, 0x8C, 0x00,
  0x70, 0xF8, 0x00, 0xE0, 0xF8, 0x01, 0xC0, 0xF0, 0x03, 0x80, 0xE0, 0x07,
  0x01, 0xE0, 0x07, 0x01, 0xC0, 0x0E, 0x01, 0xC0, 0x0E, 0x03, 0x80, 0x1C,
  0x03, 0x80, 0x1C, 0x07, 0x80, 0x3C, 0x0B, 0x01, 0x38, 0x0F, 0x01, 0x78,
  0x17, 0x02, 0x78, 0x2E, 0x04, 0x70, 0x4E, 0x08, 0x70, 0x8E, 0x08, 0xF1,
  0x1E, 0x10, 0xF2, 0x1E, 0x20, 0xFC, 0x1E, 0xC0, 0xF8, 0x1F, 0x80, 0x70,
  0x1E, 0x00, 0x00, 0x00, 0x07, 0xE0, 0x00, 0x00, 0xE0, 0x80, 0x00, 0x1E,
  0x02, 0x00, 0x01, 0xE0, 0x10, 0x00, 0x1E, 0x00, 0x00, 0x01, 0xE0, 0x00,
  0x00, 0x1E, 0x00, 0x00, 0x01, 0xE0, 0x00, 0x00, 0x0E, 0x00, 0x00, 0x00,
  0xF0, 0x00, 0x00, 0x07, 0x00, 0x00, 0x00, 0x78, 0x00, 0x00, 0x03, 0x80,
  0x00, 0x00, 0x3C, 0x00, 0x00, 0x01, 0xC0, 0x00, 0x00, 0x1E, 0x00, 0x00,
  0x00, 0xE0, 0x00, 0x00, 0x0F, 0x00, 0x00, 0x00, 0x70, 0x00, 0x00, 0x03,
  0x80, 0x00, 0x00, 0x38, 0x00, 0x00, 0x01, 0xC0, 0x00, 0x00, 0x1E, 0x07,
  0x00, 0x00, 0xE0, 0x7C, 0x00, 0x07, 0x07, 0xE0, 0x00, 0x70, 0xCF, 0x00,
  0x03, 0x88, 0x78, 0x00, 0x1C, 0x43, 0x80, 0x01, 0xC4, 0x1C, 0x00, 0x0E,
  0x41, 0xE0, 0x00, 0x74, 0x0F, 0x00, 0x07, 0x40, 0x70, 0x00, 0x3E, 0x07,
  0x80, 0x01, 0xE0, 0x38, 0x00, 0x0E, 0x01, 0xC0, 0x00, 0xF0, 0x1C, 0x00,
  0x07, 0x00, 0xE0, 0x00, 0x38, 0x0E, 0x00, 0x01, 0xC0, 0xE0, 0x00, 0x1C,
  0x07, 0x00, 0x00, 0xE0, 0x70, 0x00, 0x07, 0x07, 0x00, 0x00, 0x3C, 0xF0,
  0x00, 0x00, 0xFE, 0x00, 0x00, 0x00, 0x00, 0x1F, 0x00, 0x0E, 0x38, 0x03,
  0x83, 0x00, 0xE0, 0x40, 0x38, 0x08, 0x0E, 0x01, 0x03, 0xC0, 0x40, 0x70,
  0x08, 0x1C, 0x00, 0x03, 0x80, 0x04, 0xF0, 0x00, 0x9C, 0x00, 0x27, 0x80,
  0x08, 0xE0, 0x02, 0x1C, 0x00, 0x87, 0x80, 0x30, 0xF0, 0x0C, 0x1E, 0x06,
  0x03, 0xC1, 0x80, 0x7C, 0xE0, 0x07, 0xF0, 0x00, 0xF8, 0x00, 0x00, 0x00,
  0x00, 0x00, 0x07, 0x00, 0x00, 0x00, 0x3C, 0x00, 0x00, 0x00, 0x78, 0x00,
  0x00, 0x00, 0xF0, 0x00, 0x00, 0x01, 0xE0, 0x00, 0x00, 0x01, 0xE0, 0x00,
  0x00, 0x01, 0xC0, 0x00, 0x00, 0x03, 0x80, 0x00, 0x00, 0x03, 0x80, 0x00,
  0x00, 0x03, 0x00, 0x00, 0x00, 0x07, 0x00, 0x00, 0x00, 0x06, 0x00, 0x00,
  0x00, 0x0E, 0x00, 0x00, 0x00, 0x0C, 0x00, 0x00, 0x00, 0x1C, 0x00, 0x00,
  0x00, 0x1C, 0x00, 0x00, 0x00, 0x18, 0x00, 0x00, 0x00, 0x38, 0x00, 0x00,
  0x1F, 0xF0, 0x00, 0x00, 0x79, 0xF0, 0x00, 0x00, 0xE0, 0xE0, 0x00, 0x01,
  0xC0, 0xE0, 0x00, 0x03, 0x80, 0xC0, 0x00, 0x07, 0x81, 0xC0, 0x00, 0x07,
  0x01, 0xC0, 0x00, 0x0E, 0x01, 0x80, 0x00, 0x0E, 0x03, 0x80, 0x00, 0x1C,
  0x03, 0x80, 0x00, 0x1C, 0x07, 0x00, 0x00, 0x3C, 0x0F, 0x01, 0x00, 0x38,
  0x0F, 0x02, 0x00, 0x78, 0x1E, 0x04, 0x00, 0x78, 0x2E, 0x04, 0x00, 0x70,
  0x4E, 0x08, 0x00, 0x70, 0x9C, 0x10, 0x00, 0xF1, 0x1C, 0x30, 0x00, 0xF3,
  0x1C, 0x60, 0x00, 0xFC, 0x3E, 0xC0, 0x00, 0xF8, 0x3F, 0x00, 0x00, 0x70,
  0x1C, 0x00, 0x00, 0x00, 0x1F, 0x80, 0x1C, 0x70, 0x0E, 0x0C, 0x07, 0x03,
  0x03, 0x80, 0xC1, 0xC0, 0x20, 0xF0, 0x18, 0x38, 0x04, 0x1C, 0xFF, 0x87,
  0xF0, 0x03, 0xC0, 0x00, 0xE0, 0x01, 0x78, 0x00, 0x5C, 0x00, 0x27, 0x00,
  0x11, 0xC0, 0x04, 0xF0, 0x02, 0x3C, 0x01, 0x8F, 0x00, 0x83, 0xC0, 0xC0,
  0x79, 0xC0, 0x0F, 0x80, 0x00, 0x00, 0x00, 0x00, 0x00, 0x00, 0x0F, 0xF0,
  0x00, 0x00, 0x00, 0x00, 0x03, 0x8E, 0x00, 0x00, 0x00, 0x00, 0x00, 0x60,
  0x70, 0x00, 0x00, 0x00, 0x00, 0x0C, 0x03, 0x00, 0x00, 0x00, 0x00, 0x01,
  0x80, 0x20, 0x00, 0x00, 0x00, 0x00, 0x38, 0x02, 0x00, 0x00, 0x00, 0x00,
  0x07, 0x00, 0x20, 0x00, 0x00, 0x00, 0x00, 0xE0, 0x04, 0x00, 0x00, 0x00,
  0x00, 0x0E, 0x00, 0x00, 0x00, 0x00, 0x00, 0x01, 0xC0, 0x00, 0x00, 0x00,
  0x00, 0x00, 0x3C, 0x00, 0x00, 0x00, 0x00, 0x00, 0x03, 0x80, 0x00, 0x00,
  0x00, 0x00, 0x00, 0x78, 0x00, 0x00, 0x00, 0x00, 0x00, 0x07, 0x00, 0x00,
  0x00, 0x00, 0x00, 0x00, 0xF0, 0x00, 0x00, 0x00, 0x00, 0x00, 0x0E, 0x00,
  0x00, 0x00, 0x00, 0x00, 0x00, 0xE0, 0x00, 0x00, 0x00, 0x00, 0x00, 0x1C,
  0x00, 0x00, 0x00, 0x00, 0x00, 0x01, 0xC0, 0x00, 0x00, 0x00, 0x00, 0x00,
  0x3C, 0x00, 0x00, 0x00, 0x00, 0x00, 0x03, 0x80, 0x00, 0x00, 0x00, 0x00,
  0x00, 0x38, 0x00, 0x00, 0x00, 0x00, 0x00, 0x1F, 0xFE, 0x00, 0x00, 0x00,
  0x00, 0x07, 0xFF, 0x80, 0x00, 0x00, 0x00, 0x00, 0x07, 0x00, 0x00, 0x00,
  0x00, 0x00, 0x00, 0xF0, 0x00, 0x00, 0x00, 0x00, 0x00, 0x0E, 0x00, 0x00,
  0x00, 0x00, 0x00, 0x00, 0xE0, 0x00, 0x00, 0x00, 0x00, 0x00, 0x1E, 0x00,
  0x00, 0x00, 0x00, 0x00, 0x01, 0xC0, 0x00, 0x00, 0x00, 0x00, 0x00, 0x1C,
  0x00, 0x00, 0x00, 0x00, 0x00, 0x03, 0x80, 0x00, 0x00, 0x00, 0x00, 0x00,
  0x38, 0x00, 0x00, 0x00, 0x00, 0x00, 0x03, 0x80, 0x00, 0x00, 0x00, 0x00,
  0x00, 0x70, 0x00, 0x00, 0x00, 0x00, 0x00, 0x07, 0x00, 0x00, 0x00, 0x00,
  0x00, 0x00, 0x70, 0x00, 0x00, 0x00, 0x00, 0x00, 0x0E, 0x00, 0x00, 0x00,
  0x00, 0x00, 0x00, 0xE0, 0x00, 0x00, 0x00, 0x00, 0x00, 0x1E, 0x00, 0x00,
  0x00, 0x00, 0x00, 0x01, 0xC0, 0x00, 0x00, 0x00, 0x00, 0x00, 0x1C, 0x00,
  0x00, 0x00, 0x00, 0x00, 0x03, 0x80, 0x00, 0x00, 0x00, 0x00, 0x00, 0x38,
  0x00, 0x00, 0x00, 0x00, 0x00, 0x07, 0x00, 0x00, 0x00, 0x00, 0x00, 0x00,
  0x70, 0x00, 0x00, 0x00, 0x00, 0x00, 0x0E, 0x00, 0x00, 0x00, 0x00, 0x00,
  0x00, 0xE0, 0x00, 0x00, 0x00, 0x00, 0x00, 0x1C, 0x00, 0x00, 0x00, 0x00,
  0x00, 0x01, 0xC0, 0x00, 0x00, 0x00, 0x00, 0x00, 0x38, 0x00, 0x00, 0x00,
  0x00, 0x00, 0x03, 0x00, 0x00, 0x00, 0x00, 0x00, 0x00, 0x70, 0x00, 0x00,
  0x00, 0x00, 0x00, 0x0E, 0x00, 0x00, 0x00, 0x00, 0x80, 0x01, 0xC0, 0x00,
  0x00, 0x00, 0x08, 0x00, 0x18, 0x00, 0x00, 0x00, 0x00, 0x40, 0x03, 0x00,
  0x00, 0x00, 0x00, 0x02, 0x00, 0xE0, 0x00, 0x00, 0x00, 0x00, 0x38, 0x18,
  0x00, 0x00, 0x00, 0x00, 0x07, 0xFE, 0x00, 0x00, 0x00, 0x00, 0x00, 0x1F,
  0x80, 0x00, 0x00, 0x00, 0x00, 0x00, 0x00, 0x00, 0x00, 0x00, 0x30, 0x00,
  0x00, 0x1F, 0x8C, 0x00, 0x00, 0x07, 0x8F, 0x80, 0x00, 0x00, 0xE0, 0xF0,
  0x00, 0x00, 0x1C, 0x0F, 0x00, 0x00, 0x03, 0x80, 0xF0, 0x00, 0x00, 0x78,
  0x0E, 0x00, 0x00, 0x07, 0x01, 0xE0, 0x00, 0x00, 0xF0, 0x1C, 0x00, 0x00,
  0x0E, 0x03, 0xC0, 0x00, 0x01, 0xC0, 0x3C, 0x00, 0x00, 0x1C, 0x07, 0x80,
  0x00, 0x03, 0xC0, 0xF8, 0x00, 0x00, 0x38, 0x0F, 0x80, 0x00, 0x07, 0x81,
  0x70, 0x00, 0x00, 0x78, 0x27, 0x00, 0x00, 0x07, 0x04, 0x70, 0x00, 0x00,
  0x70, 0x8E, 0x00, 0x00, 0x07, 0x18, 0xE0, 0x00, 0x00, 0xF2, 0x1E, 0x00,
  0x00, 0x0F, 0xC1, 0xC0, 0x00, 0x00, 0xF8, 0x1C, 0x00, 0x00, 0x07, 0x03,
  0x80, 0x00, 0x00, 0x00, 0x38, 0x00, 0x00, 0x00, 0x07, 0x00, 0x00, 0x00,
  0x00, 0x70, 0x00, 0x00, 0x00, 0x06, 0x00, 0x00, 0x00, 0x00, 0xE0, 0x00,
  0x00, 0x00, 0x0C, 0x00, 0x00, 0x00, 0x01, 0x80, 0x00, 0x00, 0x00, 0x38,
  0x00, 0x00, 0x00, 0x03, 0x00, 0x00, 0x00, 0x00, 0x60, 0x00, 0x08, 0x00,
  0x0C, 0x00, 0x00, 0x80, 0x01, 0x80, 0x00, 0x04, 0x00, 0x30, 0x00, 0x00,
  0x20, 0x06, 0x00, 0x00, 0x03, 0x81, 0x80, 0x00, 0x00, 0x7F, 0xE0, 0x00,
  0x00, 0x01, 0xF8, 0x00, 0x00, 0x00, 0x00, 0x00, 0x01, 0xF8, 0x00, 0x00,
  0x0F, 0x08, 0x00, 0x00, 0x78, 0x08, 0x00, 0x01, 0xE0, 0x10, 0x00, 0x07,
  0x80, 0x20, 0x00, 0x1E, 0x00, 0x00, 0x00, 0x78, 0x00, 0x00, 0x00, 0xE0,
  0x00, 0x00, 0x03, 0xC0, 0x00, 0x00, 0x0F, 0x00, 0x00, 0x00, 0x1C, 0x00,
  0x00, 0x00, 0x78, 0x00, 0x00, 0x00, 0xE0, 0x00, 0x00, 0x03, 0xC0, 0x00,
  0x00, 0x07, 0x00, 0x00, 0x00, 0x1E, 0x00, 0x00, 0x00, 0x38, 0x00, 0x00,
  0x00, 0x70, 0x00, 0x00, 0x01, 0xC0, 0x00, 0x00, 0x03, 0x80, 0x00, 0x00,
  0x0E, 0x00, 0x00, 0x00, 0x1C, 0x00, 0x00, 0x00, 0x38, 0x0C, 0x00, 0x00,
  0xE0, 0x78, 0x00, 0x01, 0xC3, 0xF0, 0x00, 0x03, 0x89, 0xE0, 0x00, 0x0E,
  0x23, 0xC0, 0x00, 0x1C, 0x87, 0x00, 0x00, 0x3A, 0x1E, 0x00, 0x00, 0xE4,
  0x38, 0x00, 0x01, 0xD0, 0xF0, 0x00, 0x03, 0xC1, 0xC0, 0x00, 0x0F, 0x83,
  0x80, 0x00, 0x1E, 0x0F, 0x00, 0x00, 0x38, 0x1C, 0x00, 0x00, 0xF0, 0x78,
  0x00, 0x01, 0xE0, 0xE0, 0x80, 0x03, 0x81, 0xC2, 0x00, 0x0F, 0x07, 0x88,
  0x00, 0x1C, 0x0F, 0x20, 0x00, 0x38, 0x1E, 0x80, 0x00, 0xF0, 0x3E, 0x00,
  0x01, 0xC0, 0x70, 0x00, 0x02, 0x00, 0xC0, 0x00, 0x08, 0x00, 0x00, 0x00,
  0x00, 0x00, 0x00, 0x40, 0x00, 0x60, 0x00, 0xF0, 0x00, 0xF8, 0x00, 0x1C,
  0x00, 0x00, 0x00, 0x00, 0x00, 0x00, 0x00, 0x00, 0x00, 0x00, 0x00, 0x00,
  0x07, 0x00, 0x03, 0x00, 0x03, 0xC0, 0x01, 0xE0, 0x00, 0xF0, 0x00, 0x3C,
  0x00, 0x0E, 0x00, 0x07, 0x80, 0x01, 0xC0, 0x00, 0x70, 0x00, 0x38, 0x00,
  0x0E, 0x02, 0x03, 0x81, 0x01, 0xC0, 0x40, 0x70, 0x20, 0x1C, 0x10, 0x0F,
  0x04, 0x03, 0xC2, 0x00, 0xF3, 0x00, 0x3D, 0x80, 0x0F, 0x80, 0x03, 0xC0,
  0x00, 0x00, 0x00, 0x00, 0x01, 0x00, 0x00, 0x00, 0x0E, 0x00, 0x00, 0x00,
  0xFC, 0x00, 0x00, 0x00, 0xF8, 0x00, 0x00, 0x00, 0x20, 0x00, 0x00, 0x00,
  0x00, 0x00, 0x00, 0x00, 0x00, 0x00, 0x00, 0x00, 0x00, 0x00, 0x00, 0x00,
  0x00, 0x00, 0x00, 0x00, 0x78, 0x00, 0x00, 0x01, 0xE0, 0x00, 0x00, 0x03,
  0xE0, 0x00, 0x00, 0x03, 0xC0, 0x00, 0x00, 0x03, 0xC0, 0x00, 0x00, 0x07,
  0x80, 0x00, 0x00, 0x07, 0x80, 0x00, 0x00, 0x07, 0x00, 0x00, 0x00, 0x07,
  0x00, 0x00, 0x00, 0x0F, 0x00, 0x00, 0x00, 0x0E, 0x00, 0x00, 0x00, 0x0E,
  0x00, 0x00, 0x00, 0x0E, 0x00, 0x00, 0x00, 0x1C, 0x00, 0x00, 0x00, 0x1C,
  0x00, 0x00, 0x00, 0x1C, 0x00, 0x00, 0x00, 0x18, 0x00, 0x00, 0x00, 0x38,
  0x00, 0x00, 0x00, 0x38, 0x00, 0x00, 0x00, 0x30, 0x00, 0x00, 0x00, 0x70,
  0x00, 0x00, 0x00, 0x70, 0x00, 0x00, 0x00, 0x60, 0x00, 0x00, 0x00, 0xE0,
  0x00, 0x00, 0x00, 0xC0, 0x00, 0x00, 0x00, 0xC0, 0x00, 0x00, 0x01, 0xC0,
  0x00, 0x00, 0x01, 0x80, 0x00, 0x00, 0x03, 0x00, 0x00, 0x00, 0x07, 0x00,
  0x00, 0x00, 0x06, 0x00, 0x00, 0x80, 0x0C, 0x00, 0x00, 0x80, 0x18, 0x00,
  0x00, 0x80, 0x30, 0x00, 0x00, 0x80, 0x60, 0x00, 0x00, 0xE1, 0xC0, 0x00,
  0x00, 0x7E, 0x00, 0x00, 0x00, 0x00, 0x00, 0x01, 0xF0, 0x00, 0x00, 0x3C,
  0x40, 0x00, 0x07, 0x80, 0x00, 0x00, 0x78, 0x00, 0x00, 0x07, 0x80, 0x00,
  0x00, 0x78, 0x00, 0x00, 0x03, 0x80, 0x00, 0x00, 0x38, 0x00, 0x00, 0x03,
  0xC0, 0x00, 0x00, 0x1C, 0x00, 0x00, 0x01, 0xC0, 0x00, 0x00, 0x0E, 0x00,
  0x00, 0x00, 0xE0, 0x00, 0x00, 0x07, 0x00, 0x00, 0x00, 0x70, 0x00, 0x00,
  0x03, 0x80, 0x00, 0x00, 0x38, 0x00, 0x00, 0x01, 0xC0, 0x00, 0x00, 0x1C,
  0x00, 0x00, 0x00, 0xE0, 0x00, 0x00, 0x07, 0x00, 0x00, 0x00, 0x70, 0x78,
  0x00, 0x03, 0x8F, 0xE0, 0x00, 0x18, 0x8F, 0x00, 0x01, 0xC8, 0x78, 0x00,
  0x0E, 0x83, 0x80, 0x00, 0xE8, 0x3C, 0x00, 0x07, 0x83, 0xC0, 0x00, 0x38,
  0x78, 0x00, 0x03, 0xFE, 0x00, 0x00, 0x1E, 0x00, 0x00, 0x00, 0xF8, 0x00,
  0x00, 0x0F, 0xC0, 0x00, 0x00, 0x7F, 0x00, 0x00, 0x03, 0x38, 0x00, 0x00,
  0x39, 0xE0, 0x00, 0x01, 0xC7, 0x00, 0x00, 0x0E, 0x3C, 0x00, 0x00, 0xE0,
  0xF0, 0x04, 0x07, 0x03, 0x80, 0x40, 0x78, 0x0F, 0x02, 0x03, 0x00, 0x3C,
  0x60, 0x20, 0x00, 0x7C, 0x00, 0x00, 0x00, 0x07, 0xE0, 0x00, 0x00, 0xE0,
  0xC0, 0x00, 0x0E, 0x02, 0x00, 0x01, 0xC0, 0x10, 0x00, 0x1C, 0x00, 0x00,
  0x00, 0xE0, 0x00, 0x00, 0x0E, 0x00, 0x00, 0x00, 0xE0, 0x00, 0x00, 0x0E,
  0x00, 0x00, 0x00, 0x70, 0x00, 0x00, 0x07, 0x00, 0x00, 0x00, 0x38, 0x00,
  0x00, 0x03, 0x80, 0x00, 0x00, 0x1C, 0x00, 0x00, 0x01, 0xC0, 0x00, 0x00,
  0x0E, 0x00, 0x00, 0x00, 0xE0, 0x00, 0x00, 0x07, 0x00, 0x00, 0x00, 0x70,
  0x00, 0x00, 0x03, 0x80, 0x00, 0x00, 0x18, 0x00, 0x00, 0x01, 0xC0, 0x00,
  0x00, 0x0E, 0x00, 0x00, 0x00, 0x60, 0x00, 0x00, 0x07, 0x00, 0x00, 0x00,
  0x30, 0x00, 0x00, 0x03, 0x80, 0x00, 0x00, 0x1C, 0x00, 0x00, 0x00, 0xC0,
  0x00, 0x00, 0x0E, 0x00, 0x00, 0x00, 0x60, 0x00, 0x00, 0x07, 0x00, 0x00,
  0x00, 0x38, 0x10, 0x00, 0x01, 0x80, 0x80, 0x00, 0x1C, 0x08, 0x00, 0x00,
  0xE0, 0x40, 0x00, 0x07, 0x04, 0x00, 0x00, 0x70, 0x40, 0x00, 0x03, 0x86,
  0x00, 0x00, 0x1C, 0x60, 0x00, 0x00, 0xE6, 0x00, 0x00, 0x07, 0xC0, 0x00,
  0x00, 0x3C, 0x00, 0x00, 0x00, 0x00, 0x3C, 0x00, 0x00, 0x00, 0x3C, 0x07,
  0x00, 0xC0, 0x07, 0x83, 0xE0, 0x78, 0x01, 0xE0, 0xFC, 0x3F, 0x00, 0x38,
  0x27, 0x89, 0xE0, 0x07, 0x08, 0xE2, 0x3C, 0x00, 0xE2, 0x3C, 0x87, 0x00,
  0x38, 0x87, 0xA1, 0xE0, 0x07, 0x20, 0xE8, 0x38, 0x00, 0xE8, 0x3E, 0x07,
  0x00, 0x1D, 0x07, 0x81, 0xC0, 0x07, 0x41, 0xF0, 0x38, 0x00, 0xF8, 0x3C,
  0x07, 0x02, 0x1E, 0x07, 0x81, 0xC0, 0x43, 0xC1, 0xE0, 0x38, 0x10, 0xF0,
  0x38, 0x0F, 0x04, 0x1E, 0x0F, 0x01, 0xC0, 0x83, 0x81, 0xE0, 0x38, 0x20,
  0x70, 0x38, 0x07, 0x0C, 0x1C, 0x0F, 0x01, 0xE2, 0x03, 0x81, 0x80, 0x3F,
  0x80, 0x70, 0x20, 0x07, 0xE0, 0x18, 0x08, 0x00, 0x70, 0x04, 0x00, 0x00,
  0x00, 0x00, 0x00, 0x3C, 0x00, 0x00, 0xF0, 0x1C, 0x00, 0x78, 0x3E, 0x00,
  0x78, 0x3F, 0x00, 0x38, 0x27, 0x80, 0x1C, 0x23, 0x80, 0x0E, 0x23, 0xC0,
  0x0E, 0x21, 0xC0, 0x07, 0x20, 0xE0, 0x03, 0xA0, 0xE0, 0x01, 0xD0, 0x70,
  0x01, 0xD0, 0x78, 0x00, 0xF8, 0x38, 0x08, 0x78, 0x1C, 0x04, 0x3C, 0x1E,
  0x04, 0x3C, 0x0E, 0x04, 0x1E, 0x07, 0x04, 0x0E, 0x07, 0x82, 0x07, 0x03,
  0xC2, 0x07, 0x01, 0xE2, 0x03, 0x80, 0xF6, 0x01, 0xC0, 0x7C, 0x01, 0x80,
  0x3C, 0x01, 0x00, 0x00, 0x00, 0x00, 0x1F, 0x80, 0x1F, 0xF0, 0x18, 0x3C,
  0x0C, 0x0E, 0x07, 0x03, 0x83, 0x80, 0xE1, 0xE0, 0x78, 0x70, 0x1E, 0x3C,
  0x07, 0x0E, 0x01, 0xC7, 0x80, 0xE1, 0xC0, 0x38, 0x70, 0x0E, 0x1C, 0x07,
  0x0E, 0x01, 0x83, 0x80, 0xE0, 0xE0, 0x30, 0x38, 0x18, 0x0E, 0x0C, 0x03,
  0x86, 0x00, 0xE6, 0x00, 0x3E, 0x00, 0x00, 0x00, 0x00, 0x00, 0x00, 0x0E,
  0x00, 0x00, 0x00, 0x00, 0x06, 0x40, 0x00, 0x00, 0x00, 0x03, 0x80, 0x00,
  0x00, 0x00, 0x00, 0xE0, 0x00, 0x00, 0x00, 0x00, 0x3C, 0x00, 0x00, 0x00,
  0x00, 0x07, 0x00, 0x00, 0x00, 0x00, 0x01, 0xE0, 0x00, 0x00, 0x00, 0x00,
  0x38, 0x06, 0x00, 0x00, 0x00, 0x07, 0x01, 0xE0, 0x00, 0x00, 0x00, 0xE0,
  0xFC, 0x00, 0x00, 0x00, 0x38, 0x3F, 0x80, 0x00, 0x00, 0x07, 0x0C, 0xF0,
  0x00, 0x00, 0x00, 0xE3, 0x1C, 0x00, 0x00, 0x00, 0x1C, 0xC3, 0x80, 0x00,
  0x00, 0x07, 0x30, 0x70, 0x00, 0x00, 0x00, 0xE4, 0x0E, 0x00, 0x00, 0x00,
  0x1D, 0x03, 0x80, 0x00, 0x00, 0x07, 0x40, 0x70, 0x00, 0x00, 0x00, 0xF8,
  0x1C, 0x00, 0x00, 0x00, 0x1E, 0x03, 0x80, 0x00, 0x00, 0x03, 0x80, 0xE0,
  0x00, 0x00, 0x00, 0xF0, 0x1C, 0x00, 0x00, 0x00, 0x1C, 0x07, 0x00, 0x00,
  0x00, 0x03, 0x80, 0xE0, 0x00, 0x00, 0x00, 0xE0, 0x38, 0x00, 0x00, 0x00,
  0x1C, 0x0E, 0x00, 0x00, 0x00, 0x03, 0x83, 0x80, 0x00, 0x00, 0x00, 0xF9,
  0xE0, 0x00, 0x00, 0x00, 0x1F, 0xF0, 0x00, 0x00, 0x00, 0x03, 0x00, 0x00,
  0x00, 0x00, 0x00, 0xE0, 0x00, 0x00, 0x00, 0x00, 0x1C, 0x00, 0x00, 0x00,
  0x00, 0x07, 0x00, 0x00, 0x00, 0x00, 0x00, 0xE0, 0x00, 0x00, 0x00, 0x00,
  0x38, 0x00, 0x00, 0x00, 0x00, 0x06, 0x00, 0x00, 0x00, 0x00, 0x01, 0xC0,
  0x00, 0x00, 0x00, 0x00, 0x30, 0x00, 0x00, 0x00, 0x00, 0x0E, 0x00, 0x00,
  0x00, 0x00, 0x01, 0x80, 0x00, 0x00, 0x00, 0x00, 0x60, 0x00, 0x00, 0x00,
  0x00, 0x18, 0x00, 0x00, 0x02, 0x00, 0x02, 0x00, 0x00, 0x00, 0x40, 0x00,
  0xC0, 0x00, 0x00, 0x04, 0x00, 0x20, 0x00, 0x00, 0x00, 0xC0, 0x08, 0x00,
  0x00, 0x00, 0x3E, 0x06, 0x00, 0x00, 0x00, 0x03, 0xFF, 0x00, 0x00, 0x00,
  0x00, 0x1F, 0x80, 0x00, 0x00, 0x00, 0x00, 0x00, 0x00, 0x07, 0x00, 0x1F,
  0x8C, 0x00, 0x70, 0xF8, 0x00, 0xE0, 0xF0, 0x01, 0xC0, 0xF0, 0x03, 0x80,
  0xE0, 0x07, 0x01, 0xE0, 0x07, 0x01, 0xC0, 0x0E, 0x01, 0xC0, 0x0E, 0x03,
  0xC0, 0x1C, 0x03, 0x80, 0x1C, 0x07, 0x80, 0x3C, 0x0B, 0x80, 0x38, 0x0F,
  0x00, 0x78, 0x17, 0x00, 0x78, 0x27, 0x00, 0x70, 0x47, 0x00, 0x70, 0x8E,
  0x00, 0xF1, 0x0E, 0x00, 0xF2, 0x0E, 0x00, 0xFC, 0x1C, 0x00, 0xF8, 0x1C,
  0x00, 0x70, 0x1C, 0x00, 0x00, 0x1C, 0x00, 0x00, 0x38, 0x00, 0x00, 0x38,
  0x00, 0x00, 0x38, 0x00, 0x00, 0x38, 0x00, 0x00, 0x38, 0x00, 0x00, 0x38,
  0x00, 0x00, 0x38, 0x00, 0x00, 0x38, 0x00, 0x00, 0x38, 0x00, 0x00, 0x38,
  0x00, 0x00, 0x38, 0x00, 0x00, 0x38, 0x00, 0x00, 0x1C, 0x00, 0x00, 0x1E,
  0x40, 0x00, 0x07, 0x80, 0x00, 0x3C, 0x00, 0x0F, 0x1F, 0x01, 0xE3, 0xF0,
  0x3C, 0x7F, 0x03, 0xCC, 0x30, 0x39, 0x81, 0x03, 0xB0, 0x10, 0x76, 0x02,
  0x07, 0x40, 0x20, 0x78, 0x00, 0x06, 0x80, 0x00, 0xF0, 0x00, 0x0F, 0x00,
  0x00, 0xE0, 0x00, 0x0E, 0x00, 0x01, 0xE0, 0x00, 0x1C, 0x00, 0x01, 0xC0,
  0x00, 0x1C, 0x00, 0x03, 0x80, 0x00, 0x38, 0x00, 0x03, 0x80, 0x00, 0x60,
  0x00, 0x08, 0x00, 0x00, 0x00, 0x03, 0xFC, 0x00, 0x39, 0xE0, 0x03, 0x81,
  0x80, 0x18, 0x06, 0x00, 0xE0, 0x18, 0x03, 0x00, 0x40, 0x1C, 0x02, 0x00,
  0x78, 0x08, 0x01, 0xE0, 0x00, 0x03, 0xC0, 0x00, 0x0F, 0x80, 0x00, 0x1F,
  0x00, 0x00, 0x3F, 0x00, 0x00, 0x3E, 0x00, 0x00, 0x78, 0x00, 0x01, 0xF0,
  0x00, 0x03, 0x80, 0x00, 0x0E, 0x01, 0x00, 0x30, 0x1C, 0x01, 0x80, 0xF8,
  0x1C, 0x01, 0xFF, 0x80, 0x03, 0xF8, 0x00, 0x00, 0x00, 0x00, 0xC0, 0x01,
  0xE0, 0x00, 0xF0, 0x00, 0x78, 0x00, 0x3C, 0x00, 0x0F, 0x00, 0x03, 0x80,
  0x01, 0xE0, 0x00, 0x70, 0x00, 0x1C, 0x00, 0x0E, 0x00, 0x1F, 0xFF, 0x0F,
  0xFE, 0x00, 0x70, 0x00, 0x38, 0x00, 0x0E, 0x00, 0x03, 0x00, 0x01, 0xC0,
  0x00, 0x70, 0x00, 0x38, 0x00, 0x0E, 0x00, 0x07, 0x00, 0x01, 0xC0, 0x00,
  0xE0, 0x20, 0x38, 0x10, 0x0E, 0x04, 0x07, 0x82, 0x01, 0xC1, 0x00, 0x70,
  0xC0, 0x1C, 0x40, 0x0F, 0x60, 0x03, 0xF0, 0x00, 0x70, 0x00, 0x00, 0x00,
  0x00, 0x1C, 0x03, 0x00, 0xE0, 0x7E, 0x03, 0x80, 0x78, 0x0F, 0x00, 0xF0,
  0x1C, 0x01, 0xE0, 0x38, 0x03, 0x80, 0xE0, 0x07, 0x01, 0xC0, 0x0C, 0x07,
  0x00, 0x38, 0x0E, 0x00, 0x70, 0x3C, 0x00, 0xC0, 0x70, 0x13, 0x81, 0xE0,
  0x27, 0x03, 0xC0, 0x8E, 0x0B, 0x81, 0x38, 0x26, 0x04, 0x70, 0x9C, 0x10,
  0xE3, 0x38, 0x63, 0xCC, 0x71, 0x87, 0xE0, 0xF6, 0x0F, 0x81, 0xF0, 0x1C,
  0x03, 0xC0, 0x00, 0x00, 0x00, 0x40, 0xF0, 0x30, 0xE0, 0x1C, 0x78, 0x06,
  0x3C, 0x01, 0x8E, 0x00, 0xC3, 0x80, 0x31, 0xE0, 0x18, 0x70, 0x06, 0x1C,
  0x03, 0x07, 0x00, 0x81, 0x80, 0x60, 0xE0, 0x10, 0x38, 0x08, 0x0E, 0x06,
  0x03, 0x81, 0x00, 0xE0, 0x80, 0x38, 0x60, 0x0E, 0x70, 0x03, 0xF8, 0x00,
  0xF8, 0x00, 0x3C, 0x00, 0x00, 0x00, 0x00, 0x00, 0x03, 0x00, 0x00, 0x0E,
  0x06, 0x0F, 0x80, 0x78, 0x0E, 0x1F, 0x00, 0xF0, 0x0C, 0x0F, 0x01, 0xE0,
  0x0C, 0x0F, 0x01, 0xE0, 0x18, 0x0E, 0x01, 0xC0, 0x18, 0x0E, 0x03, 0xC0,
  0x10, 0x0C, 0x03, 0x80, 0x30, 0x1C, 0x07, 0x80, 0x20, 0x1C, 0x07, 0x80,
  0x60, 0x18, 0x0B, 0x80, 0x40, 0x38, 0x1B, 0x00, 0x80, 0x38, 0x17, 0x01,
  0x80, 0x38, 0x27, 0x01, 0x00, 0x70, 0x47, 0x02, 0x00, 0x70, 0xC7, 0x04,
  0x00, 0x71, 0x87, 0x0C, 0x00, 0xF3, 0x07, 0x18, 0x00, 0xFE, 0x07, 0xF0,
  0x00, 0xF8, 0x07, 0xE0, 0x00, 0xE0, 0x03, 0x80, 0x00, 0x00, 0x38, 0x03,
  0xC0, 0x1C, 0x01, 0xE0, 0x0E, 0x00, 0xE0, 0x03, 0x80, 0x70, 0x00, 0xE0,
  0x30, 0x00, 0x18, 0x18, 0x00, 0x07, 0x0C, 0x00, 0x01, 0xC6, 0x00, 0x00,
  0x73, 0x00, 0x00, 0x0D, 0x80, 0x00, 0x03, 0xC0, 0x00, 0x00, 0xE0, 0x20,
  0x00, 0x38, 0x08, 0x00, 0x1F, 0x02, 0x00, 0x0D, 0xC0, 0x80, 0x06, 0x70,
  0x20, 0x03, 0x0E, 0x08, 0x01, 0x83, 0x82, 0x00, 0xC0, 0x71, 0x80, 0x60,
  0x1E, 0xC0, 0x30, 0x03, 0xE0, 0x18, 0x00, 0x70, 0x08, 0x00, 0x00, 0x00,
  0x00, 0x00, 0x00, 0x08, 0x00, 0x06, 0x00, 0x80, 0x00, 0xF0, 0x1C, 0x00,
  0x0F, 0x81, 0xC0, 0x00, 0xBC, 0x0E, 0x00, 0x09, 0xE0, 0x70, 0x00, 0x8F,
  0x07, 0x00, 0x08, 0x70, 0x38, 0x00, 0x83, 0x83, 0xC0, 0x00, 0x38, 0x1C,
  0x00, 0x01, 0xC1, 0xE0, 0x00, 0x1E, 0x0F, 0x00, 0x00, 0xE0, 0xF0, 0x00,
  0x0F, 0x07, 0x80, 0x00, 0x70, 0x5C, 0x00, 0x07, 0x85, 0xC0, 0x00, 0x38,
  0x4E, 0x00, 0x03, 0xC2, 0x70, 0x00, 0x1E, 0x27, 0x00, 0x00, 0xF2, 0x38,
  0x00, 0x07, 0xC1, 0xC0, 0x00, 0x3C, 0x1C, 0x00, 0x01, 0x80, 0xE0, 0x00,
  0x00, 0x07, 0x00, 0x00, 0x00, 0x70, 0x00, 0x00, 0x03, 0x80, 0x00, 0x00,
  0x38, 0x00, 0x00, 0x01, 0xC0, 0x00, 0x00, 0x1C, 0x00, 0x00, 0x00, 0xE0,
  0x00, 0x00, 0x0E, 0x00, 0x00, 0x00, 0x70, 0x00, 0x00, 0x07, 0x00, 0x02,
  0x00, 0x30, 0x00, 0x20, 0x03, 0x80, 0x01, 0x00, 0x38, 0x00, 0x08, 0x03,
  0x80, 0x00, 0x60, 0x30, 0x00, 0x03, 0x83, 0x00, 0x00, 0x0F, 0xC0, 0x00,
  0x00, 0x01, 0xFF, 0xF8, 0x0F, 0xC1, 0xC0, 0xC0, 0x1E, 0x08, 0x01, 0xE0,
  0x00, 0x1E, 0x00, 0x01, 0xE0, 0x00, 0x1E, 0x00, 0x01, 0xE0, 0x00, 0x1E,
  0x00, 0x01, 0xE0, 0x00, 0x1C, 0x00, 0x01, 0xC0, 0x00, 0x1C, 0x00, 0x01,
  0xC0, 0x00, 0x1C, 0x00, 0x01, 0xC0, 0x02, 0x1E, 0x00, 0x21, 0xE0, 0x03,
  0x0E, 0x00, 0x30, 0xE0, 0x0F, 0x0F, 0xFF, 0xF0, 0x3F, 0xFF, 0x80, 0x00,
  0x00, 0x07, 0xC0, 0x00, 0x0E, 0x00, 0x00, 0x0E, 0x00, 0x00, 0x06, 0x00,
  0x00, 0x03, 0x80, 0x00, 0x00, 0xC0, 0x00, 0x00, 0x70, 0x00, 0x00, 0x18,
  0x00, 0x00, 0x0E, 0x00, 0x00, 0x03, 0x80, 0x00, 0x00, 0xE0, 0x00, 0x00,
  0x38, 0x00, 0x00, 0x0C, 0x00, 0x00, 0x03, 0x00, 0x00, 0x00, 0xC0, 0x00,
  0x00, 0x70, 0x00, 0x00, 0x18, 0x00, 0x00, 0x06, 0x00, 0x00, 0x01, 0x80,
  0x00, 0x00, 0xC0, 0x00, 0x00, 0x20, 0x00, 0x00, 0x10, 0x00, 0x00, 0x08,
  0x00, 0x00, 0x0C, 0x00, 0x00, 0xFC, 0x00, 0x00, 0x03, 0x00, 0x00, 0x00,
  0x30, 0x00, 0x00, 0x06, 0x00, 0x00, 0x00, 0x80, 0x00, 0x00, 0x30, 0x00,
  0x00, 0x0C, 0x00, 0x00, 0x03, 0x00, 0x00, 0x00, 0xC0, 0x00, 0x00, 0x30,
  0x00, 0x00, 0x1C, 0x00, 0x00, 0x06, 0x00, 0x00, 0x01, 0x80, 0x00, 0x00,
  0x60, 0x00, 0x00, 0x38, 0x00, 0x00, 0x0E, 0x00, 0x00, 0x03, 0x80, 0x00,
  0x00, 0xE0, 0x00, 0x00, 0x70, 0x00, 0x00, 0x1C, 0x00, 0x00, 0x07, 0x00,
  0x00, 0x01, 0xC0, 0x00, 0x00, 0x78, 0x00, 0x00, 0x0E, 0x00, 0x00, 0x01,
  0xC0, 0x00, 0x00, 0x3F, 0x80, 0x00, 0x1C, 0x3C, 0x78, 0x70, 0xE1, 0xC3,
  0x87, 0x0E, 0x1C, 0x38, 0x70, 0xE1, 0xC3, 0x87, 0x0E, 0x1C, 0x38, 0x60,
  0xC1, 0x83, 0x06, 0x0C, 0x18, 0x30, 0x60, 0x81, 0x02, 0x0C, 0x18, 0x30,
  0x60, 0xC1, 0x02, 0x0C, 0x18, 0x30, 0x60, 0x81, 0x06, 0x0C, 0x18, 0x60,
  0xC1, 0x82, 0x00, 0x00, 0x0E, 0x00, 0x00, 0x00, 0x78, 0x00, 0x00, 0x0F,
  0x00, 0x00, 0x01, 0xC0, 0x00, 0x00, 0x38, 0x00, 0x00, 0x0E, 0x00, 0x00,
  0x03, 0x80, 0x00, 0x00, 0xE0, 0x00, 0x00, 0x38, 0x00, 0x00, 0x0C, 0x00,
  0x00, 0x07, 0x00, 0x00, 0x01, 0xC0, 0x00, 0x00, 0x70, 0x00, 0x00, 0x18,
  0x00, 0x00, 0x06, 0x00, 0x00, 0x01, 0x80, 0x00, 0x00, 0x60, 0x00, 0x00,
  0x30, 0x00, 0x00, 0x0C, 0x00, 0x00, 0x03, 0x00, 0x00, 0x00, 0xC0, 0x00,
  0x00, 0x30, 0x00, 0x00, 0x06, 0x00, 0x00, 0x01, 0x80, 0x00, 0x00, 0x30,
  0x00, 0x00, 0x03, 0x90, 0x00, 0x00, 0xF8, 0x00, 0x00, 0xC0, 0x00, 0x00,
  0x40, 0x00, 0x00, 0x20, 0x00, 0x00, 0x10, 0x00, 0x00, 0x0C, 0x00, 0x00,
  0x02, 0x00, 0x00, 0x01, 0x80, 0x00, 0x00, 0x60, 0x00, 0x00, 0x38, 0x00,
  0x00, 0x0C, 0x00, 0x00, 0x03, 0x00, 0x00, 0x00, 0xC0, 0x00, 0x00, 0x30,
  0x00, 0x00, 0x1C, 0x00, 0x00, 0x07, 0x00, 0x00, 0x01, 0xC0, 0x00, 0x00,
  0x60, 0x00, 0x00, 0x38, 0x00, 0x00, 0x0E, 0x00, 0x00, 0x07, 0x00, 0x00,
  0x01, 0x80, 0x00, 0x00, 0xC0, 0x00, 0x00, 0xE0, 0x00, 0x0F, 0xC0, 0x00,
  0x00, 0x1C, 0x00, 0x3F, 0xC0, 0xF0, 0x7F, 0x80, 0x07, 0x80 };

const GFXglyph BeauRivage_Regular32pt7bGlyphs[] PROGMEM = {
  {     0,   1,   1,  12,    0,    0 },   // 0x20 ' '
  {     1,  17,  41,  13,    3,  -40 },   // 0x21 '!'
  {    89,  11,  12,  15,    8,  -36 },   // 0x22 '"'
  {   106,  28,  31,  30,    4,  -34 },   // 0x23 '#'
  {   215,  32,  53,  34,    5,  -44 },   // 0x24 '$'
  {   427,  25,  33,  33,    5,  -32 },   // 0x25 '%'
  {   531,  59,  43,  61,    4,  -39 },   // 0x26 '&'
  {   849,   6,  12,  10,    8,  -36 },   // 0x27 '''
  {   858,  34,  43,  29,    7,  -38 },   // 0x28 '('
  {  1041,  31,  45,  29,   -3,  -38 },   // 0x29 ')'
  {  1216,  32,  31,  38,    6,  -44 },   // 0x2A '*'
  {  1340,  23,  26,  28,    5,  -26 },   // 0x2B '+'
  {  1415,   5,  11,  12,    2,   -4 },   // 0x2C ','
  {  1422,  13,   3,  21,    5,  -12 },   // 0x2D '-'
  {  1427,   5,   5,  12,    3,   -4 },   // 0x2E '.'
  {  1431,  32,  45,  28,    1,  -39 },   // 0x2F '/'
  {  1611,  43,  44,  51,    8,  -39 },   // 0x30 '0'
  {  1848,  33,  39,  29,   -1,  -37 },   // 0x31 '1'
  {  2009,  47,  42,  51,    1,  -36 },   // 0x32 '2'
  {  2256,  49,  42,  53,    0,  -37 },   // 0x33 '3'
  {  2514,  48,  41,  51,    2,  -37 },   // 0x34 '4'
  {  2760,  48,  47,  49,    2,  -43 },   // 0x35 '5'
  {  3042,  40,  46,  45,    5,  -39 },   // 0x36 '6'
  {  3272,  40,  42,  38,    8,  -37 },   // 0x37 '7'
  {  3482,  34,  45,  36,    5,  -41 },   // 0x38 '8'
  {  3674,  40,  45,  44,    8,  -37 },   // 0x39 '9'
  {  3899,   8,  15,  14,    2,  -14 },   // 0x3A ':'
  {  3914,  10,  23,  14,    0,  -13 },   // 0x3B ';'
  {  3943,   9,  19,  20,    7,  -26 },   // 0x3C '<'
  {  3965,  16,   8,  24,    4,  -11 },   // 0x3D '='
  {  3981,   9,  19,  20,    8,  -26 },   // 0x3E '>'
  {  4003,  29,  45,  32,    9,  -44 },   // 0x3F '?'
  {  4167,  45,  38,  52,    4,  -32 },   // 0x40 '@'
  {  4381,  72,  51,  64,   -3,  -43 },   // 0x41 'A'
  {  4840,  57,  52,  49,   -4,  -43 },   // 0x42 'B'
  {  5211,  52,  45,  49,    0,  -41 },   // 0x43 'C'
  {  5504,  63,  48,  64,    0,  -46 },   // 0x44 'D'
  {  5882,  60,  49,  58,    0,  -45 },   // 0x45 'E'
  {  6250,  65,  48,  44,    0,  -44 },   // 0x46 'F'
  {  6640,  57,  60,  55,    0,  -41 },   // 0x47 'G'
  {  7068,  73,  51,  59,    0,  -44 },   // 0x48 'H'
  {  7534,  44,  50,  40,    0,  -43 },   // 0x49 'I'
  {  7809,  52,  47,  35,   -2,  -42 },   // 0x4A 'J'
  {  8115,  72,  50,  56,    0,  -43 },   // 0x4B 'K'
  {  8565,  57,  48,  56,    0,  -45 },   // 0x4C 'L'
  {  8907,  90,  54,  73,    1,  -46 },   // 0x4D 'M'
  {  9515,  83,  55,  71,    1,  -45 },   // 0x4E 'N'
  { 10086,  59,  51,  50,  -10,  -47 },   // 0x4F 'O'
  { 10463,  59,  51,  49,   -4,  -42 },   // 0x50 'P'
  { 10840,  53,  60,  58,    7,  -42 },   // 0x51 'Q'
  { 11238,  58,  52,  57,    3,  -43 },   // 0x52 'R'
  { 11615,  44,  48,  39,   -1,  -42 },   // 0x53 'S'
  { 11879,  67,  48,  37,   -2,  -43 },   // 0x54 'T'
  { 12281,  63,  47,  50,   -6,  -43 },   // 0x55 'U'
  { 12652,  72,  48,  36,   -2,  -43 },   // 0x56 'V'
  { 13084, 102,  52,  66,    0,  -47 },   // 0x57 'W'
  { 13747,  45,  49,  42,    1,  -45 },   // 0x58 'X'
  { 14023,  59,  68,  53,    1,  -46 },   // 0x59 'Y'
  { 14525,  65,  49,  51,   -1,  -41 },   // 0x5A 'Z'
  { 14924,  38,  51,  33,    4,  -44 },   // 0x5B '['
  { 15167,  32,  45,  35,    1,  -39 },   // 0x5C '\'
  { 15347,  38,  51,  33,    2,  -43 },   // 0x5D ']'
  { 15590,  18,   8,  23,    8,  -27 },   // 0x5E '^'
  { 15608,  42,   2,  43,   -2,    3 },   // 0x5F '_'
  { 15619,  11,   7,   0,    0,  -32 },   // 0x60 '`'
  { 15629,  24,  23,  21,    0,  -22 },   // 0x61 'a'
  { 15698,  29,  44,  19,    0,  -43 },   // 0x62 'b'
  { 15858,  19,  22,  16,    0,  -21 },   // 0x63 'c'
  { 15911,  32,  40,  20,    0,  -39 },   // 0x64 'd'
  { 16071,  18,  22,  18,    0,  -21 },   // 0x65 'e'
  { 16121,  52,  61,  10,  -23,  -43 },   // 0x66 'f'
  { 16518,  36,  40,  20,  -12,  -22 },   // 0x67 'g'
  { 16698,  31,  45,  19,   -2,  -43 },   // 0x68 'h'
  { 16873,  18,  32,  10,    0,  -31 },   // 0x69 'i'
  { 16945,  32,  46,   9,  -17,  -30 },   // 0x6A 'j'
  { 17129,  29,  43,  20,   -2,  -42 },   // 0x6B 'k'
  { 17285,  29,  43,   9,    0,  -42 },   // 0x6C 'l'
  { 17441,  35,  24,  30,   -2,  -22 },   // 0x6D 'm'
  { 17546,  25,  24,  20,   -2,  -22 },   // 0x6E 'n'
  { 17621,  18,  22,  18,    1,  -21 },   // 0x6F 'o'
  { 17671,  43,  49,  18,  -24,  -28 },   // 0x70 'p'
  { 17935,  24,  39,  20,    0,  -22 },   // 0x71 'q'
  { 18052,  20,  24,  16,   -2,  -22 },   // 0x72 'r'
  { 18112,  22,  23,  17,   -3,  -22 },   // 0x73 's'
  { 18176,  18,  33,  12,    0,  -32 },   // 0x74 't'
  { 18251,  23,  22,  20,    0,  -21 },   // 0x75 'u'
  { 18315,  18,  22,  17,    1,  -21 },   // 0x76 'v'
  { 18365,  32,  22,  29,    0,  -21 },   // 0x77 'w'
  { 18453,  26,  23,  19,   -4,  -21 },   // 0x78 'x'
  { 18528,  29,  40,  18,   -9,  -22 },   // 0x79 'y'
  { 18673,  21,  22,  20,   -1,  -21 },   // 0x7A 'z'
  { 18731,  26,  50,  27,    5,  -41 },   // 0x7B '{'
  { 18894,   7,  51,  16,    4,  -43 },   // 0x7C '|'
  { 18939,  26,  51,  27,    1,  -42 },   // 0x7D '}'
  { 19105,  17,   4,  21,    7,  -29 } }; // 0x7E '~'

const GFXfont BeauRivage_Regular32pt7b PROGMEM = {
  (uint8_t  *)BeauRivage_Regular32pt7bBitmaps,
  (GFXglyph *)BeauRivage_Regular32pt7bGlyphs,
  0x20, 0x7E, 84 };

// Approx. 19786 bytes
